ISO-10303-21;
HEADER;
/* Generated by software containing ST-Developer
 * from STEP Tools, Inc. (www.steptools.com) 
 */

FILE_DESCRIPTION(
/* description */ (''),
/* implementation_level */ '2;1');

FILE_NAME(
/* name */ 'cooling_bracket.step',
/* time_stamp */ '2026-08-11T02:43:59+02:00',
/* author */ (''),
/* organization */ (''),
/* preprocessor_version */ 'ST-DEVELOPER v20.1',
/* originating_system */ 'Autodesk Translation Framework v15.8.0.0',
/* authorisation */ '');

FILE_SCHEMA (('AUTOMOTIVE_DESIGN { 1 0 10303 214 3 1 1 }'));
ENDSEC;

DATA;
#10=MECHANICAL_DESIGN_GEOMETRIC_PRESENTATION_REPRESENTATION('',(#13),#4201);
#11=SHAPE_REPRESENTATION_RELATIONSHIP('SRR','None',#4208,#12);
#12=ADVANCED_BREP_SHAPE_REPRESENTATION('',(#14),#4200);
#13=STYLED_ITEM('',(#4217),#14);
#14=MANIFOLD_SOLID_BREP('Body7',#997);
#15=FACE_BOUND('',#133,.T.);
#16=FACE_BOUND('',#137,.T.);
#17=FACE_BOUND('',#144,.T.);
#18=FACE_BOUND('',#145,.T.);
#19=FACE_BOUND('',#147,.T.);
#20=FACE_BOUND('',#148,.T.);
#21=PLANE('',#1054);
#22=PLANE('',#1056);
#23=PLANE('',#1060);
#24=PLANE('',#1067);
#25=PLANE('',#1071);
#26=PLANE('',#1072);
#27=PLANE('',#1073);
#28=PLANE('',#1074);
#29=PLANE('',#1075);
#30=PLANE('',#1076);
#31=B_SPLINE_SURFACE_WITH_KNOTS('',3,3,((#2399,#2400,#2401,#2402,#2403,
#2404,#2405,#2406,#2407,#2408,#2409,#2410,#2411,#2412,#2413,#2414,#2415,
#2416,#2417,#2418,#2419,#2420,#2421,#2422,#2423,#2424,#2425,#2426,#2427,
#2428,#2429,#2430,#2431,#2432,#2433,#2434,#2435,#2436,#2437,#2438,#2439,
#2440,#2441,#2442,#2443,#2444,#2445,#2446,#2447,#2448,#2449,#2450,#2451,
#2452,#2453,#2454),(#2455,#2456,#2457,#2458,#2459,#2460,#2461,#2462,#2463,
#2464,#2465,#2466,#2467,#2468,#2469,#2470,#2471,#2472,#2473,#2474,#2475,
#2476,#2477,#2478,#2479,#2480,#2481,#2482,#2483,#2484,#2485,#2486,#2487,
#2488,#2489,#2490,#2491,#2492,#2493,#2494,#2495,#2496,#2497,#2498,#2499,
#2500,#2501,#2502,#2503,#2504,#2505,#2506,#2507,#2508,#2509,#2510),(#2511,
#2512,#2513,#2514,#2515,#2516,#2517,#2518,#2519,#2520,#2521,#2522,#2523,
#2524,#2525,#2526,#2527,#2528,#2529,#2530,#2531,#2532,#2533,#2534,#2535,
#2536,#2537,#2538,#2539,#2540,#2541,#2542,#2543,#2544,#2545,#2546,#2547,
#2548,#2549,#2550,#2551,#2552,#2553,#2554,#2555,#2556,#2557,#2558,#2559,
#2560,#2561,#2562,#2563,#2564,#2565,#2566),(#2567,#2568,#2569,#2570,#2571,
#2572,#2573,#2574,#2575,#2576,#2577,#2578,#2579,#2580,#2581,#2582,#2583,
#2584,#2585,#2586,#2587,#2588,#2589,#2590,#2591,#2592,#2593,#2594,#2595,
#2596,#2597,#2598,#2599,#2600,#2601,#2602,#2603,#2604,#2605,#2606,#2607,
#2608,#2609,#2610,#2611,#2612,#2613,#2614,#2615,#2616,#2617,#2618,#2619,
#2620,#2621,#2622)),.UNSPECIFIED.,.F.,.F.,.F.,(4,4),(4,1,1,1,1,1,1,1,1,
1,1,1,1,1,1,1,1,1,1,1,1,1,1,1,1,1,1,1,1,1,1,1,1,1,1,1,1,1,1,1,1,1,1,1,1,
1,1,1,1,1,1,1,1,4),(0.,0.0658467982010771),(8.30747755240108,9.29491379074723,
10.2823500290934,11.2697862674395,12.2572225057857,13.2446587441318,14.232094982478,
15.2195312208241,16.2069674591703,17.1944036975164,18.1818399358626,19.1692761742087,
20.1567124125548,21.144148650901,22.1315848892471,23.1190211275933,24.1064573659394,
25.0938936042856,26.0813298426317,27.0687660809779,28.056202319324,29.0436385576702,
30.0310747960163,31.0185110343625,32.0059472727086,32.9933835110548,33.9808197494009,
34.9682559877471,35.9556922260932,36.9431284644394,37.9305647027855,38.9180009411317,
39.9054371794778,40.8928734178239,41.8803096561701,42.8677458945162,43.8551821328624,
44.8426183712085,45.8300546095547,46.8174908479008,47.804927086247,48.7923633245931,
49.7797995629393,50.7672358012854,51.7546720396316,52.7421082779777,53.7295445163239,
54.71698075467,55.7044169930162,56.6918532313623,57.6792894697085,58.6667257080546,
59.6541619464007,60.6415981847469),.UNSPECIFIED.);
#32=B_SPLINE_SURFACE_WITH_KNOTS('',3,3,((#2824,#2825,#2826,#2827,#2828,
#2829,#2830,#2831,#2832,#2833,#2834,#2835,#2836,#2837,#2838,#2839,#2840,
#2841,#2842,#2843,#2844,#2845,#2846,#2847,#2848,#2849,#2850,#2851,#2852,
#2853,#2854,#2855,#2856,#2857,#2858,#2859,#2860,#2861,#2862,#2863,#2864,
#2865,#2866,#2867,#2868,#2869,#2870,#2871,#2872,#2873,#2874,#2875,#2876,
#2877,#2878,#2879),(#2880,#2881,#2882,#2883,#2884,#2885,#2886,#2887,#2888,
#2889,#2890,#2891,#2892,#2893,#2894,#2895,#2896,#2897,#2898,#2899,#2900,
#2901,#2902,#2903,#2904,#2905,#2906,#2907,#2908,#2909,#2910,#2911,#2912,
#2913,#2914,#2915,#2916,#2917,#2918,#2919,#2920,#2921,#2922,#2923,#2924,
#2925,#2926,#2927,#2928,#2929,#2930,#2931,#2932,#2933,#2934,#2935),(#2936,
#2937,#2938,#2939,#2940,#2941,#2942,#2943,#2944,#2945,#2946,#2947,#2948,
#2949,#2950,#2951,#2952,#2953,#2954,#2955,#2956,#2957,#2958,#2959,#2960,
#2961,#2962,#2963,#2964,#2965,#2966,#2967,#2968,#2969,#2970,#2971,#2972,
#2973,#2974,#2975,#2976,#2977,#2978,#2979,#2980,#2981,#2982,#2983,#2984,
#2985,#2986,#2987,#2988,#2989,#2990,#2991),(#2992,#2993,#2994,#2995,#2996,
#2997,#2998,#2999,#3000,#3001,#3002,#3003,#3004,#3005,#3006,#3007,#3008,
#3009,#3010,#3011,#3012,#3013,#3014,#3015,#3016,#3017,#3018,#3019,#3020,
#3021,#3022,#3023,#3024,#3025,#3026,#3027,#3028,#3029,#3030,#3031,#3032,
#3033,#3034,#3035,#3036,#3037,#3038,#3039,#3040,#3041,#3042,#3043,#3044,
#3045,#3046,#3047)),.UNSPECIFIED.,.F.,.F.,.F.,(4,4),(4,1,1,1,1,1,1,1,1,
1,1,1,1,1,1,1,1,1,1,1,1,1,1,1,1,1,1,1,1,1,1,1,1,1,1,1,1,1,1,1,1,1,1,1,1,
1,1,1,1,1,1,1,1,4),(0.,0.0658467982010771),(11.6150328478183,12.6024690861645,
13.5899053245106,14.5773415628567,15.5647778012029,16.552214039549,17.5396502778952,
18.5270865162413,19.5145227545875,20.5019589929336,21.4893952312798,22.4768314696259,
23.4642677079721,24.4517039463182,25.4391401846644,26.4265764230105,27.4140126613567,
28.4014488997028,29.388885138049,30.3763213763951,31.3637576147413,32.3511938530874,
33.3386300914335,34.3260663297797,35.3135025681258,36.300938806472,37.2883750448181,
38.2758112831643,39.2632475215104,40.2506837598566,41.2381199982027,42.2255562365489,
43.212992474895,44.2004287132412,45.1878649515873,46.1753011899335,47.1627374282796,
48.1501736666258,49.1376099049719,50.1250461433181,51.1124823816642,52.0999186200103,
53.0873548583565,54.0747910967026,55.0622273350488,56.0496635733949,57.0370998117411,
58.0245360500872,59.0119722884334,59.9994085267795,60.9868447651257,61.9742810034718,
62.961717241818,63.9491534801641),.UNSPECIFIED.);
#33=B_SPLINE_SURFACE_WITH_KNOTS('',3,3,((#3276,#3277,#3278,#3279,#3280,
#3281,#3282,#3283,#3284,#3285,#3286,#3287,#3288,#3289,#3290,#3291,#3292,
#3293,#3294,#3295,#3296,#3297,#3298,#3299,#3300,#3301,#3302,#3303,#3304,
#3305,#3306,#3307,#3308,#3309,#3310,#3311,#3312,#3313,#3314,#3315,#3316,
#3317,#3318,#3319,#3320,#3321,#3322,#3323,#3324,#3325,#3326,#3327,#3328,
#3329,#3330,#3331),(#3332,#3333,#3334,#3335,#3336,#3337,#3338,#3339,#3340,
#3341,#3342,#3343,#3344,#3345,#3346,#3347,#3348,#3349,#3350,#3351,#3352,
#3353,#3354,#3355,#3356,#3357,#3358,#3359,#3360,#3361,#3362,#3363,#3364,
#3365,#3366,#3367,#3368,#3369,#3370,#3371,#3372,#3373,#3374,#3375,#3376,
#3377,#3378,#3379,#3380,#3381,#3382,#3383,#3384,#3385,#3386,#3387),(#3388,
#3389,#3390,#3391,#3392,#3393,#3394,#3395,#3396,#3397,#3398,#3399,#3400,
#3401,#3402,#3403,#3404,#3405,#3406,#3407,#3408,#3409,#3410,#3411,#3412,
#3413,#3414,#3415,#3416,#3417,#3418,#3419,#3420,#3421,#3422,#3423,#3424,
#3425,#3426,#3427,#3428,#3429,#3430,#3431,#3432,#3433,#3434,#3435,#3436,
#3437,#3438,#3439,#3440,#3441,#3442,#3443),(#3444,#3445,#3446,#3447,#3448,
#3449,#3450,#3451,#3452,#3453,#3454,#3455,#3456,#3457,#3458,#3459,#3460,
#3461,#3462,#3463,#3464,#3465,#3466,#3467,#3468,#3469,#3470,#3471,#3472,
#3473,#3474,#3475,#3476,#3477,#3478,#3479,#3480,#3481,#3482,#3483,#3484,
#3485,#3486,#3487,#3488,#3489,#3490,#3491,#3492,#3493,#3494,#3495,#3496,
#3497,#3498,#3499)),.UNSPECIFIED.,.F.,.F.,.F.,(4,4),(4,1,1,1,1,1,1,1,1,
1,1,1,1,1,1,1,1,1,1,1,1,1,1,1,1,1,1,1,1,1,1,1,1,1,1,1,1,1,1,1,1,1,1,1,1,
1,1,1,1,1,1,1,1,4),(0.,0.0658467982010771),(8.30747755240108,9.29491379074723,
10.2823500290934,11.2697862674395,12.2572225057857,13.2446587441318,14.232094982478,
15.2195312208241,16.2069674591703,17.1944036975164,18.1818399358626,19.1692761742087,
20.1567124125548,21.144148650901,22.1315848892471,23.1190211275933,24.1064573659394,
25.0938936042856,26.0813298426317,27.0687660809779,28.056202319324,29.0436385576702,
30.0310747960163,31.0185110343625,32.0059472727086,32.9933835110548,33.9808197494009,
34.9682559877471,35.9556922260932,36.9431284644394,37.9305647027855,38.9180009411317,
39.9054371794778,40.8928734178239,41.8803096561701,42.8677458945162,43.8551821328624,
44.8426183712085,45.8300546095547,46.8174908479008,47.804927086247,48.7923633245931,
49.7797995629393,50.7672358012854,51.7546720396316,52.7421082779777,53.7295445163239,
54.71698075467,55.7044169930162,56.6918532313623,57.6792894697085,58.6667257080546,
59.6541619464007,60.6415981847469),.UNSPECIFIED.);
#34=B_SPLINE_SURFACE_WITH_KNOTS('',3,3,((#3701,#3702,#3703,#3704,#3705,
#3706,#3707,#3708,#3709,#3710,#3711,#3712,#3713,#3714,#3715,#3716,#3717,
#3718,#3719,#3720,#3721,#3722,#3723,#3724,#3725,#3726,#3727,#3728,#3729,
#3730,#3731,#3732,#3733,#3734,#3735,#3736,#3737,#3738,#3739,#3740,#3741,
#3742,#3743,#3744,#3745,#3746,#3747,#3748,#3749,#3750,#3751,#3752,#3753,
#3754,#3755,#3756),(#3757,#3758,#3759,#3760,#3761,#3762,#3763,#3764,#3765,
#3766,#3767,#3768,#3769,#3770,#3771,#3772,#3773,#3774,#3775,#3776,#3777,
#3778,#3779,#3780,#3781,#3782,#3783,#3784,#3785,#3786,#3787,#3788,#3789,
#3790,#3791,#3792,#3793,#3794,#3795,#3796,#3797,#3798,#3799,#3800,#3801,
#3802,#3803,#3804,#3805,#3806,#3807,#3808,#3809,#3810,#3811,#3812),(#3813,
#3814,#3815,#3816,#3817,#3818,#3819,#3820,#3821,#3822,#3823,#3824,#3825,
#3826,#3827,#3828,#3829,#3830,#3831,#3832,#3833,#3834,#3835,#3836,#3837,
#3838,#3839,#3840,#3841,#3842,#3843,#3844,#3845,#3846,#3847,#3848,#3849,
#3850,#3851,#3852,#3853,#3854,#3855,#3856,#3857,#3858,#3859,#3860,#3861,
#3862,#3863,#3864,#3865,#3866,#3867,#3868),(#3869,#3870,#3871,#3872,#3873,
#3874,#3875,#3876,#3877,#3878,#3879,#3880,#3881,#3882,#3883,#3884,#3885,
#3886,#3887,#3888,#3889,#3890,#3891,#3892,#3893,#3894,#3895,#3896,#3897,
#3898,#3899,#3900,#3901,#3902,#3903,#3904,#3905,#3906,#3907,#3908,#3909,
#3910,#3911,#3912,#3913,#3914,#3915,#3916,#3917,#3918,#3919,#3920,#3921,
#3922,#3923,#3924)),.UNSPECIFIED.,.F.,.F.,.F.,(4,4),(4,1,1,1,1,1,1,1,1,
1,1,1,1,1,1,1,1,1,1,1,1,1,1,1,1,1,1,1,1,1,1,1,1,1,1,1,1,1,1,1,1,1,1,1,1,
1,1,1,1,1,1,1,1,4),(0.,0.0658467982010771),(11.6150328478183,12.6024690861645,
13.5899053245106,14.5773415628567,15.5647778012029,16.552214039549,17.5396502778952,
18.5270865162413,19.5145227545875,20.5019589929336,21.4893952312798,22.4768314696259,
23.4642677079721,24.4517039463182,25.4391401846644,26.4265764230105,27.4140126613567,
28.4014488997028,29.388885138049,30.3763213763951,31.3637576147413,32.3511938530874,
33.3386300914335,34.3260663297797,35.3135025681258,36.300938806472,37.2883750448181,
38.2758112831643,39.2632475215104,40.2506837598566,41.2381199982027,42.2255562365489,
43.212992474895,44.2004287132412,45.1878649515873,46.1753011899335,47.1627374282796,
48.1501736666258,49.1376099049719,50.1250461433181,51.1124823816642,52.0999186200103,
53.0873548583565,54.0747910967026,55.0622273350488,56.0496635733949,57.0370998117411,
58.0245360500872,59.0119722884334,59.9994085267795,60.9868447651257,61.9742810034718,
62.961717241818,63.9491534801641),.UNSPECIFIED.);
#35=FACE_OUTER_BOUND('',#89,.T.);
#36=FACE_OUTER_BOUND('',#90,.T.);
#37=FACE_OUTER_BOUND('',#91,.T.);
#38=FACE_OUTER_BOUND('',#92,.T.);
#39=FACE_OUTER_BOUND('',#93,.T.);
#40=FACE_OUTER_BOUND('',#94,.T.);
#41=FACE_OUTER_BOUND('',#95,.T.);
#42=FACE_OUTER_BOUND('',#96,.T.);
#43=FACE_OUTER_BOUND('',#97,.T.);
#44=FACE_OUTER_BOUND('',#98,.T.);
#45=FACE_OUTER_BOUND('',#99,.T.);
#46=FACE_OUTER_BOUND('',#100,.T.);
#47=FACE_OUTER_BOUND('',#101,.T.);
#48=FACE_OUTER_BOUND('',#102,.T.);
#49=FACE_OUTER_BOUND('',#103,.T.);
#50=FACE_OUTER_BOUND('',#104,.T.);
#51=FACE_OUTER_BOUND('',#105,.T.);
#52=FACE_OUTER_BOUND('',#106,.T.);
#53=FACE_OUTER_BOUND('',#107,.T.);
#54=FACE_OUTER_BOUND('',#108,.T.);
#55=FACE_OUTER_BOUND('',#109,.T.);
#56=FACE_OUTER_BOUND('',#110,.T.);
#57=FACE_OUTER_BOUND('',#111,.T.);
#58=FACE_OUTER_BOUND('',#112,.T.);
#59=FACE_OUTER_BOUND('',#113,.T.);
#60=FACE_OUTER_BOUND('',#114,.T.);
#61=FACE_OUTER_BOUND('',#115,.T.);
#62=FACE_OUTER_BOUND('',#116,.T.);
#63=FACE_OUTER_BOUND('',#117,.T.);
#64=FACE_OUTER_BOUND('',#118,.T.);
#65=FACE_OUTER_BOUND('',#119,.T.);
#66=FACE_OUTER_BOUND('',#120,.T.);
#67=FACE_OUTER_BOUND('',#121,.T.);
#68=FACE_OUTER_BOUND('',#122,.T.);
#69=FACE_OUTER_BOUND('',#123,.T.);
#70=FACE_OUTER_BOUND('',#124,.T.);
#71=FACE_OUTER_BOUND('',#125,.T.);
#72=FACE_OUTER_BOUND('',#126,.T.);
#73=FACE_OUTER_BOUND('',#127,.T.);
#74=FACE_OUTER_BOUND('',#128,.T.);
#75=FACE_OUTER_BOUND('',#129,.T.);
#76=FACE_OUTER_BOUND('',#130,.T.);
#77=FACE_OUTER_BOUND('',#131,.T.);
#78=FACE_OUTER_BOUND('',#132,.T.);
#79=FACE_OUTER_BOUND('',#134,.T.);
#80=FACE_OUTER_BOUND('',#135,.T.);
#81=FACE_OUTER_BOUND('',#136,.T.);
#82=FACE_OUTER_BOUND('',#138,.T.);
#83=FACE_OUTER_BOUND('',#139,.T.);
#84=FACE_OUTER_BOUND('',#140,.T.);
#85=FACE_OUTER_BOUND('',#141,.T.);
#86=FACE_OUTER_BOUND('',#142,.T.);
#87=FACE_OUTER_BOUND('',#143,.T.);
#88=FACE_OUTER_BOUND('',#146,.T.);
#89=EDGE_LOOP('',(#603,#604,#605,#606));
#90=EDGE_LOOP('',(#607,#608,#609,#610));
#91=EDGE_LOOP('',(#611,#612,#613,#614));
#92=EDGE_LOOP('',(#615,#616,#617,#618));
#93=EDGE_LOOP('',(#619,#620,#621,#622));
#94=EDGE_LOOP('',(#623,#624,#625,#626));
#95=EDGE_LOOP('',(#627,#628,#629,#630));
#96=EDGE_LOOP('',(#631,#632,#633,#634));
#97=EDGE_LOOP('',(#635,#636,#637,#638));
#98=EDGE_LOOP('',(#639,#640,#641,#642));
#99=EDGE_LOOP('',(#643,#644,#645,#646));
#100=EDGE_LOOP('',(#647,#648,#649,#650));
#101=EDGE_LOOP('',(#651,#652,#653,#654));
#102=EDGE_LOOP('',(#655,#656,#657,#658));
#103=EDGE_LOOP('',(#659,#660,#661,#662));
#104=EDGE_LOOP('',(#663,#664,#665,#666));
#105=EDGE_LOOP('',(#667,#668,#669,#670));
#106=EDGE_LOOP('',(#671,#672,#673,#674));
#107=EDGE_LOOP('',(#675,#676,#677,#678));
#108=EDGE_LOOP('',(#679,#680,#681,#682));
#109=EDGE_LOOP('',(#683,#684,#685,#686));
#110=EDGE_LOOP('',(#687,#688,#689,#690));
#111=EDGE_LOOP('',(#691,#692,#693,#694));
#112=EDGE_LOOP('',(#695,#696,#697,#698));
#113=EDGE_LOOP('',(#699,#700,#701,#702));
#114=EDGE_LOOP('',(#703,#704,#705,#706));
#115=EDGE_LOOP('',(#707,#708,#709,#710));
#116=EDGE_LOOP('',(#711,#712,#713,#714));
#117=EDGE_LOOP('',(#715,#716,#717,#718));
#118=EDGE_LOOP('',(#719,#720,#721,#722));
#119=EDGE_LOOP('',(#723,#724,#725,#726));
#120=EDGE_LOOP('',(#727,#728,#729,#730));
#121=EDGE_LOOP('',(#731,#732,#733,#734));
#122=EDGE_LOOP('',(#735,#736,#737,#738,#739,#740,#741,#742,#743,#744,#745,
#746,#747,#748,#749,#750,#751,#752,#753,#754));
#123=EDGE_LOOP('',(#755,#756,#757,#758,#759,#760,#761,#762,#763,#764,#765,
#766,#767,#768,#769,#770,#771,#772,#773,#774));
#124=EDGE_LOOP('',(#775,#776,#777,#778));
#125=EDGE_LOOP('',(#779,#780,#781,#782,#783,#784,#785,#786,#787,#788,#789,
#790,#791,#792,#793,#794,#795,#796,#797,#798));
#126=EDGE_LOOP('',(#799,#800,#801,#802,#803,#804,#805,#806,#807,#808,#809,
#810,#811,#812,#813,#814,#815,#816,#817,#818));
#127=EDGE_LOOP('',(#819,#820,#821,#822));
#128=EDGE_LOOP('',(#823,#824,#825,#826));
#129=EDGE_LOOP('',(#827,#828,#829,#830));
#130=EDGE_LOOP('',(#831,#832,#833,#834));
#131=EDGE_LOOP('',(#835,#836,#837,#838));
#132=EDGE_LOOP('',(#839,#840));
#133=EDGE_LOOP('',(#841));
#134=EDGE_LOOP('',(#842,#843,#844,#845));
#135=EDGE_LOOP('',(#846,#847,#848,#849));
#136=EDGE_LOOP('',(#850,#851,#852));
#137=EDGE_LOOP('',(#853));
#138=EDGE_LOOP('',(#854,#855,#856,#857));
#139=EDGE_LOOP('',(#858,#859,#860,#861,#862,#863,#864,#865,#866,#867));
#140=EDGE_LOOP('',(#868,#869,#870,#871));
#141=EDGE_LOOP('',(#872,#873,#874,#875));
#142=EDGE_LOOP('',(#876,#877,#878,#879,#880,#881));
#143=EDGE_LOOP('',(#882,#883,#884,#885));
#144=EDGE_LOOP('',(#886));
#145=EDGE_LOOP('',(#887));
#146=EDGE_LOOP('',(#888,#889,#890,#891,#892,#893,#894));
#147=EDGE_LOOP('',(#895,#896,#897,#898));
#148=EDGE_LOOP('',(#899,#900,#901,#902));
#149=CIRCLE('',#1012,2.942);
#150=CIRCLE('',#1020,2.942);
#151=CIRCLE('',#1022,2.942);
#152=CIRCLE('',#1030,2.942);
#153=CIRCLE('',#1032,2.37175);
#154=CIRCLE('',#1040,2.37175);
#155=CIRCLE('',#1042,2.37175);
#156=CIRCLE('',#1050,2.37175);
#157=CIRCLE('',#1058,1.05);
#158=CIRCLE('',#1059,1.05);
#159=CIRCLE('',#1061,4.25);
#160=CIRCLE('',#1063,4.25);
#161=CIRCLE('',#1065,1.05);
#162=CIRCLE('',#1066,1.05);
#163=CIRCLE('',#1068,4.25);
#164=CIRCLE('',#1070,4.25);
#165=B_SPLINE_CURVE_WITH_KNOTS('',3,(#1271,#1272,#1273,#1274,#1275,#1276,
#1277),.UNSPECIFIED.,.F.,.F.,(4,3,4),(-1.11730040836828,-0.987436238346148,
0.),.UNSPECIFIED.);
#166=B_SPLINE_CURVE_WITH_KNOTS('',3,(#1280,#1281,#1282,#1283,#1284,#1285,
#1286,#1287,#1288,#1289),.UNSPECIFIED.,.F.,.F.,(4,3,3,4),(2.06863817490911,
2.96230871503844,3.94974495338459,4.09293042013062),.UNSPECIFIED.);
#167=B_SPLINE_CURVE_WITH_KNOTS('',3,(#1294,#1295,#1296,#1297,#1298,#1299,
#1300,#1301,#1302,#1303,#1304,#1305,#1306,#1307,#1308,#1309,#1310,#1311,
#1312,#1313,#1314,#1315),.UNSPECIFIED.,.F.,.F.,(4,3,3,3,3,3,3,4),(-7.40048571554787,
-6.91205366842303,-5.92461743007689,-4.93718119173074,-3.94974495338459,
-2.96230871503844,-1.9748724766923,-1.11730040836828),.UNSPECIFIED.);
#168=B_SPLINE_CURVE_WITH_KNOTS('',3,(#1316,#1317,#1318,#1319,#1320,#1321,
#1322,#1323,#1324,#1325,#1326,#1327,#1328,#1329,#1330,#1331,#1332,#1333,
#1334,#1335,#1336,#1337),.UNSPECIFIED.,.F.,.F.,(4,3,3,3,3,3,3,4),(4.09293042013062,
4.93718119173074,5.92461743007688,6.91205366842303,7.89948990676918,8.88692614511532,
9.87436238346148,10.3761157273102),.UNSPECIFIED.);
#169=B_SPLINE_CURVE_WITH_KNOTS('',3,(#1342,#1343,#1344,#1345,#1346,#1347,
#1348,#1349,#1350,#1351,#1352,#1353,#1354,#1355,#1356,#1357,#1358,#1359,
#1360,#1361,#1362,#1363),.UNSPECIFIED.,.F.,.F.,(4,3,3,3,3,3,3,4),(-13.6836710227275,
-12.8366710984999,-11.8492348601538,-10.8617986218076,-9.87436238346147,
-8.88692614511533,-7.89948990676918,-7.40048571554787),.UNSPECIFIED.);
#170=B_SPLINE_CURVE_WITH_KNOTS('',3,(#1364,#1365,#1366,#1367,#1368,#1369,
#1370,#1371,#1372,#1373,#1374,#1375,#1376,#1377,#1378,#1379,#1380,#1381,
#1382,#1383,#1384,#1385),.UNSPECIFIED.,.F.,.F.,(4,3,3,3,3,3,3,4),(10.3761157273102,
10.8617986218076,11.8492348601538,12.8366710984999,13.8241073368461,14.8115435751922,
15.7989798135384,16.6593010344898),.UNSPECIFIED.);
#171=B_SPLINE_CURVE_WITH_KNOTS('',3,(#1390,#1391,#1392,#1393,#1394,#1395,
#1396,#1397,#1398,#1399,#1400,#1401,#1402,#1403,#1404,#1405,#1406,#1407,
#1408,#1409,#1410,#1411,#1412,#1413,#1414),.UNSPECIFIED.,.F.,.F.,(4,3,3,
3,3,3,3,3,4),(-19.966856329907,-19.748724766923,-18.7612885285768,-17.7738522902307,
-16.7864160518845,-15.7989798135384,-14.8115435751922,-13.8241073368461,
-13.6836710227275),.UNSPECIFIED.);
#172=B_SPLINE_CURVE_WITH_KNOTS('',3,(#1415,#1416,#1417,#1418,#1419,#1420,
#1421,#1422,#1423,#1424,#1425,#1426,#1427,#1428,#1429,#1430,#1431,#1432,
#1433,#1434,#1435,#1436,#1437,#1438,#1439),.UNSPECIFIED.,.F.,.F.,(4,3,3,
3,3,3,3,3,4),(16.6593010344898,16.7864160518845,17.7738522902307,18.7612885285768,
19.748724766923,20.7361610052691,21.7235972436152,22.7110334819614,22.9424863416694),
 .UNSPECIFIED.);
#173=B_SPLINE_CURVE_WITH_KNOTS('',3,(#1444,#1445,#1446,#1447,#1448,#1449,
#1450,#1451,#1452,#1453,#1454,#1455,#1456,#1457,#1458,#1459,#1460,#1461,
#1462,#1463,#1464,#1465),.UNSPECIFIED.,.F.,.F.,(4,3,3,3,3,3,3,4),(-26.2500416370866,
-25.6733421969998,-24.6859059586537,-23.6984697203075,-22.7110334819614,
-21.7235972436152,-20.7361610052691,-19.966856329907),.UNSPECIFIED.);
#174=B_SPLINE_CURVE_WITH_KNOTS('',3,(#1466,#1467,#1468,#1469,#1470,#1471,
#1472,#1473,#1474,#1475,#1476,#1477,#1478,#1479,#1480,#1481,#1482,#1483,
#1484,#1485,#1486,#1487),.UNSPECIFIED.,.F.,.F.,(4,3,3,3,3,3,3,4),(22.9424863416694,
23.6984697203075,24.6859059586537,25.6733421969998,26.660778435346,27.6482146736921,
28.6356509120383,29.225671648849),.UNSPECIFIED.);
#175=B_SPLINE_CURVE_WITH_KNOTS('',3,(#1492,#1493,#1494,#1495,#1496,#1497,
#1498,#1499,#1500,#1501,#1502,#1503,#1504,#1505,#1506,#1507,#1508,#1509,
#1510,#1511,#1512,#1513),.UNSPECIFIED.,.F.,.F.,(4,3,3,3,3,3,3,4),(-32.5332269442662,
-31.5979596270767,-30.6105233887306,-29.6230871503844,-28.6356509120383,
-27.6482146736921,-26.660778435346,-26.2500416370866),.UNSPECIFIED.);
#176=B_SPLINE_CURVE_WITH_KNOTS('',3,(#1514,#1515,#1516,#1517,#1518,#1519,
#1520,#1521,#1522,#1523,#1524,#1525,#1526,#1527,#1528,#1529,#1530,#1531,
#1532,#1533,#1534,#1535),.UNSPECIFIED.,.F.,.F.,(4,3,3,3,3,3,3,4),(29.225671648849,
29.6230871503844,30.6105233887306,31.5979596270767,32.5853958654229,33.572832103769,
34.5602683421152,35.5088569560286),.UNSPECIFIED.);
#177=B_SPLINE_CURVE_WITH_KNOTS('',3,(#1540,#1541,#1542,#1543,#1544,#1545,
#1546,#1547,#1548,#1549,#1550,#1551,#1552,#1553,#1554,#1555,#1556,#1557,
#1558,#1559,#1560,#1561,#1562,#1563,#1564),.UNSPECIFIED.,.F.,.F.,(4,3,3,
3,3,3,3,3,4),(-38.8164122514458,-38.5100132954998,-37.5225770571536,-36.5351408188075,
-35.5477045804613,-34.5602683421152,-33.572832103769,-32.5853958654229,
-32.5332269442662),.UNSPECIFIED.);
#178=B_SPLINE_CURVE_WITH_KNOTS('',3,(#1565,#1566,#1567,#1568,#1569,#1570,
#1571,#1572,#1573,#1574,#1575,#1576,#1577,#1578,#1579,#1580,#1581,#1582,
#1583,#1584,#1585,#1586,#1587,#1588,#1589),.UNSPECIFIED.,.F.,.F.,(4,3,3,
3,3,3,3,3,4),(35.5088569560286,35.5477045804613,36.5351408188075,37.5225770571536,
38.5100132954998,39.4974495338459,40.4848857721921,41.4723220105382,41.7920422632081),
 .UNSPECIFIED.);
#179=B_SPLINE_CURVE_WITH_KNOTS('',3,(#1595,#1596,#1597,#1598,#1599,#1600,
#1601,#1602,#1603,#1604,#1605,#1606,#1607,#1608,#1609,#1610),
 .UNSPECIFIED.,.F.,.F.,(4,3,3,3,3,4),(48.0752275703877,48.3843756789612,
49.3718119173074,50.3592481556535,51.3466843939997,52.3341206323458),
 .UNSPECIFIED.);
#180=B_SPLINE_CURVE_WITH_KNOTS('',3,(#1613,#1614,#1615,#1616,#1617,#1618,
#1619,#1620,#1621,#1622,#1623,#1624,#1625,#1626,#1627,#1628,#1629,#1630,
#1631),.UNSPECIFIED.,.F.,.F.,(4,3,3,3,3,3,4),(-50.2654824574367,-49.3718119173074,
-48.3843756789612,-47.3969394406151,-46.4095032022689,-45.4220669639228,
-45.0995975586254),.UNSPECIFIED.);
#181=B_SPLINE_CURVE_WITH_KNOTS('',3,(#1637,#1638,#1639,#1640,#1641,#1642,
#1643),.UNSPECIFIED.,.F.,.F.,(4,3,4),(-1.11730040836828,-0.987436238346148,
0.),.UNSPECIFIED.);
#182=B_SPLINE_CURVE_WITH_KNOTS('',3,(#1646,#1647,#1648,#1649,#1650,#1651,
#1652,#1653,#1654,#1655),.UNSPECIFIED.,.F.,.F.,(4,3,3,4),(2.06863817490911,
2.96230871503844,3.94974495338459,4.09293042013062),.UNSPECIFIED.);
#183=B_SPLINE_CURVE_WITH_KNOTS('',3,(#1660,#1661,#1662,#1663,#1664,#1665,
#1666,#1667,#1668,#1669,#1670,#1671,#1672,#1673,#1674,#1675,#1676,#1677,
#1678,#1679,#1680,#1681),.UNSPECIFIED.,.F.,.F.,(4,3,3,3,3,3,3,4),(-7.40048571554787,
-6.91205366842303,-5.92461743007689,-4.93718119173074,-3.94974495338459,
-2.96230871503844,-1.9748724766923,-1.11730040836828),.UNSPECIFIED.);
#184=B_SPLINE_CURVE_WITH_KNOTS('',3,(#1682,#1683,#1684,#1685,#1686,#1687,
#1688,#1689,#1690,#1691,#1692,#1693,#1694,#1695,#1696,#1697,#1698,#1699,
#1700,#1701,#1702,#1703),.UNSPECIFIED.,.F.,.F.,(4,3,3,3,3,3,3,4),(4.09293042013062,
4.93718119173074,5.92461743007688,6.91205366842303,7.89948990676918,8.88692614511532,
9.87436238346148,10.3761157273102),.UNSPECIFIED.);
#185=B_SPLINE_CURVE_WITH_KNOTS('',3,(#1708,#1709,#1710,#1711,#1712,#1713,
#1714,#1715,#1716,#1717,#1718,#1719,#1720,#1721,#1722,#1723,#1724,#1725,
#1726,#1727,#1728,#1729),.UNSPECIFIED.,.F.,.F.,(4,3,3,3,3,3,3,4),(-13.6836710227275,
-12.8366710984999,-11.8492348601538,-10.8617986218076,-9.87436238346147,
-8.88692614511533,-7.89948990676918,-7.40048571554787),.UNSPECIFIED.);
#186=B_SPLINE_CURVE_WITH_KNOTS('',3,(#1730,#1731,#1732,#1733,#1734,#1735,
#1736,#1737,#1738,#1739,#1740,#1741,#1742,#1743,#1744,#1745,#1746,#1747,
#1748,#1749,#1750,#1751),.UNSPECIFIED.,.F.,.F.,(4,3,3,3,3,3,3,4),(10.3761157273102,
10.8617986218076,11.8492348601538,12.8366710984999,13.8241073368461,14.8115435751922,
15.7989798135384,16.6593010344898),.UNSPECIFIED.);
#187=B_SPLINE_CURVE_WITH_KNOTS('',3,(#1756,#1757,#1758,#1759,#1760,#1761,
#1762,#1763,#1764,#1765,#1766,#1767,#1768,#1769,#1770,#1771,#1772,#1773,
#1774,#1775,#1776,#1777,#1778,#1779,#1780),.UNSPECIFIED.,.F.,.F.,(4,3,3,
3,3,3,3,3,4),(-19.966856329907,-19.748724766923,-18.7612885285768,-17.7738522902307,
-16.7864160518845,-15.7989798135384,-14.8115435751922,-13.8241073368461,
-13.6836710227275),.UNSPECIFIED.);
#188=B_SPLINE_CURVE_WITH_KNOTS('',3,(#1781,#1782,#1783,#1784,#1785,#1786,
#1787,#1788,#1789,#1790,#1791,#1792,#1793,#1794,#1795,#1796,#1797,#1798,
#1799,#1800,#1801,#1802,#1803,#1804,#1805),.UNSPECIFIED.,.F.,.F.,(4,3,3,
3,3,3,3,3,4),(16.6593010344898,16.7864160518845,17.7738522902307,18.7612885285768,
19.748724766923,20.7361610052691,21.7235972436152,22.7110334819614,22.9424863416694),
 .UNSPECIFIED.);
#189=B_SPLINE_CURVE_WITH_KNOTS('',3,(#1810,#1811,#1812,#1813,#1814,#1815,
#1816,#1817,#1818,#1819,#1820,#1821,#1822,#1823,#1824,#1825,#1826,#1827,
#1828,#1829,#1830,#1831),.UNSPECIFIED.,.F.,.F.,(4,3,3,3,3,3,3,4),(-26.2500416370866,
-25.6733421969998,-24.6859059586537,-23.6984697203075,-22.7110334819614,
-21.7235972436152,-20.7361610052691,-19.966856329907),.UNSPECIFIED.);
#190=B_SPLINE_CURVE_WITH_KNOTS('',3,(#1832,#1833,#1834,#1835,#1836,#1837,
#1838,#1839,#1840,#1841,#1842,#1843,#1844,#1845,#1846,#1847,#1848,#1849,
#1850,#1851,#1852,#1853),.UNSPECIFIED.,.F.,.F.,(4,3,3,3,3,3,3,4),(22.9424863416694,
23.6984697203075,24.6859059586537,25.6733421969998,26.660778435346,27.6482146736921,
28.6356509120383,29.225671648849),.UNSPECIFIED.);
#191=B_SPLINE_CURVE_WITH_KNOTS('',3,(#1858,#1859,#1860,#1861,#1862,#1863,
#1864,#1865,#1866,#1867,#1868,#1869,#1870,#1871,#1872,#1873,#1874,#1875,
#1876,#1877,#1878,#1879),.UNSPECIFIED.,.F.,.F.,(4,3,3,3,3,3,3,4),(-32.5332269442662,
-31.5979596270767,-30.6105233887306,-29.6230871503844,-28.6356509120383,
-27.6482146736921,-26.660778435346,-26.2500416370866),.UNSPECIFIED.);
#192=B_SPLINE_CURVE_WITH_KNOTS('',3,(#1880,#1881,#1882,#1883,#1884,#1885,
#1886,#1887,#1888,#1889,#1890,#1891,#1892,#1893,#1894,#1895,#1896,#1897,
#1898,#1899,#1900,#1901),.UNSPECIFIED.,.F.,.F.,(4,3,3,3,3,3,3,4),(29.225671648849,
29.6230871503844,30.6105233887306,31.5979596270767,32.5853958654229,33.572832103769,
34.5602683421152,35.5088569560286),.UNSPECIFIED.);
#193=B_SPLINE_CURVE_WITH_KNOTS('',3,(#1906,#1907,#1908,#1909,#1910,#1911,
#1912,#1913,#1914,#1915,#1916,#1917,#1918,#1919,#1920,#1921,#1922,#1923,
#1924,#1925,#1926,#1927,#1928,#1929,#1930),.UNSPECIFIED.,.F.,.F.,(4,3,3,
3,3,3,3,3,4),(-38.8164122514458,-38.5100132954998,-37.5225770571536,-36.5351408188075,
-35.5477045804613,-34.5602683421152,-33.572832103769,-32.5853958654229,
-32.5332269442662),.UNSPECIFIED.);
#194=B_SPLINE_CURVE_WITH_KNOTS('',3,(#1931,#1932,#1933,#1934,#1935,#1936,
#1937,#1938,#1939,#1940,#1941,#1942,#1943,#1944,#1945,#1946,#1947,#1948,
#1949,#1950,#1951,#1952,#1953,#1954,#1955),.UNSPECIFIED.,.F.,.F.,(4,3,3,
3,3,3,3,3,4),(35.5088569560286,35.5477045804613,36.5351408188075,37.5225770571536,
38.5100132954998,39.4974495338459,40.4848857721921,41.4723220105382,41.7920422632081),
 .UNSPECIFIED.);
#195=B_SPLINE_CURVE_WITH_KNOTS('',3,(#1961,#1962,#1963,#1964,#1965,#1966,
#1967,#1968,#1969,#1970,#1971,#1972,#1973,#1974,#1975,#1976),
 .UNSPECIFIED.,.F.,.F.,(4,3,3,3,3,4),(48.0752275703877,48.3843756789612,
49.3718119173074,50.3592481556535,51.3466843939997,52.3341206323458),
 .UNSPECIFIED.);
#196=B_SPLINE_CURVE_WITH_KNOTS('',3,(#1979,#1980,#1981,#1982,#1983,#1984,
#1985,#1986,#1987,#1988,#1989,#1990,#1991,#1992,#1993,#1994,#1995,#1996,
#1997),.UNSPECIFIED.,.F.,.F.,(4,3,3,3,3,3,4),(-50.2654824574367,-49.3718119173074,
-48.3843756789612,-47.3969394406151,-46.4095032022689,-45.4220669639228,
-45.0995975586254),.UNSPECIFIED.);
#197=B_SPLINE_CURVE_WITH_KNOTS('',3,(#2003,#2004,#2005,#2006),
 .UNSPECIFIED.,.F.,.F.,(4,4),(59.6902604182061,60.6415981847469),
 .UNSPECIFIED.);
#198=B_SPLINE_CURVE_WITH_KNOTS('',3,(#2009,#2010,#2011,#2012,#2013,#2014),
 .UNSPECIFIED.,.F.,.F.,(4,1,1,4),(59.6902604182061,59.9994085267795,60.9868447651257,
61.880515305255),.UNSPECIFIED.);
#199=B_SPLINE_CURVE_WITH_KNOTS('',3,(#2019,#2020,#2021,#2022,#2023,#2024,
#2025,#2026,#2027,#2028,#2029),.UNSPECIFIED.,.F.,.F.,(4,1,1,1,1,1,1,1,4),
(53.4070751110265,53.7295445163239,54.71698075467,55.7044169930162,56.6918532313623,
57.6792894697085,58.6667257080546,59.6541619464007,59.6902604182061),
 .UNSPECIFIED.);
#200=B_SPLINE_CURVE_WITH_KNOTS('',3,(#2030,#2031,#2032,#2033,#2034,#2035,
#2036,#2037,#2038,#2039),.UNSPECIFIED.,.F.,.F.,(4,1,1,1,1,1,1,4),(53.4070751110265,
54.0747910967026,55.0622273350488,56.0496635733949,57.0370998117411,58.0245360500872,
59.0119722884334,59.6902604182061),.UNSPECIFIED.);
#201=B_SPLINE_CURVE_WITH_KNOTS('',3,(#2044,#2045,#2046,#2047,#2048,#2049,
#2050,#2051,#2052,#2053),.UNSPECIFIED.,.F.,.F.,(4,1,1,1,1,1,1,4),(47.1238898038469,
47.804927086247,48.7923633245931,49.7797995629393,50.7672358012854,51.7546720396316,
52.7421082779777,53.4070751110265),.UNSPECIFIED.);
#202=B_SPLINE_CURVE_WITH_KNOTS('',3,(#2054,#2055,#2056,#2057,#2058,#2059,
#2060,#2061,#2062,#2063,#2064),.UNSPECIFIED.,.F.,.F.,(4,1,1,1,1,1,1,1,4),
(47.1238898038469,47.1627374282796,48.1501736666258,49.1376099049719,50.1250461433181,
51.1124823816642,52.0999186200103,53.0873548583565,53.4070751110265),
 .UNSPECIFIED.);
#203=B_SPLINE_CURVE_WITH_KNOTS('',3,(#2069,#2070,#2071,#2072,#2073,#2074,
#2075,#2076,#2077,#2078,#2079),.UNSPECIFIED.,.F.,.F.,(4,1,1,1,1,1,1,1,4),
(40.8407044966673,40.8928734178239,41.8803096561701,42.8677458945162,43.8551821328624,
44.8426183712085,45.8300546095547,46.8174908479008,47.1238898038469),
 .UNSPECIFIED.);
#204=B_SPLINE_CURVE_WITH_KNOTS('',3,(#2080,#2081,#2082,#2083,#2084,#2085,
#2086,#2087,#2088,#2089),.UNSPECIFIED.,.F.,.F.,(4,1,1,1,1,1,1,4),(40.8407044966673,
41.2381199982027,42.2255562365489,43.212992474895,44.2004287132412,45.1878649515873,
46.1753011899335,47.1238898038469),.UNSPECIFIED.);
#205=B_SPLINE_CURVE_WITH_KNOTS('',3,(#2094,#2095,#2096,#2097,#2098,#2099,
#2100,#2101,#2102,#2103),.UNSPECIFIED.,.F.,.F.,(4,1,1,1,1,1,1,4),(34.5575191894877,
34.9682559877471,35.9556922260932,36.9431284644394,37.9305647027855,38.9180009411317,
39.9054371794778,40.8407044966673),.UNSPECIFIED.);
#206=B_SPLINE_CURVE_WITH_KNOTS('',3,(#2104,#2105,#2106,#2107,#2108,#2109,
#2110,#2111,#2112,#2113),.UNSPECIFIED.,.F.,.F.,(4,1,1,1,1,1,1,4),(34.5575191894877,
35.3135025681258,36.300938806472,37.2883750448181,38.2758112831643,39.2632475215104,
40.2506837598566,40.8407044966673),.UNSPECIFIED.);
#207=B_SPLINE_CURVE_WITH_KNOTS('',3,(#2118,#2119,#2120,#2121,#2122,#2123,
#2124,#2125,#2126,#2127),.UNSPECIFIED.,.F.,.F.,(4,1,1,1,1,1,1,4),(28.2743338823081,
29.0436385576702,30.0310747960163,31.0185110343625,32.0059472727086,32.9933835110548,
33.9808197494009,34.5575191894877),.UNSPECIFIED.);
#208=B_SPLINE_CURVE_WITH_KNOTS('',3,(#2128,#2129,#2130,#2131,#2132,#2133,
#2134,#2135,#2136,#2137,#2138),.UNSPECIFIED.,.F.,.F.,(4,1,1,1,1,1,1,1,4),
(28.2743338823081,28.4014488997028,29.388885138049,30.3763213763951,31.3637576147413,
32.3511938530874,33.3386300914335,34.3260663297797,34.5575191894877),
 .UNSPECIFIED.);
#209=B_SPLINE_CURVE_WITH_KNOTS('',3,(#2143,#2144,#2145,#2146,#2147,#2148,
#2149,#2150,#2151,#2152,#2153),.UNSPECIFIED.,.F.,.F.,(4,1,1,1,1,1,1,1,4),
(21.9911485751285,22.1315848892471,23.1190211275933,24.1064573659394,25.0938936042856,
26.0813298426317,27.0687660809779,28.056202319324,28.2743338823081),
 .UNSPECIFIED.);
#210=B_SPLINE_CURVE_WITH_KNOTS('',3,(#2154,#2155,#2156,#2157,#2158,#2159,
#2160,#2161,#2162,#2163),.UNSPECIFIED.,.F.,.F.,(4,1,1,1,1,1,1,4),(21.9911485751285,
22.4768314696259,23.4642677079721,24.4517039463182,25.4391401846644,26.4265764230105,
27.4140126613567,28.2743338823081),.UNSPECIFIED.);
#211=B_SPLINE_CURVE_WITH_KNOTS('',3,(#2169,#2170,#2171,#2172,#2173,#2174,
#2175,#2176),.UNSPECIFIED.,.F.,.F.,(4,1,1,1,1,4),(11.6150328478183,12.6024690861645,
13.5899053245106,14.5773415628567,15.5647778012029,15.7079632679489),
 .UNSPECIFIED.);
#212=B_SPLINE_CURVE_WITH_KNOTS('',3,(#2179,#2180,#2181,#2182,#2183,#2184,
#2185,#2186,#2187),.UNSPECIFIED.,.F.,.F.,(4,1,1,1,1,1,4),(10.3761157273102,
11.2697862674395,12.2572225057857,13.2446587441318,14.232094982478,15.2195312208241,
15.7079632679489),.UNSPECIFIED.);
#213=B_SPLINE_CURVE_WITH_KNOTS('',3,(#2193,#2194,#2195,#2196),
 .UNSPECIFIED.,.F.,.F.,(4,4),(59.6902604182061,60.6415981847469),
 .UNSPECIFIED.);
#214=B_SPLINE_CURVE_WITH_KNOTS('',3,(#2199,#2200,#2201,#2202,#2203,#2204),
 .UNSPECIFIED.,.F.,.F.,(4,1,1,4),(59.6902604182061,59.9994085267795,60.9868447651257,
61.880515305255),.UNSPECIFIED.);
#215=B_SPLINE_CURVE_WITH_KNOTS('',3,(#2209,#2210,#2211,#2212,#2213,#2214,
#2215,#2216,#2217,#2218,#2219),.UNSPECIFIED.,.F.,.F.,(4,1,1,1,1,1,1,1,4),
(53.4070751110265,53.7295445163239,54.71698075467,55.7044169930162,56.6918532313623,
57.6792894697085,58.6667257080546,59.6541619464007,59.6902604182061),
 .UNSPECIFIED.);
#216=B_SPLINE_CURVE_WITH_KNOTS('',3,(#2220,#2221,#2222,#2223,#2224,#2225,
#2226,#2227,#2228,#2229),.UNSPECIFIED.,.F.,.F.,(4,1,1,1,1,1,1,4),(53.4070751110265,
54.0747910967026,55.0622273350488,56.0496635733949,57.0370998117411,58.0245360500872,
59.0119722884334,59.6902604182061),.UNSPECIFIED.);
#217=B_SPLINE_CURVE_WITH_KNOTS('',3,(#2234,#2235,#2236,#2237,#2238,#2239,
#2240,#2241,#2242,#2243),.UNSPECIFIED.,.F.,.F.,(4,1,1,1,1,1,1,4),(47.1238898038469,
47.804927086247,48.7923633245931,49.7797995629393,50.7672358012854,51.7546720396316,
52.7421082779777,53.4070751110265),.UNSPECIFIED.);
#218=B_SPLINE_CURVE_WITH_KNOTS('',3,(#2244,#2245,#2246,#2247,#2248,#2249,
#2250,#2251,#2252,#2253,#2254),.UNSPECIFIED.,.F.,.F.,(4,1,1,1,1,1,1,1,4),
(47.1238898038469,47.1627374282796,48.1501736666258,49.1376099049719,50.1250461433181,
51.1124823816642,52.0999186200103,53.0873548583565,53.4070751110265),
 .UNSPECIFIED.);
#219=B_SPLINE_CURVE_WITH_KNOTS('',3,(#2259,#2260,#2261,#2262,#2263,#2264,
#2265,#2266,#2267,#2268,#2269),.UNSPECIFIED.,.F.,.F.,(4,1,1,1,1,1,1,1,4),
(40.8407044966673,40.8928734178239,41.8803096561701,42.8677458945162,43.8551821328624,
44.8426183712085,45.8300546095547,46.8174908479008,47.1238898038469),
 .UNSPECIFIED.);
#220=B_SPLINE_CURVE_WITH_KNOTS('',3,(#2270,#2271,#2272,#2273,#2274,#2275,
#2276,#2277,#2278,#2279),.UNSPECIFIED.,.F.,.F.,(4,1,1,1,1,1,1,4),(40.8407044966673,
41.2381199982027,42.2255562365489,43.212992474895,44.2004287132412,45.1878649515873,
46.1753011899335,47.1238898038469),.UNSPECIFIED.);
#221=B_SPLINE_CURVE_WITH_KNOTS('',3,(#2284,#2285,#2286,#2287,#2288,#2289,
#2290,#2291,#2292,#2293),.UNSPECIFIED.,.F.,.F.,(4,1,1,1,1,1,1,4),(34.5575191894877,
34.9682559877471,35.9556922260932,36.9431284644394,37.9305647027855,38.9180009411317,
39.9054371794778,40.8407044966673),.UNSPECIFIED.);
#222=B_SPLINE_CURVE_WITH_KNOTS('',3,(#2294,#2295,#2296,#2297,#2298,#2299,
#2300,#2301,#2302,#2303),.UNSPECIFIED.,.F.,.F.,(4,1,1,1,1,1,1,4),(34.5575191894877,
35.3135025681258,36.300938806472,37.2883750448181,38.2758112831643,39.2632475215104,
40.2506837598566,40.8407044966673),.UNSPECIFIED.);
#223=B_SPLINE_CURVE_WITH_KNOTS('',3,(#2308,#2309,#2310,#2311,#2312,#2313,
#2314,#2315,#2316,#2317),.UNSPECIFIED.,.F.,.F.,(4,1,1,1,1,1,1,4),(28.2743338823081,
29.0436385576702,30.0310747960163,31.0185110343625,32.0059472727086,32.9933835110548,
33.9808197494009,34.5575191894877),.UNSPECIFIED.);
#224=B_SPLINE_CURVE_WITH_KNOTS('',3,(#2318,#2319,#2320,#2321,#2322,#2323,
#2324,#2325,#2326,#2327,#2328),.UNSPECIFIED.,.F.,.F.,(4,1,1,1,1,1,1,1,4),
(28.2743338823081,28.4014488997028,29.388885138049,30.3763213763951,31.3637576147413,
32.3511938530874,33.3386300914335,34.3260663297797,34.5575191894877),
 .UNSPECIFIED.);
#225=B_SPLINE_CURVE_WITH_KNOTS('',3,(#2333,#2334,#2335,#2336,#2337,#2338,
#2339,#2340,#2341,#2342,#2343),.UNSPECIFIED.,.F.,.F.,(4,1,1,1,1,1,1,1,4),
(21.9911485751285,22.1315848892471,23.1190211275933,24.1064573659394,25.0938936042856,
26.0813298426317,27.0687660809779,28.056202319324,28.2743338823081),
 .UNSPECIFIED.);
#226=B_SPLINE_CURVE_WITH_KNOTS('',3,(#2344,#2345,#2346,#2347,#2348,#2349,
#2350,#2351,#2352,#2353),.UNSPECIFIED.,.F.,.F.,(4,1,1,1,1,1,1,4),(21.9911485751285,
22.4768314696259,23.4642677079721,24.4517039463182,25.4391401846644,26.4265764230105,
27.4140126613567,28.2743338823081),.UNSPECIFIED.);
#227=B_SPLINE_CURVE_WITH_KNOTS('',3,(#2359,#2360,#2361,#2362,#2363,#2364,
#2365,#2366),.UNSPECIFIED.,.F.,.F.,(4,1,1,1,1,4),(11.6150328478183,12.6024690861645,
13.5899053245106,14.5773415628567,15.5647778012029,15.7079632679489),
 .UNSPECIFIED.);
#228=B_SPLINE_CURVE_WITH_KNOTS('',3,(#2369,#2370,#2371,#2372,#2373,#2374,
#2375,#2376,#2377),.UNSPECIFIED.,.F.,.F.,(4,1,1,1,1,1,4),(10.3761157273102,
11.2697862674395,12.2572225057857,13.2446587441318,14.232094982478,15.2195312208241,
15.7079632679489),.UNSPECIFIED.);
#229=B_SPLINE_CURVE_WITH_KNOTS('',3,(#2379,#2380,#2381,#2382,#2383,#2384,
#2385,#2386,#2387,#2388),.UNSPECIFIED.,.F.,.F.,(4,1,1,1,1,1,1,4),(15.7079632679489,
16.2069674591703,17.1944036975164,18.1818399358626,19.1692761742087,20.1567124125548,
21.144148650901,21.9911485751285),.UNSPECIFIED.);
#230=B_SPLINE_CURVE_WITH_KNOTS('',3,(#2389,#2390,#2391,#2392,#2393,#2394,
#2395,#2396,#2397,#2398),.UNSPECIFIED.,.F.,.F.,(4,1,1,1,1,1,1,4),(15.7079632679489,
16.552214039549,17.5396502778952,18.5270865162413,19.5145227545875,20.5019589929336,
21.4893952312798,21.9911485751285),.UNSPECIFIED.);
#231=B_SPLINE_CURVE_WITH_KNOTS('',3,(#2623,#2624,#2625,#2626,#2627,#2628,
#2629,#2630,#2631,#2632,#2633,#2634,#2635,#2636,#2637,#2638,#2639,#2640,
#2641,#2642,#2643,#2644,#2645,#2646,#2647,#2648,#2649,#2650,#2651,#2652,
#2653,#2654,#2655,#2656,#2657,#2658,#2659,#2660,#2661,#2662,#2663,#2664,
#2665,#2666,#2667,#2668,#2669,#2670,#2671,#2672,#2673,#2674,#2675,#2676,
#2677,#2678,#2679,#2680,#2681,#2682,#2683,#2684,#2685,#2686,#2687,#2688,
#2689,#2690,#2691,#2692,#2693,#2694,#2695,#2696,#2697,#2698,#2699,#2700,
#2701,#2702,#2703,#2704,#2705,#2706,#2707,#2708,#2709,#2710,#2711,#2712,
#2713),.UNSPECIFIED.,.F.,.F.,(4,3,3,3,3,3,3,3,3,3,3,3,3,3,3,3,3,3,3,3,3,
3,3,3,3,3,3,3,3,3,4),(0.,0.024241281991285,0.0491247715231614,0.0741876243839468,
0.0851526225105404,0.0915995295429366,0.0968638847305649,0.122985653035885,
0.149551987881164,0.174570889513234,0.18527620052491,0.191184195017437,
0.194819956312676,0.222287713137746,0.249627594409445,0.276355292568228,
0.292953386822915,0.297155119083332,0.324120071552804,0.352088717284327,
0.380377718260113,0.400266343907665,0.404993801107269,0.435054479442839,
0.457599988194517,0.469319958374932,0.475511176196119,0.48068249570831,
0.510181909445312,0.52523651444955,0.552745378375049),.UNSPECIFIED.);
#232=B_SPLINE_CURVE_WITH_KNOTS('',3,(#2714,#2715,#2716,#2717,#2718,#2719,
#2720,#2721,#2722,#2723,#2724,#2725,#2726,#2727,#2728,#2729,#2730,#2731,
#2732,#2733,#2734,#2735,#2736,#2737,#2738,#2739,#2740,#2741,#2742,#2743,
#2744,#2745,#2746,#2747,#2748,#2749,#2750,#2751,#2752,#2753,#2754,#2755,
#2756,#2757,#2758,#2759,#2760,#2761,#2762,#2763,#2764,#2765,#2766,#2767,
#2768,#2769,#2770,#2771,#2772,#2773,#2774,#2775,#2776,#2777,#2778,#2779,
#2780,#2781,#2782,#2783,#2784,#2785,#2786,#2787,#2788,#2789,#2790,#2791,
#2792,#2793,#2794,#2795,#2796,#2797,#2798,#2799,#2800,#2801),
 .UNSPECIFIED.,.F.,.F.,(4,3,3,3,3,3,3,3,3,3,3,3,3,3,3,3,3,3,3,3,3,3,3,3,
3,3,3,3,3,4),(-0.552745378374961,-0.523647499818975,-0.494111448549004,
-0.479229834090463,-0.472110659546653,-0.443093168203343,-0.414330538535418,
-0.404573865084555,-0.399893618297888,-0.371651021601642,-0.34393328757711,
-0.316744189639692,-0.305361095630448,-0.295999021814062,-0.291572640479867,
-0.274714497426228,-0.247576638637169,-0.219448143485471,-0.194835710227736,
-0.189307730126803,-0.162638963434295,-0.13612567794889,-0.110123932691672,
-0.0991770257831609,-0.0943425283063055,-0.0900714587034701,-0.0646453932473622,
-0.0399398545988849,-0.0225486774235857,0.),.UNSPECIFIED.);
#233=B_SPLINE_CURVE_WITH_KNOTS('',3,(#2802,#2803,#2804,#2805,#2806,#2807,
#2808,#2809,#2810,#2811,#2812,#2813,#2814,#2815,#2816,#2817,#2818,#2819,
#2820,#2821,#2822,#2823),.UNSPECIFIED.,.F.,.F.,(4,3,3,3,3,3,3,4),(-45.0995975586254,
-44.4346307255766,-43.4471944872305,-42.4597582488843,-41.4723220105382,
-40.4848857721921,-39.4974495338459,-38.8164122514458),.UNSPECIFIED.);
#234=B_SPLINE_CURVE_WITH_KNOTS('',3,(#3048,#3049,#3050,#3051,#3052,#3053,
#3054,#3055,#3056,#3057,#3058,#3059,#3060,#3061,#3062,#3063,#3064,#3065,
#3066,#3067,#3068,#3069,#3070,#3071,#3072,#3073,#3074,#3075,#3076,#3077,
#3078,#3079,#3080,#3081,#3082,#3083,#3084,#3085,#3086,#3087,#3088,#3089,
#3090,#3091,#3092,#3093,#3094,#3095,#3096,#3097,#3098,#3099,#3100,#3101,
#3102,#3103,#3104,#3105,#3106,#3107,#3108,#3109,#3110,#3111,#3112,#3113,
#3114,#3115,#3116,#3117,#3118,#3119,#3120,#3121,#3122,#3123,#3124,#3125,
#3126,#3127,#3128,#3129,#3130,#3131,#3132,#3133,#3134,#3135,#3136,#3137,
#3138),.UNSPECIFIED.,.F.,.F.,(4,3,3,3,3,3,3,3,3,3,3,3,3,3,3,3,3,3,3,3,3,
3,3,3,3,3,3,3,3,3,4),(0.,0.0287567806591783,0.058141299951206,0.0858219606066201,
0.110042538680107,0.11542040468476,0.144143140891369,0.172688835844216,
0.199413273181792,0.210730025432118,0.218723984588048,0.223826660148683,
0.251706622671601,0.279586585194518,0.307488607481894,0.322032862796475,
0.327923032333309,0.354974074686057,0.382039900773273,0.408687653591322,
0.419293935326846,0.424767880262579,0.429502559831628,0.455420100387733,
0.474730343548707,0.484358315160586,0.490071082751788,0.494836604222916,
0.519718722448091,0.532648809026851,0.555272788399394),.UNSPECIFIED.);
#235=B_SPLINE_CURVE_WITH_KNOTS('',3,(#3139,#3140,#3141,#3142,#3143,#3144,
#3145,#3146,#3147,#3148,#3149,#3150,#3151,#3152,#3153,#3154,#3155,#3156,
#3157,#3158,#3159,#3160),.UNSPECIFIED.,.F.,.F.,(4,3,3,3,3,3,3,4),(41.7920422632081,
42.4597582488843,43.4471944872305,44.4346307255766,45.4220669639228,46.4095032022689,
47.3969394406151,48.0752275703877),.UNSPECIFIED.);
#236=B_SPLINE_CURVE_WITH_KNOTS('',3,(#3161,#3162,#3163,#3164,#3165,#3166,
#3167,#3168,#3169,#3170,#3171,#3172,#3173,#3174,#3175,#3176,#3177,#3178,
#3179,#3180,#3181,#3182,#3183,#3184,#3185,#3186,#3187,#3188,#3189,#3190,
#3191,#3192,#3193,#3194,#3195,#3196,#3197,#3198,#3199,#3200,#3201,#3202,
#3203,#3204,#3205,#3206,#3207,#3208,#3209,#3210,#3211,#3212,#3213,#3214,
#3215,#3216,#3217,#3218,#3219,#3220,#3221,#3222,#3223,#3224,#3225,#3226,
#3227,#3228,#3229,#3230,#3231,#3232,#3233,#3234,#3235,#3236,#3237,#3238,
#3239,#3240,#3241,#3242,#3243,#3244,#3245,#3246,#3247,#3248,#3249,#3250,
#3251,#3252,#3253,#3254),.UNSPECIFIED.,.F.,.F.,(4,3,3,3,3,3,3,3,3,3,3,3,
3,3,3,3,3,3,3,3,3,3,3,3,3,3,3,3,3,3,3,4),(-0.555272788399397,-0.530770664277171,
-0.505656906695473,-0.496620879682323,-0.491591434615193,-0.486341274210629,
-0.460361235848528,-0.440914650542122,-0.429754422096293,-0.425426223916838,
-0.420856747605,-0.394105271604921,-0.367007876652261,-0.34015058614829,
-0.330933889550347,-0.325781908409384,-0.322012407473248,-0.304788553397279,
-0.278262115432093,-0.251064514833122,-0.22313696258661,-0.217826576464635,
-0.189772870677899,-0.16118507807688,-0.132420531189451,-0.119323476898398,
-0.112780184548042,-0.108144167604707,-0.0786277908652134,-0.0492652197448436,
-0.0276440968610248,0.),.UNSPECIFIED.);
#237=B_SPLINE_CURVE_WITH_KNOTS('',3,(#3256,#3257,#3258,#3259,#3260,#3261,
#3262,#3263,#3264,#3265),.UNSPECIFIED.,.F.,.F.,(4,1,1,1,1,1,1,4),(15.7079632679489,
16.2069674591703,17.1944036975164,18.1818399358626,19.1692761742087,20.1567124125548,
21.144148650901,21.9911485751285),.UNSPECIFIED.);
#238=B_SPLINE_CURVE_WITH_KNOTS('',3,(#3266,#3267,#3268,#3269,#3270,#3271,
#3272,#3273,#3274,#3275),.UNSPECIFIED.,.F.,.F.,(4,1,1,1,1,1,1,4),(15.7079632679489,
16.552214039549,17.5396502778952,18.5270865162413,19.5145227545875,20.5019589929336,
21.4893952312798,21.9911485751285),.UNSPECIFIED.);
#239=B_SPLINE_CURVE_WITH_KNOTS('',3,(#3500,#3501,#3502,#3503,#3504,#3505,
#3506,#3507,#3508,#3509,#3510,#3511,#3512,#3513,#3514,#3515,#3516,#3517,
#3518,#3519,#3520,#3521,#3522,#3523,#3524,#3525,#3526,#3527,#3528,#3529,
#3530,#3531,#3532,#3533,#3534,#3535,#3536,#3537,#3538,#3539,#3540,#3541,
#3542,#3543,#3544,#3545,#3546,#3547,#3548,#3549,#3550,#3551,#3552,#3553,
#3554,#3555,#3556,#3557,#3558,#3559,#3560,#3561,#3562,#3563,#3564,#3565,
#3566,#3567,#3568,#3569,#3570,#3571,#3572,#3573,#3574,#3575,#3576,#3577,
#3578,#3579,#3580,#3581,#3582,#3583,#3584,#3585,#3586,#3587,#3588,#3589,
#3590),.UNSPECIFIED.,.F.,.F.,(4,3,3,3,3,3,3,3,3,3,3,3,3,3,3,3,3,3,3,3,3,
3,3,3,3,3,3,3,3,3,4),(0.,0.0242413061943813,0.0491248177044936,0.0741876647926125,
0.0851526603936645,0.0915995475856913,0.096863889551324,0.122985675289496,
0.149552018862472,0.174570912749215,0.185276205182234,0.191184208365767,
0.194819971388075,0.222287726678226,0.249627594409445,0.276355280038374,
0.292953354467338,0.297155103607528,0.32412003827682,0.352088675509121,
0.38037767419293,0.400266233324464,0.404993781106164,0.43505446444201,0.457599976943895,
0.469319928908072,0.475511202882452,0.48068249818335,0.510181912288246,
0.52523651444955,0.552745378375049),.UNSPECIFIED.);
#240=B_SPLINE_CURVE_WITH_KNOTS('',3,(#3591,#3592,#3593,#3594,#3595,#3596,
#3597,#3598,#3599,#3600,#3601,#3602,#3603,#3604,#3605,#3606,#3607,#3608,
#3609,#3610,#3611,#3612,#3613,#3614,#3615,#3616,#3617,#3618,#3619,#3620,
#3621,#3622,#3623,#3624,#3625,#3626,#3627,#3628,#3629,#3630,#3631,#3632,
#3633,#3634,#3635,#3636,#3637,#3638,#3639,#3640,#3641,#3642,#3643,#3644,
#3645,#3646,#3647,#3648,#3649,#3650,#3651,#3652,#3653,#3654,#3655,#3656,
#3657,#3658,#3659,#3660,#3661,#3662,#3663,#3664,#3665,#3666,#3667,#3668,
#3669,#3670,#3671,#3672,#3673,#3674,#3675,#3676,#3677,#3678),
 .UNSPECIFIED.,.F.,.F.,(4,3,3,3,3,3,3,3,3,3,3,3,3,3,3,3,3,3,3,3,3,3,3,3,
3,3,3,3,3,4),(-0.552745378374961,-0.523647483950925,-0.494111428264457,
-0.479229797663346,-0.47211065801428,-0.443093167472386,-0.414330543879192,
-0.404573871179666,-0.399893624198803,-0.371651030226227,-0.343933302540627,
-0.316744209248598,-0.305361124465388,-0.295999059076581,-0.291572642171779,
-0.274714497426228,-0.247576640679951,-0.219448145272905,-0.19483571179174,
-0.189307731397883,-0.162638963762397,-0.136125680228592,-0.110123942453352,
-0.0991770343246316,-0.0943425788516349,-0.0900714719148971,-0.0646454110752843,
-0.0399398841147589,-0.0225486774235857,0.),.UNSPECIFIED.);
#241=B_SPLINE_CURVE_WITH_KNOTS('',3,(#3679,#3680,#3681,#3682,#3683,#3684,
#3685,#3686,#3687,#3688,#3689,#3690,#3691,#3692,#3693,#3694,#3695,#3696,
#3697,#3698,#3699,#3700),.UNSPECIFIED.,.F.,.F.,(4,3,3,3,3,3,3,4),(-45.0995975586254,
-44.4346307255766,-43.4471944872305,-42.4597582488843,-41.4723220105382,
-40.4848857721921,-39.4974495338459,-38.8164122514458),.UNSPECIFIED.);
#242=B_SPLINE_CURVE_WITH_KNOTS('',3,(#3925,#3926,#3927,#3928,#3929,#3930,
#3931,#3932,#3933,#3934,#3935,#3936,#3937,#3938,#3939,#3940,#3941,#3942,
#3943,#3944,#3945,#3946,#3947,#3948,#3949,#3950,#3951,#3952,#3953,#3954,
#3955,#3956,#3957,#3958,#3959,#3960,#3961,#3962,#3963,#3964,#3965,#3966,
#3967,#3968,#3969,#3970,#3971,#3972,#3973,#3974,#3975,#3976,#3977,#3978,
#3979,#3980,#3981,#3982,#3983,#3984,#3985,#3986,#3987,#3988,#3989,#3990,
#3991,#3992,#3993,#3994,#3995,#3996,#3997,#3998,#3999,#4000,#4001,#4002,
#4003,#4004,#4005,#4006,#4007,#4008,#4009,#4010,#4011,#4012,#4013,#4014,
#4015),.UNSPECIFIED.,.F.,.F.,(4,3,3,3,3,3,3,3,3,3,3,3,3,3,3,3,3,3,3,3,3,
3,3,3,3,3,3,3,3,3,4),(0.,0.028756797461541,0.0581413246738961,0.0858219822389739,
0.110042557608417,0.115420407410332,0.144143143490502,0.172688833659117,
0.199413271542967,0.210730021097915,0.218723973161788,0.223826656514669,
0.251706620854594,0.279586585194518,0.307488608282622,0.322032861079701,
0.327923032082929,0.354974075042702,0.38203990095689,0.408687649490233,
0.419293919585575,0.424767838589247,0.429502553249119,0.455420088849223,
0.474730354634911,0.48435833693679,0.490071201264872,0.494836746274375,
0.51971885389072,0.532648809026851,0.555272788399394),.UNSPECIFIED.);
#243=B_SPLINE_CURVE_WITH_KNOTS('',3,(#4016,#4017,#4018,#4019,#4020,#4021,
#4022,#4023,#4024,#4025,#4026,#4027,#4028,#4029,#4030,#4031,#4032,#4033,
#4034,#4035,#4036,#4037),.UNSPECIFIED.,.F.,.F.,(4,3,3,3,3,3,3,4),(41.7920422632081,
42.4597582488843,43.4471944872305,44.4346307255766,45.4220669639228,46.4095032022689,
47.3969394406151,48.0752275703877),.UNSPECIFIED.);
#244=B_SPLINE_CURVE_WITH_KNOTS('',3,(#4038,#4039,#4040,#4041,#4042,#4043,
#4044,#4045,#4046,#4047,#4048,#4049,#4050,#4051,#4052,#4053,#4054,#4055,
#4056,#4057,#4058,#4059,#4060,#4061,#4062,#4063,#4064,#4065,#4066,#4067,
#4068,#4069,#4070,#4071,#4072,#4073,#4074,#4075,#4076,#4077,#4078,#4079,
#4080,#4081,#4082,#4083,#4084,#4085,#4086,#4087,#4088,#4089,#4090,#4091,
#4092,#4093,#4094,#4095,#4096,#4097,#4098,#4099,#4100,#4101,#4102,#4103,
#4104,#4105,#4106,#4107,#4108,#4109,#4110,#4111,#4112,#4113,#4114,#4115,
#4116,#4117,#4118,#4119,#4120,#4121,#4122,#4123,#4124,#4125,#4126,#4127,
#4128,#4129,#4130,#4131),.UNSPECIFIED.,.F.,.F.,(4,3,3,3,3,3,3,3,3,3,3,3,
3,3,3,3,3,3,3,3,3,3,3,3,3,3,3,3,3,3,3,4),(-0.555272788399397,-0.530770644840839,
-0.505656870637741,-0.496620794669434,-0.491591540330428,-0.48634129801483,
-0.460361246708579,-0.440914660044667,-0.429754422009978,-0.425426222565235,
-0.420856746565645,-0.394105258966655,-0.367007865178991,-0.340150582152622,
-0.330933884529537,-0.325781904732313,-0.322012399909462,-0.304788553397279,
-0.278262130365876,-0.251064540366051,-0.223136984927923,-0.217826580310445,
-0.18977288435814,-0.161185096257887,-0.132420549694796,-0.119323493090575,
-0.112780261885299,-0.108144187373111,-0.07862781252445,-0.0492652411953734,
-0.0276440968610248,0.),.UNSPECIFIED.);
#245=LINE('',#1269,#299);
#246=LINE('',#1293,#300);
#247=LINE('',#1341,#301);
#248=LINE('',#1389,#302);
#249=LINE('',#1443,#303);
#250=LINE('',#1491,#304);
#251=LINE('',#1539,#305);
#252=LINE('',#1593,#306);
#253=LINE('',#1635,#307);
#254=LINE('',#1659,#308);
#255=LINE('',#1707,#309);
#256=LINE('',#1755,#310);
#257=LINE('',#1809,#311);
#258=LINE('',#1857,#312);
#259=LINE('',#1905,#313);
#260=LINE('',#1959,#314);
#261=LINE('',#2001,#315);
#262=LINE('',#2018,#316);
#263=LINE('',#2043,#317);
#264=LINE('',#2068,#318);
#265=LINE('',#2093,#319);
#266=LINE('',#2117,#320);
#267=LINE('',#2142,#321);
#268=LINE('',#2167,#322);
#269=LINE('',#2191,#323);
#270=LINE('',#2208,#324);
#271=LINE('',#2233,#325);
#272=LINE('',#2258,#326);
#273=LINE('',#2283,#327);
#274=LINE('',#2307,#328);
#275=LINE('',#2332,#329);
#276=LINE('',#2357,#330);
#277=LINE('',#4140,#331);
#278=LINE('',#4145,#332);
#279=LINE('',#4149,#333);
#280=LINE('',#4152,#334);
#281=LINE('',#4157,#335);
#282=LINE('',#4162,#336);
#283=LINE('',#4165,#337);
#284=LINE('',#4168,#338);
#285=LINE('',#4171,#339);
#286=LINE('',#4173,#340);
#287=LINE('',#4175,#341);
#288=LINE('',#4177,#342);
#289=LINE('',#4179,#343);
#290=LINE('',#4180,#344);
#291=LINE('',#4183,#345);
#292=LINE('',#4185,#346);
#293=LINE('',#4186,#347);
#294=LINE('',#4189,#348);
#295=LINE('',#4191,#349);
#296=LINE('',#4192,#350);
#297=LINE('',#4194,#351);
#298=LINE('',#4195,#352);
#299=VECTOR('',#1081,3.);
#300=VECTOR('',#1086,3.);
#301=VECTOR('',#1089,3.);
#302=VECTOR('',#1092,3.);
#303=VECTOR('',#1095,3.);
#304=VECTOR('',#1098,3.);
#305=VECTOR('',#1101,3.);
#306=VECTOR('',#1104,3.);
#307=VECTOR('',#1109,3.);
#308=VECTOR('',#1114,3.);
#309=VECTOR('',#1117,3.);
#310=VECTOR('',#1120,3.);
#311=VECTOR('',#1123,3.);
#312=VECTOR('',#1126,3.);
#313=VECTOR('',#1129,3.);
#314=VECTOR('',#1132,3.);
#315=VECTOR('',#1137,2.37175);
#316=VECTOR('',#1142,2.37175);
#317=VECTOR('',#1145,2.37175);
#318=VECTOR('',#1148,2.37175);
#319=VECTOR('',#1151,2.37175);
#320=VECTOR('',#1154,2.37175);
#321=VECTOR('',#1157,2.37175);
#322=VECTOR('',#1160,2.37175);
#323=VECTOR('',#1165,2.37175);
#324=VECTOR('',#1170,2.37175);
#325=VECTOR('',#1173,2.37175);
#326=VECTOR('',#1176,2.37175);
#327=VECTOR('',#1179,2.37175);
#328=VECTOR('',#1182,2.37175);
#329=VECTOR('',#1185,2.37175);
#330=VECTOR('',#1188,2.37175);
#331=VECTOR('',#1207,1.05);
#332=VECTOR('',#1212,10.);
#333=VECTOR('',#1217,10.);
#334=VECTOR('',#1220,10.);
#335=VECTOR('',#1225,1.05);
#336=VECTOR('',#1230,10.);
#337=VECTOR('',#1233,10.);
#338=VECTOR('',#1236,10.);
#339=VECTOR('',#1239,10.);
#340=VECTOR('',#1242,10.);
#341=VECTOR('',#1243,10.);
#342=VECTOR('',#1244,10.);
#343=VECTOR('',#1245,10.);
#344=VECTOR('',#1246,10.);
#345=VECTOR('',#1249,10.);
#346=VECTOR('',#1250,10.);
#347=VECTOR('',#1251,10.);
#348=VECTOR('',#1254,10.);
#349=VECTOR('',#1255,10.);
#350=VECTOR('',#1256,10.);
#351=VECTOR('',#1259,10.);
#352=VECTOR('',#1260,10.);
#353=VERTEX_POINT('',#1267);
#354=VERTEX_POINT('',#1268);
#355=VERTEX_POINT('',#1270);
#356=VERTEX_POINT('',#1278);
#357=VERTEX_POINT('',#1291);
#358=VERTEX_POINT('',#1292);
#359=VERTEX_POINT('',#1339);
#360=VERTEX_POINT('',#1340);
#361=VERTEX_POINT('',#1387);
#362=VERTEX_POINT('',#1388);
#363=VERTEX_POINT('',#1441);
#364=VERTEX_POINT('',#1442);
#365=VERTEX_POINT('',#1489);
#366=VERTEX_POINT('',#1490);
#367=VERTEX_POINT('',#1537);
#368=VERTEX_POINT('',#1538);
#369=VERTEX_POINT('',#1591);
#370=VERTEX_POINT('',#1592);
#371=VERTEX_POINT('',#1594);
#372=VERTEX_POINT('',#1611);
#373=VERTEX_POINT('',#1633);
#374=VERTEX_POINT('',#1634);
#375=VERTEX_POINT('',#1636);
#376=VERTEX_POINT('',#1644);
#377=VERTEX_POINT('',#1657);
#378=VERTEX_POINT('',#1658);
#379=VERTEX_POINT('',#1705);
#380=VERTEX_POINT('',#1706);
#381=VERTEX_POINT('',#1753);
#382=VERTEX_POINT('',#1754);
#383=VERTEX_POINT('',#1807);
#384=VERTEX_POINT('',#1808);
#385=VERTEX_POINT('',#1855);
#386=VERTEX_POINT('',#1856);
#387=VERTEX_POINT('',#1903);
#388=VERTEX_POINT('',#1904);
#389=VERTEX_POINT('',#1957);
#390=VERTEX_POINT('',#1958);
#391=VERTEX_POINT('',#1960);
#392=VERTEX_POINT('',#1977);
#393=VERTEX_POINT('',#1999);
#394=VERTEX_POINT('',#2000);
#395=VERTEX_POINT('',#2002);
#396=VERTEX_POINT('',#2007);
#397=VERTEX_POINT('',#2016);
#398=VERTEX_POINT('',#2017);
#399=VERTEX_POINT('',#2041);
#400=VERTEX_POINT('',#2042);
#401=VERTEX_POINT('',#2066);
#402=VERTEX_POINT('',#2067);
#403=VERTEX_POINT('',#2091);
#404=VERTEX_POINT('',#2092);
#405=VERTEX_POINT('',#2115);
#406=VERTEX_POINT('',#2116);
#407=VERTEX_POINT('',#2140);
#408=VERTEX_POINT('',#2141);
#409=VERTEX_POINT('',#2165);
#410=VERTEX_POINT('',#2166);
#411=VERTEX_POINT('',#2168);
#412=VERTEX_POINT('',#2177);
#413=VERTEX_POINT('',#2189);
#414=VERTEX_POINT('',#2190);
#415=VERTEX_POINT('',#2192);
#416=VERTEX_POINT('',#2197);
#417=VERTEX_POINT('',#2206);
#418=VERTEX_POINT('',#2207);
#419=VERTEX_POINT('',#2231);
#420=VERTEX_POINT('',#2232);
#421=VERTEX_POINT('',#2256);
#422=VERTEX_POINT('',#2257);
#423=VERTEX_POINT('',#2281);
#424=VERTEX_POINT('',#2282);
#425=VERTEX_POINT('',#2305);
#426=VERTEX_POINT('',#2306);
#427=VERTEX_POINT('',#2330);
#428=VERTEX_POINT('',#2331);
#429=VERTEX_POINT('',#2355);
#430=VERTEX_POINT('',#2356);
#431=VERTEX_POINT('',#2358);
#432=VERTEX_POINT('',#2367);
#433=VERTEX_POINT('',#4137);
#434=VERTEX_POINT('',#4139);
#435=VERTEX_POINT('',#4143);
#436=VERTEX_POINT('',#4144);
#437=VERTEX_POINT('',#4148);
#438=VERTEX_POINT('',#4150);
#439=VERTEX_POINT('',#4154);
#440=VERTEX_POINT('',#4156);
#441=VERTEX_POINT('',#4160);
#442=VERTEX_POINT('',#4161);
#443=VERTEX_POINT('',#4163);
#444=VERTEX_POINT('',#4167);
#445=VERTEX_POINT('',#4169);
#446=VERTEX_POINT('',#4174);
#447=VERTEX_POINT('',#4176);
#448=VERTEX_POINT('',#4178);
#449=VERTEX_POINT('',#4182);
#450=VERTEX_POINT('',#4184);
#451=VERTEX_POINT('',#4188);
#452=VERTEX_POINT('',#4190);
#453=EDGE_CURVE('',#353,#354,#245,.T.);
#454=EDGE_CURVE('',#354,#355,#165,.T.);
#455=EDGE_CURVE('',#356,#355,#149,.F.);
#456=EDGE_CURVE('',#356,#353,#166,.T.);
#457=EDGE_CURVE('',#357,#358,#246,.T.);
#458=EDGE_CURVE('',#358,#354,#167,.T.);
#459=EDGE_CURVE('',#353,#357,#168,.T.);
#460=EDGE_CURVE('',#359,#360,#247,.T.);
#461=EDGE_CURVE('',#360,#358,#169,.T.);
#462=EDGE_CURVE('',#357,#359,#170,.T.);
#463=EDGE_CURVE('',#361,#362,#248,.T.);
#464=EDGE_CURVE('',#362,#360,#171,.T.);
#465=EDGE_CURVE('',#359,#361,#172,.T.);
#466=EDGE_CURVE('',#363,#364,#249,.T.);
#467=EDGE_CURVE('',#364,#362,#173,.T.);
#468=EDGE_CURVE('',#361,#363,#174,.T.);
#469=EDGE_CURVE('',#365,#366,#250,.T.);
#470=EDGE_CURVE('',#366,#364,#175,.T.);
#471=EDGE_CURVE('',#363,#365,#176,.T.);
#472=EDGE_CURVE('',#367,#368,#251,.T.);
#473=EDGE_CURVE('',#368,#366,#177,.T.);
#474=EDGE_CURVE('',#365,#367,#178,.T.);
#475=EDGE_CURVE('',#369,#370,#252,.T.);
#476=EDGE_CURVE('',#369,#371,#179,.T.);
#477=EDGE_CURVE('',#372,#371,#150,.T.);
#478=EDGE_CURVE('',#372,#370,#180,.T.);
#479=EDGE_CURVE('',#373,#374,#253,.T.);
#480=EDGE_CURVE('',#374,#375,#181,.T.);
#481=EDGE_CURVE('',#376,#375,#151,.F.);
#482=EDGE_CURVE('',#376,#373,#182,.T.);
#483=EDGE_CURVE('',#377,#378,#254,.T.);
#484=EDGE_CURVE('',#378,#374,#183,.T.);
#485=EDGE_CURVE('',#373,#377,#184,.T.);
#486=EDGE_CURVE('',#379,#380,#255,.T.);
#487=EDGE_CURVE('',#380,#378,#185,.T.);
#488=EDGE_CURVE('',#377,#379,#186,.T.);
#489=EDGE_CURVE('',#381,#382,#256,.T.);
#490=EDGE_CURVE('',#382,#380,#187,.T.);
#491=EDGE_CURVE('',#379,#381,#188,.T.);
#492=EDGE_CURVE('',#383,#384,#257,.T.);
#493=EDGE_CURVE('',#384,#382,#189,.T.);
#494=EDGE_CURVE('',#381,#383,#190,.T.);
#495=EDGE_CURVE('',#385,#386,#258,.T.);
#496=EDGE_CURVE('',#386,#384,#191,.T.);
#497=EDGE_CURVE('',#383,#385,#192,.T.);
#498=EDGE_CURVE('',#387,#388,#259,.T.);
#499=EDGE_CURVE('',#388,#386,#193,.T.);
#500=EDGE_CURVE('',#385,#387,#194,.T.);
#501=EDGE_CURVE('',#389,#390,#260,.T.);
#502=EDGE_CURVE('',#389,#391,#195,.T.);
#503=EDGE_CURVE('',#392,#391,#152,.T.);
#504=EDGE_CURVE('',#392,#390,#196,.T.);
#505=EDGE_CURVE('',#393,#394,#261,.T.);
#506=EDGE_CURVE('',#394,#395,#197,.T.);
#507=EDGE_CURVE('',#396,#395,#153,.T.);
#508=EDGE_CURVE('',#393,#396,#198,.T.);
#509=EDGE_CURVE('',#397,#398,#262,.T.);
#510=EDGE_CURVE('',#398,#394,#199,.T.);
#511=EDGE_CURVE('',#397,#393,#200,.T.);
#512=EDGE_CURVE('',#399,#400,#263,.T.);
#513=EDGE_CURVE('',#400,#398,#201,.T.);
#514=EDGE_CURVE('',#399,#397,#202,.T.);
#515=EDGE_CURVE('',#401,#402,#264,.T.);
#516=EDGE_CURVE('',#402,#400,#203,.T.);
#517=EDGE_CURVE('',#401,#399,#204,.T.);
#518=EDGE_CURVE('',#403,#404,#265,.T.);
#519=EDGE_CURVE('',#404,#402,#205,.T.);
#520=EDGE_CURVE('',#403,#401,#206,.T.);
#521=EDGE_CURVE('',#405,#406,#266,.T.);
#522=EDGE_CURVE('',#406,#404,#207,.T.);
#523=EDGE_CURVE('',#405,#403,#208,.T.);
#524=EDGE_CURVE('',#407,#408,#267,.T.);
#525=EDGE_CURVE('',#408,#406,#209,.T.);
#526=EDGE_CURVE('',#407,#405,#210,.T.);
#527=EDGE_CURVE('',#409,#410,#268,.T.);
#528=EDGE_CURVE('',#411,#409,#211,.T.);
#529=EDGE_CURVE('',#412,#411,#154,.T.);
#530=EDGE_CURVE('',#412,#410,#212,.T.);
#531=EDGE_CURVE('',#413,#414,#269,.T.);
#532=EDGE_CURVE('',#414,#415,#213,.T.);
#533=EDGE_CURVE('',#416,#415,#155,.T.);
#534=EDGE_CURVE('',#413,#416,#214,.T.);
#535=EDGE_CURVE('',#417,#418,#270,.T.);
#536=EDGE_CURVE('',#418,#414,#215,.T.);
#537=EDGE_CURVE('',#417,#413,#216,.T.);
#538=EDGE_CURVE('',#419,#420,#271,.T.);
#539=EDGE_CURVE('',#420,#418,#217,.T.);
#540=EDGE_CURVE('',#419,#417,#218,.T.);
#541=EDGE_CURVE('',#421,#422,#272,.T.);
#542=EDGE_CURVE('',#422,#420,#219,.T.);
#543=EDGE_CURVE('',#421,#419,#220,.T.);
#544=EDGE_CURVE('',#423,#424,#273,.T.);
#545=EDGE_CURVE('',#424,#422,#221,.T.);
#546=EDGE_CURVE('',#423,#421,#222,.T.);
#547=EDGE_CURVE('',#425,#426,#274,.T.);
#548=EDGE_CURVE('',#426,#424,#223,.T.);
#549=EDGE_CURVE('',#425,#423,#224,.T.);
#550=EDGE_CURVE('',#427,#428,#275,.T.);
#551=EDGE_CURVE('',#428,#426,#225,.T.);
#552=EDGE_CURVE('',#427,#425,#226,.T.);
#553=EDGE_CURVE('',#429,#430,#276,.T.);
#554=EDGE_CURVE('',#431,#429,#227,.T.);
#555=EDGE_CURVE('',#432,#431,#156,.T.);
#556=EDGE_CURVE('',#432,#430,#228,.T.);
#557=EDGE_CURVE('',#430,#428,#229,.T.);
#558=EDGE_CURVE('',#429,#427,#230,.T.);
#559=EDGE_CURVE('',#415,#372,#231,.T.);
#560=EDGE_CURVE('',#355,#432,#232,.T.);
#561=EDGE_CURVE('',#370,#368,#233,.T.);
#562=EDGE_CURVE('',#371,#416,#234,.T.);
#563=EDGE_CURVE('',#367,#369,#235,.T.);
#564=EDGE_CURVE('',#431,#356,#236,.T.);
#565=EDGE_CURVE('',#410,#408,#237,.T.);
#566=EDGE_CURVE('',#409,#407,#238,.T.);
#567=EDGE_CURVE('',#395,#392,#239,.T.);
#568=EDGE_CURVE('',#375,#412,#240,.T.);
#569=EDGE_CURVE('',#390,#388,#241,.T.);
#570=EDGE_CURVE('',#391,#396,#242,.T.);
#571=EDGE_CURVE('',#387,#389,#243,.T.);
#572=EDGE_CURVE('',#411,#376,#244,.T.);
#573=EDGE_CURVE('',#433,#433,#157,.T.);
#574=EDGE_CURVE('',#433,#434,#277,.T.);
#575=EDGE_CURVE('',#434,#434,#158,.T.);
#576=EDGE_CURVE('',#435,#436,#278,.T.);
#577=EDGE_CURVE('',#436,#435,#159,.T.);
#578=EDGE_CURVE('',#437,#435,#279,.T.);
#579=EDGE_CURVE('',#438,#437,#160,.T.);
#580=EDGE_CURVE('',#438,#436,#280,.T.);
#581=EDGE_CURVE('',#439,#439,#161,.T.);
#582=EDGE_CURVE('',#439,#440,#281,.T.);
#583=EDGE_CURVE('',#440,#440,#162,.T.);
#584=EDGE_CURVE('',#441,#442,#282,.T.);
#585=EDGE_CURVE('',#443,#441,#163,.T.);
#586=EDGE_CURVE('',#442,#443,#283,.T.);
#587=EDGE_CURVE('',#444,#441,#284,.T.);
#588=EDGE_CURVE('',#445,#444,#164,.T.);
#589=EDGE_CURVE('',#445,#443,#285,.T.);
#590=EDGE_CURVE('',#438,#444,#286,.T.);
#591=EDGE_CURVE('',#442,#446,#287,.T.);
#592=EDGE_CURVE('',#447,#446,#288,.T.);
#593=EDGE_CURVE('',#448,#447,#289,.T.);
#594=EDGE_CURVE('',#448,#437,#290,.T.);
#595=EDGE_CURVE('',#449,#448,#291,.T.);
#596=EDGE_CURVE('',#450,#447,#292,.T.);
#597=EDGE_CURVE('',#449,#450,#293,.T.);
#598=EDGE_CURVE('',#451,#449,#294,.T.);
#599=EDGE_CURVE('',#452,#450,#295,.T.);
#600=EDGE_CURVE('',#451,#452,#296,.T.);
#601=EDGE_CURVE('',#445,#451,#297,.T.);
#602=EDGE_CURVE('',#446,#452,#298,.T.);
#603=ORIENTED_EDGE('',*,*,#453,.T.);
#604=ORIENTED_EDGE('',*,*,#454,.T.);
#605=ORIENTED_EDGE('',*,*,#455,.F.);
#606=ORIENTED_EDGE('',*,*,#456,.T.);
#607=ORIENTED_EDGE('',*,*,#457,.T.);
#608=ORIENTED_EDGE('',*,*,#458,.T.);
#609=ORIENTED_EDGE('',*,*,#453,.F.);
#610=ORIENTED_EDGE('',*,*,#459,.T.);
#611=ORIENTED_EDGE('',*,*,#460,.T.);
#612=ORIENTED_EDGE('',*,*,#461,.T.);
#613=ORIENTED_EDGE('',*,*,#457,.F.);
#614=ORIENTED_EDGE('',*,*,#462,.T.);
#615=ORIENTED_EDGE('',*,*,#463,.T.);
#616=ORIENTED_EDGE('',*,*,#464,.T.);
#617=ORIENTED_EDGE('',*,*,#460,.F.);
#618=ORIENTED_EDGE('',*,*,#465,.T.);
#619=ORIENTED_EDGE('',*,*,#466,.T.);
#620=ORIENTED_EDGE('',*,*,#467,.T.);
#621=ORIENTED_EDGE('',*,*,#463,.F.);
#622=ORIENTED_EDGE('',*,*,#468,.T.);
#623=ORIENTED_EDGE('',*,*,#469,.T.);
#624=ORIENTED_EDGE('',*,*,#470,.T.);
#625=ORIENTED_EDGE('',*,*,#466,.F.);
#626=ORIENTED_EDGE('',*,*,#471,.T.);
#627=ORIENTED_EDGE('',*,*,#472,.T.);
#628=ORIENTED_EDGE('',*,*,#473,.T.);
#629=ORIENTED_EDGE('',*,*,#469,.F.);
#630=ORIENTED_EDGE('',*,*,#474,.T.);
#631=ORIENTED_EDGE('',*,*,#475,.F.);
#632=ORIENTED_EDGE('',*,*,#476,.T.);
#633=ORIENTED_EDGE('',*,*,#477,.F.);
#634=ORIENTED_EDGE('',*,*,#478,.T.);
#635=ORIENTED_EDGE('',*,*,#479,.T.);
#636=ORIENTED_EDGE('',*,*,#480,.T.);
#637=ORIENTED_EDGE('',*,*,#481,.F.);
#638=ORIENTED_EDGE('',*,*,#482,.T.);
#639=ORIENTED_EDGE('',*,*,#483,.T.);
#640=ORIENTED_EDGE('',*,*,#484,.T.);
#641=ORIENTED_EDGE('',*,*,#479,.F.);
#642=ORIENTED_EDGE('',*,*,#485,.T.);
#643=ORIENTED_EDGE('',*,*,#486,.T.);
#644=ORIENTED_EDGE('',*,*,#487,.T.);
#645=ORIENTED_EDGE('',*,*,#483,.F.);
#646=ORIENTED_EDGE('',*,*,#488,.T.);
#647=ORIENTED_EDGE('',*,*,#489,.T.);
#648=ORIENTED_EDGE('',*,*,#490,.T.);
#649=ORIENTED_EDGE('',*,*,#486,.F.);
#650=ORIENTED_EDGE('',*,*,#491,.T.);
#651=ORIENTED_EDGE('',*,*,#492,.T.);
#652=ORIENTED_EDGE('',*,*,#493,.T.);
#653=ORIENTED_EDGE('',*,*,#489,.F.);
#654=ORIENTED_EDGE('',*,*,#494,.T.);
#655=ORIENTED_EDGE('',*,*,#495,.T.);
#656=ORIENTED_EDGE('',*,*,#496,.T.);
#657=ORIENTED_EDGE('',*,*,#492,.F.);
#658=ORIENTED_EDGE('',*,*,#497,.T.);
#659=ORIENTED_EDGE('',*,*,#498,.T.);
#660=ORIENTED_EDGE('',*,*,#499,.T.);
#661=ORIENTED_EDGE('',*,*,#495,.F.);
#662=ORIENTED_EDGE('',*,*,#500,.T.);
#663=ORIENTED_EDGE('',*,*,#501,.F.);
#664=ORIENTED_EDGE('',*,*,#502,.T.);
#665=ORIENTED_EDGE('',*,*,#503,.F.);
#666=ORIENTED_EDGE('',*,*,#504,.T.);
#667=ORIENTED_EDGE('',*,*,#505,.T.);
#668=ORIENTED_EDGE('',*,*,#506,.T.);
#669=ORIENTED_EDGE('',*,*,#507,.F.);
#670=ORIENTED_EDGE('',*,*,#508,.F.);
#671=ORIENTED_EDGE('',*,*,#509,.T.);
#672=ORIENTED_EDGE('',*,*,#510,.T.);
#673=ORIENTED_EDGE('',*,*,#505,.F.);
#674=ORIENTED_EDGE('',*,*,#511,.F.);
#675=ORIENTED_EDGE('',*,*,#512,.T.);
#676=ORIENTED_EDGE('',*,*,#513,.T.);
#677=ORIENTED_EDGE('',*,*,#509,.F.);
#678=ORIENTED_EDGE('',*,*,#514,.F.);
#679=ORIENTED_EDGE('',*,*,#515,.T.);
#680=ORIENTED_EDGE('',*,*,#516,.T.);
#681=ORIENTED_EDGE('',*,*,#512,.F.);
#682=ORIENTED_EDGE('',*,*,#517,.F.);
#683=ORIENTED_EDGE('',*,*,#518,.T.);
#684=ORIENTED_EDGE('',*,*,#519,.T.);
#685=ORIENTED_EDGE('',*,*,#515,.F.);
#686=ORIENTED_EDGE('',*,*,#520,.F.);
#687=ORIENTED_EDGE('',*,*,#521,.T.);
#688=ORIENTED_EDGE('',*,*,#522,.T.);
#689=ORIENTED_EDGE('',*,*,#518,.F.);
#690=ORIENTED_EDGE('',*,*,#523,.F.);
#691=ORIENTED_EDGE('',*,*,#524,.T.);
#692=ORIENTED_EDGE('',*,*,#525,.T.);
#693=ORIENTED_EDGE('',*,*,#521,.F.);
#694=ORIENTED_EDGE('',*,*,#526,.F.);
#695=ORIENTED_EDGE('',*,*,#527,.F.);
#696=ORIENTED_EDGE('',*,*,#528,.F.);
#697=ORIENTED_EDGE('',*,*,#529,.F.);
#698=ORIENTED_EDGE('',*,*,#530,.T.);
#699=ORIENTED_EDGE('',*,*,#531,.T.);
#700=ORIENTED_EDGE('',*,*,#532,.T.);
#701=ORIENTED_EDGE('',*,*,#533,.F.);
#702=ORIENTED_EDGE('',*,*,#534,.F.);
#703=ORIENTED_EDGE('',*,*,#535,.T.);
#704=ORIENTED_EDGE('',*,*,#536,.T.);
#705=ORIENTED_EDGE('',*,*,#531,.F.);
#706=ORIENTED_EDGE('',*,*,#537,.F.);
#707=ORIENTED_EDGE('',*,*,#538,.T.);
#708=ORIENTED_EDGE('',*,*,#539,.T.);
#709=ORIENTED_EDGE('',*,*,#535,.F.);
#710=ORIENTED_EDGE('',*,*,#540,.F.);
#711=ORIENTED_EDGE('',*,*,#541,.T.);
#712=ORIENTED_EDGE('',*,*,#542,.T.);
#713=ORIENTED_EDGE('',*,*,#538,.F.);
#714=ORIENTED_EDGE('',*,*,#543,.F.);
#715=ORIENTED_EDGE('',*,*,#544,.T.);
#716=ORIENTED_EDGE('',*,*,#545,.T.);
#717=ORIENTED_EDGE('',*,*,#541,.F.);
#718=ORIENTED_EDGE('',*,*,#546,.F.);
#719=ORIENTED_EDGE('',*,*,#547,.T.);
#720=ORIENTED_EDGE('',*,*,#548,.T.);
#721=ORIENTED_EDGE('',*,*,#544,.F.);
#722=ORIENTED_EDGE('',*,*,#549,.F.);
#723=ORIENTED_EDGE('',*,*,#550,.T.);
#724=ORIENTED_EDGE('',*,*,#551,.T.);
#725=ORIENTED_EDGE('',*,*,#547,.F.);
#726=ORIENTED_EDGE('',*,*,#552,.F.);
#727=ORIENTED_EDGE('',*,*,#553,.F.);
#728=ORIENTED_EDGE('',*,*,#554,.F.);
#729=ORIENTED_EDGE('',*,*,#555,.F.);
#730=ORIENTED_EDGE('',*,*,#556,.T.);
#731=ORIENTED_EDGE('',*,*,#553,.T.);
#732=ORIENTED_EDGE('',*,*,#557,.T.);
#733=ORIENTED_EDGE('',*,*,#550,.F.);
#734=ORIENTED_EDGE('',*,*,#558,.F.);
#735=ORIENTED_EDGE('',*,*,#559,.F.);
#736=ORIENTED_EDGE('',*,*,#532,.F.);
#737=ORIENTED_EDGE('',*,*,#536,.F.);
#738=ORIENTED_EDGE('',*,*,#539,.F.);
#739=ORIENTED_EDGE('',*,*,#542,.F.);
#740=ORIENTED_EDGE('',*,*,#545,.F.);
#741=ORIENTED_EDGE('',*,*,#548,.F.);
#742=ORIENTED_EDGE('',*,*,#551,.F.);
#743=ORIENTED_EDGE('',*,*,#557,.F.);
#744=ORIENTED_EDGE('',*,*,#556,.F.);
#745=ORIENTED_EDGE('',*,*,#560,.F.);
#746=ORIENTED_EDGE('',*,*,#454,.F.);
#747=ORIENTED_EDGE('',*,*,#458,.F.);
#748=ORIENTED_EDGE('',*,*,#461,.F.);
#749=ORIENTED_EDGE('',*,*,#464,.F.);
#750=ORIENTED_EDGE('',*,*,#467,.F.);
#751=ORIENTED_EDGE('',*,*,#470,.F.);
#752=ORIENTED_EDGE('',*,*,#473,.F.);
#753=ORIENTED_EDGE('',*,*,#561,.F.);
#754=ORIENTED_EDGE('',*,*,#478,.F.);
#755=ORIENTED_EDGE('',*,*,#562,.F.);
#756=ORIENTED_EDGE('',*,*,#476,.F.);
#757=ORIENTED_EDGE('',*,*,#563,.F.);
#758=ORIENTED_EDGE('',*,*,#474,.F.);
#759=ORIENTED_EDGE('',*,*,#471,.F.);
#760=ORIENTED_EDGE('',*,*,#468,.F.);
#761=ORIENTED_EDGE('',*,*,#465,.F.);
#762=ORIENTED_EDGE('',*,*,#462,.F.);
#763=ORIENTED_EDGE('',*,*,#459,.F.);
#764=ORIENTED_EDGE('',*,*,#456,.F.);
#765=ORIENTED_EDGE('',*,*,#564,.F.);
#766=ORIENTED_EDGE('',*,*,#554,.T.);
#767=ORIENTED_EDGE('',*,*,#558,.T.);
#768=ORIENTED_EDGE('',*,*,#552,.T.);
#769=ORIENTED_EDGE('',*,*,#549,.T.);
#770=ORIENTED_EDGE('',*,*,#546,.T.);
#771=ORIENTED_EDGE('',*,*,#543,.T.);
#772=ORIENTED_EDGE('',*,*,#540,.T.);
#773=ORIENTED_EDGE('',*,*,#537,.T.);
#774=ORIENTED_EDGE('',*,*,#534,.T.);
#775=ORIENTED_EDGE('',*,*,#527,.T.);
#776=ORIENTED_EDGE('',*,*,#565,.T.);
#777=ORIENTED_EDGE('',*,*,#524,.F.);
#778=ORIENTED_EDGE('',*,*,#566,.F.);
#779=ORIENTED_EDGE('',*,*,#567,.F.);
#780=ORIENTED_EDGE('',*,*,#506,.F.);
#781=ORIENTED_EDGE('',*,*,#510,.F.);
#782=ORIENTED_EDGE('',*,*,#513,.F.);
#783=ORIENTED_EDGE('',*,*,#516,.F.);
#784=ORIENTED_EDGE('',*,*,#519,.F.);
#785=ORIENTED_EDGE('',*,*,#522,.F.);
#786=ORIENTED_EDGE('',*,*,#525,.F.);
#787=ORIENTED_EDGE('',*,*,#565,.F.);
#788=ORIENTED_EDGE('',*,*,#530,.F.);
#789=ORIENTED_EDGE('',*,*,#568,.F.);
#790=ORIENTED_EDGE('',*,*,#480,.F.);
#791=ORIENTED_EDGE('',*,*,#484,.F.);
#792=ORIENTED_EDGE('',*,*,#487,.F.);
#793=ORIENTED_EDGE('',*,*,#490,.F.);
#794=ORIENTED_EDGE('',*,*,#493,.F.);
#795=ORIENTED_EDGE('',*,*,#496,.F.);
#796=ORIENTED_EDGE('',*,*,#499,.F.);
#797=ORIENTED_EDGE('',*,*,#569,.F.);
#798=ORIENTED_EDGE('',*,*,#504,.F.);
#799=ORIENTED_EDGE('',*,*,#570,.F.);
#800=ORIENTED_EDGE('',*,*,#502,.F.);
#801=ORIENTED_EDGE('',*,*,#571,.F.);
#802=ORIENTED_EDGE('',*,*,#500,.F.);
#803=ORIENTED_EDGE('',*,*,#497,.F.);
#804=ORIENTED_EDGE('',*,*,#494,.F.);
#805=ORIENTED_EDGE('',*,*,#491,.F.);
#806=ORIENTED_EDGE('',*,*,#488,.F.);
#807=ORIENTED_EDGE('',*,*,#485,.F.);
#808=ORIENTED_EDGE('',*,*,#482,.F.);
#809=ORIENTED_EDGE('',*,*,#572,.F.);
#810=ORIENTED_EDGE('',*,*,#528,.T.);
#811=ORIENTED_EDGE('',*,*,#566,.T.);
#812=ORIENTED_EDGE('',*,*,#526,.T.);
#813=ORIENTED_EDGE('',*,*,#523,.T.);
#814=ORIENTED_EDGE('',*,*,#520,.T.);
#815=ORIENTED_EDGE('',*,*,#517,.T.);
#816=ORIENTED_EDGE('',*,*,#514,.T.);
#817=ORIENTED_EDGE('',*,*,#511,.T.);
#818=ORIENTED_EDGE('',*,*,#508,.T.);
#819=ORIENTED_EDGE('',*,*,#501,.T.);
#820=ORIENTED_EDGE('',*,*,#569,.T.);
#821=ORIENTED_EDGE('',*,*,#498,.F.);
#822=ORIENTED_EDGE('',*,*,#571,.T.);
#823=ORIENTED_EDGE('',*,*,#567,.T.);
#824=ORIENTED_EDGE('',*,*,#503,.T.);
#825=ORIENTED_EDGE('',*,*,#570,.T.);
#826=ORIENTED_EDGE('',*,*,#507,.T.);
#827=ORIENTED_EDGE('',*,*,#475,.T.);
#828=ORIENTED_EDGE('',*,*,#561,.T.);
#829=ORIENTED_EDGE('',*,*,#472,.F.);
#830=ORIENTED_EDGE('',*,*,#563,.T.);
#831=ORIENTED_EDGE('',*,*,#559,.T.);
#832=ORIENTED_EDGE('',*,*,#477,.T.);
#833=ORIENTED_EDGE('',*,*,#562,.T.);
#834=ORIENTED_EDGE('',*,*,#533,.T.);
#835=ORIENTED_EDGE('',*,*,#573,.F.);
#836=ORIENTED_EDGE('',*,*,#574,.T.);
#837=ORIENTED_EDGE('',*,*,#575,.T.);
#838=ORIENTED_EDGE('',*,*,#574,.F.);
#839=ORIENTED_EDGE('',*,*,#576,.F.);
#840=ORIENTED_EDGE('',*,*,#577,.F.);
#841=ORIENTED_EDGE('',*,*,#575,.F.);
#842=ORIENTED_EDGE('',*,*,#577,.T.);
#843=ORIENTED_EDGE('',*,*,#578,.F.);
#844=ORIENTED_EDGE('',*,*,#579,.F.);
#845=ORIENTED_EDGE('',*,*,#580,.T.);
#846=ORIENTED_EDGE('',*,*,#581,.F.);
#847=ORIENTED_EDGE('',*,*,#582,.T.);
#848=ORIENTED_EDGE('',*,*,#583,.T.);
#849=ORIENTED_EDGE('',*,*,#582,.F.);
#850=ORIENTED_EDGE('',*,*,#584,.F.);
#851=ORIENTED_EDGE('',*,*,#585,.F.);
#852=ORIENTED_EDGE('',*,*,#586,.F.);
#853=ORIENTED_EDGE('',*,*,#583,.F.);
#854=ORIENTED_EDGE('',*,*,#585,.T.);
#855=ORIENTED_EDGE('',*,*,#587,.F.);
#856=ORIENTED_EDGE('',*,*,#588,.F.);
#857=ORIENTED_EDGE('',*,*,#589,.T.);
#858=ORIENTED_EDGE('',*,*,#590,.T.);
#859=ORIENTED_EDGE('',*,*,#587,.T.);
#860=ORIENTED_EDGE('',*,*,#584,.T.);
#861=ORIENTED_EDGE('',*,*,#591,.T.);
#862=ORIENTED_EDGE('',*,*,#592,.F.);
#863=ORIENTED_EDGE('',*,*,#593,.F.);
#864=ORIENTED_EDGE('',*,*,#594,.T.);
#865=ORIENTED_EDGE('',*,*,#578,.T.);
#866=ORIENTED_EDGE('',*,*,#576,.T.);
#867=ORIENTED_EDGE('',*,*,#580,.F.);
#868=ORIENTED_EDGE('',*,*,#595,.T.);
#869=ORIENTED_EDGE('',*,*,#593,.T.);
#870=ORIENTED_EDGE('',*,*,#596,.F.);
#871=ORIENTED_EDGE('',*,*,#597,.F.);
#872=ORIENTED_EDGE('',*,*,#598,.T.);
#873=ORIENTED_EDGE('',*,*,#597,.T.);
#874=ORIENTED_EDGE('',*,*,#599,.F.);
#875=ORIENTED_EDGE('',*,*,#600,.F.);
#876=ORIENTED_EDGE('',*,*,#601,.T.);
#877=ORIENTED_EDGE('',*,*,#600,.T.);
#878=ORIENTED_EDGE('',*,*,#602,.F.);
#879=ORIENTED_EDGE('',*,*,#591,.F.);
#880=ORIENTED_EDGE('',*,*,#586,.T.);
#881=ORIENTED_EDGE('',*,*,#589,.F.);
#882=ORIENTED_EDGE('',*,*,#602,.T.);
#883=ORIENTED_EDGE('',*,*,#599,.T.);
#884=ORIENTED_EDGE('',*,*,#596,.T.);
#885=ORIENTED_EDGE('',*,*,#592,.T.);
#886=ORIENTED_EDGE('',*,*,#573,.T.);
#887=ORIENTED_EDGE('',*,*,#581,.T.);
#888=ORIENTED_EDGE('',*,*,#601,.F.);
#889=ORIENTED_EDGE('',*,*,#588,.T.);
#890=ORIENTED_EDGE('',*,*,#590,.F.);
#891=ORIENTED_EDGE('',*,*,#579,.T.);
#892=ORIENTED_EDGE('',*,*,#594,.F.);
#893=ORIENTED_EDGE('',*,*,#595,.F.);
#894=ORIENTED_EDGE('',*,*,#598,.F.);
#895=ORIENTED_EDGE('',*,*,#481,.T.);
#896=ORIENTED_EDGE('',*,*,#568,.T.);
#897=ORIENTED_EDGE('',*,*,#529,.T.);
#898=ORIENTED_EDGE('',*,*,#572,.T.);
#899=ORIENTED_EDGE('',*,*,#455,.T.);
#900=ORIENTED_EDGE('',*,*,#560,.T.);
#901=ORIENTED_EDGE('',*,*,#555,.T.);
#902=ORIENTED_EDGE('',*,*,#564,.T.);
#903=CYLINDRICAL_SURFACE('',#1011,2.942);
#904=CYLINDRICAL_SURFACE('',#1013,2.942);
#905=CYLINDRICAL_SURFACE('',#1014,2.942);
#906=CYLINDRICAL_SURFACE('',#1015,2.942);
#907=CYLINDRICAL_SURFACE('',#1016,2.942);
#908=CYLINDRICAL_SURFACE('',#1017,2.942);
#909=CYLINDRICAL_SURFACE('',#1018,2.942);
#910=CYLINDRICAL_SURFACE('',#1019,2.942);
#911=CYLINDRICAL_SURFACE('',#1021,2.942);
#912=CYLINDRICAL_SURFACE('',#1023,2.942);
#913=CYLINDRICAL_SURFACE('',#1024,2.942);
#914=CYLINDRICAL_SURFACE('',#1025,2.942);
#915=CYLINDRICAL_SURFACE('',#1026,2.942);
#916=CYLINDRICAL_SURFACE('',#1027,2.942);
#917=CYLINDRICAL_SURFACE('',#1028,2.942);
#918=CYLINDRICAL_SURFACE('',#1029,2.942);
#919=CYLINDRICAL_SURFACE('',#1031,2.37175);
#920=CYLINDRICAL_SURFACE('',#1033,2.37175);
#921=CYLINDRICAL_SURFACE('',#1034,2.37175);
#922=CYLINDRICAL_SURFACE('',#1035,2.37175);
#923=CYLINDRICAL_SURFACE('',#1036,2.37175);
#924=CYLINDRICAL_SURFACE('',#1037,2.37175);
#925=CYLINDRICAL_SURFACE('',#1038,2.37175);
#926=CYLINDRICAL_SURFACE('',#1039,2.37175);
#927=CYLINDRICAL_SURFACE('',#1041,2.37175);
#928=CYLINDRICAL_SURFACE('',#1043,2.37175);
#929=CYLINDRICAL_SURFACE('',#1044,2.37175);
#930=CYLINDRICAL_SURFACE('',#1045,2.37175);
#931=CYLINDRICAL_SURFACE('',#1046,2.37175);
#932=CYLINDRICAL_SURFACE('',#1047,2.37175);
#933=CYLINDRICAL_SURFACE('',#1048,2.37175);
#934=CYLINDRICAL_SURFACE('',#1049,2.37175);
#935=CYLINDRICAL_SURFACE('',#1051,2.37175);
#936=CYLINDRICAL_SURFACE('',#1052,2.37175);
#937=CYLINDRICAL_SURFACE('',#1053,2.942);
#938=CYLINDRICAL_SURFACE('',#1055,2.942);
#939=CYLINDRICAL_SURFACE('',#1057,1.05);
#940=CYLINDRICAL_SURFACE('',#1062,4.25);
#941=CYLINDRICAL_SURFACE('',#1064,1.05);
#942=CYLINDRICAL_SURFACE('',#1069,4.25);
#943=ADVANCED_FACE('',(#35),#903,.T.);
#944=ADVANCED_FACE('',(#36),#904,.T.);
#945=ADVANCED_FACE('',(#37),#905,.T.);
#946=ADVANCED_FACE('',(#38),#906,.T.);
#947=ADVANCED_FACE('',(#39),#907,.T.);
#948=ADVANCED_FACE('',(#40),#908,.T.);
#949=ADVANCED_FACE('',(#41),#909,.T.);
#950=ADVANCED_FACE('',(#42),#910,.T.);
#951=ADVANCED_FACE('',(#43),#911,.T.);
#952=ADVANCED_FACE('',(#44),#912,.T.);
#953=ADVANCED_FACE('',(#45),#913,.T.);
#954=ADVANCED_FACE('',(#46),#914,.T.);
#955=ADVANCED_FACE('',(#47),#915,.T.);
#956=ADVANCED_FACE('',(#48),#916,.T.);
#957=ADVANCED_FACE('',(#49),#917,.T.);
#958=ADVANCED_FACE('',(#50),#918,.T.);
#959=ADVANCED_FACE('',(#51),#919,.T.);
#960=ADVANCED_FACE('',(#52),#920,.T.);
#961=ADVANCED_FACE('',(#53),#921,.T.);
#962=ADVANCED_FACE('',(#54),#922,.T.);
#963=ADVANCED_FACE('',(#55),#923,.T.);
#964=ADVANCED_FACE('',(#56),#924,.T.);
#965=ADVANCED_FACE('',(#57),#925,.T.);
#966=ADVANCED_FACE('',(#58),#926,.T.);
#967=ADVANCED_FACE('',(#59),#927,.T.);
#968=ADVANCED_FACE('',(#60),#928,.T.);
#969=ADVANCED_FACE('',(#61),#929,.T.);
#970=ADVANCED_FACE('',(#62),#930,.T.);
#971=ADVANCED_FACE('',(#63),#931,.T.);
#972=ADVANCED_FACE('',(#64),#932,.T.);
#973=ADVANCED_FACE('',(#65),#933,.T.);
#974=ADVANCED_FACE('',(#66),#934,.T.);
#975=ADVANCED_FACE('',(#67),#935,.T.);
#976=ADVANCED_FACE('',(#68),#31,.F.);
#977=ADVANCED_FACE('',(#69),#32,.F.);
#978=ADVANCED_FACE('',(#70),#936,.T.);
#979=ADVANCED_FACE('',(#71),#33,.F.);
#980=ADVANCED_FACE('',(#72),#34,.F.);
#981=ADVANCED_FACE('',(#73),#937,.T.);
#982=ADVANCED_FACE('',(#74),#21,.F.);
#983=ADVANCED_FACE('',(#75),#938,.T.);
#984=ADVANCED_FACE('',(#76),#22,.F.);
#985=ADVANCED_FACE('',(#77),#939,.F.);
#986=ADVANCED_FACE('',(#78,#15),#23,.F.);
#987=ADVANCED_FACE('',(#79),#940,.F.);
#988=ADVANCED_FACE('',(#80),#941,.F.);
#989=ADVANCED_FACE('',(#81,#16),#24,.F.);
#990=ADVANCED_FACE('',(#82),#942,.F.);
#991=ADVANCED_FACE('',(#83),#25,.T.);
#992=ADVANCED_FACE('',(#84),#26,.T.);
#993=ADVANCED_FACE('',(#85),#27,.T.);
#994=ADVANCED_FACE('',(#86),#28,.T.);
#995=ADVANCED_FACE('',(#87,#17,#18),#29,.T.);
#996=ADVANCED_FACE('',(#88,#19,#20),#30,.F.);
#997=CLOSED_SHELL('',(#943,#944,#945,#946,#947,#948,#949,#950,#951,#952,
#953,#954,#955,#956,#957,#958,#959,#960,#961,#962,#963,#964,#965,#966,#967,
#968,#969,#970,#971,#972,#973,#974,#975,#976,#977,#978,#979,#980,#981,#982,
#983,#984,#985,#986,#987,#988,#989,#990,#991,#992,#993,#994,#995,#996));
#998=DERIVED_UNIT_ELEMENT(#1000,1.);
#999=DERIVED_UNIT_ELEMENT(#4203,-3.);
#1000=(
MASS_UNIT()
NAMED_UNIT(*)
SI_UNIT(.KILO.,.GRAM.)
);
#1001=DERIVED_UNIT((#998,#999));
#1002=MEASURE_REPRESENTATION_ITEM('density measure',
POSITIVE_RATIO_MEASURE(7850.),#1001);
#1003=PROPERTY_DEFINITION_REPRESENTATION(#1008,#1005);
#1004=PROPERTY_DEFINITION_REPRESENTATION(#1009,#1006);
#1005=REPRESENTATION('material name',(#1007),#4200);
#1006=REPRESENTATION('density',(#1002),#4200);
#1007=DESCRIPTIVE_REPRESENTATION_ITEM('Steel','Steel');
#1008=PROPERTY_DEFINITION('material property','material name',#4210);
#1009=PROPERTY_DEFINITION('material property','density of part',#4210);
#1010=AXIS2_PLACEMENT_3D('',#1265,#1077,#1078);
#1011=AXIS2_PLACEMENT_3D('',#1266,#1079,#1080);
#1012=AXIS2_PLACEMENT_3D('',#1279,#1082,#1083);
#1013=AXIS2_PLACEMENT_3D('',#1290,#1084,#1085);
#1014=AXIS2_PLACEMENT_3D('',#1338,#1087,#1088);
#1015=AXIS2_PLACEMENT_3D('',#1386,#1090,#1091);
#1016=AXIS2_PLACEMENT_3D('',#1440,#1093,#1094);
#1017=AXIS2_PLACEMENT_3D('',#1488,#1096,#1097);
#1018=AXIS2_PLACEMENT_3D('',#1536,#1099,#1100);
#1019=AXIS2_PLACEMENT_3D('',#1590,#1102,#1103);
#1020=AXIS2_PLACEMENT_3D('',#1612,#1105,#1106);
#1021=AXIS2_PLACEMENT_3D('',#1632,#1107,#1108);
#1022=AXIS2_PLACEMENT_3D('',#1645,#1110,#1111);
#1023=AXIS2_PLACEMENT_3D('',#1656,#1112,#1113);
#1024=AXIS2_PLACEMENT_3D('',#1704,#1115,#1116);
#1025=AXIS2_PLACEMENT_3D('',#1752,#1118,#1119);
#1026=AXIS2_PLACEMENT_3D('',#1806,#1121,#1122);
#1027=AXIS2_PLACEMENT_3D('',#1854,#1124,#1125);
#1028=AXIS2_PLACEMENT_3D('',#1902,#1127,#1128);
#1029=AXIS2_PLACEMENT_3D('',#1956,#1130,#1131);
#1030=AXIS2_PLACEMENT_3D('',#1978,#1133,#1134);
#1031=AXIS2_PLACEMENT_3D('',#1998,#1135,#1136);
#1032=AXIS2_PLACEMENT_3D('',#2008,#1138,#1139);
#1033=AXIS2_PLACEMENT_3D('',#2015,#1140,#1141);
#1034=AXIS2_PLACEMENT_3D('',#2040,#1143,#1144);
#1035=AXIS2_PLACEMENT_3D('',#2065,#1146,#1147);
#1036=AXIS2_PLACEMENT_3D('',#2090,#1149,#1150);
#1037=AXIS2_PLACEMENT_3D('',#2114,#1152,#1153);
#1038=AXIS2_PLACEMENT_3D('',#2139,#1155,#1156);
#1039=AXIS2_PLACEMENT_3D('',#2164,#1158,#1159);
#1040=AXIS2_PLACEMENT_3D('',#2178,#1161,#1162);
#1041=AXIS2_PLACEMENT_3D('',#2188,#1163,#1164);
#1042=AXIS2_PLACEMENT_3D('',#2198,#1166,#1167);
#1043=AXIS2_PLACEMENT_3D('',#2205,#1168,#1169);
#1044=AXIS2_PLACEMENT_3D('',#2230,#1171,#1172);
#1045=AXIS2_PLACEMENT_3D('',#2255,#1174,#1175);
#1046=AXIS2_PLACEMENT_3D('',#2280,#1177,#1178);
#1047=AXIS2_PLACEMENT_3D('',#2304,#1180,#1181);
#1048=AXIS2_PLACEMENT_3D('',#2329,#1183,#1184);
#1049=AXIS2_PLACEMENT_3D('',#2354,#1186,#1187);
#1050=AXIS2_PLACEMENT_3D('',#2368,#1189,#1190);
#1051=AXIS2_PLACEMENT_3D('',#2378,#1191,#1192);
#1052=AXIS2_PLACEMENT_3D('',#3255,#1193,#1194);
#1053=AXIS2_PLACEMENT_3D('',#4132,#1195,#1196);
#1054=AXIS2_PLACEMENT_3D('',#4133,#1197,#1198);
#1055=AXIS2_PLACEMENT_3D('',#4134,#1199,#1200);
#1056=AXIS2_PLACEMENT_3D('',#4135,#1201,#1202);
#1057=AXIS2_PLACEMENT_3D('',#4136,#1203,#1204);
#1058=AXIS2_PLACEMENT_3D('',#4138,#1205,#1206);
#1059=AXIS2_PLACEMENT_3D('',#4141,#1208,#1209);
#1060=AXIS2_PLACEMENT_3D('',#4142,#1210,#1211);
#1061=AXIS2_PLACEMENT_3D('',#4146,#1213,#1214);
#1062=AXIS2_PLACEMENT_3D('',#4147,#1215,#1216);
#1063=AXIS2_PLACEMENT_3D('',#4151,#1218,#1219);
#1064=AXIS2_PLACEMENT_3D('',#4153,#1221,#1222);
#1065=AXIS2_PLACEMENT_3D('',#4155,#1223,#1224);
#1066=AXIS2_PLACEMENT_3D('',#4158,#1226,#1227);
#1067=AXIS2_PLACEMENT_3D('',#4159,#1228,#1229);
#1068=AXIS2_PLACEMENT_3D('',#4164,#1231,#1232);
#1069=AXIS2_PLACEMENT_3D('',#4166,#1234,#1235);
#1070=AXIS2_PLACEMENT_3D('',#4170,#1237,#1238);
#1071=AXIS2_PLACEMENT_3D('',#4172,#1240,#1241);
#1072=AXIS2_PLACEMENT_3D('',#4181,#1247,#1248);
#1073=AXIS2_PLACEMENT_3D('',#4187,#1252,#1253);
#1074=AXIS2_PLACEMENT_3D('',#4193,#1257,#1258);
#1075=AXIS2_PLACEMENT_3D('',#4196,#1261,#1262);
#1076=AXIS2_PLACEMENT_3D('',#4197,#1263,#1264);
#1077=DIRECTION('axis',(0.,0.,1.));
#1078=DIRECTION('refdir',(1.,0.,0.));
#1079=DIRECTION('center_axis',(0.,-1.,0.));
#1080=DIRECTION('ref_axis',(1.,0.,0.));
#1081=DIRECTION('',(0.,1.,0.));
#1082=DIRECTION('center_axis',(0.,-1.,0.));
#1083=DIRECTION('ref_axis',(1.,0.,0.));
#1084=DIRECTION('center_axis',(0.,-1.,0.));
#1085=DIRECTION('ref_axis',(1.,0.,0.));
#1086=DIRECTION('',(0.,1.,0.));
#1087=DIRECTION('center_axis',(0.,-1.,0.));
#1088=DIRECTION('ref_axis',(1.,0.,0.));
#1089=DIRECTION('',(0.,1.,0.));
#1090=DIRECTION('center_axis',(0.,-1.,0.));
#1091=DIRECTION('ref_axis',(1.,0.,0.));
#1092=DIRECTION('',(0.,1.,0.));
#1093=DIRECTION('center_axis',(0.,-1.,0.));
#1094=DIRECTION('ref_axis',(1.,0.,0.));
#1095=DIRECTION('',(0.,1.,0.));
#1096=DIRECTION('center_axis',(0.,-1.,0.));
#1097=DIRECTION('ref_axis',(1.,0.,0.));
#1098=DIRECTION('',(0.,1.,0.));
#1099=DIRECTION('center_axis',(0.,-1.,0.));
#1100=DIRECTION('ref_axis',(1.,0.,0.));
#1101=DIRECTION('',(0.,1.,0.));
#1102=DIRECTION('center_axis',(0.,-1.,0.));
#1103=DIRECTION('ref_axis',(1.,0.,0.));
#1104=DIRECTION('',(0.,1.,0.));
#1105=DIRECTION('center_axis',(0.,-1.,0.));
#1106=DIRECTION('ref_axis',(1.,0.,0.));
#1107=DIRECTION('center_axis',(0.,-1.,0.));
#1108=DIRECTION('ref_axis',(1.,0.,0.));
#1109=DIRECTION('',(0.,1.,0.));
#1110=DIRECTION('center_axis',(0.,-1.,0.));
#1111=DIRECTION('ref_axis',(1.,0.,0.));
#1112=DIRECTION('center_axis',(0.,-1.,0.));
#1113=DIRECTION('ref_axis',(1.,0.,0.));
#1114=DIRECTION('',(0.,1.,0.));
#1115=DIRECTION('center_axis',(0.,-1.,0.));
#1116=DIRECTION('ref_axis',(1.,0.,0.));
#1117=DIRECTION('',(0.,1.,0.));
#1118=DIRECTION('center_axis',(0.,-1.,0.));
#1119=DIRECTION('ref_axis',(1.,0.,0.));
#1120=DIRECTION('',(0.,1.,0.));
#1121=DIRECTION('center_axis',(0.,-1.,0.));
#1122=DIRECTION('ref_axis',(1.,0.,0.));
#1123=DIRECTION('',(0.,1.,0.));
#1124=DIRECTION('center_axis',(0.,-1.,0.));
#1125=DIRECTION('ref_axis',(1.,0.,0.));
#1126=DIRECTION('',(0.,1.,0.));
#1127=DIRECTION('center_axis',(0.,-1.,0.));
#1128=DIRECTION('ref_axis',(1.,0.,0.));
#1129=DIRECTION('',(0.,1.,0.));
#1130=DIRECTION('center_axis',(0.,-1.,0.));
#1131=DIRECTION('ref_axis',(1.,0.,0.));
#1132=DIRECTION('',(0.,1.,0.));
#1133=DIRECTION('center_axis',(0.,-1.,0.));
#1134=DIRECTION('ref_axis',(1.,0.,0.));
#1135=DIRECTION('center_axis',(0.,-1.,0.));
#1136=DIRECTION('ref_axis',(-0.457779710176286,0.,0.889065653903532));
#1137=DIRECTION('',(1.22464679914735E-16,-1.,-2.73665377881303E-30));
#1138=DIRECTION('center_axis',(0.,-1.,0.));
#1139=DIRECTION('ref_axis',(1.,0.,-2.24689386242258E-14));
#1140=DIRECTION('center_axis',(0.,-1.,0.));
#1141=DIRECTION('ref_axis',(1.,0.,-2.24689386242258E-14));
#1142=DIRECTION('',(1.22464679914735E-16,-1.,-2.73665377881303E-30));
#1143=DIRECTION('center_axis',(0.,-1.,0.));
#1144=DIRECTION('ref_axis',(1.,0.,-2.24689386242258E-14));
#1145=DIRECTION('',(1.22464679914735E-16,-1.,-2.73665377881303E-30));
#1146=DIRECTION('center_axis',(0.,-1.,0.));
#1147=DIRECTION('ref_axis',(1.,0.,-2.24689386242258E-14));
#1148=DIRECTION('',(1.22464679914735E-16,-1.,-2.73665377881303E-30));
#1149=DIRECTION('center_axis',(0.,-1.,0.));
#1150=DIRECTION('ref_axis',(1.,0.,-2.24689386242258E-14));
#1151=DIRECTION('',(1.22464679914735E-16,-1.,-2.73665377881303E-30));
#1152=DIRECTION('center_axis',(0.,-1.,0.));
#1153=DIRECTION('ref_axis',(1.,0.,-2.24689386242258E-14));
#1154=DIRECTION('',(1.22464679914735E-16,-1.,-2.73665377881303E-30));
#1155=DIRECTION('center_axis',(0.,-1.,0.));
#1156=DIRECTION('ref_axis',(1.,0.,-2.24689386242258E-14));
#1157=DIRECTION('',(1.22464679914735E-16,-1.,-2.73665377881303E-30));
#1158=DIRECTION('center_axis',(0.,-1.,0.));
#1159=DIRECTION('ref_axis',(1.,0.,-2.24689386242258E-14));
#1160=DIRECTION('',(1.22464679914735E-16,-1.,-2.73665377881303E-30));
#1161=DIRECTION('center_axis',(0.,1.,0.));
#1162=DIRECTION('ref_axis',(1.,0.,-2.24689386242258E-14));
#1163=DIRECTION('center_axis',(0.,-1.,0.));
#1164=DIRECTION('ref_axis',(-0.457779901481489,0.,0.889065555400499));
#1165=DIRECTION('',(1.22464679914735E-16,-1.,-2.73665377881303E-30));
#1166=DIRECTION('center_axis',(0.,-1.,0.));
#1167=DIRECTION('ref_axis',(1.,0.,-2.24689386242258E-14));
#1168=DIRECTION('center_axis',(0.,-1.,0.));
#1169=DIRECTION('ref_axis',(1.,0.,-2.24689386242258E-14));
#1170=DIRECTION('',(1.22464679914735E-16,-1.,-2.73665377881303E-30));
#1171=DIRECTION('center_axis',(0.,-1.,0.));
#1172=DIRECTION('ref_axis',(1.,0.,-2.24689386242258E-14));
#1173=DIRECTION('',(1.22464679914735E-16,-1.,-2.73665377881303E-30));
#1174=DIRECTION('center_axis',(0.,-1.,0.));
#1175=DIRECTION('ref_axis',(1.,0.,-2.24689386242258E-14));
#1176=DIRECTION('',(1.22464679914735E-16,-1.,-2.73665377881303E-30));
#1177=DIRECTION('center_axis',(0.,-1.,0.));
#1178=DIRECTION('ref_axis',(1.,0.,-2.24689386242258E-14));
#1179=DIRECTION('',(1.22464679914735E-16,-1.,-2.73665377881303E-30));
#1180=DIRECTION('center_axis',(0.,-1.,0.));
#1181=DIRECTION('ref_axis',(1.,0.,-2.24689386242258E-14));
#1182=DIRECTION('',(1.22464679914735E-16,-1.,-2.73665377881303E-30));
#1183=DIRECTION('center_axis',(0.,-1.,0.));
#1184=DIRECTION('ref_axis',(1.,0.,-2.24689386242258E-14));
#1185=DIRECTION('',(1.22464679914735E-16,-1.,-2.73665377881303E-30));
#1186=DIRECTION('center_axis',(0.,-1.,0.));
#1187=DIRECTION('ref_axis',(1.,0.,-2.24689386242258E-14));
#1188=DIRECTION('',(1.22464679914735E-16,-1.,-2.73665377881303E-30));
#1189=DIRECTION('center_axis',(0.,1.,0.));
#1190=DIRECTION('ref_axis',(1.,0.,-2.24689386242258E-14));
#1191=DIRECTION('center_axis',(0.,-1.,0.));
#1192=DIRECTION('ref_axis',(1.,0.,-2.24689386242258E-14));
#1193=DIRECTION('center_axis',(0.,-1.,0.));
#1194=DIRECTION('ref_axis',(1.,0.,-2.24689386242258E-14));
#1195=DIRECTION('center_axis',(0.,-1.,0.));
#1196=DIRECTION('ref_axis',(1.,0.,0.));
#1197=DIRECTION('center_axis',(0.,1.,0.));
#1198=DIRECTION('ref_axis',(1.,0.,0.));
#1199=DIRECTION('center_axis',(0.,-1.,0.));
#1200=DIRECTION('ref_axis',(1.,0.,0.));
#1201=DIRECTION('center_axis',(0.,1.,0.));
#1202=DIRECTION('ref_axis',(1.,0.,0.));
#1203=DIRECTION('center_axis',(0.,1.,0.));
#1204=DIRECTION('ref_axis',(1.,0.,0.));
#1205=DIRECTION('center_axis',(0.,-1.,0.));
#1206=DIRECTION('ref_axis',(1.,0.,0.));
#1207=DIRECTION('',(0.,-1.,0.));
#1208=DIRECTION('center_axis',(0.,-1.,0.));
#1209=DIRECTION('ref_axis',(1.,0.,0.));
#1210=DIRECTION('center_axis',(0.,1.,0.));
#1211=DIRECTION('ref_axis',(1.,0.,0.));
#1212=DIRECTION('',(0.,0.,-1.));
#1213=DIRECTION('center_axis',(0.,1.,0.));
#1214=DIRECTION('ref_axis',(1.,0.,0.));
#1215=DIRECTION('center_axis',(0.,1.,0.));
#1216=DIRECTION('ref_axis',(-1.,0.,-1.22464679914735E-16));
#1217=DIRECTION('',(0.,1.,0.));
#1218=DIRECTION('center_axis',(0.,1.,0.));
#1219=DIRECTION('ref_axis',(1.,0.,0.));
#1220=DIRECTION('',(0.,1.,0.));
#1221=DIRECTION('center_axis',(0.,1.,0.));
#1222=DIRECTION('ref_axis',(1.,0.,0.));
#1223=DIRECTION('center_axis',(0.,-1.,0.));
#1224=DIRECTION('ref_axis',(1.,0.,0.));
#1225=DIRECTION('',(0.,-1.,0.));
#1226=DIRECTION('center_axis',(0.,-1.,0.));
#1227=DIRECTION('ref_axis',(1.,0.,0.));
#1228=DIRECTION('center_axis',(0.,1.,0.));
#1229=DIRECTION('ref_axis',(1.,0.,0.));
#1230=DIRECTION('',(0.,0.,-1.));
#1231=DIRECTION('center_axis',(0.,1.,0.));
#1232=DIRECTION('ref_axis',(1.,0.,0.));
#1233=DIRECTION('',(-1.,0.,0.));
#1234=DIRECTION('center_axis',(0.,1.,0.));
#1235=DIRECTION('ref_axis',(-0.802965140096685,0.,0.596025992545217));
#1236=DIRECTION('',(0.,1.,0.));
#1237=DIRECTION('center_axis',(0.,1.,0.));
#1238=DIRECTION('ref_axis',(1.,0.,0.));
#1239=DIRECTION('',(0.,1.,0.));
#1240=DIRECTION('center_axis',(1.,0.,0.));
#1241=DIRECTION('ref_axis',(0.,0.,-1.));
#1242=DIRECTION('',(0.,0.,-1.));
#1243=DIRECTION('',(0.,1.,0.));
#1244=DIRECTION('',(0.,0.,-1.));
#1245=DIRECTION('',(0.,1.,0.));
#1246=DIRECTION('',(0.,0.,-1.));
#1247=DIRECTION('center_axis',(0.,0.,1.));
#1248=DIRECTION('ref_axis',(1.,0.,0.));
#1249=DIRECTION('',(1.,0.,0.));
#1250=DIRECTION('',(1.,0.,0.));
#1251=DIRECTION('',(0.,1.,0.));
#1252=DIRECTION('center_axis',(-1.,0.,0.));
#1253=DIRECTION('ref_axis',(0.,0.,1.));
#1254=DIRECTION('',(0.,0.,1.));
#1255=DIRECTION('',(0.,0.,1.));
#1256=DIRECTION('',(0.,1.,0.));
#1257=DIRECTION('center_axis',(0.,0.,-1.));
#1258=DIRECTION('ref_axis',(-1.,0.,0.));
#1259=DIRECTION('',(-1.,0.,0.));
#1260=DIRECTION('',(-1.,0.,0.));
#1261=DIRECTION('center_axis',(0.,1.,0.));
#1262=DIRECTION('ref_axis',(1.,0.,0.));
#1263=DIRECTION('center_axis',(0.,1.,0.));
#1264=DIRECTION('ref_axis',(1.,0.,0.));
#1265=CARTESIAN_POINT('',(0.,0.,0.));
#1266=CARTESIAN_POINT('Origin',(-45.,0.,27.));
#1267=CARTESIAN_POINT('',(-47.9444353992299,-0.322176117089592,26.9977677634654));
#1268=CARTESIAN_POINT('',(-47.9441785088906,-0.177823882910405,26.9973186395679));
#1269=CARTESIAN_POINT('',(-47.942,0.,27.));
#1270=CARTESIAN_POINT('',(-46.2889218540532,0.,24.3553744208028));
#1271=CARTESIAN_POINT('Ctrl Pts',(-47.9441785088906,-0.177823882910405,
26.9973186395679));
#1272=CARTESIAN_POINT('Ctrl Pts',(-47.9451720314288,-0.170934374713888,
26.8704054657967));
#1273=CARTESIAN_POINT('Ctrl Pts',(-47.9376839900751,-0.164044866517372,
26.7436553388181));
#1274=CARTESIAN_POINT('Ctrl Pts',(-47.9213210894555,-0.157155358320855,
26.6181241520311));
#1275=CARTESIAN_POINT('Ctrl Pts',(-47.7969040078731,-0.10477023888057,25.6636342195506));
#1276=CARTESIAN_POINT('Ctrl Pts',(-47.159388231972,-0.0523851194402844,
24.779617136499));
#1277=CARTESIAN_POINT('Ctrl Pts',(-46.2889218540532,1.07135040941474E-15,
24.3553744208028));
#1278=CARTESIAN_POINT('',(-43.7110781459468,0.,24.3553744208028));
#1279=CARTESIAN_POINT('Origin',(-45.,0.,27.));
#1280=CARTESIAN_POINT('Ctrl Pts',(-43.7079272718577,2.56739074444567E-15,
24.3522341385926));
#1281=CARTESIAN_POINT('Ctrl Pts',(-44.4953984218022,-0.0474106946523933,
23.9743422274269));
#1282=CARTESIAN_POINT('Ctrl Pts',(-45.4661729361387,-0.094821389304789,
23.9624209279852));
#1283=CARTESIAN_POINT('Ctrl Pts',(-46.2556514502886,-0.142232083957185,
24.3344346399861));
#1284=CARTESIAN_POINT('Ctrl Pts',(-47.1279636271614,-0.19461720339747,24.745480773764));
#1285=CARTESIAN_POINT('Ctrl Pts',(-47.7789401070916,-0.247002322837756,
25.6252549724235));
#1286=CARTESIAN_POINT('Ctrl Pts',(-47.9164776218389,-0.299387442278041,
26.5794081574819));
#1287=CARTESIAN_POINT('Ctrl Pts',(-47.9364215660445,-0.306983667215225,
26.7177673384034));
#1288=CARTESIAN_POINT('Ctrl Pts',(-47.9455693684412,-0.314579892152408,
26.8576904950634));
#1289=CARTESIAN_POINT('Ctrl Pts',(-47.9444353992299,-0.322176117089592,
26.9977677634654));
#1290=CARTESIAN_POINT('Origin',(-45.,0.,27.));
#1291=CARTESIAN_POINT('',(-47.9374562058732,-1.32217611708959,27.0001229290737));
#1292=CARTESIAN_POINT('',(-47.9374484860624,-1.1778238829104,26.9999076865629));
#1293=CARTESIAN_POINT('',(-47.942,0.,27.));
#1294=CARTESIAN_POINT('Ctrl Pts',(-47.9374484860624,-1.1778238829104,26.9999076865629));
#1295=CARTESIAN_POINT('Ctrl Pts',(-47.9375670046777,-1.15191175802227,26.5191356866273));
#1296=CARTESIAN_POINT('Ctrl Pts',(-47.8258914096727,-1.12599963313413,26.0384193146197));
#1297=CARTESIAN_POINT('Ctrl Pts',(-47.6021109807749,-1.10008750824599,25.6172848679442));
#1298=CARTESIAN_POINT('Ctrl Pts',(-47.1497063807346,-1.04770238880571,24.7659004915275));
#1299=CARTESIAN_POINT('Ctrl Pts',(-46.2391238567131,-0.995317269365423,
24.1580303500236));
#1300=CARTESIAN_POINT('Ctrl Pts',(-45.2793163697539,-0.942932149925137,
24.0666185645435));
#1301=CARTESIAN_POINT('Ctrl Pts',(-44.3195088827948,-0.890547030484851,
23.9752067790634));
#1302=CARTESIAN_POINT('Ctrl Pts',(-43.3104764328981,-0.838161911044566,
24.4002533496071));
#1303=CARTESIAN_POINT('Ctrl Pts',(-42.7055496619223,-0.78577679160428,25.151026208729));
#1304=CARTESIAN_POINT('Ctrl Pts',(-42.1006228909465,-0.733391672163995,
25.9017990678509));
#1305=CARTESIAN_POINT('Ctrl Pts',(-41.8998017988917,-0.68100655272371,26.978298215551));
#1306=CARTESIAN_POINT('Ctrl Pts',(-42.193077356247,-0.628621433283425,27.8966201032901));
#1307=CARTESIAN_POINT('Ctrl Pts',(-42.4863529136023,-0.576236313843139,
28.8149419910291));
#1308=CARTESIAN_POINT('Ctrl Pts',(-43.2737251203677,-0.523851194402854,
29.5750866188073));
#1309=CARTESIAN_POINT('Ctrl Pts',(-44.2019574934891,-0.471466074962568,
29.8363769996539));
#1310=CARTESIAN_POINT('Ctrl Pts',(-45.1301898666105,-0.419080955522283,
30.0976673805004));
#1311=CARTESIAN_POINT('Ctrl Pts',(-46.1992824060878,-0.366695836081997,
29.8601035144155));
#1312=CARTESIAN_POINT('Ctrl Pts',(-46.9281694821946,-0.314310716641712,
29.2288401904183));
#1313=CARTESIAN_POINT('Ctrl Pts',(-47.5611958723123,-0.268815105397943,
28.6805984170314));
#1314=CARTESIAN_POINT('Ctrl Pts',(-47.9376176755383,-0.223319494154174,
27.8354034855261));
#1315=CARTESIAN_POINT('Ctrl Pts',(-47.9441785088906,-0.177823882910405,
26.9973186395679));
#1316=CARTESIAN_POINT('Ctrl Pts',(-47.9444353992299,-0.322176117089592,
26.9977677634654));
#1317=CARTESIAN_POINT('Ctrl Pts',(-47.937749285036,-0.366965011592693,27.823691962475));
#1318=CARTESIAN_POINT('Ctrl Pts',(-47.5736150601573,-0.411753906095795,
28.6549738909787));
#1319=CARTESIAN_POINT('Ctrl Pts',(-46.957469807214,-0.456542800598897,29.2026155735799));
#1320=CARTESIAN_POINT('Ctrl Pts',(-46.2368259282773,-0.508927920039183,
29.8431376331623));
#1321=CARTESIAN_POINT('Ctrl Pts',(-45.1714396208395,-0.561313039479468,
30.0956495808698));
#1322=CARTESIAN_POINT('Ctrl Pts',(-44.23992171001,-0.613698158919754,29.846931847229));
#1323=CARTESIAN_POINT('Ctrl Pts',(-43.3084037991805,-0.666083278360039,
29.5982141135882));
#1324=CARTESIAN_POINT('Ctrl Pts',(-42.5107542849593,-0.718468397800324,
28.8482666985991));
#1325=CARTESIAN_POINT('Ctrl Pts',(-42.2052161320932,-0.77085351724061,27.9338427037798));
#1326=CARTESIAN_POINT('Ctrl Pts',(-41.8996779792271,-0.823238636680895,
27.0194187089606));
#1327=CARTESIAN_POINT('Ctrl Pts',(-42.0862511877161,-0.875623756121181,
25.9405181343112));
#1328=CARTESIAN_POINT('Ctrl Pts',(-42.6811508718111,-0.928008875561466,
25.1817987108664));
#1329=CARTESIAN_POINT('Ctrl Pts',(-43.2760505559061,-0.980393995001751,
24.4230792874216));
#1330=CARTESIAN_POINT('Ctrl Pts',(-44.2792767156072,-1.03277911444204,23.9845410151815));
#1331=CARTESIAN_POINT('Ctrl Pts',(-45.240202783538,-1.08516423388232,24.0631369314307));
#1332=CARTESIAN_POINT('Ctrl Pts',(-46.2011288514688,-1.13754935332261,24.1417328476799));
#1333=CARTESIAN_POINT('Ctrl Pts',(-47.1197548276293,-1.18993447276289,24.7374629524185));
#1334=CARTESIAN_POINT('Ctrl Pts',(-47.5834672129349,-1.24231959220318,25.5827562031084));
#1335=CARTESIAN_POINT('Ctrl Pts',(-47.8190968474122,-1.26893843383198,26.012281369996));
#1336=CARTESIAN_POINT('Ctrl Pts',(-47.9372661186074,-1.29555727546079,26.5062446595832));
#1337=CARTESIAN_POINT('Ctrl Pts',(-47.9374562058732,-1.32217611708959,27.0001229290737));
#1338=CARTESIAN_POINT('Origin',(-45.,0.,27.));
#1339=CARTESIAN_POINT('',(-47.9448897552587,-2.32217611708959,27.0019262500529));
#1340=CARTESIAN_POINT('',(-47.9445578595063,-2.1778238829104,27.0020646660123));
#1341=CARTESIAN_POINT('',(-47.942,0.,27.));
#1342=CARTESIAN_POINT('Ctrl Pts',(-47.9445578595063,-2.1778238829104,27.0020646660123));
#1343=CARTESIAN_POINT('Ctrl Pts',(-47.9379172313141,-2.13288914133065,26.1734799446318));
#1344=CARTESIAN_POINT('Ctrl Pts',(-47.5710646786399,-2.08795439975089,25.3397411188764));
#1345=CARTESIAN_POINT('Ctrl Pts',(-46.9513875073161,-2.04301965817113,24.7920660863344));
#1346=CARTESIAN_POINT('Ctrl Pts',(-46.2289651344937,-1.99063453873085,24.1535841237032));
#1347=CARTESIAN_POINT('Ctrl Pts',(-45.162928848067,-1.93824941929056,23.9038914334601));
#1348=CARTESIAN_POINT('Ctrl Pts',(-44.232107868404,-1.88586429985027,24.1551407507104));
#1349=CARTESIAN_POINT('Ctrl Pts',(-43.3012868887411,-1.83347918040999,24.4063900679607));
#1350=CARTESIAN_POINT('Ctrl Pts',(-42.5056812158418,-1.7810940609697,25.1585813927044));
#1351=CARTESIAN_POINT('Ctrl Pts',(-42.202653482533,-1.72870894152942,26.0738567901845));
#1352=CARTESIAN_POINT('Ctrl Pts',(-41.8996257492242,-1.67632382208913,26.9891321876646));
#1353=CARTESIAN_POINT('Ctrl Pts',(-42.0891759555059,-1.62393870264885,28.0674916578811));
#1354=CARTESIAN_POINT('Ctrl Pts',(-42.686160946732,-1.57155358320856,28.8245644343129));
#1355=CARTESIAN_POINT('Ctrl Pts',(-43.2831459379582,-1.51916846376828,29.5816372107447));
#1356=CARTESIAN_POINT('Ctrl Pts',(-44.2875657141288,-1.46678334432799,30.0174232933919));
#1357=CARTESIAN_POINT('Ctrl Pts',(-45.2482728426531,-1.41439822488771,29.9361925165455));
#1358=CARTESIAN_POINT('Ctrl Pts',(-46.2089799711774,-1.36201310544742,29.8549617396992));
#1359=CARTESIAN_POINT('Ctrl Pts',(-47.1259744520553,-1.30962798600713,29.2567141033594));
#1360=CARTESIAN_POINT('Ctrl Pts',(-47.5873583544647,-1.25724286656685,28.4101409795248));
#1361=CARTESIAN_POINT('Ctrl Pts',(-47.8205202459606,-1.2307698720147,27.9823224322975));
#1362=CARTESIAN_POINT('Ctrl Pts',(-47.9373274021037,-1.20429687746255,27.4910860283649));
#1363=CARTESIAN_POINT('Ctrl Pts',(-47.9374484860624,-1.1778238829104,26.9999076865629));
#1364=CARTESIAN_POINT('Ctrl Pts',(-47.9374562058732,-1.32217611708959,27.0001229290737));
#1365=CARTESIAN_POINT('Ctrl Pts',(-47.9376402049128,-1.34794239490107,27.4781829766972));
#1366=CARTESIAN_POINT('Ctrl Pts',(-47.8272814059245,-1.37370867271255,27.9561633631544));
#1367=CARTESIAN_POINT('Ctrl Pts',(-47.605909259914,-1.39947495052404,28.3755442510305));
#1368=CARTESIAN_POINT('Ctrl Pts',(-47.1558401271367,-1.45186006996432,29.2281826516214));
#1369=CARTESIAN_POINT('Ctrl Pts',(-46.2469030671316,-1.5042451894046,29.8386030561618));
#1370=CARTESIAN_POINT('Ctrl Pts',(-45.2873651320712,-1.55663030884489,29.9326268086131));
#1371=CARTESIAN_POINT('Ctrl Pts',(-44.3278271970108,-1.60901542828518,30.0266505610644));
#1372=CARTESIAN_POINT('Ctrl Pts',(-43.3176883868953,-1.66140054772546,29.6042776614266));
#1373=CARTESIAN_POINT('Ctrl Pts',(-42.7106707694458,-1.71378566716575,28.8552232500965));
#1374=CARTESIAN_POINT('Ctrl Pts',(-42.1036531519963,-1.76617078660603,28.1061688387664));
#1375=CARTESIAN_POINT('Ctrl Pts',(-41.8997567272127,-1.81855590604632,27.030432915744));
#1376=CARTESIAN_POINT('Ctrl Pts',(-42.1905656298666,-1.8709410254866,26.1112029921246));
#1377=CARTESIAN_POINT('Ctrl Pts',(-42.4813745325205,-1.92332614492689,25.1919730685053));
#1378=CARTESIAN_POINT('Ctrl Pts',(-43.2668887626118,-1.97571126436717,24.4292491442889));
#1379=CARTESIAN_POINT('Ctrl Pts',(-44.194279880543,-2.02809638380746,24.1656224687874));
#1380=CARTESIAN_POINT('Ctrl Pts',(-45.1216709984742,-2.08048150324775,23.901995793286));
#1381=CARTESIAN_POINT('Ctrl Pts',(-46.1909390042452,-2.13286662268803,24.1374663664996));
#1382=CARTESIAN_POINT('Ctrl Pts',(-46.9218023790155,-2.18525174212832,24.7662683895195));
#1383=CARTESIAN_POINT('Ctrl Pts',(-47.5585799718495,-2.23089320044874,25.3141232313544));
#1384=CARTESIAN_POINT('Ctrl Pts',(-47.9384721507573,-2.27653465876917,26.1605588343181));
#1385=CARTESIAN_POINT('Ctrl Pts',(-47.9448897552587,-2.32217611708959,27.0019262500529));
#1386=CARTESIAN_POINT('Origin',(-45.,0.,27.));
#1387=CARTESIAN_POINT('',(-47.9420173657098,-3.32217611708959,26.9974522894775));
#1388=CARTESIAN_POINT('',(-47.9424006106763,-3.1778238829104,26.9974704885708));
#1389=CARTESIAN_POINT('',(-47.942,0.,27.));
#1390=CARTESIAN_POINT('Ctrl Pts',(-47.9424006106763,-3.1778238829104,26.9974704885708));
#1391=CARTESIAN_POINT('Ctrl Pts',(-47.9443087282011,-3.16625164407931,26.7836759930627));
#1392=CARTESIAN_POINT('Ctrl Pts',(-47.9229386254481,-3.15467940524822,26.5702595240195));
#1393=CARTESIAN_POINT('Ctrl Pts',(-47.8768476742252,-3.14310716641713,26.3623226377014));
#1394=CARTESIAN_POINT('Ctrl Pts',(-47.6682035198685,-3.09072204697684,25.4210355812551));
#1395=CARTESIAN_POINT('Ctrl Pts',(-46.9529835256341,-3.03833692753656,24.5920352945978));
#1396=CARTESIAN_POINT('Ctrl Pts',(-46.0524420419451,-2.98595180809627,24.2476826642318));
#1397=CARTESIAN_POINT('Ctrl Pts',(-45.1519005582562,-2.93356668865598,23.9033300338658));
#1398=CARTESIAN_POINT('Ctrl Pts',(-44.0660375851128,-2.8811815692157,24.0436250597911));
#1399=CARTESIAN_POINT('Ctrl Pts',(-43.2825886337305,-2.82879644977541,24.6055516047981));
#1400=CARTESIAN_POINT('Ctrl Pts',(-42.4991396823482,-2.77641133033513,25.167478149805));
#1401=CARTESIAN_POINT('Ctrl Pts',(-42.0181047527271,-2.72402621089484,26.1510362138937));
#1402=CARTESIAN_POINT('Ctrl Pts',(-42.0555496414902,-2.67164109145456,27.1144424656697));
#1403=CARTESIAN_POINT('Ctrl Pts',(-42.0929945302534,-2.61925597201427,28.0778487174456));
#1404=CARTESIAN_POINT('Ctrl Pts',(-42.6489192374008,-2.56687085257399,29.0211031569088));
#1405=CARTESIAN_POINT('Ctrl Pts',(-43.4736198079943,-2.5144857331337,29.5205254495479));
#1406=CARTESIAN_POINT('Ctrl Pts',(-44.2983203785877,-2.46210061369342,30.0199477421871));
#1407=CARTESIAN_POINT('Ctrl Pts',(-45.3917968126272,-2.40971549425313,30.0755378880022));
#1408=CARTESIAN_POINT('Ctrl Pts',(-46.262893954965,-2.35733037481284,29.662326708441));
#1409=CARTESIAN_POINT('Ctrl Pts',(-47.1339910973028,-2.30494525537256,29.2491155288797));
#1410=CARTESIAN_POINT('Ctrl Pts',(-47.7827089479389,-2.25256013593227,28.3671030239421));
#1411=CARTESIAN_POINT('Ctrl Pts',(-47.9176636436479,-2.20017501649199,27.4124611539636));
#1412=CARTESIAN_POINT('Ctrl Pts',(-47.9368573285689,-2.19272463863146,27.276688958943));
#1413=CARTESIAN_POINT('Ctrl Pts',(-47.9456589048784,-2.18527426077093,27.1394476584745));
#1414=CARTESIAN_POINT('Ctrl Pts',(-47.9445578595063,-2.1778238829104,27.0020646660123));
#1415=CARTESIAN_POINT('Ctrl Pts',(-47.9448897552587,-2.32217611708959,27.0019262500529));
#1416=CARTESIAN_POINT('Ctrl Pts',(-47.9458379753978,-2.32891977820945,27.1262407863935));
#1417=CARTESIAN_POINT('Ctrl Pts',(-47.9386328942211,-2.33566343932931,27.2504446794388));
#1418=CARTESIAN_POINT('Ctrl Pts',(-47.92289844332,-2.34240710044917,27.3735584832753));
#1419=CARTESIAN_POINT('Ctrl Pts',(-47.8006723890846,-2.39479221988946,28.3299130811851));
#1420=CARTESIAN_POINT('Ctrl Pts',(-47.1637615368441,-2.44717733932974,29.2204888041785));
#1421=CARTESIAN_POINT('Ctrl Pts',(-46.2982462419509,-2.49956245877003,29.6452670700286));
#1422=CARTESIAN_POINT('Ctrl Pts',(-45.4327309470577,-2.55194757821031,30.0700453358788));
#1423=CARTESIAN_POINT('Ctrl Pts',(-44.3386112095118,-2.6043326976506,30.0290261445857));
#1424=CARTESIAN_POINT('Ctrl Pts',(-43.5073312231389,-2.65671781709088,29.5406340054544));
#1425=CARTESIAN_POINT('Ctrl Pts',(-42.676051236766,-2.70910293653117,29.0522418663232));
#1426=CARTESIAN_POINT('Ctrl Pts',(-42.1076110015662,-2.76148805597145,28.1164767793538));
#1427=CARTESIAN_POINT('Ctrl Pts',(-42.0573360112104,-2.81387317541174,27.153655025027));
#1428=CARTESIAN_POINT('Ctrl Pts',(-42.0070610208545,-2.86625829485203,26.1908332707002));
#1429=CARTESIAN_POINT('Ctrl Pts',(-42.4749512753426,-2.91864341429231,25.200954849016));
#1430=CARTESIAN_POINT('Ctrl Pts',(-43.250845174445,-2.9710285337326,24.6286420332268));
#1431=CARTESIAN_POINT('Ctrl Pts',(-44.0267390735475,-3.02341365317288,24.0563292174376));
#1432=CARTESIAN_POINT('Ctrl Pts',(-45.1106366172642,-3.07579877261317,23.9015820075433));
#1433=CARTESIAN_POINT('Ctrl Pts',(-46.0156850928855,-3.12818389205345,24.2339079898249));
#1434=CARTESIAN_POINT('Ctrl Pts',(-46.9207335685068,-3.18056901149374,24.5662339721064));
#1435=CARTESIAN_POINT('Ctrl Pts',(-47.6469329760327,-3.23295413093402,25.3856331465636));
#1436=CARTESIAN_POINT('Ctrl Pts',(-47.868097362907,-3.28533925037431,26.3240571533905));
#1437=CARTESIAN_POINT('Ctrl Pts',(-47.9199378036562,-3.29761820594607,26.5440216549592));
#1438=CARTESIAN_POINT('Ctrl Pts',(-47.9440304496467,-3.30989716151783,26.7705256567303));
#1439=CARTESIAN_POINT('Ctrl Pts',(-47.9420173657098,-3.32217611708959,26.9974522894775));
#1440=CARTESIAN_POINT('Origin',(-45.,0.,27.));
#1441=CARTESIAN_POINT('',(-47.9381632658317,-4.32217611708959,27.0014088643095));
#1442=CARTESIAN_POINT('',(-47.937983547368,-4.1778238829104,27.0012318038827));
#1443=CARTESIAN_POINT('',(-47.942,0.,27.));
#1444=CARTESIAN_POINT('Ctrl Pts',(-47.937983547368,-4.1778238829104,27.0012318038827));
#1445=CARTESIAN_POINT('Ctrl Pts',(-47.9357977018096,-4.14722902738769,26.4338392552291));
#1446=CARTESIAN_POINT('Ctrl Pts',(-47.7771292958424,-4.11663417186498,25.86531589114));
#1447=CARTESIAN_POINT('Ctrl Pts',(-47.4700988248277,-4.08603931634226,25.3932963086346));
#1448=CARTESIAN_POINT('Ctrl Pts',(-46.9443951527196,-4.03365419690198,24.5850950020672));
#1449=CARTESIAN_POINT('Ctrl Pts',(-45.9837388786752,-3.98126907746169,24.0598135300487));
#1450=CARTESIAN_POINT('Ctrl Pts',(-45.0196266111507,-3.92888395802141,24.0533918223252));
#1451=CARTESIAN_POINT('Ctrl Pts',(-44.0555143436262,-3.87649883858112,24.0469701146017));
#1452=CARTESIAN_POINT('Ctrl Pts',(-43.0879460826216,-3.82411371914084,24.5594081711732));
#1453=CARTESIAN_POINT('Ctrl Pts',(-42.5515230836796,-3.77172859970055,25.3605349207567));
#1454=CARTESIAN_POINT('Ctrl Pts',(-42.0151000847375,-3.71934348026026,26.1616616703402));
#1455=CARTESIAN_POINT('Ctrl Pts',(-41.909822347858,-3.66695836081998,27.2514771129358));
#1456=CARTESIAN_POINT('Ctrl Pts',(-42.2829773242987,-3.61457324137969,28.1404704012736));
#1457=CARTESIAN_POINT('Ctrl Pts',(-42.6561323007394,-3.56218812193941,29.0294636896114));
#1458=CARTESIAN_POINT('Ctrl Pts',(-43.5077199905002,-3.50980300249912,29.7176348236914));
#1459=CARTESIAN_POINT('Ctrl Pts',(-44.4552339649271,-3.45741788305884,29.8958789555393));
#1460=CARTESIAN_POINT('Ctrl Pts',(-45.402747939354,-3.40503276361855,30.0741230873872));
#1461=CARTESIAN_POINT('Ctrl Pts',(-46.4461881984469,-3.35264764417827,29.742440217003));
#1462=CARTESIAN_POINT('Ctrl Pts',(-47.1168741707539,-3.30026252473798,29.0498118686932));
#1463=CARTESIAN_POINT('Ctrl Pts',(-47.6394009265672,-3.25944964412879,28.5101899610189));
#1464=CARTESIAN_POINT('Ctrl Pts',(-47.9356710768438,-3.2186367635196,27.7514792285763));
#1465=CARTESIAN_POINT('Ctrl Pts',(-47.9424006106763,-3.1778238829104,26.9974704885708));
#1466=CARTESIAN_POINT('Ctrl Pts',(-47.9420173657098,-3.32217611708959,26.9974522894775));
#1467=CARTESIAN_POINT('Ctrl Pts',(-47.935442126164,-3.36228228095812,27.7386518700039));
#1468=CARTESIAN_POINT('Ctrl Pts',(-47.6503604525551,-3.40238844482664,28.4843602478857));
#1469=CARTESIAN_POINT('Ctrl Pts',(-47.1439912294899,-3.44249460869517,29.0214308848482));
#1470=CARTESIAN_POINT('Ctrl Pts',(-46.4825913429758,-3.49487972813545,29.7229317702827));
#1471=CARTESIAN_POINT('Ctrl Pts',(-45.4436622037252,-3.54726484757574,30.0684847019553));
#1472=CARTESIAN_POINT('Ctrl Pts',(-44.4938581312327,-3.59964996701602,29.9028781620712));
#1473=CARTESIAN_POINT('Ctrl Pts',(-43.5440540587401,-3.65203508645631,29.7372716221872));
#1474=CARTESIAN_POINT('Ctrl Pts',(-42.6833750530057,-3.70442020589659,29.0605056107465));
#1475=CARTESIAN_POINT('Ctrl Pts',(-42.2984110754483,-3.75680532533688,28.1765621520097));
#1476=CARTESIAN_POINT('Ctrl Pts',(-41.9134470978908,-3.80919044477716,27.2926186932729));
#1477=CARTESIAN_POINT('Ctrl Pts',(-42.0041981485103,-3.86157556421745,26.2014977872401));
#1478=CARTESIAN_POINT('Ctrl Pts',(-42.5299017073556,-3.91396068365773,25.3932966547997));
#1479=CARTESIAN_POINT('Ctrl Pts',(-43.0556052662009,-3.96634580309802,24.5850955223594));
#1480=CARTESIAN_POINT('Ctrl Pts',(-44.016261333272,-4.01873092253831,24.0598141635117));
#1481=CARTESIAN_POINT('Ctrl Pts',(-44.980373393078,-4.07111604197859,24.0533924571721));
#1482=CARTESIAN_POINT('Ctrl Pts',(-45.9444854528841,-4.12350116141888,24.0469707508326));
#1483=CARTESIAN_POINT('Ctrl Pts',(-46.9120535054251,-4.17588628085916,24.5594086970012));
#1484=CARTESIAN_POINT('Ctrl Pts',(-47.4484763887951,-4.22827140029945,25.3605352739809));
#1485=CARTESIAN_POINT('Ctrl Pts',(-47.7690040467815,-4.25957297256283,25.8392307834953));
#1486=CARTESIAN_POINT('Ctrl Pts',(-47.9355957915601,-4.29087454482621,26.4209995759648));
#1487=CARTESIAN_POINT('Ctrl Pts',(-47.9381632658317,-4.32217611708959,27.0014088643095));
#1488=CARTESIAN_POINT('Origin',(-45.,0.,27.));
#1489=CARTESIAN_POINT('',(-47.9464748537199,-5.32217611708959,27.0006690779807));
#1490=CARTESIAN_POINT('',(-47.9463250519967,-5.17782388291041,27.0008886104231));
#1491=CARTESIAN_POINT('',(-47.942,0.,27.));
#1492=CARTESIAN_POINT('Ctrl Pts',(-47.9463250519967,-5.17782388291041,27.0008886104231));
#1493=CARTESIAN_POINT('Ctrl Pts',(-47.9426400748197,-5.12820641069607,26.0874027259062));
#1494=CARTESIAN_POINT('Ctrl Pts',(-47.4840566913399,-5.07858893848174,25.1707176244002));
#1495=CARTESIAN_POINT('Ctrl Pts',(-46.7491552024123,-5.0289714662674,24.6286415223096));
#1496=CARTESIAN_POINT('Ctrl Pts',(-45.9732611361445,-4.97658634682712,24.0563285832089));
#1497=CARTESIAN_POINT('Ctrl Pts',(-44.8893633588989,-4.92420122738683,23.9015813399886));
#1498=CARTESIAN_POINT('Ctrl Pts',(-43.984314688284,-4.87181610794655,24.2339073938733));
#1499=CARTESIAN_POINT('Ctrl Pts',(-43.0792660176691,-4.81943098850626,24.566233447758));
#1500=CARTESIAN_POINT('Ctrl Pts',(-42.3530664536848,-4.76704586906597,25.3856327987477));
#1501=CARTESIAN_POINT('Ctrl Pts',(-42.1319020191609,-4.71466074962569,26.3240570077565));
#1502=CARTESIAN_POINT('Ctrl Pts',(-41.9107375846371,-4.6622756301854,27.2624812167653));
#1503=CARTESIAN_POINT('Ctrl Pts',(-42.1946082795737,-4.60989051074512,28.3199302837932));
#1504=CARTESIAN_POINT('Ctrl Pts',(-42.8560083085864,-4.55750539130483,29.0214313203672));
#1505=CARTESIAN_POINT('Ctrl Pts',(-43.517408337599,-4.50512027186455,29.7229323569412));
#1506=CARTESIAN_POINT('Ctrl Pts',(-44.5563377006876,-4.45273515242426,30.0684853630611));
#1507=CARTESIAN_POINT('Ctrl Pts',(-45.5061419778159,-4.40035003298397,29.9028787874967));
#1508=CARTESIAN_POINT('Ctrl Pts',(-46.4559462549441,-4.34796491354369,29.7372722119322));
#1509=CARTESIAN_POINT('Ctrl Pts',(-47.316625446112,-4.2955797941034,29.0605060546833));
#1510=CARTESIAN_POINT('Ctrl Pts',(-47.7015895066099,-4.24319467466312,28.1765624055007));
#1511=CARTESIAN_POINT('Ctrl Pts',(-47.8617202568431,-4.22140441074555,27.8088746802507));
#1512=CARTESIAN_POINT('Ctrl Pts',(-47.9395403499999,-4.19961414682798,27.4053400491676));
#1513=CARTESIAN_POINT('Ctrl Pts',(-47.937983547368,-4.1778238829104,27.0012318038827));
#1514=CARTESIAN_POINT('Ctrl Pts',(-47.9381632658317,-4.32217611708959,27.0014088643095));
#1515=CARTESIAN_POINT('Ctrl Pts',(-47.9398926187369,-4.34325966426649,27.3923504601426));
#1516=CARTESIAN_POINT('Ctrl Pts',(-47.867206511756,-4.3643432114434,27.7826752684458));
#1517=CARTESIAN_POINT('Ctrl Pts',(-47.7170220903188,-4.3854267586203,28.140470155557));
#1518=CARTESIAN_POINT('Ctrl Pts',(-47.3438671942738,-4.43781187806059,29.0294632523626));
#1519=CARTESIAN_POINT('Ctrl Pts',(-46.4922796879851,-4.49019699750087,29.7176342381831));
#1520=CARTESIAN_POINT('Ctrl Pts',(-45.5447659177016,-4.54258211694116,29.895878331625));
#1521=CARTESIAN_POINT('Ctrl Pts',(-44.5972521474181,-4.59496723638144,30.0741224250669));
#1522=CARTESIAN_POINT('Ctrl Pts',(-43.5538121131397,-4.64735235582173,29.7424396261303));
#1523=CARTESIAN_POINT('Ctrl Pts',(-42.8831262853299,-4.69973747526202,29.0498114270537));
#1524=CARTESIAN_POINT('Ctrl Pts',(-42.2124404575201,-4.7521225947023,28.3571832279772));
#1525=CARTESIAN_POINT('Ctrl Pts',(-41.9145088361789,-4.80450771414258,27.3036096287607));
#1526=CARTESIAN_POINT('Ctrl Pts',(-42.1231529455873,-4.85689283358287,26.3623227751027));
#1527=CARTESIAN_POINT('Ctrl Pts',(-42.3317970549958,-4.90927795302315,25.4210359214447));
#1528=CARTESIAN_POINT('Ctrl Pts',(-43.047016895154,-4.96166307246344,24.5920358133451));
#1529=CARTESIAN_POINT('Ctrl Pts',(-43.9475581848132,-5.01404819190373,24.2476832571933));
#1530=CARTESIAN_POINT('Ctrl Pts',(-44.8480994744723,-5.06643331134402,23.9033307010416));
#1531=CARTESIAN_POINT('Ctrl Pts',(-45.9339622136325,-5.1188184307843,24.0436256968376));
#1532=CARTESIAN_POINT('Ctrl Pts',(-46.717410996235,-5.17120355022458,24.6055521207326));
#1533=CARTESIAN_POINT('Ctrl Pts',(-47.4700374098714,-5.22152773917958,25.1453712876457));
#1534=CARTESIAN_POINT('Ctrl Pts',(-47.9435768783455,-5.27185192813459,26.0742989090495));
#1535=CARTESIAN_POINT('Ctrl Pts',(-47.9464748537199,-5.32217611708959,27.0006690779807));
#1536=CARTESIAN_POINT('Origin',(-45.,0.,27.));
#1537=CARTESIAN_POINT('',(-47.9396626903874,-6.32217611708959,26.9977734365375));
#1538=CARTESIAN_POINT('',(-47.9399856540301,-6.1778238829104,26.9976783167453));
#1539=CARTESIAN_POINT('',(-47.942,0.,27.));
#1540=CARTESIAN_POINT('Ctrl Pts',(-47.9399856540301,-6.1778238829104,26.9976783167453));
#1541=CARTESIAN_POINT('Ctrl Pts',(-47.9422770696179,-6.16156891344473,26.6967414504552));
#1542=CARTESIAN_POINT('Ctrl Pts',(-47.8996722584184,-6.14531394397906,26.3964375723792));
#1543=CARTESIAN_POINT('Ctrl Pts',(-47.8094349753345,-6.12905897451339,26.1112028013317));
#1544=CARTESIAN_POINT('Ctrl Pts',(-47.5186260099717,-6.07667385507311,25.1919726802659));
#1545=CARTESIAN_POINT('Ctrl Pts',(-46.7331116108063,-6.02428873563282,24.4292485903722));
#1546=CARTESIAN_POINT('Ctrl Pts',(-45.8057202931027,-5.97190361619254,24.165621857753));
#1547=CARTESIAN_POINT('Ctrl Pts',(-44.8783289753991,-5.91951849675225,23.9019951251338));
#1548=CARTESIAN_POINT('Ctrl Pts',(-43.8090607391573,-5.86713337731197,24.1374657497893));
#1549=CARTESIAN_POINT('Ctrl Pts',(-43.0781972069015,-5.81474825787168,24.7662679084534));
#1550=CARTESIAN_POINT('Ctrl Pts',(-42.3473336746457,-5.76236313843139,25.3950700671176));
#1551=CARTESIAN_POINT('Ctrl Pts',(-41.954874846376,-5.70997801899111,26.4172037597904));
#1552=CARTESIAN_POINT('Ctrl Pts',(-42.0771009269572,-5.65759289955082,27.3735585636583));
#1553=CARTESIAN_POINT('Ctrl Pts',(-42.1993270075384,-5.60520778011054,28.3299133675262));
#1554=CARTESIAN_POINT('Ctrl Pts',(-42.8362379969706,-5.55282266067026,29.2204892825892));
#1555=CARTESIAN_POINT('Ctrl Pts',(-43.7017534783324,-5.50043754122997,29.6452676400045));
#1556=CARTESIAN_POINT('Ctrl Pts',(-44.5672689596942,-5.44805242178969,30.0700459974198));
#1557=CARTESIAN_POINT('Ctrl Pts',(-45.6613889329858,-5.3956673023494,30.0290267971875));
#1558=CARTESIAN_POINT('Ctrl Pts',(-46.492669098462,-5.34328218290911,29.5406345528077));
#1559=CARTESIAN_POINT('Ctrl Pts',(-47.3239492639383,-5.29089706346883,29.0522423084279));
#1560=CARTESIAN_POINT('Ctrl Pts',(-47.8923896215994,-5.23851194402855,28.1164770199004));
#1561=CARTESIAN_POINT('Ctrl Pts',(-47.9426646227848,-5.18612682458826,27.1536550581461));
#1562=CARTESIAN_POINT('Ctrl Pts',(-47.945320786769,-5.18335917736231,27.1027865756456));
#1563=CARTESIAN_POINT('Ctrl Pts',(-47.9465305988819,-5.18059153013636,27.0518425700144));
#1564=CARTESIAN_POINT('Ctrl Pts',(-47.9463250519967,-5.17782388291041,27.0008886104231));
#1565=CARTESIAN_POINT('Ctrl Pts',(-47.9464748537199,-5.32217611708959,27.0006690779807));
#1566=CARTESIAN_POINT('Ctrl Pts',(-47.9465935347343,-5.32423704757487,27.0386067886811));
#1567=CARTESIAN_POINT('Ctrl Pts',(-47.9459228771666,-5.32629797806016,27.0765402101381));
#1568=CARTESIAN_POINT('Ctrl Pts',(-47.9444497241602,-5.32835890854544,27.1144424409168));
#1569=CARTESIAN_POINT('Ctrl Pts',(-47.9070048434379,-5.38074402798573,28.0778484852122));
#1570=CARTESIAN_POINT('Ctrl Pts',(-47.3510802559485,-5.43312914742601,29.021102721809));
#1571=CARTESIAN_POINT('Ctrl Pts',(-46.5263798630854,-5.4855142668663,29.5205249066845));
#1572=CARTESIAN_POINT('Ctrl Pts',(-45.7016794702222,-5.53789938630658,30.0199470915601));
#1573=CARTESIAN_POINT('Ctrl Pts',(-44.6082032719852,-5.59028450574687,30.0755372247144));
#1574=CARTESIAN_POINT('Ctrl Pts',(-43.737106317239,-5.64266962518715,29.6623261344889));
#1575=CARTESIAN_POINT('Ctrl Pts',(-42.8660093624927,-5.69505474462744,29.2491150442634));
#1576=CARTESIAN_POINT('Ctrl Pts',(-42.2172916512372,-5.74743986406772,28.367102730658));
#1577=CARTESIAN_POINT('Ctrl Pts',(-42.082336984757,-5.79982498350801,27.4124610657725));
#1578=CARTESIAN_POINT('Ctrl Pts',(-41.9473823182768,-5.85221010294829,26.4578194008871));
#1579=CARTESIAN_POINT('Ctrl Pts',(-42.3261906965719,-5.90459522238858,25.4305483847216));
#1580=CARTESIAN_POINT('Ctrl Pts',(-43.0486129134841,-5.95698034182887,24.7920665607525));
#1581=CARTESIAN_POINT('Ctrl Pts',(-43.7710351303963,-6.00936546126915,24.1535847367835));
#1582=CARTESIAN_POINT('Ctrl Pts',(-44.8370711859256,-6.06175058070944,23.9038921050109));
#1583=CARTESIAN_POINT('Ctrl Pts',(-45.7678919654874,-6.11413570014973,24.1551413660665));
#1584=CARTESIAN_POINT('Ctrl Pts',(-46.6987127450491,-6.16652081959001,24.406390627122));
#1585=CARTESIAN_POINT('Ctrl Pts',(-47.4943182486433,-6.21890593903029,25.1585817810056));
#1586=CARTESIAN_POINT('Ctrl Pts',(-47.7973459159462,-6.27129105847058,26.0738569851327));
#1587=CARTESIAN_POINT('Ctrl Pts',(-47.895462714372,-6.28825274467692,26.3702123427365));
#1588=CARTESIAN_POINT('Ctrl Pts',(-47.9419382279988,-6.30521443088325,26.6836652416106));
#1589=CARTESIAN_POINT('Ctrl Pts',(-47.9396626903874,-6.32217611708959,26.9977734365375));
#1590=CARTESIAN_POINT('Origin',(-45.,0.,27.));
#1591=CARTESIAN_POINT('',(-47.9398470722696,-7.32217611708959,27.0024279290723));
#1592=CARTESIAN_POINT('',(-47.939593267209,-7.17782388291041,27.0022217733085));
#1593=CARTESIAN_POINT('',(-47.942,0.,27.));
#1594=CARTESIAN_POINT('',(-43.7110781459468,-8.,24.3553744208028));
#1595=CARTESIAN_POINT('Ctrl Pts',(-47.9398470722696,-7.32217611708959,27.0024279290723));
#1596=CARTESIAN_POINT('Ctrl Pts',(-47.9421290104711,-7.33857693363192,27.3060965203971));
#1597=CARTESIAN_POINT('Ctrl Pts',(-47.8987412254375,-7.35497775017424,27.6091106916553));
#1598=CARTESIAN_POINT('Ctrl Pts',(-47.8069220451577,-7.37137856671657,27.8966202368268));
#1599=CARTESIAN_POINT('Ctrl Pts',(-47.5136464808921,-7.42376368615686,28.8149417011979));
#1600=CARTESIAN_POINT('Ctrl Pts',(-46.7262742587673,-7.47614880559714,29.575085109954));
#1601=CARTESIAN_POINT('Ctrl Pts',(-45.7980422708768,-7.52853392503743,29.8363758190712));
#1602=CARTESIAN_POINT('Ctrl Pts',(-44.8698102829862,-7.58091904447772,30.0976665281883));
#1603=CARTESIAN_POINT('Ctrl Pts',(-43.8007185293299,-7.633304163918,29.8601045376665));
#1604=CARTESIAN_POINT('Ctrl Pts',(-43.0718310738913,-7.68568928335829,29.2288403195174));
#1605=CARTESIAN_POINT('Ctrl Pts',(-42.3429436184527,-7.73807440279857,28.5975761013684));
#1606=CARTESIAN_POINT('Ctrl Pts',(-41.9542604612317,-7.79045952223886,27.5726096555922));
#1607=CARTESIAN_POINT('Ctrl Pts',(-42.0786774986256,-7.84284464167914,26.6181199143748));
#1608=CARTESIAN_POINT('Ctrl Pts',(-42.2030945360194,-7.89522976111943,25.6636301731575));
#1609=CARTESIAN_POINT('Ctrl Pts',(-42.8406117680279,-7.94761488055971,24.779617136499));
#1610=CARTESIAN_POINT('Ctrl Pts',(-43.7110781459467,-8.,24.3553744208029));
#1611=CARTESIAN_POINT('',(-46.2889218540532,-8.,24.3553744208028));
#1612=CARTESIAN_POINT('Origin',(-45.,-8.,27.));
#1613=CARTESIAN_POINT('Ctrl Pts',(-46.2920734050423,-7.99999999999999,24.3522343421577));
#1614=CARTESIAN_POINT('Ctrl Pts',(-45.5046024696372,-7.9525893053476,23.9743427685961));
#1615=CARTESIAN_POINT('Ctrl Pts',(-44.5338270293708,-7.90517861069521,23.9624200379699));
#1616=CARTESIAN_POINT('Ctrl Pts',(-43.7443481222804,-7.85776791604281,24.3344335145521));
#1617=CARTESIAN_POINT('Ctrl Pts',(-42.8720355112391,-7.80538279660253,24.7454793882108));
#1618=CARTESIAN_POINT('Ctrl Pts',(-42.221059247842,-7.75299767716224,25.6252547866052));
#1619=CARTESIAN_POINT('Ctrl Pts',(-42.0835218098512,-7.70061255772196,26.5794083880728));
#1620=CARTESIAN_POINT('Ctrl Pts',(-41.9459843718604,-7.64822743828167,27.5335619895405));
#1621=CARTESIAN_POINT('Ctrl Pts',(-42.3218857592759,-7.59584231884138,28.5620937940814));
#1622=CARTESIAN_POINT('Ctrl Pts',(-43.0425297491072,-7.5434571994011,29.2026158656428));
#1623=CARTESIAN_POINT('Ctrl Pts',(-43.7631737389384,-7.49107207996082,29.8431379372043));
#1624=CARTESIAN_POINT('Ctrl Pts',(-44.8285603311853,-7.43868696052053,30.0956502757863));
#1625=CARTESIAN_POINT('Ctrl Pts',(-45.7600784606475,-7.38630184108025,29.8469325622419));
#1626=CARTESIAN_POINT('Ctrl Pts',(-46.6915965901096,-7.33391672163996,29.5982148486975));
#1627=CARTESIAN_POINT('Ctrl Pts',(-47.4892462567871,-7.28153160219968,28.8482670830266));
#1628=CARTESIAN_POINT('Ctrl Pts',(-47.7947844686029,-7.22914648275939,27.9338428490606));
#1629=CARTESIAN_POINT('Ctrl Pts',(-47.894564810496,-7.2120389494764,27.6352171480123));
#1630=CARTESIAN_POINT('Ctrl Pts',(-47.9418617013221,-7.1949314161934,27.3190501103621));
#1631=CARTESIAN_POINT('Ctrl Pts',(-47.939593267209,-7.17782388291041,27.0022217733085));
#1632=CARTESIAN_POINT('Origin',(-45.,0.,-27.));
#1633=CARTESIAN_POINT('',(-47.9444352284391,-0.322176117089592,-27.0022323523629));
#1634=CARTESIAN_POINT('',(-47.9441790125817,-0.177823882910405,-27.0026829328156));
#1635=CARTESIAN_POINT('',(-47.942,0.,-27.));
#1636=CARTESIAN_POINT('',(-46.2889218540532,0.,-29.6446255791972));
#1637=CARTESIAN_POINT('Ctrl Pts',(-47.9441790125817,-0.177823882910405,
-27.0026829328156));
#1638=CARTESIAN_POINT('Ctrl Pts',(-47.9451725547725,-0.170934374713888,
-27.1295961420011));
#1639=CARTESIAN_POINT('Ctrl Pts',(-47.9376845255006,-0.164044866517372,
-27.2563462847448));
#1640=CARTESIAN_POINT('Ctrl Pts',(-47.9213216270842,-0.157155358320855,
-27.3818774619115));
#1641=CARTESIAN_POINT('Ctrl Pts',(-47.796904562254,-0.10477023888057,-28.3363673212439));
#1642=CARTESIAN_POINT('Ctrl Pts',(-47.159388231972,-0.0523851194402844,
-29.220382863501));
#1643=CARTESIAN_POINT('Ctrl Pts',(-46.2889218540532,1.07135040941474E-15,
-29.6446255791972));
#1644=CARTESIAN_POINT('',(-43.7110781459468,0.,-29.6446255791972));
#1645=CARTESIAN_POINT('Origin',(-45.,0.,-27.));
#1646=CARTESIAN_POINT('Ctrl Pts',(-43.7079274863322,2.63677968348475E-15,
-29.6477659275224));
#1647=CARTESIAN_POINT('Ctrl Pts',(-44.4953987038527,-0.0474106946523932,
-30.0256579448977));
#1648=CARTESIAN_POINT('Ctrl Pts',(-45.4661729253374,-0.0948213893047892,
-30.0375787913799));
#1649=CARTESIAN_POINT('Ctrl Pts',(-46.2556513153643,-0.142232083957185,
-29.6655650047511));
#1650=CARTESIAN_POINT('Ctrl Pts',(-47.1279633550908,-0.19461720339747,-29.2545187885152));
#1651=CARTESIAN_POINT('Ctrl Pts',(-47.7789399038679,-0.247002322837755,
-28.3747449692847));
#1652=CARTESIAN_POINT('Ctrl Pts',(-47.9164774429609,-0.299387442278041,
-27.4205919156811));
#1653=CARTESIAN_POINT('Ctrl Pts',(-47.9364213906969,-0.306983667215224,
-27.2822327538214));
#1654=CARTESIAN_POINT('Ctrl Pts',(-47.9455691956881,-0.314579892152408,
-27.1423096110091));
#1655=CARTESIAN_POINT('Ctrl Pts',(-47.9444352284391,-0.322176117089592,
-27.0022323523629));
#1656=CARTESIAN_POINT('Origin',(-45.,0.,-27.));
#1657=CARTESIAN_POINT('',(-47.9374560064882,-1.32217611708959,-26.999877072849));
#1658=CARTESIAN_POINT('',(-47.9374482440791,-1.1778238829104,-27.0000923280141));
#1659=CARTESIAN_POINT('',(-47.942,0.,-27.));
#1660=CARTESIAN_POINT('Ctrl Pts',(-47.9374482440791,-1.1778238829104,-27.0000923280141));
#1661=CARTESIAN_POINT('Ctrl Pts',(-47.9375667615154,-1.15191175802227,-27.4808642973172));
#1662=CARTESIAN_POINT('Ctrl Pts',(-47.825891174603,-1.12599963313413,-27.9615806354934));
#1663=CARTESIAN_POINT('Ctrl Pts',(-47.6021107641167,-1.10008750824599,-28.3827150395575));
#1664=CARTESIAN_POINT('Ctrl Pts',(-47.149706201298,-1.04770238880571,-29.234099329829));
#1665=CARTESIAN_POINT('Ctrl Pts',(-46.2391237566717,-0.995317269365422,
-29.841969349303));
#1666=CARTESIAN_POINT('Ctrl Pts',(-45.2793163506231,-0.942932149925137,
-29.9333811560361));
#1667=CARTESIAN_POINT('Ctrl Pts',(-44.3195089445745,-0.890547030484851,
-30.0247929627692));
#1668=CARTESIAN_POINT('Ctrl Pts',(-43.3104765771035,-0.838161911044566,
-29.5997465567614));
#1669=CARTESIAN_POINT('Ctrl Pts',(-42.7055498470883,-0.78577679160428,-28.8489737092349));
#1670=CARTESIAN_POINT('Ctrl Pts',(-42.1006231170731,-0.733391672163995,
-28.0982008617084));
#1671=CARTESIAN_POINT('Ctrl Pts',(-41.8998020245137,-0.68100655272371,-27.0217015726631));
#1672=CARTESIAN_POINT('Ctrl Pts',(-42.193077584436,-0.628621433283424,-26.1033798461191));
#1673=CARTESIAN_POINT('Ctrl Pts',(-42.4863531443583,-0.576236313843139,
-25.185058119575));
#1674=CARTESIAN_POINT('Ctrl Pts',(-43.2737253567624,-0.523851194402853,
-24.4249139555323));
#1675=CARTESIAN_POINT('Ctrl Pts',(-44.2019575832153,-0.471466074962568,
-24.16362344989));
#1676=CARTESIAN_POINT('Ctrl Pts',(-45.1301898096682,-0.419080955522283,
-23.9023329442476));
#1677=CARTESIAN_POINT('Ctrl Pts',(-46.1992820501698,-0.366695836081997,
-24.1398960970057));
#1678=CARTESIAN_POINT('Ctrl Pts',(-46.9281692707313,-0.314310716641712,
-24.7711597615886));
#1679=CARTESIAN_POINT('Ctrl Pts',(-47.5611957863055,-0.268815105397943,
-25.3194018307685));
#1680=CARTESIAN_POINT('Ctrl Pts',(-47.9376180494515,-0.223319494154174,
-26.1645978529947));
#1681=CARTESIAN_POINT('Ctrl Pts',(-47.9441790125817,-0.177823882910405,
-27.0026829328156));
#1682=CARTESIAN_POINT('Ctrl Pts',(-47.9444352284391,-0.322176117089592,
-27.0022323523629));
#1683=CARTESIAN_POINT('Ctrl Pts',(-47.9377491258151,-0.366965011592694,
-26.1763082108758));
#1684=CARTESIAN_POINT('Ctrl Pts',(-47.5736148905234,-0.411753906095795,
-25.3450261976401));
#1685=CARTESIAN_POINT('Ctrl Pts',(-46.957469667379,-0.456542800598897,-24.7973845181095));
#1686=CARTESIAN_POINT('Ctrl Pts',(-46.2368258232951,-0.508927920039183,
-24.1568624621184));
#1687=CARTESIAN_POINT('Ctrl Pts',(-45.1714396057184,-0.561313039479468,
-23.9043506381133));
#1688=CARTESIAN_POINT('Ctrl Pts',(-44.2399217638006,-0.613698158919754,
-24.1530683781999));
#1689=CARTESIAN_POINT('Ctrl Pts',(-43.3084039218829,-0.666083278360039,
-24.4017861182865));
#1690=CARTESIAN_POINT('Ctrl Pts',(-42.5107544556242,-0.718468397800325,
-25.1517334224648));
#1691=CARTESIAN_POINT('Ctrl Pts',(-42.2052163213104,-0.77085351724061,-26.066157341878));
#1692=CARTESIAN_POINT('Ctrl Pts',(-41.8996781869966,-0.823238636680895,
-26.9805812612911));
#1693=CARTESIAN_POINT('Ctrl Pts',(-42.0862513846277,-0.87562375612118,-28.0594817959391));
#1694=CARTESIAN_POINT('Ctrl Pts',(-42.6811510291137,-0.928008875561465,
-28.8182011753897));
#1695=CARTESIAN_POINT('Ctrl Pts',(-43.2760506735998,-0.980393995001751,
-29.5769205548403));
#1696=CARTESIAN_POINT('Ctrl Pts',(-44.2792767649408,-1.03277911444204,-30.0154587790936));
#1697=CARTESIAN_POINT('Ctrl Pts',(-45.2402027674293,-1.08516423388232,-29.9368628640198));
#1698=CARTESIAN_POINT('Ctrl Pts',(-46.2011287699179,-1.13754935332261,-29.858266948946));
#1699=CARTESIAN_POINT('Ctrl Pts',(-47.1197546835541,-1.18993447276289,-29.2625368945452));
#1700=CARTESIAN_POINT('Ctrl Pts',(-47.5834670374198,-1.24231959220318,-28.4172437035067));
#1701=CARTESIAN_POINT('Ctrl Pts',(-47.8190966559214,-1.26893843383198,-27.9877185669304));
#1702=CARTESIAN_POINT('Ctrl Pts',(-47.937265919167,-1.29555727546079,-27.4937553100592));
#1703=CARTESIAN_POINT('Ctrl Pts',(-47.9374560064882,-1.32217611708959,-26.999877072849));
#1704=CARTESIAN_POINT('Origin',(-45.,0.,-27.));
#1705=CARTESIAN_POINT('',(-47.9448895553899,-2.32217611708959,-26.9980737500607));
#1706=CARTESIAN_POINT('',(-47.944557617746,-2.1778238829104,-26.9979353340338));
#1707=CARTESIAN_POINT('',(-47.942,0.,-27.));
#1708=CARTESIAN_POINT('Ctrl Pts',(-47.944557617746,-2.1778238829104,-26.9979353340338));
#1709=CARTESIAN_POINT('Ctrl Pts',(-47.9379169900092,-2.13288914133065,-27.8265199877013));
#1710=CARTESIAN_POINT('Ctrl Pts',(-47.5710644672793,-2.08795439975089,-28.6602587456309));
#1711=CARTESIAN_POINT('Ctrl Pts',(-46.9513873469289,-2.04301965817113,-29.2079337328397));
#1712=CARTESIAN_POINT('Ctrl Pts',(-46.2289650335312,-1.99063453873085,-29.8464156426214));
#1713=CARTESIAN_POINT('Ctrl Pts',(-45.1629288351098,-1.93824941929056,-30.0961083105848));
#1714=CARTESIAN_POINT('Ctrl Pts',(-44.2321079317156,-1.88586429985028,-29.8448590147505));
#1715=CARTESIAN_POINT('Ctrl Pts',(-43.3012870283213,-1.83347918040999,-29.5936097189162));
#1716=CARTESIAN_POINT('Ctrl Pts',(-42.5056814199543,-1.7810940609697,-28.8414184592842));
#1717=CARTESIAN_POINT('Ctrl Pts',(-42.2026537118031,-1.72870894152942,-27.926143135505));
#1718=CARTESIAN_POINT('Ctrl Pts',(-41.899626003652,-1.67632382208913,-27.0108678117258));
#1719=CARTESIAN_POINT('Ctrl Pts',(-42.0891761957167,-1.62393870264885,-25.9325084237995));
#1720=CARTESIAN_POINT('Ctrl Pts',(-42.6861611375039,-1.57155358320856,-25.1754357122403));
#1721=CARTESIAN_POINT('Ctrl Pts',(-43.2831460792911,-1.51916846376828,-24.4183630006812));
#1722=CARTESIAN_POINT('Ctrl Pts',(-44.2875657708007,-1.46678334432799,-23.9825769654892));
#1723=CARTESIAN_POINT('Ctrl Pts',(-45.2482728209967,-1.41439822488771,-24.0638077307017));
#1724=CARTESIAN_POINT('Ctrl Pts',(-46.2089798711927,-1.36201310544742,-24.1450384959142));
#1725=CARTESIAN_POINT('Ctrl Pts',(-47.1259742800752,-1.30962798600713,-24.7432860615312));
#1726=CARTESIAN_POINT('Ctrl Pts',(-47.5873581440109,-1.25724286656685,-25.5898591248742));
#1727=CARTESIAN_POINT('Ctrl Pts',(-47.8205200160639,-1.2307698720147,-26.0176776415317));
#1728=CARTESIAN_POINT('Ctrl Pts',(-47.937327161325,-1.20429687746255,-26.5089140175076));
#1729=CARTESIAN_POINT('Ctrl Pts',(-47.9374482440791,-1.1778238829104,-27.0000923280141));
#1730=CARTESIAN_POINT('Ctrl Pts',(-47.9374560064882,-1.32217611708959,-26.999877072849));
#1731=CARTESIAN_POINT('Ctrl Pts',(-47.9376400055817,-1.34794239490107,-26.5218170564721));
#1732=CARTESIAN_POINT('Ctrl Pts',(-47.8272812141476,-1.37370867271255,-26.0438367008532));
#1733=CARTESIAN_POINT('Ctrl Pts',(-47.6059090831729,-1.39947495052403,-25.6244558408311));
#1734=CARTESIAN_POINT('Ctrl Pts',(-47.1558399809648,-1.45186006996432,-24.77181749687));
#1735=CARTESIAN_POINT('Ctrl Pts',(-46.2469029824532,-1.50424518940461,-24.1613971366236));
#1736=CARTESIAN_POINT('Ctrl Pts',(-45.287365112487,-1.55663030884489,-24.0673733912224));
#1737=CARTESIAN_POINT('Ctrl Pts',(-44.3278272425207,-1.60901542828518,-23.9733496458212));
#1738=CARTESIAN_POINT('Ctrl Pts',(-43.3176885010998,-1.66140054772546,-24.3957225152652));
#1739=CARTESIAN_POINT('Ctrl Pts',(-42.7106709248738,-1.71378566716575,-25.144776875398));
#1740=CARTESIAN_POINT('Ctrl Pts',(-42.1036533486477,-1.76617078660603,-25.8938312355308));
#1741=CARTESIAN_POINT('Ctrl Pts',(-41.8997569376165,-1.81855590604632,-26.9695670863523));
#1742=CARTESIAN_POINT('Ctrl Pts',(-42.190565820516,-1.8709410254866,-27.8887969477739));
#1743=CARTESIAN_POINT('Ctrl Pts',(-42.4813747034154,-1.92332614492689,-28.8080268091955));
#1744=CARTESIAN_POINT('Ctrl Pts',(-43.2668888802455,-1.97571126436717,-29.5707506812171));
#1745=CARTESIAN_POINT('Ctrl Pts',(-44.1942799352447,-2.02809638380746,-29.8343773387246));
#1746=CARTESIAN_POINT('Ctrl Pts',(-45.1216709902439,-2.08048150324775,-30.0980039962321));
#1747=CARTESIAN_POINT('Ctrl Pts',(-46.1909389234123,-2.13286662268803,-29.8625334392255));
#1748=CARTESIAN_POINT('Ctrl Pts',(-46.9218022485718,-2.18525174212832,-29.2337314589364));
#1749=CARTESIAN_POINT('Ctrl Pts',(-47.5585797981814,-2.23089320044874,-28.6858766543315));
#1750=CARTESIAN_POINT('Ctrl Pts',(-47.9384719513182,-2.27653465876917,-27.8394411087323));
#1751=CARTESIAN_POINT('Ctrl Pts',(-47.9448895553899,-2.32217611708959,-26.9980737500607));
#1752=CARTESIAN_POINT('Origin',(-45.,0.,-27.));
#1753=CARTESIAN_POINT('',(-47.9420171660328,-3.32217611708959,-27.0025477103488));
#1754=CARTESIAN_POINT('',(-47.9424003690525,-3.1778238829104,-27.0025295112152));
#1755=CARTESIAN_POINT('',(-47.942,0.,-27.));
#1756=CARTESIAN_POINT('Ctrl Pts',(-47.9424003690525,-3.1778238829104,-27.0025295112152));
#1757=CARTESIAN_POINT('Ctrl Pts',(-47.9443084864208,-3.16625164407931,-27.2163239891666));
#1758=CARTESIAN_POINT('Ctrl Pts',(-47.9229383854225,-3.15467940524822,-27.4297404406846));
#1759=CARTESIAN_POINT('Ctrl Pts',(-47.8768474379842,-3.14310716641712,-27.6376773099282));
#1760=CARTESIAN_POINT('Ctrl Pts',(-47.6682033007595,-3.09072204697684,-28.578964289082));
#1761=CARTESIAN_POINT('Ctrl Pts',(-46.9529833652511,-3.03833692753656,-29.407964507682));
#1762=CARTESIAN_POINT('Ctrl Pts',(-46.0524419555164,-2.98595180809627,-29.7523171097614));
#1763=CARTESIAN_POINT('Ctrl Pts',(-45.1519005457817,-2.93356668865598,-30.0966697118407));
#1764=CARTESIAN_POINT('Ctrl Pts',(-44.0660376618208,-2.8811815692157,-29.9563746973993));
#1765=CARTESIAN_POINT('Ctrl Pts',(-43.2825887747688,-2.82879644977541,-29.394448198554));
#1766=CARTESIAN_POINT('Ctrl Pts',(-42.4991398877168,-2.77641133033512,-28.8325216997087));
#1767=CARTESIAN_POINT('Ctrl Pts',(-42.0181049975738,-2.72402621089484,-27.8489637164595));
#1768=CARTESIAN_POINT('Ctrl Pts',(-42.0555498832721,-2.67164109145456,-26.8855575437647));
#1769=CARTESIAN_POINT('Ctrl Pts',(-42.0929947689704,-2.61925597201427,-25.9221513710699));
#1770=CARTESIAN_POINT('Ctrl Pts',(-42.6489194305102,-2.56687085257399,-24.9788970089297));
#1771=CARTESIAN_POINT('Ctrl Pts',(-43.4736199333619,-2.5144857331337,-24.4794747573643));
#1772=CARTESIAN_POINT('Ctrl Pts',(-44.2983204362137,-2.46210061369341,-23.9800525057989));
#1773=CARTESIAN_POINT('Ctrl Pts',(-45.3917967803774,-2.40971549425313,-23.9244623648084));
#1774=CARTESIAN_POINT('Ctrl Pts',(-46.2628938512148,-2.35733037481284,-24.3376735103198));
#1775=CARTESIAN_POINT('Ctrl Pts',(-47.1339909220522,-2.30494525537256,-24.7508846558313));
#1776=CARTESIAN_POINT('Ctrl Pts',(-47.7827087195631,-2.25256013593227,-25.6328970878447));
#1777=CARTESIAN_POINT('Ctrl Pts',(-47.9176634041317,-2.20017501649199,-26.5875388796514));
#1778=CARTESIAN_POINT('Ctrl Pts',(-47.9368570874682,-2.19272463863146,-26.7233110635541));
#1779=CARTESIAN_POINT('Ctrl Pts',(-47.9456586630426,-2.18527426077093,-26.8605523527986));
#1780=CARTESIAN_POINT('Ctrl Pts',(-47.944557617746,-2.1778238829104,-26.9979353340338));
#1781=CARTESIAN_POINT('Ctrl Pts',(-47.9448895553899,-2.32217611708959,-26.9980737500607));
#1782=CARTESIAN_POINT('Ctrl Pts',(-47.9458377754656,-2.32891977820945,-26.8737592221514));
#1783=CARTESIAN_POINT('Ctrl Pts',(-47.9386326947786,-2.33566343932931,-26.7495553375308));
#1784=CARTESIAN_POINT('Ctrl Pts',(-47.9228982449459,-2.34240710044917,-26.6264415420465));
#1785=CARTESIAN_POINT('Ctrl Pts',(-47.8006721990099,-2.39479221988946,-25.6700870090171));
#1786=CARTESIAN_POINT('Ctrl Pts',(-47.1637613899872,-2.44717733932974,-24.7795113465297));
#1787=CARTESIAN_POINT('Ctrl Pts',(-46.298246153835,-2.49956245877003,-24.3547331095244));
#1788=CARTESIAN_POINT('Ctrl Pts',(-45.4327309176828,-2.55194757821031,-23.9299548725191));
#1789=CARTESIAN_POINT('Ctrl Pts',(-44.3386112544011,-2.6043326976506,-23.9709740609958));
#1790=CARTESIAN_POINT('Ctrl Pts',(-43.5073313244491,-2.65671781709088,-24.4593661669717));
#1791=CARTESIAN_POINT('Ctrl Pts',(-42.6760513944971,-2.70910293653117,-24.9477582729477));
#1792=CARTESIAN_POINT('Ctrl Pts',(-42.1076111978747,-2.76148805597146,-25.8835232964228));
#1793=CARTESIAN_POINT('Ctrl Pts',(-42.0573362109304,-2.81387317541174,-26.8463449854062));
#1794=CARTESIAN_POINT('Ctrl Pts',(-42.0070612239861,-2.86625829485203,-27.8091666743896));
#1795=CARTESIAN_POINT('Ctrl Pts',(-42.4749514467197,-2.91864341429231,-28.7990450288812));
#1796=CARTESIAN_POINT('Ctrl Pts',(-43.250845293162,-2.97102853373259,-29.371357805825));
#1797=CARTESIAN_POINT('Ctrl Pts',(-44.0267391396043,-3.02341365317288,-29.9436705827688));
#1798=CARTESIAN_POINT('Ctrl Pts',(-45.1106366097551,-3.07579877261317,-30.0984177821647));
#1799=CARTESIAN_POINT('Ctrl Pts',(-46.0156850239499,-3.12818389205345,-29.7660918224395));
#1800=CARTESIAN_POINT('Ctrl Pts',(-46.9207334381446,-3.18056901149374,-29.4337658627143));
#1801=CARTESIAN_POINT('Ctrl Pts',(-47.6469327963833,-3.23295413093402,-28.6143667438679));
#1802=CARTESIAN_POINT('Ctrl Pts',(-47.868097168247,-3.28533925037431,-27.6759428007321));
#1803=CARTESIAN_POINT('Ctrl Pts',(-47.9199376054778,-3.29761820594607,-27.4559783140924));
#1804=CARTESIAN_POINT('Ctrl Pts',(-47.9440302498331,-3.30989716151783,-27.2294743276943));
#1805=CARTESIAN_POINT('Ctrl Pts',(-47.9420171660328,-3.32217611708959,-27.0025477103488));
#1806=CARTESIAN_POINT('Origin',(-45.,0.,-27.));
#1807=CARTESIAN_POINT('',(-47.9381630664165,-4.32217611708959,-26.9985911357867));
#1808=CARTESIAN_POINT('',(-47.9379833061048,-4.1778238829104,-26.9987681962184));
#1809=CARTESIAN_POINT('',(-47.942,0.,-27.));
#1810=CARTESIAN_POINT('Ctrl Pts',(-47.9379833061048,-4.1778238829104,-26.9987681962184));
#1811=CARTESIAN_POINT('Ctrl Pts',(-47.9357974607259,-4.14722902738769,-27.5661606982785));
#1812=CARTESIAN_POINT('Ctrl Pts',(-47.7771290677882,-4.11663417186498,-28.1346840156811));
#1813=CARTESIAN_POINT('Ctrl Pts',(-47.4700986219865,-4.08603931634226,-28.6067035594249));
#1814=CARTESIAN_POINT('Ctrl Pts',(-46.9443949930483,-4.03365419690198,-29.4149047996238));
#1815=CARTESIAN_POINT('Ctrl Pts',(-45.9837387978917,-3.98126907746169,-29.9401862285074));
#1816=CARTESIAN_POINT('Ctrl Pts',(-45.0196266095389,-3.92888395802141,-29.9466079357035));
#1817=CARTESIAN_POINT('Ctrl Pts',(-44.0555144211861,-3.87649883858112,-29.9530296428995));
#1818=CARTESIAN_POINT('Ctrl Pts',(-43.0879462396373,-3.82411371914084,-29.440591628408));
#1819=CARTESIAN_POINT('Ctrl Pts',(-42.5515232847454,-3.77172859970055,-28.6394649446122));
#1820=CARTESIAN_POINT('Ctrl Pts',(-42.0151003298536,-3.71934348026026,-27.8383382608165));
#1821=CARTESIAN_POINT('Ctrl Pts',(-41.9098226016188,-3.66695836081998,-26.7485229077165));
#1822=CARTESIAN_POINT('Ctrl Pts',(-42.2829775474167,-3.61457324137969,-25.8595296923811));
#1823=CARTESIAN_POINT('Ctrl Pts',(-42.6561324932146,-3.56218812193941,-24.9705364770456));
#1824=CARTESIAN_POINT('Ctrl Pts',(-43.5077201130453,-3.50980300249912,-24.2823653994746));
#1825=CARTESIAN_POINT('Ctrl Pts',(-44.4552340096631,-3.45741788305884,-24.1041212822651));
#1826=CARTESIAN_POINT('Ctrl Pts',(-45.4027479062809,-3.40503276361855,-23.9258771650556));
#1827=CARTESIAN_POINT('Ctrl Pts',(-46.4461880796859,-3.35264764417827,-24.2575600082076));
#1828=CARTESIAN_POINT('Ctrl Pts',(-47.1168739969179,-3.30026252473798,-24.9501882996373));
#1829=CARTESIAN_POINT('Ctrl Pts',(-47.6394007098227,-3.25944964412879,-25.4898101629967));
#1830=CARTESIAN_POINT('Ctrl Pts',(-47.9356708357724,-3.2186367635196,-26.2485208331285));
#1831=CARTESIAN_POINT('Ctrl Pts',(-47.9424003690525,-3.1778238829104,-27.0025295112152));
#1832=CARTESIAN_POINT('Ctrl Pts',(-47.9420171660328,-3.32217611708959,-27.0025477103488));
#1833=CARTESIAN_POINT('Ctrl Pts',(-47.9354419269334,-3.36228228095811,-26.2613481801283));
#1834=CARTESIAN_POINT('Ctrl Pts',(-47.650360272673,-3.40238844482664,-25.5156398528591));
#1835=CARTESIAN_POINT('Ctrl Pts',(-47.1439910839754,-3.44249460869516,-24.9785692523482));
#1836=CARTESIAN_POINT('Ctrl Pts',(-46.4825912423511,-3.49487972813545,-24.2770684145254));
#1837=CARTESIAN_POINT('Ctrl Pts',(-45.4436621736135,-3.54726484757574,-23.9315155063051));
#1838=CARTESIAN_POINT('Ctrl Pts',(-44.4938581655849,-3.59964996701602,-24.0971220349492));
#1839=CARTESIAN_POINT('Ctrl Pts',(-43.5440541575564,-3.65203508645631,-24.2627285635933));
#1840=CARTESIAN_POINT('Ctrl Pts',(-42.6833752102369,-3.70442020589659,-24.9394945291018));
#1841=CARTESIAN_POINT('Ctrl Pts',(-42.2984112588072,-3.75680532533688,-25.8234379278446));
#1842=CARTESIAN_POINT('Ctrl Pts',(-41.9134473073776,-3.80919044477716,-26.7073813265875));
#1843=CARTESIAN_POINT('Ctrl Pts',(-42.0041983518377,-3.86157556421745,-27.7985021585648));
#1844=CARTESIAN_POINT('Ctrl Pts',(-42.5299018750031,-3.91396068365773,-28.6067032361519));
#1845=CARTESIAN_POINT('Ctrl Pts',(-43.0556053981686,-3.96634580309802,-29.414904313739));
#1846=CARTESIAN_POINT('Ctrl Pts',(-44.0162614000392,-4.01873092253831,-29.9401856369359));
#1847=CARTESIAN_POINT('Ctrl Pts',(-44.9803733944102,-4.07111604197859,-29.9466073428395));
#1848=CARTESIAN_POINT('Ctrl Pts',(-45.9444853887811,-4.12350116141888,-29.9530290487431));
#1849=CARTESIAN_POINT('Ctrl Pts',(-46.9120533756523,-4.17588628085916,-29.4405911373534));
#1850=CARTESIAN_POINT('Ctrl Pts',(-47.4484762226149,-4.22827140029945,-28.639464614747));
#1851=CARTESIAN_POINT('Ctrl Pts',(-47.7690038588469,-4.25957297256283,-28.1607691377221));
#1852=CARTESIAN_POINT('Ctrl Pts',(-47.9355955923191,-4.29087454482621,-27.5790003847384));
#1853=CARTESIAN_POINT('Ctrl Pts',(-47.9381630664165,-4.32217611708959,-26.9985911357867));
#1854=CARTESIAN_POINT('Origin',(-45.,0.,-27.));
#1855=CARTESIAN_POINT('',(-47.9464746537517,-5.32217611708959,-26.9993309220981));
#1856=CARTESIAN_POINT('',(-47.9463248100495,-5.17782388291041,-26.9991113896558));
#1857=CARTESIAN_POINT('',(-47.942,0.,-27.));
#1858=CARTESIAN_POINT('Ctrl Pts',(-47.9463248100495,-5.17782388291041,-26.9991113896558));
#1859=CARTESIAN_POINT('Ctrl Pts',(-47.9426398331756,-5.12820641069607,-27.9125971991616));
#1860=CARTESIAN_POINT('Ctrl Pts',(-47.4840564873523,-5.07858893848173,-28.8292822253812));
#1861=CARTESIAN_POINT('Ctrl Pts',(-46.7491550587735,-5.0289714662674,-29.3713582829548));
#1862=CARTESIAN_POINT('Ctrl Pts',(-45.9732610562206,-4.97658634682712,-29.9436711750555));
#1863=CARTESIAN_POINT('Ctrl Pts',(-44.8893633679843,-4.92420122738683,-30.0984184055735));
#1864=CARTESIAN_POINT('Ctrl Pts',(-43.984314771691,-4.87181610794655,-29.7660923789803));
#1865=CARTESIAN_POINT('Ctrl Pts',(-43.0792661753978,-4.81943098850626,-29.4337663523871));
#1866=CARTESIAN_POINT('Ctrl Pts',(-42.3530666710474,-4.76704586906597,-28.6143670686826));
#1867=CARTESIAN_POINT('Ctrl Pts',(-42.1319022546852,-4.71466074962569,-27.6759429367353));
#1868=CARTESIAN_POINT('Ctrl Pts',(-41.910737838323,-4.6622756301854,-26.7375188047879));
#1869=CARTESIAN_POINT('Ctrl Pts',(-42.1946085099488,-4.60989051074512,-25.6800698245977));
#1870=CARTESIAN_POINT('Ctrl Pts',(-42.8560084846482,-4.55750539130483,-24.9785688456304));
#1871=CARTESIAN_POINT('Ctrl Pts',(-43.5174084593476,-4.50512027186455,-24.2770678666631));
#1872=CARTESIAN_POINT('Ctrl Pts',(-44.5563377371206,-4.45273515242426,-23.9315148889188));
#1873=CARTESIAN_POINT('Ctrl Pts',(-45.5061419362521,-4.40035003298397,-24.0971214508837));
#1874=CARTESIAN_POINT('Ctrl Pts',(-46.4559461353836,-4.34796491354369,-24.2627280128486));
#1875=CARTESIAN_POINT('Ctrl Pts',(-47.3166252558737,-4.2955797941034,-24.9394941145229));
#1876=CARTESIAN_POINT('Ctrl Pts',(-47.701589284759,-4.24319467466312,-25.8234376911172));
#1877=CARTESIAN_POINT('Ctrl Pts',(-47.8617200218425,-4.22140441074555,-26.1911253861732));
#1878=CARTESIAN_POINT('Ctrl Pts',(-47.9395401086088,-4.19961414682798,-26.5946599841185));
#1879=CARTESIAN_POINT('Ctrl Pts',(-47.9379833061048,-4.1778238829104,-26.9987681962184));
#1880=CARTESIAN_POINT('Ctrl Pts',(-47.9381630664165,-4.32217611708959,-26.9985911357867));
#1881=CARTESIAN_POINT('Ctrl Pts',(-47.9398924192044,-4.3432596642665,-26.6076495664873));
#1882=CARTESIAN_POINT('Ctrl Pts',(-47.8672063171567,-4.3643432114434,-26.2173247846758));
#1883=CARTESIAN_POINT('Ctrl Pts',(-47.7170219059126,-4.3854267586203,-25.8595299218482));
#1884=CARTESIAN_POINT('Ctrl Pts',(-47.3438670351938,-4.43781187806059,-24.9705368853787));
#1885=CARTESIAN_POINT('Ctrl Pts',(-46.4922795867021,-4.49019699750087,-24.2823659462627));
#1886=CARTESIAN_POINT('Ctrl Pts',(-45.5447658807274,-4.54258211694116,-24.1041218649194));
#1887=CARTESIAN_POINT('Ctrl Pts',(-44.5972521747528,-4.59496723638144,-23.9258777835761));
#1888=CARTESIAN_POINT('Ctrl Pts',(-43.5538122112952,-4.64735235582173,-24.2575605600055));
#1889=CARTESIAN_POINT('Ctrl Pts',(-42.8831264290046,-4.69973747526201,-24.9501887120708));
#1890=CARTESIAN_POINT('Ctrl Pts',(-42.2124406467141,-4.7521225947023,-25.6428168641362));
#1891=CARTESIAN_POINT('Ctrl Pts',(-41.9145090455907,-4.80450771414259,-26.6963903918374));
#1892=CARTESIAN_POINT('Ctrl Pts',(-42.1231531408396,-4.85689283358287,-27.6376771816134));
#1893=CARTESIAN_POINT('Ctrl Pts',(-42.3317972360886,-4.90927795302316,-28.5789639713893));
#1894=CARTESIAN_POINT('Ctrl Pts',(-43.04701702771,-4.96166307246344,-29.4079640232401));
#1895=CARTESIAN_POINT('Ctrl Pts',(-43.9475582562462,-5.01404819190373,-29.752316556013));
#1896=CARTESIAN_POINT('Ctrl Pts',(-44.8480994847825,-5.06643331134401,-30.0966690887859));
#1897=CARTESIAN_POINT('Ctrl Pts',(-45.9339621502335,-5.1188184307843,-29.9563741024808));
#1898=CARTESIAN_POINT('Ctrl Pts',(-46.7174108796674,-5.17120355022459,-29.3944477167384));
#1899=CARTESIAN_POINT('Ctrl Pts',(-47.4700372422268,-5.22152773917959,-28.854628586477));
#1900=CARTESIAN_POINT('Ctrl Pts',(-47.9435766785799,-5.27185192813459,-27.9257010281756));
#1901=CARTESIAN_POINT('Ctrl Pts',(-47.9464746537517,-5.32217611708959,-26.9993309220981));
#1902=CARTESIAN_POINT('Origin',(-45.,0.,-27.));
#1903=CARTESIAN_POINT('',(-47.9396624908182,-6.32217611708959,-27.0022265627127));
#1904=CARTESIAN_POINT('',(-47.9399854126007,-6.17782388291041,-27.0023216829665));
#1905=CARTESIAN_POINT('',(-47.942,0.,-27.));
#1906=CARTESIAN_POINT('Ctrl Pts',(-47.9399854126007,-6.17782388291041,-27.0023216829665));
#1907=CARTESIAN_POINT('Ctrl Pts',(-47.9422768280163,-6.16156891344474,-27.3032585246936));
#1908=CARTESIAN_POINT('Ctrl Pts',(-47.8996720203299,-6.14531394397907,-27.6035623782514));
#1909=CARTESIAN_POINT('Ctrl Pts',(-47.8094347446626,-6.1290589745134,-27.8887971259468));
#1910=CARTESIAN_POINT('Ctrl Pts',(-47.5186258032012,-6.07667385507311,-28.8080271717552));
#1911=CARTESIAN_POINT('Ctrl Pts',(-46.7331114684783,-6.02428873563282,-29.5707511985031));
#1912=CARTESIAN_POINT('Ctrl Pts',(-45.8057202269178,-5.97190361619254,-29.8343779093523));
#1913=CARTESIAN_POINT('Ctrl Pts',(-44.8783289853573,-5.91951849675225,-30.0980046202015));
#1914=CARTESIAN_POINT('Ctrl Pts',(-43.8090608369592,-5.86713337731197,-29.8625340151521));
#1915=CARTESIAN_POINT('Ctrl Pts',(-43.0781973647288,-5.81474825787168,-29.2337319081884));
#1916=CARTESIAN_POINT('Ctrl Pts',(-42.3473338924985,-5.7623631384314,-28.6049298012247));
#1917=CARTESIAN_POINT('Ctrl Pts',(-41.954875096436,-5.70997801899111,-27.5827961923467));
#1918=CARTESIAN_POINT('Ctrl Pts',(-42.0771011669755,-5.65759289955082,-26.6264414669797));
#1919=CARTESIAN_POINT('Ctrl Pts',(-42.1993272375151,-5.60520778011054,-25.6700867416127));
#1920=CARTESIAN_POINT('Ctrl Pts',(-42.8362381746567,-5.55282266067025,-24.7795108997566));
#1921=CARTESIAN_POINT('Ctrl Pts',(-43.7017535849462,-5.50043754122997,-24.3547325772412));
#1922=CARTESIAN_POINT('Ctrl Pts',(-44.5672689952356,-5.44805242178969,-23.9299542547258));
#1923=CARTESIAN_POINT('Ctrl Pts',(-45.661388878673,-5.3956673023494,-23.9709734515511));
#1924=CARTESIAN_POINT('Ctrl Pts',(-46.4926689758842,-5.34328218290911,-24.4593656558156));
#1925=CARTESIAN_POINT('Ctrl Pts',(-47.3239490730953,-5.29089706346883,-24.94775786008));
#1926=CARTESIAN_POINT('Ctrl Pts',(-47.8923893840803,-5.23851194402855,-25.8835230717837));
#1927=CARTESIAN_POINT('Ctrl Pts',(-47.9426643811381,-5.18612682458826,-26.8463449544772));
#1928=CARTESIAN_POINT('Ctrl Pts',(-47.9453205449042,-5.18335917736231,-26.8972134328007));
#1929=CARTESIAN_POINT('Ctrl Pts',(-47.9465303569177,-5.18059153013636,-26.9481574342487));
#1930=CARTESIAN_POINT('Ctrl Pts',(-47.9463248100495,-5.17782388291041,-26.9991113896558));
#1931=CARTESIAN_POINT('Ctrl Pts',(-47.9464746537517,-5.32217611708959,-26.9993309220981));
#1932=CARTESIAN_POINT('Ctrl Pts',(-47.9465933347578,-5.32423704757487,-26.9613932139717));
#1933=CARTESIAN_POINT('Ctrl Pts',(-47.9459226772353,-5.32629797806016,-26.9234597950883));
#1934=CARTESIAN_POINT('Ctrl Pts',(-47.9444495243285,-5.32835890854544,-26.885557566881));
#1935=CARTESIAN_POINT('Ctrl Pts',(-47.9070046461392,-5.38074402798573,-25.9221515879456));
#1936=CARTESIAN_POINT('Ctrl Pts',(-47.3510800963441,-5.43312914742601,-24.9788974152545));
#1937=CARTESIAN_POINT('Ctrl Pts',(-46.5263797594693,-5.4855142668663,-24.4794752643269));
#1938=CARTESIAN_POINT('Ctrl Pts',(-45.7016794225945,-5.53789938630658,-23.9800531133992));
#1939=CARTESIAN_POINT('Ctrl Pts',(-44.60820329864,-5.59028450574687,-23.9244629842351));
#1940=CARTESIAN_POINT('Ctrl Pts',(-43.7371064029884,-5.64266962518715,-24.3376740463175));
#1941=CARTESIAN_POINT('Ctrl Pts',(-42.8660095073368,-5.69505474462744,-24.7508851083998));
#1942=CARTESIAN_POINT('Ctrl Pts',(-42.2172918399881,-5.74743986406772,-25.6328973617287));
#1943=CARTESIAN_POINT('Ctrl Pts',(-42.0823371827157,-5.79982498350801,-26.5875389620075));
#1944=CARTESIAN_POINT('Ctrl Pts',(-41.9473825254433,-5.85221010294829,-27.5421805622863));
#1945=CARTESIAN_POINT('Ctrl Pts',(-42.3261908782472,-5.90459522238858,-28.569451509515));
#1946=CARTESIAN_POINT('Ctrl Pts',(-43.0486130460445,-5.95698034182887,-29.2079332898004));
#1947=CARTESIAN_POINT('Ctrl Pts',(-43.7710352138418,-6.00936546126915,-29.8464150700858));
#1948=CARTESIAN_POINT('Ctrl Pts',(-44.8370711966324,-6.06175058070944,-30.0961076834278));
#1949=CARTESIAN_POINT('Ctrl Pts',(-45.7678919131591,-6.11413570014972,-29.8448584400792));
#1950=CARTESIAN_POINT('Ctrl Pts',(-46.6987126296858,-6.16652081959001,-29.5936091967306));
#1951=CARTESIAN_POINT('Ctrl Pts',(-47.4943180799487,-6.21890593903029,-28.8414180966912));
#1952=CARTESIAN_POINT('Ctrl Pts',(-47.7973457264579,-6.27129105847058,-27.9261429534658));
#1953=CARTESIAN_POINT('Ctrl Pts',(-47.8954625181508,-6.28825274467692,-27.6297876155812));
#1954=CARTESIAN_POINT('Ctrl Pts',(-47.9419380284561,-6.30521443088325,-27.3163347371663));
#1955=CARTESIAN_POINT('Ctrl Pts',(-47.9396624908182,-6.32217611708959,-27.0022265627127));
#1956=CARTESIAN_POINT('Origin',(-45.,0.,-27.));
#1957=CARTESIAN_POINT('',(-47.9398468862039,-7.32217611708959,-26.9975719652059));
#1958=CARTESIAN_POINT('',(-47.9395930276034,-7.1778238829104,-26.9977782047827));
#1959=CARTESIAN_POINT('',(-47.942,0.,-27.));
#1960=CARTESIAN_POINT('',(-43.7110781459468,-8.,-29.6446255791972));
#1961=CARTESIAN_POINT('Ctrl Pts',(-47.9398468862039,-7.32217611708959,-26.9975719652059));
#1962=CARTESIAN_POINT('Ctrl Pts',(-47.9421288231145,-7.33857693363192,-26.6939033779898));
#1963=CARTESIAN_POINT('Ctrl Pts',(-47.8987410376492,-7.35497775017424,-26.3908892238883));
#1964=CARTESIAN_POINT('Ctrl Pts',(-47.8069218566509,-7.37137856671657,-26.1033797205666));
#1965=CARTESIAN_POINT('Ctrl Pts',(-47.5136462900907,-7.42376368615686,-25.1850583898659));
#1966=CARTESIAN_POINT('Ctrl Pts',(-46.7262740627474,-7.47614880559714,-24.4249153666989));
#1967=CARTESIAN_POINT('Ctrl Pts',(-45.7980421964964,-7.52853392503743,-24.1636245536));
#1968=CARTESIAN_POINT('Ctrl Pts',(-44.8698103302454,-7.58091904447772,-23.902333740501));
#1969=CARTESIAN_POINT('Ctrl Pts',(-43.8007188250867,-7.633304163918,-24.13989513747));
#1970=CARTESIAN_POINT('Ctrl Pts',(-43.071831249928,-7.68568928335828,-24.771159637679));
#1971=CARTESIAN_POINT('Ctrl Pts',(-42.3429436747692,-7.73807440279857,-25.402424137888));
#1972=CARTESIAN_POINT('Ctrl Pts',(-41.9542600296103,-7.79045952223886,-26.4273917413371));
#1973=CARTESIAN_POINT('Ctrl Pts',(-42.078677052925,-7.84284464167914,-27.3818814227403));
#1974=CARTESIAN_POINT('Ctrl Pts',(-42.2030940762397,-7.89522976111943,-28.3363711041436));
#1975=CARTESIAN_POINT('Ctrl Pts',(-42.8406117680279,-7.94761488055971,-29.220382863501));
#1976=CARTESIAN_POINT('Ctrl Pts',(-43.7110781459467,-8.,-29.6446255791972));
#1977=CARTESIAN_POINT('',(-46.2889218540532,-8.,-29.6446255791972));
#1978=CARTESIAN_POINT('Origin',(-45.,-8.,-27.));
#1979=CARTESIAN_POINT('Ctrl Pts',(-46.2920731477462,-7.99999999999999,-29.6477657343014));
#1980=CARTESIAN_POINT('Ctrl Pts',(-45.5046021305654,-7.9525893053476,-30.0256574366207));
#1981=CARTESIAN_POINT('Ctrl Pts',(-44.5338270425537,-7.90517861069521,-30.0375796229504));
#1982=CARTESIAN_POINT('Ctrl Pts',(-43.7443482850393,-7.85776791604281,-29.6655660569038));
#1983=CARTESIAN_POINT('Ctrl Pts',(-42.8720358392677,-7.80538279660253,-29.254520084394));
#1984=CARTESIAN_POINT('Ctrl Pts',(-42.2210594936994,-7.75299767716224,-28.3747451424317));
#1985=CARTESIAN_POINT('Ctrl Pts',(-42.0835220265471,-7.70061255772195,-27.4205916995202));
#1986=CARTESIAN_POINT('Ctrl Pts',(-41.9459845593948,-7.64822743828167,-26.4664382566087));
#1987=CARTESIAN_POINT('Ctrl Pts',(-42.3218859706586,-7.59584231884138,-25.437906312748));
#1988=CARTESIAN_POINT('Ctrl Pts',(-43.0425299181765,-7.5434571994011,-24.7973842458559));
#1989=CARTESIAN_POINT('Ctrl Pts',(-43.7631738656944,-7.49107207996081,-24.1568621789637));
#1990=CARTESIAN_POINT('Ctrl Pts',(-44.8285603494664,-7.43868696052053,-23.9043499890399));
#1991=CARTESIAN_POINT('Ctrl Pts',(-45.7600783956187,-7.38630184108025,-24.1530677101787));
#1992=CARTESIAN_POINT('Ctrl Pts',(-46.6915964417711,-7.33391672163996,-24.4017854313176));
#1993=CARTESIAN_POINT('Ctrl Pts',(-47.4892460503037,-7.28153160219967,-25.151733063519));
#1994=CARTESIAN_POINT('Ctrl Pts',(-47.7947842396407,-7.22914648275939,-26.0661572063745));
#1995=CARTESIAN_POINT('Ctrl Pts',(-47.8945645741929,-7.21203894947639,-26.3647828776685));
#1996=CARTESIAN_POINT('Ctrl Pts',(-47.9418614614818,-7.1949314161934,-26.6809498900821));
#1997=CARTESIAN_POINT('Ctrl Pts',(-47.9395930276034,-7.1778238829104,-26.9977782047827));
#1998=CARTESIAN_POINT('Origin',(-45.,1.65141010809498,-27.));
#1999=CARTESIAN_POINT('',(-47.3700142258171,-7.65141010809498,-26.9980425929561));
#2000=CARTESIAN_POINT('',(-47.3750065426118,-7.84858989190502,-27.0003540498442));
#2001=CARTESIAN_POINT('',(-47.37175,1.65141010809498,-27.));
#2002=CARTESIAN_POINT('',(-46.377024790131,-8.,-25.0689379114424));
#2003=CARTESIAN_POINT('Ctrl Pts',(-47.3750065426118,-7.84858989190502,-27.0003540498442));
#2004=CARTESIAN_POINT('Ctrl Pts',(-47.3729932815667,-7.89905992793668,-26.2528063298925));
#2005=CARTESIAN_POINT('Ctrl Pts',(-46.9893888882577,-7.94952996396834,-25.5056098075472));
#2006=CARTESIAN_POINT('Ctrl Pts',(-46.377024790131,-8.,-25.0689379114424));
#2007=CARTESIAN_POINT('',(-43.6200519109937,-8.,-25.0668606514133));
#2008=CARTESIAN_POINT('Origin',(-45.,-8.,-27.));
#2009=CARTESIAN_POINT('Ctrl Pts',(-47.3700142258171,-7.65141010809498,-26.9980425929561));
#2010=CARTESIAN_POINT('Ctrl Pts',(-47.3718538532365,-7.6678109246373,-26.7532343088875));
#2011=CARTESIAN_POINT('Ctrl Pts',(-47.2251545992048,-7.73659686061991,-25.728707477408));
#2012=CARTESIAN_POINT('Ctrl Pts',(-45.8171893709858,-7.85279349125492,-24.3694330352505));
#2013=CARTESIAN_POINT('Ctrl Pts',(-44.1958363390206,-7.9525893053476,-24.6615256912257));
#2014=CARTESIAN_POINT('Ctrl Pts',(-43.6200519109937,-8.,-25.0668606514133));
#2015=CARTESIAN_POINT('Origin',(-45.,1.65141010809498,-27.));
#2016=CARTESIAN_POINT('',(-47.3698655719232,-6.65141010809498,-27.0017949864424));
#2017=CARTESIAN_POINT('',(-47.3698095728138,-6.84858989190502,-26.9982088569658));
#2018=CARTESIAN_POINT('',(-47.37175,1.65141010809498,-27.));
#2019=CARTESIAN_POINT('Ctrl Pts',(-47.3698095728138,-6.84858989190502,-26.9982088569658));
#2020=CARTESIAN_POINT('Ctrl Pts',(-47.3716383145035,-6.86569742518802,-26.7427916049634));
#2021=CARTESIAN_POINT('Ctrl Pts',(-47.2167529802705,-6.93519007791129,-25.7074246665004));
#2022=CARTESIAN_POINT('Ctrl Pts',(-45.7206724682982,-7.05706785007486,-24.3008145139544));
#2023=CARTESIAN_POINT('Ctrl Pts',(-43.1440269283053,-7.21422320839571,-24.9115172193775));
#2024=CARTESIAN_POINT('Ctrl Pts',(-42.2349064264378,-7.37137856671658,-27.3990297664728));
#2025=CARTESIAN_POINT('Ctrl Pts',(-43.8092978074048,-7.52853392503742,-29.5267723415231));
#2026=CARTESIAN_POINT('Ctrl Pts',(-46.4542953657825,-7.68568928335829,-29.387265562462));
#2027=CARTESIAN_POINT('Ctrl Pts',(-47.3616706784275,-7.79237460564748,-27.8330131083021));
#2028=CARTESIAN_POINT('Ctrl Pts',(-47.375082935718,-7.8466748084964,-27.0287197168459));
#2029=CARTESIAN_POINT('Ctrl Pts',(-47.3750065426118,-7.84858989190502,-27.0003540498442));
#2030=CARTESIAN_POINT('Ctrl Pts',(-47.3698655719232,-6.65141010809498,-27.0017949864424));
#2031=CARTESIAN_POINT('Ctrl Pts',(-47.3660343978035,-6.68683354132892,-26.472951565567));
#2032=CARTESIAN_POINT('Ctrl Pts',(-46.9316249735571,-6.77464209400315,-25.1563288255424));
#2033=CARTESIAN_POINT('Ctrl Pts',(-44.7646103475489,-6.91483576611768,-24.2161295615107));
#2034=CARTESIAN_POINT('Ctrl Pts',(-42.5468526273478,-7.07199112443853,-25.6629955560398));
#2035=CARTESIAN_POINT('Ctrl Pts',(-42.5328898396199,-7.22914648275939,-28.3110159893013));
#2036=CARTESIAN_POINT('Ctrl Pts',(-44.7351401302882,-7.38630184108024,-29.7811536580305));
#2037=CARTESIAN_POINT('Ctrl Pts',(-46.9208158628943,-7.52705638285878,-28.8604568142567));
#2038=CARTESIAN_POINT('Ctrl Pts',(-47.3659779810298,-7.61542580519702,-27.5351655723589));
#2039=CARTESIAN_POINT('Ctrl Pts',(-47.3700142258171,-7.65141010809498,-26.9980425929561));
#2040=CARTESIAN_POINT('Origin',(-45.,1.65141010809498,-27.));
#2041=CARTESIAN_POINT('',(-47.3753573283601,-5.65141010809498,-26.9994606099545));
#2042=CARTESIAN_POINT('',(-47.3701259015417,-5.84858989190502,-27.0018716694683));
#2043=CARTESIAN_POINT('',(-47.37175,1.65141010809498,-27.));
#2044=CARTESIAN_POINT('Ctrl Pts',(-47.3701259015417,-5.84858989190502,-27.0018716694683));
#2045=CARTESIAN_POINT('Ctrl Pts',(-47.3660199513415,-5.88472004187963,-26.4626278129729));
#2046=CARTESIAN_POINT('Ctrl Pts',(-46.9178825316462,-5.97323531129454,-25.135357635841));
#2047=CARTESIAN_POINT('Ctrl Pts',(-44.7275421531521,-6.11413570014972,-24.2195028900517));
#2048=CARTESIAN_POINT('Ctrl Pts',(-42.5292704754681,-6.27129105847058,-25.6958096209621));
#2049=CARTESIAN_POINT('Ctrl Pts',(-42.5505504303171,-6.42844641679144,-28.343728703407));
#2050=CARTESIAN_POINT('Ctrl Pts',(-44.7722548323832,-6.58560177511229,-29.7845068579641));
#2051=CARTESIAN_POINT('Ctrl Pts',(-46.9344434521738,-6.72564960015016,-28.8393535353727));
#2052=CARTESIAN_POINT('Ctrl Pts',(-47.3660385094203,-6.81331230574773,-27.5249068890269));
#2053=CARTESIAN_POINT('Ctrl Pts',(-47.3698095728138,-6.84858989190502,-26.9982088569658));
#2054=CARTESIAN_POINT('Ctrl Pts',(-47.3753573283601,-5.65141010809498,-26.9994606099545));
#2055=CARTESIAN_POINT('Ctrl Pts',(-47.3754530053405,-5.65347103858026,-26.96887639539));
#2056=CARTESIAN_POINT('Ctrl Pts',(-47.3611696554563,-5.70791708850583,-26.160988201971));
#2057=CARTESIAN_POINT('Ctrl Pts',(-46.4471992411719,-5.81474825787168,-24.6102266691195));
#2058=CARTESIAN_POINT('Ctrl Pts',(-43.8026186867981,-5.97190361619254,-24.4757815071429));
#2059=CARTESIAN_POINT('Ctrl Pts',(-42.2336899367632,-6.12905897451339,-26.6089350372239));
#2060=CARTESIAN_POINT('Ctrl Pts',(-43.1498408994717,-6.28621433283425,-29.0933978541067));
#2061=CARTESIAN_POINT('Ctrl Pts',(-45.7280572579185,-6.4433696911551,-29.6972813915241));
#2062=CARTESIAN_POINT('Ctrl Pts',(-47.218518002098,-6.56510161624202,-28.2881516446637));
#2063=CARTESIAN_POINT('Ctrl Pts',(-47.3717000404455,-6.63444842188864,-27.2550193449605));
#2064=CARTESIAN_POINT('Ctrl Pts',(-47.3698655719232,-6.65141010809498,-27.0017949864424));
#2065=CARTESIAN_POINT('Origin',(-45.,1.65141010809498,-27.));
#2066=CARTESIAN_POINT('',(-47.3686567820439,-4.65141010809498,-26.9988642169619));
#2067=CARTESIAN_POINT('',(-47.3752365289718,-4.84858989190502,-26.9992836296452));
#2068=CARTESIAN_POINT('',(-47.37175,1.65141010809498,-27.));
#2069=CARTESIAN_POINT('Ctrl Pts',(-47.3752365289718,-4.84858989190502,-26.9992836296452));
#2070=CARTESIAN_POINT('Ctrl Pts',(-47.375402234541,-4.85135753913097,-26.9582061164784));
#2071=CARTESIAN_POINT('Ctrl Pts',(-47.355966511392,-4.90651030579721,-26.1397868106821));
#2072=CARTESIAN_POINT('Ctrl Pts',(-46.4152372217998,-5.01404819190373,-24.5911602868071));
#2073=CARTESIAN_POINT('Ctrl Pts',(-43.7690997300841,-5.17120355022458,-24.4919550386049));
#2074=CARTESIAN_POINT('Ctrl Pts',(-42.2287256493578,-5.32835890854544,-26.6458196744875));
#2075=CARTESIAN_POINT('Ctrl Pts',(-43.1778903158037,-5.48551426686629,-29.1178577984061));
#2076=CARTESIAN_POINT('Ctrl Pts',(-45.7639236920409,-5.64266962518715,-29.6873452975829));
#2077=CARTESIAN_POINT('Ctrl Pts',(-47.2269369311961,-5.76369483353339,-28.2667787978671));
#2078=CARTESIAN_POINT('Ctrl Pts',(-47.3719731702405,-5.83233492243935,-27.2444777042631));
#2079=CARTESIAN_POINT('Ctrl Pts',(-47.3701259015417,-5.84858989190502,-27.0018716694683));
#2080=CARTESIAN_POINT('Ctrl Pts',(-47.3686567820439,-4.65141010809498,-26.9988642169619));
#2081=CARTESIAN_POINT('Ctrl Pts',(-47.370050933123,-4.67249365527188,-26.6836991364093));
#2082=CARTESIAN_POINT('Ctrl Pts',(-47.1658601671969,-4.74596232188907,-25.5871935608899));
#2083=CARTESIAN_POINT('Ctrl Pts',(-45.516506315024,-4.87181610794654,-24.2543446662815));
#2084=CARTESIAN_POINT('Ctrl Pts',(-42.9929386059853,-5.0289714662674,-25.0565220541093));
#2085=CARTESIAN_POINT('Ctrl Pts',(-42.2723886994953,-5.18612682458825,-27.6045978674935));
#2086=CARTESIAN_POINT('Ctrl Pts',(-44.0021533569848,-5.34328218290912,-29.6095409738602));
#2087=CARTESIAN_POINT('Ctrl Pts',(-46.5938812254893,-5.49837661074469,-29.2746860816283));
#2088=CARTESIAN_POINT('Ctrl Pts',(-47.3730210698239,-5.60108591913998,-27.7462717245328));
#2089=CARTESIAN_POINT('Ctrl Pts',(-47.3753573283601,-5.65141010809498,-26.9994606099545));
#2090=CARTESIAN_POINT('Origin',(-45.,1.65141010809498,-27.));
#2091=CARTESIAN_POINT('',(-47.3717638387282,-3.65141010809498,-27.0020538857987));
#2092=CARTESIAN_POINT('',(-47.3685118648042,-3.84858989190502,-26.9990069576414));
#2093=CARTESIAN_POINT('',(-47.37175,1.65141010809498,-27.));
#2094=CARTESIAN_POINT('Ctrl Pts',(-47.3685118648042,-3.84858989190502,-26.9990069576414));
#2095=CARTESIAN_POINT('Ctrl Pts',(-47.3697669111465,-3.87038015582259,-26.6732273342397));
#2096=CARTESIAN_POINT('Ctrl Pts',(-47.1562091984258,-3.94455553918045,-25.5658278269682));
#2097=CARTESIAN_POINT('Ctrl Pts',(-45.4798859764017,-4.07111604197859,-24.2477073972902));
#2098=CARTESIAN_POINT('Ctrl Pts',(-42.967227395955,-4.22827140029945,-25.0834299754329));
#2099=CARTESIAN_POINT('Ctrl Pts',(-42.2806839573807,-4.3854267586203,-27.6408786009591));
#2100=CARTESIAN_POINT('Ctrl Pts',(-44.0370031359424,-4.54258211694116,-29.6226021745072));
#2101=CARTESIAN_POINT('Ctrl Pts',(-46.6122526918823,-4.69696982803607,-29.2549357969517));
#2102=CARTESIAN_POINT('Ctrl Pts',(-47.3722658138458,-4.79897241969068,-27.7357078202283));
#2103=CARTESIAN_POINT('Ctrl Pts',(-47.3752365289718,-4.84858989190502,-26.9992836296452));
#2104=CARTESIAN_POINT('Ctrl Pts',(-47.3717638387282,-3.65141010809498,-27.0020538857987));
#2105=CARTESIAN_POINT('Ctrl Pts',(-47.3664630830062,-3.6915162719635,-26.4045215996667));
#2106=CARTESIAN_POINT('Ctrl Pts',(-46.8364517055741,-3.78400755527231,-25.0181332025462));
#2107=CARTESIAN_POINT('Ctrl Pts',(-44.5201141201528,-3.92888395802141,-24.2477079510563));
#2108=CARTESIAN_POINT('Ctrl Pts',(-42.4385553574352,-4.08603931634226,-25.884471729467));
#2109=CARTESIAN_POINT('Ctrl Pts',(-42.6580374679366,-4.24319467466312,-28.5233559917805));
#2110=CARTESIAN_POINT('Ctrl Pts',(-44.9813915186879,-4.40035003298398,-29.7937529784823));
#2111=CARTESIAN_POINT('Ctrl Pts',(-47.00752455843,-4.53642184412793,-28.720683801772));
#2112=CARTESIAN_POINT('Ctrl Pts',(-47.3665869633184,-4.62010853583159,-27.4667723190017));
#2113=CARTESIAN_POINT('Ctrl Pts',(-47.3686567820439,-4.65141010809498,-26.9988642169619));
#2114=CARTESIAN_POINT('Origin',(-45.,1.65141010809498,-27.));
#2115=CARTESIAN_POINT('',(-47.3740794707668,-2.65141010809498,-26.9984471164875));
#2116=CARTESIAN_POINT('',(-47.3720727652278,-2.84858989190502,-27.0020392142164));
#2117=CARTESIAN_POINT('',(-47.37175,1.65141010809498,-27.));
#2118=CARTESIAN_POINT('Ctrl Pts',(-47.3720727652278,-2.84858989190502,-27.0020392142164));
#2119=CARTESIAN_POINT('Ctrl Pts',(-47.3666476222784,-2.88940277251421,-26.3941805866664));
#2120=CARTESIAN_POINT('Ctrl Pts',(-46.8212371818541,-2.98260077256369,-24.99745278826));
#2121=CARTESIAN_POINT('Ctrl Pts',(-44.4834935810497,-3.12818389205346,-24.2543441138595));
#2122=CARTESIAN_POINT('Ctrl Pts',(-42.4239222649383,-3.28533925037431,-25.9186912449565));
#2123=CARTESIAN_POINT('Ctrl Pts',(-42.6785372737155,-3.44249460869517,-28.5544181963992));
#2124=CARTESIAN_POINT('Ctrl Pts',(-45.0186084850567,-3.59964996701602,-29.7937535405905));
#2125=CARTESIAN_POINT('Ctrl Pts',(-47.0198199426283,-3.73501506141931,-28.6995023201942));
#2126=CARTESIAN_POINT('Ctrl Pts',(-47.3667497034251,-3.81799503638231,-27.456421358308));
#2127=CARTESIAN_POINT('Ctrl Pts',(-47.3685118648042,-3.84858989190502,-26.9990069576414));
#2128=CARTESIAN_POINT('Ctrl Pts',(-47.3740794707668,-2.65141010809498,-26.9984471164875));
#2129=CARTESIAN_POINT('Ctrl Pts',(-47.3748438966555,-2.65815376921484,-26.8982285639489));
#2130=CARTESIAN_POINT('Ctrl Pts',(-47.3239145301888,-2.71728254977498,-26.0202890333195));
#2131=CARTESIAN_POINT('Ctrl Pts',(-46.2309000222306,-2.82879644977541,-24.4919555433811));
#2132=CARTESIAN_POINT('Ctrl Pts',(-43.5847630629631,-2.98595180809627,-24.5911607713925));
#2133=CARTESIAN_POINT('Ctrl Pts',(-42.209986003474,-3.14310716641713,-26.8543157963011));
#2134=CARTESIAN_POINT('Ctrl Pts',(-43.3415821650326,-3.30026252473798,-29.2483443353211));
#2135=CARTESIAN_POINT('Ctrl Pts',(-45.9629966702982,-3.45741788305884,-29.6226016468444));
#2136=CARTESIAN_POINT('Ctrl Pts',(-47.2711016301696,-3.57446707751117,-28.146615694341));
#2137=CARTESIAN_POINT('Ctrl Pts',(-47.3733867250312,-3.63913115252322,-27.1849951518385));
#2138=CARTESIAN_POINT('Ctrl Pts',(-47.3717638387282,-3.65141010809498,-27.0020538857987));
#2139=CARTESIAN_POINT('Origin',(-45.,1.65141010809498,-27.));
#2140=CARTESIAN_POINT('',(-47.3680867720559,-1.65141010809498,-26.9999008999081));
#2141=CARTESIAN_POINT('',(-47.3738118728379,-1.84858989190502,-26.9983355297398));
#2142=CARTESIAN_POINT('',(-47.37175,1.65141010809498,-27.));
#2143=CARTESIAN_POINT('Ctrl Pts',(-47.3738118728379,-1.84858989190502,-26.9983355297398));
#2144=CARTESIAN_POINT('Ctrl Pts',(-47.3746995017238,-1.85604026976555,-26.8875815916894));
#2145=CARTESIAN_POINT('Ctrl Pts',(-47.3177136204805,-1.91587576706636,-25.9990116141347));
#2146=CARTESIAN_POINT('Ctrl Pts',(-46.1973815544291,-2.02809638380746,-24.4757809982461));
#2147=CARTESIAN_POINT('Ctrl Pts',(-43.5528004674776,-2.18525174212832,-24.6102261888249));
#2148=CARTESIAN_POINT('Ctrl Pts',(-42.20829232743,-2.34240710044917,-26.8914942378455));
#2149=CARTESIAN_POINT('Ctrl Pts',(-43.3716789698806,-2.49956245877003,-29.2702369096042));
#2150=CARTESIAN_POINT('Ctrl Pts',(-45.9978468438111,-2.65671781709089,-29.6095414988306));
#2151=CARTESIAN_POINT('Ctrl Pts',(-47.2783959052421,-2.77306029480255,-28.125277149991));
#2152=CARTESIAN_POINT('Ctrl Pts',(-47.3736110308186,-2.83701765307393,-27.1743937529932));
#2153=CARTESIAN_POINT('Ctrl Pts',(-47.3720727652278,-2.84858989190502,-27.0020392142164));
#2154=CARTESIAN_POINT('Ctrl Pts',(-47.3680867720559,-1.65141010809498,-26.9999008999081));
#2155=CARTESIAN_POINT('Ctrl Pts',(-47.3682351064712,-1.67717638590646,-26.6145036042446));
#2156=CARTESIAN_POINT('Ctrl Pts',(-47.0983877060275,-1.75532778315822,-25.4457543387734));
#2157=CARTESIAN_POINT('Ctrl Pts',(-45.2724577914391,-1.88586429985027,-24.2195034566189));
#2158=CARTESIAN_POINT('Ctrl Pts',(-42.8294293482388,-2.04301965817113,-25.2410155434004));
#2159=CARTESIAN_POINT('Ctrl Pts',(-42.3363042841362,-2.20017501649199,-27.842691108512));
#2160=CARTESIAN_POINT('Ctrl Pts',(-44.2360764618012,-2.35733037481284,-29.6873447558273));
#2161=CARTESIAN_POINT('Ctrl Pts',(-46.7111405957875,-2.50774207201384,-29.1422945283039));
#2162=CARTESIAN_POINT('Ctrl Pts',(-47.3689057955605,-2.60576864977455,-27.6767316280203));
#2163=CARTESIAN_POINT('Ctrl Pts',(-47.3740794707668,-2.65141010809498,-26.9984471164875));
#2164=CARTESIAN_POINT('Origin',(-45.,1.65141010809498,-27.));
#2165=CARTESIAN_POINT('',(-47.3737132063394,-0.651410108094977,-27.0017996538806));
#2166=CARTESIAN_POINT('',(-47.3680805142401,-0.848589891905021,-27.0000744320079));
#2167=CARTESIAN_POINT('',(-47.37175,1.65141010809498,-27.));
#2168=CARTESIAN_POINT('',(-43.622975209869,0.,-25.0689379114424));
#2169=CARTESIAN_POINT('Ctrl Pts',(-43.622975209869,2.77555756156289E-16,
-25.0689379114424));
#2170=CARTESIAN_POINT('Ctrl Pts',(-42.9873749816229,-0.0523851194402851,
-25.5221793044011));
#2171=CARTESIAN_POINT('Ctrl Pts',(-42.2090706173993,-0.157155358320856,
-27.0977312648642));
#2172=CARTESIAN_POINT('Ctrl Pts',(-43.5457062764215,-0.314310716641713,
-29.3872675068953));
#2173=CARTESIAN_POINT('Ctrl Pts',(-46.1907013792912,-0.471466074962568,
-29.5267703917134));
#2174=CARTESIAN_POINT('Ctrl Pts',(-47.3163954011716,-0.583832538780324,
-28.0054312117151));
#2175=CARTESIAN_POINT('Ctrl Pts',(-47.3746273758917,-0.643813883157793,
-27.1147256355917));
#2176=CARTESIAN_POINT('Ctrl Pts',(-47.3737132063394,-0.651410108094977,
-27.0017996538806));
#2177=CARTESIAN_POINT('',(-46.377024790131,0.,-25.0689379114424));
#2178=CARTESIAN_POINT('Origin',(-45.,0.,-27.));
#2179=CARTESIAN_POINT('Ctrl Pts',(-46.3799485674238,-1.04625509644851E-16,
-25.0668608894888));
#2180=CARTESIAN_POINT('Ctrl Pts',(-45.8041642567262,-0.0474106946523948,
-24.6615262064812));
#2181=CARTESIAN_POINT('Ctrl Pts',(-44.1828101501411,-0.147206508745075,
-24.3694310652096));
#2182=CARTESIAN_POINT('Ctrl Pts',(-42.3388198590627,-0.29938744227804,-26.1496544922402));
#2183=CARTESIAN_POINT('Ctrl Pts',(-42.8245072413991,-0.456542800598897,
-28.7531764386642));
#2184=CARTESIAN_POINT('Ctrl Pts',(-45.264859910552,-0.613698158919752,-29.7811544945265));
#2185=CARTESIAN_POINT('Ctrl Pts',(-47.0961390864303,-0.744380522688462,
-28.5586625445961));
#2186=CARTESIAN_POINT('Ctrl Pts',(-47.3681760593555,-0.822677767016884,
-27.3876580207893));
#2187=CARTESIAN_POINT('Ctrl Pts',(-47.3680805142401,-0.848589891905021,
-27.0000744320079));
#2188=CARTESIAN_POINT('Origin',(-45.,1.65141010809498,27.));
#2189=CARTESIAN_POINT('',(-47.3700143758176,-7.65141010809498,27.0019573218142));
#2190=CARTESIAN_POINT('',(-47.3750059023501,-7.84858989190502,26.9996447494114));
#2191=CARTESIAN_POINT('',(-47.37175,1.65141010809498,27.0000000000001));
#2192=CARTESIAN_POINT('',(-46.377024790131,-8.,28.9310620885576));
#2193=CARTESIAN_POINT('Ctrl Pts',(-47.3750059023501,-7.84858989190502,26.9996447494114));
#2194=CARTESIAN_POINT('Ctrl Pts',(-47.3729926819471,-7.89905992793668,27.7471926015015));
#2195=CARTESIAN_POINT('Ctrl Pts',(-46.9893888882577,-7.94952996396834,28.4943901924528));
#2196=CARTESIAN_POINT('Ctrl Pts',(-46.377024790131,-8.,28.9310620885576));
#2197=CARTESIAN_POINT('',(-43.620051749272,-8.,28.9331392674554));
#2198=CARTESIAN_POINT('Origin',(-45.,-8.,27.));
#2199=CARTESIAN_POINT('Ctrl Pts',(-47.3700143758176,-7.65141010809498,27.0019573218142));
#2200=CARTESIAN_POINT('Ctrl Pts',(-47.3718540042776,-7.6678109246373,27.2467656091951));
#2201=CARTESIAN_POINT('Ctrl Pts',(-47.2251547517059,-7.73659686061991,28.2712924986833));
#2202=CARTESIAN_POINT('Ctrl Pts',(-45.8171895328185,-7.85279349125492,29.6305676303447));
#2203=CARTESIAN_POINT('Ctrl Pts',(-44.1958361377148,-7.9525893053476,29.3384741341967));
#2204=CARTESIAN_POINT('Ctrl Pts',(-43.620051749272,-8.,28.9331392674554));
#2205=CARTESIAN_POINT('Origin',(-45.,1.65141010809498,27.));
#2206=CARTESIAN_POINT('',(-47.3698657328098,-6.65141010809498,26.9982050129531));
#2207=CARTESIAN_POINT('',(-47.3698097659765,-6.84858989190502,27.001791125372));
#2208=CARTESIAN_POINT('',(-47.37175,1.65141010809498,27.0000000000001));
#2209=CARTESIAN_POINT('Ctrl Pts',(-47.3698097659765,-6.84858989190502,27.001791125372));
#2210=CARTESIAN_POINT('Ctrl Pts',(-47.3716385078554,-6.86569742518802,27.2572083953947));
#2211=CARTESIAN_POINT('Ctrl Pts',(-47.216753162039,-6.9351900779113,28.2925754165013));
#2212=CARTESIAN_POINT('Ctrl Pts',(-45.7206725410096,-7.05706785007486,29.6991858193842));
#2213=CARTESIAN_POINT('Ctrl Pts',(-43.1440267386695,-7.21422320839572,29.0884827544297));
#2214=CARTESIAN_POINT('Ctrl Pts',(-42.2349062944789,-7.37137856671657,26.6009705442804));
#2215=CARTESIAN_POINT('Ctrl Pts',(-43.8092974767143,-7.52853392503742,24.4732268653457));
#2216=CARTESIAN_POINT('Ctrl Pts',(-46.454296033236,-7.68568928335829,24.6127352264355));
#2217=CARTESIAN_POINT('Ctrl Pts',(-47.3616700157173,-7.79237460564748,26.1669855820043));
#2218=CARTESIAN_POINT('Ctrl Pts',(-47.3750822939142,-7.8466748084964,26.9712790773958));
#2219=CARTESIAN_POINT('Ctrl Pts',(-47.3750059023501,-7.84858989190502,26.9996447494114));
#2220=CARTESIAN_POINT('Ctrl Pts',(-47.3698657328098,-6.65141010809498,26.9982050129531));
#2221=CARTESIAN_POINT('Ctrl Pts',(-47.3660345587346,-6.68683354132893,27.5270484682981));
#2222=CARTESIAN_POINT('Ctrl Pts',(-46.9316251058783,-6.77464209400316,28.8436712938903));
#2223=CARTESIAN_POINT('Ctrl Pts',(-44.7646103288874,-6.91483576611768,29.7838706427476));
#2224=CARTESIAN_POINT('Ctrl Pts',(-42.5468524648011,-7.07199112443853,28.3370045064438));
#2225=CARTESIAN_POINT('Ctrl Pts',(-42.5328896671566,-7.22914648275939,25.6889839734296));
#2226=CARTESIAN_POINT('Ctrl Pts',(-44.7351401165022,-7.38630184108024,24.218846059549));
#2227=CARTESIAN_POINT('Ctrl Pts',(-46.9208159968164,-7.52705638285878,25.1395431997505));
#2228=CARTESIAN_POINT('Ctrl Pts',(-47.3659781287469,-7.61542580519702,26.464834335144));
#2229=CARTESIAN_POINT('Ctrl Pts',(-47.3700143758176,-7.65141010809498,27.0019573218142));
#2230=CARTESIAN_POINT('Origin',(-45.,1.65141010809498,27.));
#2231=CARTESIAN_POINT('',(-47.3753574895684,-5.65141010809498,27.0005393901091));
#2232=CARTESIAN_POINT('',(-47.3701260961746,-5.84858989190502,26.9981283302993));
#2233=CARTESIAN_POINT('',(-47.37175,1.65141010809498,27.0000000000001));
#2234=CARTESIAN_POINT('Ctrl Pts',(-47.3701260961746,-5.84858989190502,26.9981283302993));
#2235=CARTESIAN_POINT('Ctrl Pts',(-47.3660201456659,-5.88472004187964,27.5373722308086));
#2236=CARTESIAN_POINT('Ctrl Pts',(-46.9178826892553,-5.97323531129454,28.8646425162049));
#2237=CARTESIAN_POINT('Ctrl Pts',(-44.7275421305375,-6.11413570014972,29.7804973411655));
#2238=CARTESIAN_POINT('Ctrl Pts',(-42.5292702729115,-6.27129105847058,28.3041904807291));
#2239=CARTESIAN_POINT('Ctrl Pts',(-42.5505502287933,-6.42844641679143,25.6562711963192));
#2240=CARTESIAN_POINT('Ctrl Pts',(-44.7722548138392,-6.58560177511229,24.2154928947427));
#2241=CARTESIAN_POINT('Ctrl Pts',(-46.9344436118455,-6.72564960015016,25.1606463420302));
#2242=CARTESIAN_POINT('Ctrl Pts',(-47.3660387021927,-6.81331230574773,26.4750930561511));
#2243=CARTESIAN_POINT('Ctrl Pts',(-47.3698097659765,-6.84858989190502,27.001791125372));
#2244=CARTESIAN_POINT('Ctrl Pts',(-47.3753574895684,-5.65141010809498,27.0005393901091));
#2245=CARTESIAN_POINT('Ctrl Pts',(-47.3754531665554,-5.65347103858026,27.0311236067487));
#2246=CARTESIAN_POINT('Ctrl Pts',(-47.3611698157079,-5.70791708850583,27.8390118549797));
#2247=CARTESIAN_POINT('Ctrl Pts',(-46.4471993394522,-5.81474825787168,29.3897734928956));
#2248=CARTESIAN_POINT('Ctrl Pts',(-43.8026186054256,-5.97190361619254,29.5242186645225));
#2249=CARTESIAN_POINT('Ctrl Pts',(-42.2336897492018,-6.12905897451339,27.3910649886623));
#2250=CARTESIAN_POINT('Ctrl Pts',(-43.1498407735607,-6.28621433283425,24.9066020050553));
#2251=CARTESIAN_POINT('Ctrl Pts',(-45.7280573079268,-6.44336969115511,24.3027184230636));
#2252=CARTESIAN_POINT('Ctrl Pts',(-47.2185181520153,-6.56510161624201,25.7118482707942));
#2253=CARTESIAN_POINT('Ctrl Pts',(-47.3717002013107,-6.63444842188864,26.74498063793));
#2254=CARTESIAN_POINT('Ctrl Pts',(-47.3698657328098,-6.65141010809498,26.9982050129531));
#2255=CARTESIAN_POINT('Origin',(-45.,1.65141010809498,27.));
#2256=CARTESIAN_POINT('',(-47.3686569428064,-4.65141010809498,27.0011357831157));
#2257=CARTESIAN_POINT('',(-47.3752367240222,-4.84858989190502,27.0007163704185));
#2258=CARTESIAN_POINT('',(-47.37175,1.65141010809498,27.0000000000001));
#2259=CARTESIAN_POINT('Ctrl Pts',(-47.3752367240222,-4.84858989190502,27.0007163704185));
#2260=CARTESIAN_POINT('Ctrl Pts',(-47.3754024296051,-4.85135753913097,27.0417938869584));
#2261=CARTESIAN_POINT('Ctrl Pts',(-47.3559667048606,-4.90651030579721,27.8602132599588));
#2262=CARTESIAN_POINT('Ctrl Pts',(-46.4152373380228,-5.01404819190373,29.4088399109717));
#2263=CARTESIAN_POINT('Ctrl Pts',(-43.7690996289941,-5.17120355022459,29.5080451674137));
#2264=CARTESIAN_POINT('Ctrl Pts',(-42.2287254218027,-5.32835890854544,27.3541803544799));
#2265=CARTESIAN_POINT('Ctrl Pts',(-43.1778901661421,-5.4855142668663,24.8821420279025));
#2266=CARTESIAN_POINT('Ctrl Pts',(-45.7639237548298,-5.64266962518715,24.3126544813086));
#2267=CARTESIAN_POINT('Ctrl Pts',(-47.2269371140085,-5.76369483353339,25.7332210986329));
#2268=CARTESIAN_POINT('Ctrl Pts',(-47.3719733650123,-5.83233492243935,26.7555222757027));
#2269=CARTESIAN_POINT('Ctrl Pts',(-47.3701260961746,-5.84858989190502,26.9981283302993));
#2270=CARTESIAN_POINT('Ctrl Pts',(-47.3686569428064,-4.65141010809498,27.0011357831157));
#2271=CARTESIAN_POINT('Ctrl Pts',(-47.37005109398,-4.67249365527188,27.3163008850589));
#2272=CARTESIAN_POINT('Ctrl Pts',(-47.1658603141953,-4.74596232188907,28.4128065349992));
#2273=CARTESIAN_POINT('Ctrl Pts',(-45.516506350081,-4.87181610794655,29.7456555200648));
#2274=CARTESIAN_POINT('Ctrl Pts',(-42.9929384697619,-5.0289714662674,28.943478077803));
#2275=CARTESIAN_POINT('Ctrl Pts',(-42.272388514375,-5.18612682458826,26.3954020914587));
#2276=CARTESIAN_POINT('Ctrl Pts',(-44.0021532892511,-5.34328218290911,24.3904588490538));
#2277=CARTESIAN_POINT('Ctrl Pts',(-46.5938813336839,-5.49837661074469,24.7253137639386));
#2278=CARTESIAN_POINT('Ctrl Pts',(-47.3730212308688,-5.60108591913997,26.25372822486));
#2279=CARTESIAN_POINT('Ctrl Pts',(-47.3753574895684,-5.65141010809498,27.0005393901091));
#2280=CARTESIAN_POINT('Origin',(-45.,1.65141010809498,27.));
#2281=CARTESIAN_POINT('',(-47.3717639997016,-3.65141010809498,26.9979461140613));
#2282=CARTESIAN_POINT('',(-47.3685120593032,-3.84858989190502,27.0009930424402));
#2283=CARTESIAN_POINT('',(-47.37175,1.65141010809498,27.0000000000001));
#2284=CARTESIAN_POINT('Ctrl Pts',(-47.3685120593032,-3.84858989190502,27.0009930424402));
#2285=CARTESIAN_POINT('Ctrl Pts',(-47.3697671057486,-3.87038015582259,27.3267726925946));
#2286=CARTESIAN_POINT('Ctrl Pts',(-47.1562093754909,-3.94455553918045,28.4341722908043));
#2287=CARTESIAN_POINT('Ctrl Pts',(-45.4798860158094,-4.07111604197859,29.7522928287238));
#2288=CARTESIAN_POINT('Ctrl Pts',(-42.9672272290262,-4.22827140029945,28.9165701819545));
#2289=CARTESIAN_POINT('Ctrl Pts',(-42.2806837340745,-4.3854267586203,26.3591213464104));
#2290=CARTESIAN_POINT('Ctrl Pts',(-44.0370030568615,-4.54258211694116,24.3773976101326));
#2291=CARTESIAN_POINT('Ctrl Pts',(-46.61225282428,-4.69696982803606,24.7450640178675));
#2292=CARTESIAN_POINT('Ctrl Pts',(-47.3722660086518,-4.79897241969069,26.2642921193637));
#2293=CARTESIAN_POINT('Ctrl Pts',(-47.3752367240222,-4.84858989190502,27.0007163704185));
#2294=CARTESIAN_POINT('Ctrl Pts',(-47.3717639997016,-3.65141010809498,26.9979461140613));
#2295=CARTESIAN_POINT('Ctrl Pts',(-47.3664632436198,-3.6915162719635,27.5954784407484));
#2296=CARTESIAN_POINT('Ctrl Pts',(-46.8364518302157,-3.78400755527231,28.9818669319656));
#2297=CARTESIAN_POINT('Ctrl Pts',(-44.5201140875824,-3.92888395802141,29.7522922357434));
#2298=CARTESIAN_POINT('Ctrl Pts',(-42.438555183588,-4.08603931634226,28.1155283462452));
#2299=CARTESIAN_POINT('Ctrl Pts',(-42.6580373089858,-4.24319467466312,25.4766439048277));
#2300=CARTESIAN_POINT('Ctrl Pts',(-44.9813915174248,-4.40035003298397,24.2062468319041));
#2301=CARTESIAN_POINT('Ctrl Pts',(-47.0075246946825,-4.53642184412793,25.279316081443));
#2302=CARTESIAN_POINT('Ctrl Pts',(-47.3665871239404,-4.6201085358316,26.5332276493183));
#2303=CARTESIAN_POINT('Ctrl Pts',(-47.3686569428064,-4.65141010809498,27.0011357831157));
#2304=CARTESIAN_POINT('Origin',(-45.,1.65141010809498,27.));
#2305=CARTESIAN_POINT('',(-47.3740796318949,-2.65141010809498,27.0015528836041));
#2306=CARTESIAN_POINT('',(-47.3720729600175,-2.84858989190502,26.9979607856111));
#2307=CARTESIAN_POINT('',(-47.37175,1.65141010809498,27.0000000000001));
#2308=CARTESIAN_POINT('Ctrl Pts',(-47.3720729600175,-2.84858989190502,26.9979607856111));
#2309=CARTESIAN_POINT('Ctrl Pts',(-47.3666478166228,-2.88940277251421,27.6058194630781));
#2310=CARTESIAN_POINT('Ctrl Pts',(-46.8212373314144,-2.98260077256369,29.0025473761938));
#2311=CARTESIAN_POINT('Ctrl Pts',(-44.4834935386333,-3.12818389205346,29.7456561116058));
#2312=CARTESIAN_POINT('Ctrl Pts',(-42.4239220533951,-3.28533925037431,28.0813088438414));
#2313=CARTESIAN_POINT('Ctrl Pts',(-42.6785370830796,-3.44249460869517,25.4455816759529));
#2314=CARTESIAN_POINT('Ctrl Pts',(-45.018608486585,-3.59964996701602,24.2062462299908));
#2315=CARTESIAN_POINT('Ctrl Pts',(-47.0198201084932,-3.73501506141931,25.3004975402446));
#2316=CARTESIAN_POINT('Ctrl Pts',(-47.3667498977794,-3.8179950363823,26.5435786042113));
#2317=CARTESIAN_POINT('Ctrl Pts',(-47.3685120593032,-3.84858989190502,27.0009930424402));
#2318=CARTESIAN_POINT('Ctrl Pts',(-47.3740796318949,-2.65141010809498,27.0015528836041));
#2319=CARTESIAN_POINT('Ctrl Pts',(-47.3748440578347,-2.65815376921484,27.1017714429398));
#2320=CARTESIAN_POINT('Ctrl Pts',(-47.3239146879063,-2.71728254977498,27.9797110331194));
#2321=CARTESIAN_POINT('Ctrl Pts',(-46.2309001057813,-2.82879644977541,29.5080446268932));
#2322=CARTESIAN_POINT('Ctrl Pts',(-43.5847629669052,-2.98595180809627,29.4088393920706));
#2323=CARTESIAN_POINT('Ctrl Pts',(-42.209985814116,-3.14310716641713,27.1456842136005));
#2324=CARTESIAN_POINT('Ctrl Pts',(-43.3415820524732,-3.30026252473798,24.7516555120748));
#2325=CARTESIAN_POINT('Ctrl Pts',(-45.9629967356582,-3.45741788305884,24.3773981751612));
#2326=CARTESIAN_POINT('Ctrl Pts',(-47.271101784311,-3.57446707751117,25.8533842278368));
#2327=CARTESIAN_POINT('Ctrl Pts',(-47.3733868861147,-3.63913115252322,26.8150048356051));
#2328=CARTESIAN_POINT('Ctrl Pts',(-47.3717639997016,-3.65141010809498,26.9979461140613));
#2329=CARTESIAN_POINT('Origin',(-45.,1.65141010809498,27.));
#2330=CARTESIAN_POINT('',(-47.3680869327939,-1.65141010809498,27.000099101642));
#2331=CARTESIAN_POINT('',(-47.3738120677376,-1.84858989190502,27.0016644702973));
#2332=CARTESIAN_POINT('',(-47.37175,1.65141010809498,27.0000000000001));
#2333=CARTESIAN_POINT('Ctrl Pts',(-47.3738120677376,-1.84858989190502,27.0016644702973));
#2334=CARTESIAN_POINT('Ctrl Pts',(-47.3746996966844,-1.85604026976555,27.1124184173987));
#2335=CARTESIAN_POINT('Ctrl Pts',(-47.3177138106811,-1.91587576706636,28.0009884676231));
#2336=CARTESIAN_POINT('Ctrl Pts',(-46.1973816528829,-2.02809638380746,29.5242192094515));
#2337=CARTESIAN_POINT('Ctrl Pts',(-43.5528003485664,-2.18525174212832,29.3897740072043));
#2338=CARTESIAN_POINT('Ctrl Pts',(-42.2082920982161,-2.34240710044917,27.1085057711777));
#2339=CARTESIAN_POINT('Ctrl Pts',(-43.3716788361449,-2.49956245877003,24.7297629039081));
#2340=CARTESIAN_POINT('Ctrl Pts',(-45.9978469257638,-2.65671781709088,24.3904582869078));
#2341=CARTESIAN_POINT('Ctrl Pts',(-47.2783960923396,-2.77306029480255,25.8747227575989));
#2342=CARTESIAN_POINT('Ctrl Pts',(-47.3736112257346,-2.83701765307393,26.8256062326806));
#2343=CARTESIAN_POINT('Ctrl Pts',(-47.3720729600175,-2.84858989190502,26.9979607856111));
#2344=CARTESIAN_POINT('Ctrl Pts',(-47.3680869327939,-1.65141010809498,27.000099101642));
#2345=CARTESIAN_POINT('Ctrl Pts',(-47.3682352671659,-1.67717638590646,27.3854964224955));
#2346=CARTESIAN_POINT('Ctrl Pts',(-47.0983878482505,-1.75532778315822,28.554245763372));
#2347=CARTESIAN_POINT('Ctrl Pts',(-45.2724578101299,-1.88586429985028,29.7804967345072));
#2348=CARTESIAN_POINT('Ctrl Pts',(-42.8294292007911,-2.04301965817113,28.7589845747017));
#2349=CARTESIAN_POINT('Ctrl Pts',(-42.3363041034285,-2.20017501649199,26.157308834972));
#2350=CARTESIAN_POINT('Ctrl Pts',(-44.2360764099061,-2.35733037481284,24.3126550614231));
#2351=CARTESIAN_POINT('Ctrl Pts',(-46.7111407119479,-2.50774207201384,24.8577053264612));
#2352=CARTESIAN_POINT('Ctrl Pts',(-47.3689059563421,-2.60576864977455,26.3232683260687));
#2353=CARTESIAN_POINT('Ctrl Pts',(-47.3740796318949,-2.65141010809498,27.0015528836041));
#2354=CARTESIAN_POINT('Origin',(-45.,1.65141010809498,27.));
#2355=CARTESIAN_POINT('',(-47.3737133440257,-0.651410108094977,26.9982004394967));
#2356=CARTESIAN_POINT('',(-47.3680807093197,-0.84858989190502,26.9999255797436));
#2357=CARTESIAN_POINT('',(-47.37175,1.65141010809498,27.0000000000001));
#2358=CARTESIAN_POINT('',(-43.622975209869,0.,28.9310620885576));
#2359=CARTESIAN_POINT('Ctrl Pts',(-43.622975209869,2.77555756156289E-16,
28.9310620885576));
#2360=CARTESIAN_POINT('Ctrl Pts',(-42.9873749816229,-0.0523851194402851,
28.4778206955989));
#2361=CARTESIAN_POINT('Ctrl Pts',(-42.2090716887575,-0.157155358320856,
26.9022668264588));
#2362=CARTESIAN_POINT('Ctrl Pts',(-43.5457057213736,-0.314310716641712,
24.6127331508464));
#2363=CARTESIAN_POINT('Ctrl Pts',(-46.1907016541284,-0.471466074962568,
24.4732289495255));
#2364=CARTESIAN_POINT('Ctrl Pts',(-47.316395556956,-0.583832538780323,25.9945687856473));
#2365=CARTESIAN_POINT('Ctrl Pts',(-47.3746275151599,-0.643813883157793,
26.8852744499207));
#2366=CARTESIAN_POINT('Ctrl Pts',(-47.3737133440257,-0.651410108094977,
26.9982004394967));
#2367=CARTESIAN_POINT('',(-46.377024790131,0.,28.9310620885576));
#2368=CARTESIAN_POINT('Origin',(-45.,0.,27.));
#2369=CARTESIAN_POINT('Ctrl Pts',(-46.3799487618152,-9.16150835750251E-17,
28.9331390154523));
#2370=CARTESIAN_POINT('Ctrl Pts',(-45.8041644989886,-0.0474106946523947,
29.3384735851947));
#2371=CARTESIAN_POINT('Ctrl Pts',(-44.1828099554528,-0.147206508745075,
29.6305697361543));
#2372=CARTESIAN_POINT('Ctrl Pts',(-42.33881967758,-0.29938744227804,27.8503452230763));
#2373=CARTESIAN_POINT('Ctrl Pts',(-42.8245070586959,-0.456542800598897,
25.2468236184969));
#2374=CARTESIAN_POINT('Ctrl Pts',(-45.2648599271962,-0.613698158919753,
24.2188451647031));
#2375=CARTESIAN_POINT('Ctrl Pts',(-47.096139262747,-0.744380522688461,25.4413373600488));
#2376=CARTESIAN_POINT('Ctrl Pts',(-47.3681762553856,-0.822677767016883,
26.6123419662672));
#2377=CARTESIAN_POINT('Ctrl Pts',(-47.3680807093197,-0.84858989190502,26.9999255797436));
#2378=CARTESIAN_POINT('Origin',(-45.,1.65141010809498,27.));
#2379=CARTESIAN_POINT('Ctrl Pts',(-47.3680807093197,-0.84858989190502,26.9999255797436));
#2380=CARTESIAN_POINT('Ctrl Pts',(-47.3679830951528,-0.875062886457169,
27.3958984662728));
#2381=CARTESIAN_POINT('Ctrl Pts',(-47.0874791284612,-0.953921000449602,
28.5755672848295));
#2382=CARTESIAN_POINT('Ctrl Pts',(-45.2353897303256,-1.08516423388232,29.7838712908295));
#2383=CARTESIAN_POINT('Ctrl Pts',(-42.8061926492929,-1.24231959220318,28.7299192430542));
#2384=CARTESIAN_POINT('Ctrl Pts',(-42.3477639935329,-1.39947495052404,26.1218984339251));
#2385=CARTESIAN_POINT('Ctrl Pts',(-44.2719425333347,-1.55663030884489,24.3027178345428));
#2386=CARTESIAN_POINT('Ctrl Pts',(-46.7279322216471,-1.70633528930522,24.8779728050276));
#2387=CARTESIAN_POINT('Ctrl Pts',(-47.3684585973383,-1.80365515032526,26.3336849281715));
#2388=CARTESIAN_POINT('Ctrl Pts',(-47.3738120677376,-1.84858989190502,27.0016644702973));
#2389=CARTESIAN_POINT('Ctrl Pts',(-47.3737133440257,-0.651410108094977,
26.9982004394967));
#2390=CARTESIAN_POINT('Ctrl Pts',(-47.3683232042094,-0.696199002598078,
27.664035150238));
#2391=CARTESIAN_POINT('Ctrl Pts',(-46.7314286430621,-0.793373016541465,
29.1180015803926));
#2392=CARTESIAN_POINT('Ctrl Pts',(-44.2793276499185,-0.942932149925138,
29.6991849440527));
#2393=CARTESIAN_POINT('Ctrl Pts',(-42.3502060639014,-1.10008750824599,27.8854312579544));
#2394=CARTESIAN_POINT('Ctrl Pts',(-42.8014348272262,-1.25724286656685,25.2761017835241));
#2395=CARTESIAN_POINT('Ctrl Pts',(-45.2277451374957,-1.41439822488771,24.215493543702));
#2396=CARTESIAN_POINT('Ctrl Pts',(-47.0851915690859,-1.54578730539708,25.4200498984682));
#2397=CARTESIAN_POINT('Ctrl Pts',(-47.3679336902812,-1.62479126646617,26.6019496163721));
#2398=CARTESIAN_POINT('Ctrl Pts',(-47.3680869327939,-1.65141010809498,27.000099101642));
#2399=CARTESIAN_POINT('Ctrl Pts',(-46.2889218540532,8.32667268468867E-16,
24.3553744208028));
#2400=CARTESIAN_POINT('Ctrl Pts',(-47.159388231972,-0.0523851194402846,
24.779617136499));
#2401=CARTESIAN_POINT('Ctrl Pts',(-48.4344197837742,-0.157155358320856,
26.5476513026022));
#2402=CARTESIAN_POINT('Ctrl Pts',(-47.2683749455651,-0.314310716641712,
29.6225396483306));
#2403=CARTESIAN_POINT('Ctrl Pts',(-44.0610973271332,-0.471466074962568,
30.3352312465854));
#2404=CARTESIAN_POINT('Ctrl Pts',(-41.6989807068369,-0.628621433283425,
28.054797363251));
#2405=CARTESIAN_POINT('Ctrl Pts',(-42.3014439830013,-0.78577679160428,24.8252999201509));
#2406=CARTESIAN_POINT('Ctrl Pts',(-45.3285413326915,-0.942932149925137,
23.5501602085196));
#2407=CARTESIAN_POINT('Ctrl Pts',(-48.0602889047561,-1.10008750824599,25.3737706330315));
#2408=CARTESIAN_POINT('Ctrl Pts',(-48.0429689329332,-1.25724286656685,28.6584664670195));
#2409=CARTESIAN_POINT('Ctrl Pts',(-45.2919854902995,-1.41439822488771,30.453209376039));
#2410=CARTESIAN_POINT('Ctrl Pts',(-42.2787261617875,-1.57155358320856,29.1458511280976));
#2411=CARTESIAN_POINT('Ctrl Pts',(-41.7100755429426,-1.72870894152942,25.9107727174481));
#2412=CARTESIAN_POINT('Ctrl Pts',(-44.0968925616403,-1.88586429985027,23.654198743217));
#2413=CARTESIAN_POINT('Ctrl Pts',(-47.2950014209204,-2.04301965817113,24.4032768139463));
#2414=CARTESIAN_POINT('Ctrl Pts',(-48.4314267985751,-2.20017501649198,27.4850905190044));
#2415=CARTESIAN_POINT('Ctrl Pts',(-46.4852732466666,-2.35733037481285,30.1311280338174));
#2416=CARTESIAN_POINT('Ctrl Pts',(-43.2048439445483,-2.5144857331337,29.9643575963719));
#2417=CARTESIAN_POINT('Ctrl Pts',(-41.537069823106,-2.67164109145456,27.1345942779824));
#2418=CARTESIAN_POINT('Ctrl Pts',(-42.9801746119694,-2.82879644977541,24.1839200857163));
#2419=CARTESIAN_POINT('Ctrl Pts',(-46.2377635313996,-2.98595180809627,23.7630350079405));
#2420=CARTESIAN_POINT('Ctrl Pts',(-48.383423514103,-3.14310716641712,26.2500358679123));
#2421=CARTESIAN_POINT('Ctrl Pts',(-47.4896284575398,-3.30026252473798,29.4107573466188));
#2422=CARTESIAN_POINT('Ctrl Pts',(-44.3593076802611,-3.45741788305884,30.4058059577715));
#2423=CARTESIAN_POINT('Ctrl Pts',(-41.8045446109785,-3.61457324137969,28.3412925555313));
#2424=CARTESIAN_POINT('Ctrl Pts',(-42.120377821617,-3.77172859970055,25.0718462277447));
#2425=CARTESIAN_POINT('Ctrl Pts',(-45.0230826046308,-3.92888395802141,23.5345320580301));
#2426=CARTESIAN_POINT('Ctrl Pts',(-47.9050514267639,-4.08603931634226,25.1103764740858));
#2427=CARTESIAN_POINT('Ctrl Pts',(-48.1773046372798,-4.24319467466312,28.3837398974344));
#2428=CARTESIAN_POINT('Ctrl Pts',(-45.5952670637763,-4.40035003298397,30.4140383691811));
#2429=CARTESIAN_POINT('Ctrl Pts',(-42.4784789745104,-4.55750539130484,29.3773793508212));
#2430=CARTESIAN_POINT('Ctrl Pts',(-41.6268668897005,-4.71466074962568,26.2050321497373));
#2431=CARTESIAN_POINT('Ctrl Pts',(-43.8054655816534,-4.87181610794655,23.7468340967683));
#2432=CARTESIAN_POINT('Ctrl Pts',(-47.0571589133901,-5.0289714662674,24.2110758264291));
#2433=CARTESIAN_POINT('Ctrl Pts',(-48.4608299792604,-5.18612682458826,27.180711731373));
#2434=CARTESIAN_POINT('Ctrl Pts',(-46.7555089062773,-5.34328218290911,29.9880075969553));
#2435=CARTESIAN_POINT('Ctrl Pts',(-43.4731489864027,-5.50043754122998,30.1110651976521));
#2436=CARTESIAN_POINT('Ctrl Pts',(-41.5624160181063,-5.65759289955082,27.4393374524633));
#2437=CARTESIAN_POINT('Ctrl Pts',(-42.7397925029155,-5.81474825787168,24.3729363744447));
#2438=CARTESIAN_POINT('Ctrl Pts',(-45.947597211641,-5.97190361619254,23.6665245004784));
#2439=CARTESIAN_POINT('Ctrl Pts',(-48.3041404091371,-6.12905897451339,25.9546967701597));
#2440=CARTESIAN_POINT('Ctrl Pts',(-47.6924510038179,-6.28621433283425,29.181905226873));
#2441=CARTESIAN_POINT('Ctrl Pts',(-44.6620339192753,-6.4433696911551,30.4490242132219));
#2442=CARTESIAN_POINT('Ctrl Pts',(-41.9352221536442,-6.60052504947597,28.617762577972));
#2443=CARTESIAN_POINT('Ctrl Pts',(-41.9616185403647,-6.75768040779681,25.3331927309249));
#2444=CARTESIAN_POINT('Ctrl Pts',(-44.7174970643259,-6.91483576611768,23.5460019379501));
#2445=CARTESIAN_POINT('Ctrl Pts',(-47.7271761943269,-7.07199112443853,24.8616172105721));
#2446=CARTESIAN_POINT('Ctrl Pts',(-48.2868959234645,-7.22914648275939,28.0983193173557));
#2447=CARTESIAN_POINT('Ctrl Pts',(-45.8939469234322,-7.38630184108025,30.3481626143684));
#2448=CARTESIAN_POINT('Ctrl Pts',(-42.6977871466915,-7.5434571994011,29.5906255986222));
#2449=CARTESIAN_POINT('Ctrl Pts',(-41.5700829844448,-7.70061255772195,26.5050301849996));
#2450=CARTESIAN_POINT('Ctrl Pts',(-43.5230117746363,-7.85776791604282,23.8657039898164));
#2451=CARTESIAN_POINT('Ctrl Pts',(-46.8039586506926,-8.01492327436366,24.0387549430476));
#2452=CARTESIAN_POINT('Ctrl Pts',(-48.4619589369197,-8.17207863268453,26.8787609209077));
#2453=CARTESIAN_POINT('Ctrl Pts',(-47.4965290625342,-8.2768488715651,28.8331394482774));
#2454=CARTESIAN_POINT('Ctrl Pts',(-46.708108752004,-8.32923399100538,29.3953556085323));
#2455=CARTESIAN_POINT('Ctrl Pts',(-46.2056443005438,0.109744663668462,24.5262443207051));
#2456=CARTESIAN_POINT('Ctrl Pts',(-47.0198696347273,0.0573595442281769,
24.9230766116759));
#2457=CARTESIAN_POINT('Ctrl Pts',(-48.2125210888165,-0.047410694652394,
26.5768776616201));
#2458=CARTESIAN_POINT('Ctrl Pts',(-47.1218146903296,-0.204566052973251,
29.4530967257767));
#2459=CARTESIAN_POINT('Ctrl Pts',(-44.1217600564786,-0.361721411294106,
30.1197411470652));
#2460=CARTESIAN_POINT('Ctrl Pts',(-41.9122603637512,-0.518876769614964,
27.9866466498594));
#2461=CARTESIAN_POINT('Ctrl Pts',(-42.4757983415662,-0.676032127935818,
24.9658078195995));
#2462=CARTESIAN_POINT('Ctrl Pts',(-45.3073141975264,-0.833187486256676,
23.7730551939141));
#2463=CARTESIAN_POINT('Ctrl Pts',(-47.8625628966056,-0.990342844577532,
25.4788417067357));
#2464=CARTESIAN_POINT('Ctrl Pts',(-47.8463619723615,-1.14749820289839,28.5513125464646));
#2465=CARTESIAN_POINT('Ctrl Pts',(-45.2731202369748,-1.30465356121925,30.2300966809692));
#2466=CARTESIAN_POINT('Ctrl Pts',(-42.4545483242893,-1.4618089195401,29.0072071664164));
#2467=CARTESIAN_POINT('Ctrl Pts',(-41.922638359806,-1.61896427786096,25.9811479562738));
#2468=CARTESIAN_POINT('Ctrl Pts',(-44.1552425522051,-1.77611963618181,23.8703717736589));
#2469=CARTESIAN_POINT('Ctrl Pts',(-47.1467208226561,-1.93327499450267,24.5710517286129));
#2470=CARTESIAN_POINT('Ctrl Pts',(-48.2097214811168,-2.09043035282353,27.4537487029539));
#2471=CARTESIAN_POINT('Ctrl Pts',(-46.389309382072,-2.24758571114438,29.9288250923621));
#2472=CARTESIAN_POINT('Ctrl Pts',(-43.3208294125543,-2.40474106946524,29.7728297333161));
#2473=CARTESIAN_POINT('Ctrl Pts',(-41.760810581476,-2.56189642778609,27.1258981090476));
#2474=CARTESIAN_POINT('Ctrl Pts',(-43.1106760200279,-2.71905178610695,24.3658676917803));
#2475=CARTESIAN_POINT('Ctrl Pts',(-46.1577913295209,-2.8762071444278,23.9721761009296));
#2476=CARTESIAN_POINT('Ctrl Pts',(-48.1648197004936,-3.03336250274866,26.2984912323269));
#2477=CARTESIAN_POINT('Ctrl Pts',(-47.3287729592492,-3.19051786106952,29.2549977299284));
#2478=CARTESIAN_POINT('Ctrl Pts',(-44.4007029663852,-3.34767321939038,30.1857560090496));
#2479=CARTESIAN_POINT('Ctrl Pts',(-42.0110037584506,-3.50482857771123,28.2546313183013));
#2480=CARTESIAN_POINT('Ctrl Pts',(-42.3064309087712,-3.66198393603209,25.1964247104808));
#2481=CARTESIAN_POINT('Ctrl Pts',(-45.0215912319489,-3.81913929435295,23.758436782017));
#2482=CARTESIAN_POINT('Ctrl Pts',(-47.7173553497061,-3.9762946526738,25.2324655082635));
#2483=CARTESIAN_POINT('Ctrl Pts',(-47.9720182142786,-4.13345001099466,28.2943361271521));
#2484=CARTESIAN_POINT('Ctrl Pts',(-45.556806714454,-4.29060536931551,30.193456522362));
#2485=CARTESIAN_POINT('Ctrl Pts',(-42.641395059349,-4.44776072763637,29.2237762945323));
#2486=CARTESIAN_POINT('Ctrl Pts',(-41.8448058378251,-4.60491608595723,26.256395215295));
#2487=CARTESIAN_POINT('Ctrl Pts',(-43.8826447400561,-4.76207144427808,23.9570219345564));
#2488=CARTESIAN_POINT('Ctrl Pts',(-46.924245377206,-4.91922680259894,24.3912688935013));
#2489=CARTESIAN_POINT('Ctrl Pts',(-48.2372249151687,-5.07638216091979,27.1690359025926));
#2490=CARTESIAN_POINT('Ctrl Pts',(-46.6420850501925,-5.23353751924065,29.7949517016274));
#2491=CARTESIAN_POINT('Ctrl Pts',(-43.5717992005998,-5.39069287756152,29.910058520906));
#2492=CARTESIAN_POINT('Ctrl Pts',(-41.7845191526718,-5.54784823588236,27.4109517531355));
#2493=CARTESIAN_POINT('Ctrl Pts',(-42.8858250573243,-5.70500359420322,24.542671592264));
#2494=CARTESIAN_POINT('Ctrl Pts',(-45.8863727260372,-5.86215895252407,23.8819011607551));
#2495=CARTESIAN_POINT('Ctrl Pts',(-48.0906590961629,-6.01931431084493,26.0222340652896));
#2496=CARTESIAN_POINT('Ctrl Pts',(-47.5184910916348,-6.17646966916579,29.0409318011281));
#2497=CARTESIAN_POINT('Ctrl Pts',(-44.683869989696,-6.33362502748664,30.2261819225364));
#2498=CARTESIAN_POINT('Ctrl Pts',(-42.1332381934,-6.4907803858075,28.5132385455577));
#2499=CARTESIAN_POINT('Ctrl Pts',(-42.1579291031743,-6.64793574412836,25.440885552723));
#2500=CARTESIAN_POINT('Ctrl Pts',(-44.735749647497,-6.80509110244921,23.7691655902143));
#2501=CARTESIAN_POINT('Ctrl Pts',(-47.5509726791655,-6.96224646077008,24.999778641081));
#2502=CARTESIAN_POINT('Ctrl Pts',(-48.0745287808908,-7.11940181909092,28.0273566399569));
#2503=CARTESIAN_POINT('Ctrl Pts',(-45.836188795958,-7.27655717741178,30.1318370160403));
#2504=CARTESIAN_POINT('Ctrl Pts',(-42.8465336773508,-7.43371253573264,29.4232446505581));
#2505=CARTESIAN_POINT('Ctrl Pts',(-41.7916907544561,-7.59086789405349,26.5370103047599));
#2506=CARTESIAN_POINT('Ctrl Pts',(-43.6184403419957,-7.74802325237436,24.0682116149928));
#2507=CARTESIAN_POINT('Ctrl Pts',(-46.6874044448737,-7.90517861069521,24.2300817041769));
#2508=CARTESIAN_POINT('Ctrl Pts',(-48.2382809305999,-8.06233396901607,26.8865942072042));
#2509=CARTESIAN_POINT('Ctrl Pts',(-47.3352277144818,-8.16710420789664,28.7146998640512));
#2510=CARTESIAN_POINT('Ctrl Pts',(-46.5977474313797,-8.21948932733692,29.2405911018741));
#2511=CARTESIAN_POINT('Ctrl Pts',(-46.1223667470344,0.219489327336924,24.6971142206073));
#2512=CARTESIAN_POINT('Ctrl Pts',(-46.8803510374826,0.167104207896638,25.0665360868528));
#2513=CARTESIAN_POINT('Ctrl Pts',(-47.9906223938587,0.0623339690160672,
26.6061040206378));
#2514=CARTESIAN_POINT('Ctrl Pts',(-46.9752544350942,-0.0948213893047891,
29.2836538032228));
#2515=CARTESIAN_POINT('Ctrl Pts',(-44.1824227858239,-0.251976747625645,
29.904251047545));
#2516=CARTESIAN_POINT('Ctrl Pts',(-42.1255400206657,-0.409132105946502,
27.9184959364679));
#2517=CARTESIAN_POINT('Ctrl Pts',(-42.6501527001311,-0.566287464267357,
25.1063157190482));
#2518=CARTESIAN_POINT('Ctrl Pts',(-45.2860870623613,-0.723442822588214,
23.9959501793086));
#2519=CARTESIAN_POINT('Ctrl Pts',(-47.664836888455,-0.880598180909072,25.58391278044));
#2520=CARTESIAN_POINT('Ctrl Pts',(-47.6497550117898,-1.03775353922993,28.4441586259097));
#2521=CARTESIAN_POINT('Ctrl Pts',(-45.2542549836502,-1.19490889755078,30.0069839858994));
#2522=CARTESIAN_POINT('Ctrl Pts',(-42.6303704867911,-1.35206425587164,28.8685632047353));
#2523=CARTESIAN_POINT('Ctrl Pts',(-42.1352011766695,-1.5092196141925,26.0515231950994));
#2524=CARTESIAN_POINT('Ctrl Pts',(-44.2135925427699,-1.66637497251335,24.0865448041009));
#2525=CARTESIAN_POINT('Ctrl Pts',(-46.998440224392,-1.82353033083421,24.7388266432794));
#2526=CARTESIAN_POINT('Ctrl Pts',(-47.9880161636584,-1.98068568915507,27.4224068869033));
#2527=CARTESIAN_POINT('Ctrl Pts',(-46.2933455174775,-2.13784104747592,29.7265221509068));
#2528=CARTESIAN_POINT('Ctrl Pts',(-43.4368148805603,-2.29499640579678,29.5813018702602));
#2529=CARTESIAN_POINT('Ctrl Pts',(-41.984551339846,-2.45215176411763,27.1172019401126));
#2530=CARTESIAN_POINT('Ctrl Pts',(-43.2411774280864,-2.60930712243849,24.5478152978442));
#2531=CARTESIAN_POINT('Ctrl Pts',(-46.0778191276424,-2.76646248075934,24.1813171939187));
#2532=CARTESIAN_POINT('Ctrl Pts',(-47.9462158868841,-2.9236178390802,26.3469465967415));
#2533=CARTESIAN_POINT('Ctrl Pts',(-47.1679174609587,-3.08077319740106,29.099238113238));
#2534=CARTESIAN_POINT('Ctrl Pts',(-44.4420982525092,-3.23792855572192,29.9657060603278));
#2535=CARTESIAN_POINT('Ctrl Pts',(-42.2174629059229,-3.39508391404277,28.1679700810713));
#2536=CARTESIAN_POINT('Ctrl Pts',(-42.4924839959254,-3.55223927236363,25.3210031932169));
#2537=CARTESIAN_POINT('Ctrl Pts',(-45.020099859267,-3.70939463068448,23.9823415060039));
#2538=CARTESIAN_POINT('Ctrl Pts',(-47.5296592726483,-3.86654998900534,25.3545545424412));
#2539=CARTESIAN_POINT('Ctrl Pts',(-47.7667317912774,-4.02370534732619,28.2049323568697));
#2540=CARTESIAN_POINT('Ctrl Pts',(-45.5183463651317,-4.18086070564705,29.9728746755429));
#2541=CARTESIAN_POINT('Ctrl Pts',(-42.8043111441876,-4.33801606396791,29.0701732382434));
#2542=CARTESIAN_POINT('Ctrl Pts',(-42.0627447859498,-4.49517142228876,26.3077582808527));
#2543=CARTESIAN_POINT('Ctrl Pts',(-43.9598238984588,-4.65232678060962,24.1672097723445));
#2544=CARTESIAN_POINT('Ctrl Pts',(-46.7913318410219,-4.80948213893048,24.5714619605734));
#2545=CARTESIAN_POINT('Ctrl Pts',(-48.013619851077,-4.96663749725133,27.1573600738123));
#2546=CARTESIAN_POINT('Ctrl Pts',(-46.5286611941077,-5.1237928555722,29.6018958062995));
#2547=CARTESIAN_POINT('Ctrl Pts',(-43.670449414797,-5.28094821389304,29.7090518441599));
#2548=CARTESIAN_POINT('Ctrl Pts',(-42.0066222872372,-5.4381035722139,27.3825660538077));
#2549=CARTESIAN_POINT('Ctrl Pts',(-43.0318576117332,-5.59525893053476,24.7124068100833));
#2550=CARTESIAN_POINT('Ctrl Pts',(-45.8251482404335,-5.75241428885561,24.0972778210318));
#2551=CARTESIAN_POINT('Ctrl Pts',(-47.8771777831887,-5.90956964717647,26.0897713604195));
#2552=CARTESIAN_POINT('Ctrl Pts',(-47.3445311794518,-6.06672500549733,28.8999583753832));
#2553=CARTESIAN_POINT('Ctrl Pts',(-44.7057060601168,-6.22388036381818,30.003339631851));
#2554=CARTESIAN_POINT('Ctrl Pts',(-42.3312542331557,-6.38103572213904,28.4087145131434));
#2555=CARTESIAN_POINT('Ctrl Pts',(-42.3542396659838,-6.5381910804599,25.5485783745211));
#2556=CARTESIAN_POINT('Ctrl Pts',(-44.7540022306681,-6.69534643878075,23.9923292424785));
#2557=CARTESIAN_POINT('Ctrl Pts',(-47.374769164004,-6.85250179710161,25.1379400715899));
#2558=CARTESIAN_POINT('Ctrl Pts',(-47.8621616383171,-7.00965715542247,27.956393962558));
#2559=CARTESIAN_POINT('Ctrl Pts',(-45.7784306684838,-7.16681251374332,29.9155114177123));
#2560=CARTESIAN_POINT('Ctrl Pts',(-42.9952802080101,-7.32396787206418,29.2558637024939));
#2561=CARTESIAN_POINT('Ctrl Pts',(-42.0132985244676,-7.48112323038503,26.5689904245201));
#2562=CARTESIAN_POINT('Ctrl Pts',(-43.713868909355,-7.6382785887059,24.2707192401693));
#2563=CARTESIAN_POINT('Ctrl Pts',(-46.5708502390548,-7.79543394702674,24.4214084653062));
#2564=CARTESIAN_POINT('Ctrl Pts',(-48.0146029242801,-7.95258930534761,26.8944274935006));
#2565=CARTESIAN_POINT('Ctrl Pts',(-47.1739263664294,-8.05735954422818,28.596260279825));
#2566=CARTESIAN_POINT('Ctrl Pts',(-46.4873861107553,-8.10974466366846,29.0858265952159));
#2567=CARTESIAN_POINT('Ctrl Pts',(-46.0390891935251,0.329233991005385,24.8679841205096));
#2568=CARTESIAN_POINT('Ctrl Pts',(-46.7408324402378,0.276848871565099,25.2099955620297));
#2569=CARTESIAN_POINT('Ctrl Pts',(-47.7687236989009,0.172078632684528,26.6353303796556));
#2570=CARTESIAN_POINT('Ctrl Pts',(-46.8286941798586,0.0149232743636723,
29.114210880669));
#2571=CARTESIAN_POINT('Ctrl Pts',(-44.2430855151693,-0.142232083957184,
29.6887609480248));
#2572=CARTESIAN_POINT('Ctrl Pts',(-42.33881967758,-0.29938744227804,27.8503452230763));
#2573=CARTESIAN_POINT('Ctrl Pts',(-42.8245070586959,-0.456542800598897,
25.2468236184969));
#2574=CARTESIAN_POINT('Ctrl Pts',(-45.2648599271962,-0.613698158919753,
24.2188451647031));
#2575=CARTESIAN_POINT('Ctrl Pts',(-47.4671108803044,-0.770853517240609,
25.6889838541442));
#2576=CARTESIAN_POINT('Ctrl Pts',(-47.4531480512182,-0.928008875561465,
28.3370047053548));
#2577=CARTESIAN_POINT('Ctrl Pts',(-45.2353897303256,-1.08516423388232,29.7838712908295));
#2578=CARTESIAN_POINT('Ctrl Pts',(-42.8061926492929,-1.24231959220318,28.7299192430542));
#2579=CARTESIAN_POINT('Ctrl Pts',(-42.3477639935329,-1.39947495052404,26.1218984339251));
#2580=CARTESIAN_POINT('Ctrl Pts',(-44.2719425333347,-1.55663030884489,24.3027178345428));
#2581=CARTESIAN_POINT('Ctrl Pts',(-46.8501596261277,-1.71378566716575,24.906601557946));
#2582=CARTESIAN_POINT('Ctrl Pts',(-47.7663108462,-1.8709410254866,27.3910650708527));
#2583=CARTESIAN_POINT('Ctrl Pts',(-46.1973816528829,-2.02809638380746,29.5242192094515));
#2584=CARTESIAN_POINT('Ctrl Pts',(-43.5528003485664,-2.18525174212832,29.3897740072043));
#2585=CARTESIAN_POINT('Ctrl Pts',(-42.2082920982161,-2.34240710044917,27.1085057711777));
#2586=CARTESIAN_POINT('Ctrl Pts',(-43.3716788361449,-2.49956245877003,24.7297629039081));
#2587=CARTESIAN_POINT('Ctrl Pts',(-45.9978469257638,-2.65671781709088,24.3904582869078));
#2588=CARTESIAN_POINT('Ctrl Pts',(-47.7276120732746,-2.81387317541174,26.3954019611561));
#2589=CARTESIAN_POINT('Ctrl Pts',(-47.0070619626682,-2.9710285337326,28.9434784965476));
#2590=CARTESIAN_POINT('Ctrl Pts',(-44.4834935386333,-3.12818389205346,29.7456561116058));
#2591=CARTESIAN_POINT('Ctrl Pts',(-42.4239220533951,-3.28533925037431,28.0813088438414));
#2592=CARTESIAN_POINT('Ctrl Pts',(-42.6785370830796,-3.44249460869517,25.4455816759529));
#2593=CARTESIAN_POINT('Ctrl Pts',(-45.018608486585,-3.59964996701602,24.2062462299908));
#2594=CARTESIAN_POINT('Ctrl Pts',(-47.3419631955905,-3.75680532533688,25.476643576619));
#2595=CARTESIAN_POINT('Ctrl Pts',(-47.5614453682761,-3.91396068365773,28.1155285865873));
#2596=CARTESIAN_POINT('Ctrl Pts',(-45.4798860158094,-4.07111604197859,29.7522928287238));
#2597=CARTESIAN_POINT('Ctrl Pts',(-42.9672272290262,-4.22827140029945,28.9165701819545));
#2598=CARTESIAN_POINT('Ctrl Pts',(-42.2806837340745,-4.3854267586203,26.3591213464104));
#2599=CARTESIAN_POINT('Ctrl Pts',(-44.0370030568615,-4.54258211694116,24.3773976101326));
#2600=CARTESIAN_POINT('Ctrl Pts',(-46.6584183048378,-4.69973747526201,24.7516550276456));
#2601=CARTESIAN_POINT('Ctrl Pts',(-47.7900147869853,-4.85689283358287,27.145684245032));
#2602=CARTESIAN_POINT('Ctrl Pts',(-46.4152373380228,-5.01404819190373,29.4088399109717));
#2603=CARTESIAN_POINT('Ctrl Pts',(-43.7690996289941,-5.17120355022459,29.5080451674137));
#2604=CARTESIAN_POINT('Ctrl Pts',(-42.2287254218027,-5.32835890854544,27.3541803544799));
#2605=CARTESIAN_POINT('Ctrl Pts',(-43.1778901661421,-5.4855142668663,24.8821420279025));
#2606=CARTESIAN_POINT('Ctrl Pts',(-45.7639237548298,-5.64266962518715,24.3126544813086));
#2607=CARTESIAN_POINT('Ctrl Pts',(-47.6636964702145,-5.79982498350801,26.1573086555494));
#2608=CARTESIAN_POINT('Ctrl Pts',(-47.1705712672688,-5.95698034182887,28.7589849496383));
#2609=CARTESIAN_POINT('Ctrl Pts',(-44.7275421305375,-6.11413570014972,29.7804973411655));
#2610=CARTESIAN_POINT('Ctrl Pts',(-42.5292702729115,-6.27129105847058,28.3041904807291));
#2611=CARTESIAN_POINT('Ctrl Pts',(-42.5505502287933,-6.42844641679143,25.6562711963192));
#2612=CARTESIAN_POINT('Ctrl Pts',(-44.7722548138392,-6.58560177511229,24.2154928947427));
#2613=CARTESIAN_POINT('Ctrl Pts',(-47.1985656488426,-6.74275713343315,25.2761015020987));
#2614=CARTESIAN_POINT('Ctrl Pts',(-47.6497944957434,-6.899912491754,27.8854312851593));
#2615=CARTESIAN_POINT('Ctrl Pts',(-45.7206725410096,-7.05706785007486,29.6991858193842));
#2616=CARTESIAN_POINT('Ctrl Pts',(-43.1440267386695,-7.21422320839572,29.0884827544297));
#2617=CARTESIAN_POINT('Ctrl Pts',(-42.2349062944789,-7.37137856671657,26.6009705442804));
#2618=CARTESIAN_POINT('Ctrl Pts',(-43.8092974767143,-7.52853392503742,24.4732268653457));
#2619=CARTESIAN_POINT('Ctrl Pts',(-46.454296033236,-7.68568928335829,24.6127352264355));
#2620=CARTESIAN_POINT('Ctrl Pts',(-47.7909249179603,-7.84284464167914,26.9022607797971));
#2621=CARTESIAN_POINT('Ctrl Pts',(-47.0126250183771,-7.94761488055971,28.4778206955989));
#2622=CARTESIAN_POINT('Ctrl Pts',(-46.377024790131,-8.,28.9310620885576));
#2623=CARTESIAN_POINT('Ctrl Pts',(-46.377024790131,-8.,28.9310620885576));
#2624=CARTESIAN_POINT('Ctrl Pts',(-46.4477914610823,-8.,28.892056847029));
#2625=CARTESIAN_POINT('Ctrl Pts',(-46.516153334238,-8.,28.8492844817221));
#2626=CARTESIAN_POINT('Ctrl Pts',(-46.5820184220702,-8.,28.8031124982456));
#2627=CARTESIAN_POINT('Ctrl Pts',(-46.649628428182,-8.,28.7557173123015));
#2628=CARTESIAN_POINT('Ctrl Pts',(-46.7146081476737,-8.,28.7047396919041));
#2629=CARTESIAN_POINT('Ctrl Pts',(-46.7768462379895,-8.,28.6505236464699));
#2630=CARTESIAN_POINT('Ctrl Pts',(-46.839532948305,-8.,28.5959168049468));
#2631=CARTESIAN_POINT('Ctrl Pts',(-46.8994389204963,-8.,28.5380241557609));
#2632=CARTESIAN_POINT('Ctrl Pts',(-46.956430200775,-8.,28.4771502304924));
#2633=CARTESIAN_POINT('Ctrl Pts',(-46.9813638858969,-8.,28.4505178881874));
#2634=CARTESIAN_POINT('Ctrl Pts',(-47.0057393713304,-8.,28.4233143558241));
#2635=CARTESIAN_POINT('Ctrl Pts',(-47.0295438119152,-8.,28.3955627456209));
#2636=CARTESIAN_POINT('Ctrl Pts',(-47.0435397117445,-8.,28.379246094317));
#2637=CARTESIAN_POINT('Ctrl Pts',(-47.0573381872879,-8.,28.3627399528469));
#2638=CARTESIAN_POINT('Ctrl Pts',(-47.0709364404473,-8.,28.3460488141002));
#2639=CARTESIAN_POINT('Ctrl Pts',(-47.0820403751252,-8.,28.3324193197695));
#2640=CARTESIAN_POINT('Ctrl Pts',(-47.0930131058013,-8.,28.3186633400541));
#2641=CARTESIAN_POINT('Ctrl Pts',(-47.1038362685087,-8.,28.3048052546355));
#2642=CARTESIAN_POINT('Ctrl Pts',(-47.1575408797093,-8.,28.236041335113));
#2643=CARTESIAN_POINT('Ctrl Pts',(-47.2076467910663,-8.,28.1646696678353));
#2644=CARTESIAN_POINT('Ctrl Pts',(-47.2540335052536,-8.,28.0910645692401));
#2645=CARTESIAN_POINT('Ctrl Pts',(-47.3012096752229,-8.,28.0162067850066));
#2646=CARTESIAN_POINT('Ctrl Pts',(-47.3445396597856,-8.,27.9390382959948));
#2647=CARTESIAN_POINT('Ctrl Pts',(-47.3838687824902,-8.,27.8599067634297));
#2648=CARTESIAN_POINT('Ctrl Pts',(-47.4209070663917,-8.,27.7853844764536));
#2649=CARTESIAN_POINT('Ctrl Pts',(-47.4543972023023,-8.,27.7091202520577));
#2650=CARTESIAN_POINT('Ctrl Pts',(-47.4841796998387,-8.,27.6313758171932));
#2651=CARTESIAN_POINT('Ctrl Pts',(-47.4969233007977,-8.,27.5981098342619));
#2652=CARTESIAN_POINT('Ctrl Pts',(-47.5089876645778,-8.,27.5645725470896));
#2653=CARTESIAN_POINT('Ctrl Pts',(-47.5203583125014,-8.,27.5307833150389));
#2654=CARTESIAN_POINT('Ctrl Pts',(-47.526633489863,-8.,27.5121358795142));
#2655=CARTESIAN_POINT('Ctrl Pts',(-47.5326973625436,-8.,27.4934116996259));
#2656=CARTESIAN_POINT('Ctrl Pts',(-47.5385473243182,-8.,27.4746139608457));
#2657=CARTESIAN_POINT('Ctrl Pts',(-47.5421473724607,-8.,27.463045891312));
#2658=CARTESIAN_POINT('Ctrl Pts',(-47.5456659871158,-8.,27.4514511557004));
#2659=CARTESIAN_POINT('Ctrl Pts',(-47.5490999170891,-8.,27.4398400301292));
#2660=CARTESIAN_POINT('Ctrl Pts',(-47.5750428615787,-8.,27.3521193169807));
#2661=CARTESIAN_POINT('Ctrl Pts',(-47.5962012858924,-8.,27.2633201263788));
#2662=CARTESIAN_POINT('Ctrl Pts',(-47.612421771691,-8.,27.1738113946642));
#2663=CARTESIAN_POINT('Ctrl Pts',(-47.6285667433654,-8.,27.0847193689323));
#2664=CARTESIAN_POINT('Ctrl Pts',(-47.6398202446899,-8.,26.9949235414879));
#2665=CARTESIAN_POINT('Ctrl Pts',(-47.6459893765764,-8.,26.9047577498078));
#2666=CARTESIAN_POINT('Ctrl Pts',(-47.6520203718586,-8.,26.8166109125805));
#2667=CARTESIAN_POINT('Ctrl Pts',(-47.6531927293251,-8.,26.7281096555457));
#2668=CARTESIAN_POINT('Ctrl Pts',(-47.6497100551027,-8.,26.6395487746763));
#2669=CARTESIAN_POINT('Ctrl Pts',(-47.6475472891714,-8.,26.5845518258476));
#2670=CARTESIAN_POINT('Ctrl Pts',(-47.643588268232,-8.,26.5295316100505));
#2671=CARTESIAN_POINT('Ctrl Pts',(-47.6378719157868,-8.,26.4745575991641));
#2672=CARTESIAN_POINT('Ctrl Pts',(-47.6364248470986,-8.,26.4606411777075));
#2673=CARTESIAN_POINT('Ctrl Pts',(-47.6348650612315,-8.,26.446727820227));
#2674=CARTESIAN_POINT('Ctrl Pts',(-47.6331950646647,-8.,26.4328329101422));
#2675=CARTESIAN_POINT('Ctrl Pts',(-47.6224777282763,-8.,26.3436612145691));
#2676=CARTESIAN_POINT('Ctrl Pts',(-47.607210874919,-8.,26.2551034320904));
#2677=CARTESIAN_POINT('Ctrl Pts',(-47.5876525856696,-8.,26.1674645774522));
#2678=CARTESIAN_POINT('Ctrl Pts',(-47.5673662950206,-8.,26.0765636170122));
#2679=CARTESIAN_POINT('Ctrl Pts',(-47.5424632208129,-8.,25.9866505263446));
#2680=CARTESIAN_POINT('Ctrl Pts',(-47.5131766032839,-8.,25.8980539863816));
#2681=CARTESIAN_POINT('Ctrl Pts',(-47.4835545343496,-8.,25.8084426541232));
#2682=CARTESIAN_POINT('Ctrl Pts',(-47.4494477457422,-8.,25.7201772945077));
#2683=CARTESIAN_POINT('Ctrl Pts',(-47.4110437816138,-8.,25.6335990173973));
#2684=CARTESIAN_POINT('Ctrl Pts',(-47.384043815564,-8.,25.5727300265082));
#2685=CARTESIAN_POINT('Ctrl Pts',(-47.3549187014158,-8.,25.512694925091));
#2686=CARTESIAN_POINT('Ctrl Pts',(-47.3237187684839,-8.,25.453616327244));
#2687=CARTESIAN_POINT('Ctrl Pts',(-47.3163026528518,-8.,25.4395735498453));
#2688=CARTESIAN_POINT('Ctrl Pts',(-47.3087731980884,-8.,25.4255923489176));
#2689=CARTESIAN_POINT('Ctrl Pts',(-47.30113357747,-8.,25.4116781311197));
#2690=CARTESIAN_POINT('Ctrl Pts',(-47.2525552047173,-8.,25.3232012168185));
#2691=CARTESIAN_POINT('Ctrl Pts',(-47.1995008622895,-7.99999999999999,25.2373818403638));
#2692=CARTESIAN_POINT('Ctrl Pts',(-47.1422251313843,-7.99999999999999,25.1546158829261));
#2693=CARTESIAN_POINT('Ctrl Pts',(-47.0992683332054,-7.99999999999999,25.0925414148478));
#2694=CARTESIAN_POINT('Ctrl Pts',(-47.0539356641528,-8.,25.0321843718027));
#2695=CARTESIAN_POINT('Ctrl Pts',(-47.0063131264408,-7.99999999999999,24.9737173981648));
#2696=CARTESIAN_POINT('Ctrl Pts',(-46.9815572103934,-7.99999999999999,24.9433241524358));
#2697=CARTESIAN_POINT('Ctrl Pts',(-46.956182213722,-7.99999999999999,24.9134417707987));
#2698=CARTESIAN_POINT('Ctrl Pts',(-46.9301984053968,-7.99999999999999,24.8840954451982));
#2699=CARTESIAN_POINT('Ctrl Pts',(-46.916472140339,-7.99999999999999,24.868592889198));
#2700=CARTESIAN_POINT('Ctrl Pts',(-46.9025759594894,-7.99999999999999,24.8532399380272));
#2701=CARTESIAN_POINT('Ctrl Pts',(-46.8885112440012,-7.99999999999999,24.8380403984383));
#2702=CARTESIAN_POINT('Ctrl Pts',(-46.8767634522519,-7.99999999999999,24.8253447256445));
#2703=CARTESIAN_POINT('Ctrl Pts',(-46.8649040702093,-8.,24.8127625848419));
#2704=CARTESIAN_POINT('Ctrl Pts',(-46.8529359950672,-8.,24.8002976867004));
#2705=CARTESIAN_POINT('Ctrl Pts',(-46.784664986204,-8.,24.7291925873929));
#2706=CARTESIAN_POINT('Ctrl Pts',(-46.7128433802075,-8.,24.6618820614677));
#2707=CARTESIAN_POINT('Ctrl Pts',(-46.6376743581658,-8.,24.5987341613211));
#2708=CARTESIAN_POINT('Ctrl Pts',(-46.5993129200205,-8.,24.5665075312589));
#2709=CARTESIAN_POINT('Ctrl Pts',(-46.5600789064149,-8.,24.5353653409209));
#2710=CARTESIAN_POINT('Ctrl Pts',(-46.5199947892867,-8.,24.5053591709224));
#2711=CARTESIAN_POINT('Ctrl Pts',(-46.4467501891563,-8.,24.4505297252358));
#2712=CARTESIAN_POINT('Ctrl Pts',(-46.3706688782067,-8.,24.3994912857984));
#2713=CARTESIAN_POINT('Ctrl Pts',(-46.2920734050424,-8.,24.3522343421577));
#2714=CARTESIAN_POINT('Ctrl Pts',(-46.2889218540532,-1.54806465880704E-17,
24.3553744208028));
#2715=CARTESIAN_POINT('Ctrl Pts',(-46.3721043192982,-6.82456999977211E-17,
24.4060225002533));
#2716=CARTESIAN_POINT('Ctrl Pts',(-46.4523819767391,1.6870022673648E-16,
24.461027129744));
#2717=CARTESIAN_POINT('Ctrl Pts',(-46.5295856746372,4.16333634234434E-17,
24.5200333135975));
#2718=CARTESIAN_POINT('Ctrl Pts',(-46.6079519505485,-8.73469463371858E-17,
24.5799280467543));
#2719=CARTESIAN_POINT('Ctrl Pts',(-46.6831515178841,-2.27226630685779E-16,
24.6439465816833));
#2720=CARTESIAN_POINT('Ctrl Pts',(-46.7549663629454,-2.56739074444567E-16,
24.7117512488083));
#2721=CARTESIAN_POINT('Ctrl Pts',(-46.7911499687644,-2.71608794358488E-16,
24.7459143434421));
#2722=CARTESIAN_POINT('Ctrl Pts',(-46.8264736331753,-2.02437368962987E-16,
24.7810390360761));
#2723=CARTESIAN_POINT('Ctrl Pts',(-46.860904958437,-2.4980018054066E-16,
24.8170842724365));
#2724=CARTESIAN_POINT('Ctrl Pts',(-46.8773764652748,-2.72457945492601E-16,
24.8343278537588));
#2725=CARTESIAN_POINT('Ctrl Pts',(-46.8936468449183,-3.63282516393327E-16,
24.8517857555865));
#2726=CARTESIAN_POINT('Ctrl Pts',(-46.9096925863672,-3.67761376907083E-16,
24.869431336723));
#2727=CARTESIAN_POINT('Ctrl Pts',(-46.9750944332702,-3.86017046210598E-16,
24.9413540708442));
#2728=CARTESIAN_POINT('Ctrl Pts',(-47.0368283080587,2.01475212897931E-16,
25.0164532350284));
#2729=CARTESIAN_POINT('Ctrl Pts',(-47.0946946522742,1.59594559789866E-16,
25.0943941896361));
#2730=CARTESIAN_POINT('Ctrl Pts',(-47.1520527542968,1.18081745971941E-16,
25.1716505860221));
#2731=CARTESIAN_POINT('Ctrl Pts',(-47.2056112829576,-1.85070798014127E-16,
25.2516999700306));
#2732=CARTESIAN_POINT('Ctrl Pts',(-47.2551283963903,-3.19189119579733E-16,
25.3342339969071));
#2733=CARTESIAN_POINT('Ctrl Pts',(-47.2719252717653,-3.64683870317101E-16,
25.362230656396));
#2734=CARTESIAN_POINT('Ctrl Pts',(-47.2882566911501,-5.32113444132934E-16,
25.3905133036047));
#2735=CARTESIAN_POINT('Ctrl Pts',(-47.3041118586086,-5.96744875736022E-16,
25.4190700914411));
#2736=CARTESIAN_POINT('Ctrl Pts',(-47.3117175345517,-6.27748378272151E-16,
25.4327686963173));
#2737=CARTESIAN_POINT('Ctrl Pts',(-47.3192148248415,-5.05835702373503E-16,
25.4465326664061));
#2738=CARTESIAN_POINT('Ctrl Pts',(-47.3265984842474,-4.9960036108132E-16,
25.460353192975));
#2739=CARTESIAN_POINT('Ctrl Pts',(-47.3711546207606,-4.61973663728471E-16,
25.5437521195288));
#2740=CARTESIAN_POINT('Ctrl Pts',(-47.4114880197951,1.88366069243373E-16,
25.6290390409759));
#2741=CARTESIAN_POINT('Ctrl Pts',(-47.4474142869054,1.11022302462516E-16,
25.7159057766184));
#2742=CARTESIAN_POINT('Ctrl Pts',(-47.4826728973996,3.51158984181503E-17,
25.8011581739108));
#2743=CARTESIAN_POINT('Ctrl Pts',(-47.51368683241,-3.1400031273405E-16,
25.8879330515035));
#2744=CARTESIAN_POINT('Ctrl Pts',(-47.5402333661529,-2.91433543964104E-16,
25.9759493255448));
#2745=CARTESIAN_POINT('Ctrl Pts',(-47.5662736010868,-2.69297171428237E-16,
26.0622869422084));
#2746=CARTESIAN_POINT('Ctrl Pts',(-47.5880153484472,-4.55327616009587E-16,
26.1498197616834));
#2747=CARTESIAN_POINT('Ctrl Pts',(-47.6051991239668,-4.9960036108132E-16,
26.2382811303653));
#2748=CARTESIAN_POINT('Ctrl Pts',(-47.6123933505875,-5.18135761570105E-16,
26.275316712723));
#2749=CARTESIAN_POINT('Ctrl Pts',(-47.6187880457238,-2.0992314120161E-16,
26.3125149741604));
#2750=CARTESIAN_POINT('Ctrl Pts',(-47.624361444226,-1.66533453693773E-16,
26.3498558319693));
#2751=CARTESIAN_POINT('Ctrl Pts',(-47.6289453093987,-1.30847421672212E-16,
26.3805669784196));
#2752=CARTESIAN_POINT('Ctrl Pts',(-47.6329735952801,-1.8524263553032E-16,
26.4113745771297));
#2753=CARTESIAN_POINT('Ctrl Pts',(-47.6364333407862,-1.66533453693773E-16,
26.442267210785));
#2754=CARTESIAN_POINT('Ctrl Pts',(-47.6380691058132,-1.57687766842385E-16,
26.4568732243305));
#2755=CARTESIAN_POINT('Ctrl Pts',(-47.639577776204,-3.71142450996463E-16,
26.4714991944872));
#2756=CARTESIAN_POINT('Ctrl Pts',(-47.6409565928948,-3.60822483003176E-16,
26.4861271945945));
#2757=CARTESIAN_POINT('Ctrl Pts',(-47.6462079002866,-3.21518256004968E-16,
26.541838824429));
#2758=CARTESIAN_POINT('Ctrl Pts',(-47.6495830595448,5.4901142473687E-17,
26.5976364922063));
#2759=CARTESIAN_POINT('Ctrl Pts',(-47.6510332877512,0.,26.6534562433387));
#2760=CARTESIAN_POINT('Ctrl Pts',(-47.6533678324371,-5.8614441295403E-17,
26.7433136208122));
#2761=CARTESIAN_POINT('Ctrl Pts',(-47.6507167421285,-6.70606302368028E-16,
26.8332289711734));
#2762=CARTESIAN_POINT('Ctrl Pts',(-47.6432737004395,-5.55111512312578E-16,
26.9228580469299));
#2763=CARTESIAN_POINT('Ctrl Pts',(-47.6355589590632,-4.35400717611602E-16,
27.0157589291426));
#2764=CARTESIAN_POINT('Ctrl Pts',(-47.6226957332417,-1.87692811663012E-16,
27.1083533631573));
#2765=CARTESIAN_POINT('Ctrl Pts',(-47.6048461050193,-2.22044604925031E-16,
27.2002382011392));
#2766=CARTESIAN_POINT('Ctrl Pts',(-47.5892276803246,-2.52102424029298E-16,
27.2806374343734));
#2767=CARTESIAN_POINT('Ctrl Pts',(-47.5697904654933,-3.86275815130167E-16,
27.3604935073425));
#2768=CARTESIAN_POINT('Ctrl Pts',(-47.5466144840077,-4.16333634234434E-16,
27.4395143978625));
#2769=CARTESIAN_POINT('Ctrl Pts',(-47.5414091325852,-4.23084654100932E-16,
27.4572625784579));
#2770=CARTESIAN_POINT('Ctrl Pts',(-47.5360136003533,-1.04604870850895E-15,
27.4749728587985));
#2771=CARTESIAN_POINT('Ctrl Pts',(-47.5304377327766,-9.99200722162641E-16,
27.4926140304498));
#2772=CARTESIAN_POINT('Ctrl Pts',(-47.5035379413885,-7.73190860500416E-16,
27.5777207570228));
#2773=CARTESIAN_POINT('Ctrl Pts',(-47.4724130679619,-4.78874565907055E-16,
27.6613370402797));
#2774=CARTESIAN_POINT('Ctrl Pts',(-47.4372401844104,-4.9960036108132E-16,
27.7431265943181));
#2775=CARTESIAN_POINT('Ctrl Pts',(-47.4022723618,-5.2020532308437E-16,27.8244393082109));
#2776=CARTESIAN_POINT('Ctrl Pts',(-47.3633029817023,-3.71185282280438E-16,
27.9039473487179));
#2777=CARTESIAN_POINT('Ctrl Pts',(-47.3204644375507,-2.22044604925031E-16,
27.9812906874913));
#2778=CARTESIAN_POINT('Ctrl Pts',(-47.278452408795,-7.5781407849024E-17,
28.0571417846038));
#2779=CARTESIAN_POINT('Ctrl Pts',(-47.2327184660757,-1.82229385249519E-16,
28.1309115378265));
#2780=CARTESIAN_POINT('Ctrl Pts',(-47.1833564737205,-1.11022302462516E-16,
28.202221262115));
#2781=CARTESIAN_POINT('Ctrl Pts',(-47.1625747481176,-8.10436491534822E-17,
28.2322431281757));
#2782=CARTESIAN_POINT('Ctrl Pts',(-47.1411496333936,-3.06724175592106E-16,
28.2618284270031));
#2783=CARTESIAN_POINT('Ctrl Pts',(-47.1190868304036,-2.77555756156289E-16,
28.2909463621427));
#2784=CARTESIAN_POINT('Ctrl Pts',(-47.1093432045303,-2.64674067169176E-16,
28.303805755681));
#2785=CARTESIAN_POINT('Ctrl Pts',(-47.0994751960413,-3.87862409230632E-16,
28.316573974093));
#2786=CARTESIAN_POINT('Ctrl Pts',(-47.0894832554864,-3.88578058618805E-16,
28.3292482602246));
#2787=CARTESIAN_POINT('Ctrl Pts',(-47.0806558077978,-3.89210303927184E-16,
28.3404454443153));
#2788=CARTESIAN_POINT('Ctrl Pts',(-47.0717370813785,-3.50927837349262E-16,
28.351562356544));
#2789=CARTESIAN_POINT('Ctrl Pts',(-47.0627307508221,-3.33066907387547E-16,
28.3625937590546));
#2790=CARTESIAN_POINT('Ctrl Pts',(-47.0091152466181,-2.26739168309724E-16,
28.4282647006192));
#2791=CARTESIAN_POINT('Ctrl Pts',(-46.952363653225,-1.11017200546945E-16,
28.4909517546187));
#2792=CARTESIAN_POINT('Ctrl Pts',(-46.8925978443225,-1.66533453693773E-16,
28.5503325595689));
#2793=CARTESIAN_POINT('Ctrl Pts',(-46.8345256858815,-2.20476480785609E-16,
28.6080306243444));
#2794=CARTESIAN_POINT('Ctrl Pts',(-46.7736071290474,-1.86908255828996E-16,
28.6626076065416));
#2795=CARTESIAN_POINT('Ctrl Pts',(-46.7099286359776,-1.11022302462516E-16,
28.7137264768641));
#2796=CARTESIAN_POINT('Ctrl Pts',(-46.6651028998952,-5.76032663957065E-17,
28.7497110122927));
#2797=CARTESIAN_POINT('Ctrl Pts',(-46.6189090075607,-8.55991782757304E-17,
28.7839811126274));
#2798=CARTESIAN_POINT('Ctrl Pts',(-46.5713715303798,0.,28.8164046539121));
#2799=CARTESIAN_POINT('Ctrl Pts',(-46.5097364134652,1.10149867742245E-16,
28.8584436697872));
#2800=CARTESIAN_POINT('Ctrl Pts',(-46.4458420183323,-1.1269123985255E-16,
28.8973792141474));
#2801=CARTESIAN_POINT('Ctrl Pts',(-46.3799487618152,-1.11022302462516E-16,
28.9331390154523));
#2802=CARTESIAN_POINT('Ctrl Pts',(-47.939593267209,-7.17782388291041,27.0022217733085));
#2803=CARTESIAN_POINT('Ctrl Pts',(-47.9349155104252,-7.14254629675312,26.3488874338342));
#2804=CARTESIAN_POINT('Ctrl Pts',(-47.7194715888939,-7.10726871059582,25.6927410571313));
#2805=CARTESIAN_POINT('Ctrl Pts',(-47.3188496275164,-7.07199112443853,25.1817983495991));
#2806=CARTESIAN_POINT('Ctrl Pts',(-46.7239498176599,-7.01960600499825,24.4230787863648));
#2807=CARTESIAN_POINT('Ctrl Pts',(-45.7207234409929,-6.96722088555797,23.9845403621574));
#2808=CARTESIAN_POINT('Ctrl Pts',(-44.7597971653325,-6.91483576611768,24.0631362822162));
#2809=CARTESIAN_POINT('Ctrl Pts',(-43.7988708896722,-6.86245064667739,24.141732202275));
#2810=CARTESIAN_POINT('Ctrl Pts',(-42.8802447150184,-6.8100655272371,24.7374624666));
#2811=CARTESIAN_POINT('Ctrl Pts',(-42.4165322299048,-6.75768040779682,25.5827559066036));
#2812=CARTESIAN_POINT('Ctrl Pts',(-41.9528197447912,-6.70529528835653,26.4280493466073));
#2813=CARTESIAN_POINT('Ctrl Pts',(-41.9440209492177,-6.65291016891625,27.5229059622896));
#2814=CARTESIAN_POINT('Ctrl Pts',(-42.3940901790361,-6.60052504947597,28.3755445426725));
#2815=CARTESIAN_POINT('Ctrl Pts',(-42.8441594088546,-6.54813993003568,29.2281831230553));
#2816=CARTESIAN_POINT('Ctrl Pts',(-43.7530966640649,-6.49575481059539,29.8386036681386));
#2817=CARTESIAN_POINT('Ctrl Pts',(-44.7126348057606,-6.44336969115511,29.9326274429554));
#2818=CARTESIAN_POINT('Ctrl Pts',(-45.6721729474562,-6.39098457171482,30.0266512177722));
#2819=CARTESIAN_POINT('Ctrl Pts',(-46.682311975637,-6.33859945227454,29.6042782223226));
#2820=CARTESIAN_POINT('Ctrl Pts',(-47.2893297239473,-6.28621433283425,28.8552236484789));
#2821=CARTESIAN_POINT('Ctrl Pts',(-47.7079914072275,-6.25008418285964,28.3385988057505));
#2822=CARTESIAN_POINT('Ctrl Pts',(-47.9348924922732,-6.21395403288502,27.6665749354016));
#2823=CARTESIAN_POINT('Ctrl Pts',(-47.9399856540301,-6.1778238829104,26.9976783167453));
#2824=CARTESIAN_POINT('Ctrl Pts',(-43.622975209869,2.77555756156289E-16,
28.9310620885576));
#2825=CARTESIAN_POINT('Ctrl Pts',(-42.9873749816229,-0.0523851194402851,
28.4778206955989));
#2826=CARTESIAN_POINT('Ctrl Pts',(-42.2090716887575,-0.157155358320856,
26.9022668264588));
#2827=CARTESIAN_POINT('Ctrl Pts',(-43.5457057213736,-0.314310716641712,
24.6127331508464));
#2828=CARTESIAN_POINT('Ctrl Pts',(-46.1907016541284,-0.471466074962568,
24.4732289495255));
#2829=CARTESIAN_POINT('Ctrl Pts',(-47.7650933600506,-0.628621433283425,
26.6009697268919));
#2830=CARTESIAN_POINT('Ctrl Pts',(-46.8559727634457,-0.785776791604281,
29.0884828244315));
#2831=CARTESIAN_POINT('Ctrl Pts',(-44.2793276499185,-0.942932149925138,
29.6991849440527));
#2832=CARTESIAN_POINT('Ctrl Pts',(-42.3502060639014,-1.10008750824599,27.8854312579544));
#2833=CARTESIAN_POINT('Ctrl Pts',(-42.8014348272262,-1.25724286656685,25.2761017835241));
#2834=CARTESIAN_POINT('Ctrl Pts',(-45.2277451374957,-1.41439822488771,24.215493543702));
#2835=CARTESIAN_POINT('Ctrl Pts',(-47.4494492424843,-1.57155358320856,25.6562714593176));
#2836=CARTESIAN_POINT('Ctrl Pts',(-47.4707291956505,-1.72870894152942,28.3041902139749));
#2837=CARTESIAN_POINT('Ctrl Pts',(-45.2724578101299,-1.88586429985028,29.7804967345072));
#2838=CARTESIAN_POINT('Ctrl Pts',(-42.8294292007911,-2.04301965817113,28.7589845747017));
#2839=CARTESIAN_POINT('Ctrl Pts',(-42.3363041034285,-2.20017501649199,26.157308834972));
#2840=CARTESIAN_POINT('Ctrl Pts',(-44.2360764099061,-2.35733037481284,24.3126550614231));
#2841=CARTESIAN_POINT('Ctrl Pts',(-46.8221094411986,-2.5144857331337,24.8821424836046));
#2842=CARTESIAN_POINT('Ctrl Pts',(-47.7712739811736,-2.67164109145456,27.354180278481));
#2843=CARTESIAN_POINT('Ctrl Pts',(-46.2309001057813,-2.82879644977541,29.5080446268932));
#2844=CARTESIAN_POINT('Ctrl Pts',(-43.5847629669052,-2.98595180809627,29.4088393920706));
#2845=CARTESIAN_POINT('Ctrl Pts',(-42.209985814116,-3.14310716641713,27.1456842136005));
#2846=CARTESIAN_POINT('Ctrl Pts',(-43.3415820524732,-3.30026252473798,24.7516555120748));
#2847=CARTESIAN_POINT('Ctrl Pts',(-45.9629967356582,-3.45741788305884,24.3773981751612));
#2848=CARTESIAN_POINT('Ctrl Pts',(-47.7193156800493,-3.6145732413797,26.359121484494));
#2849=CARTESIAN_POINT('Ctrl Pts',(-47.0327723330118,-3.77172859970055,28.9165697690257));
#2850=CARTESIAN_POINT('Ctrl Pts',(-44.5201140875824,-3.92888395802141,29.7522922357434));
#2851=CARTESIAN_POINT('Ctrl Pts',(-42.438555183588,-4.08603931634226,28.1155283462452));
#2852=CARTESIAN_POINT('Ctrl Pts',(-42.6580373089858,-4.24319467466312,25.4766439048277));
#2853=CARTESIAN_POINT('Ctrl Pts',(-44.9813915174248,-4.40035003298397,24.2062468319041));
#2854=CARTESIAN_POINT('Ctrl Pts',(-47.3214624167594,-4.55750539130483,25.4455820108559));
#2855=CARTESIAN_POINT('Ctrl Pts',(-47.5760773915905,-4.71466074962569,28.0813086108672));
#2856=CARTESIAN_POINT('Ctrl Pts',(-45.516506350081,-4.87181610794655,29.7456555200648));
#2857=CARTESIAN_POINT('Ctrl Pts',(-42.9929384697619,-5.0289714662674,28.943478077803));
#2858=CARTESIAN_POINT('Ctrl Pts',(-42.272388514375,-5.18612682458826,26.3954020914587));
#2859=CARTESIAN_POINT('Ctrl Pts',(-44.0021532892511,-5.34328218290911,24.3904588490538));
#2860=CARTESIAN_POINT('Ctrl Pts',(-46.6283208129797,-5.50043754122997,24.7297633931862));
#2861=CARTESIAN_POINT('Ctrl Pts',(-47.7917073004084,-5.65759289955082,27.1085057475029));
#2862=CARTESIAN_POINT('Ctrl Pts',(-46.4471993394522,-5.81474825787168,29.3897734928956));
#2863=CARTESIAN_POINT('Ctrl Pts',(-43.8026186054256,-5.97190361619254,29.5242186645225));
#2864=CARTESIAN_POINT('Ctrl Pts',(-42.2336897492018,-6.12905897451339,27.3910649886623));
#2865=CARTESIAN_POINT('Ctrl Pts',(-43.1498407735607,-6.28621433283425,24.9066020050553));
#2866=CARTESIAN_POINT('Ctrl Pts',(-45.7280573079268,-6.44336969115511,24.3027184230636));
#2867=CARTESIAN_POINT('Ctrl Pts',(-47.6522354382628,-6.60052504947596,26.1218986092195));
#2868=CARTESIAN_POINT('Ctrl Pts',(-47.1938068726972,-6.75768040779682,28.7299188963235));
#2869=CARTESIAN_POINT('Ctrl Pts',(-44.7646103288874,-6.91483576611768,29.7838706427476));
#2870=CARTESIAN_POINT('Ctrl Pts',(-42.5468524648011,-7.07199112443853,28.3370045064438));
#2871=CARTESIAN_POINT('Ctrl Pts',(-42.5328896671566,-7.22914648275939,25.6889839734296));
#2872=CARTESIAN_POINT('Ctrl Pts',(-44.7351401165022,-7.38630184108024,24.218846059549));
#2873=CARTESIAN_POINT('Ctrl Pts',(-47.1754924618246,-7.54345719940111,25.2468234672054));
#2874=CARTESIAN_POINT('Ctrl Pts',(-47.6611798466623,-7.70061255772195,27.8503459721613));
#2875=CARTESIAN_POINT('Ctrl Pts',(-45.7569139719261,-7.85776791604281,29.6887587488956));
#2876=CARTESIAN_POINT('Ctrl Pts',(-43.1713072077512,-8.01492327436367,29.1142132176038));
#2877=CARTESIAN_POINT('Ctrl Pts',(-42.2312739533608,-8.17207863268452,26.6353238555));
#2878=CARTESIAN_POINT('Ctrl Pts',(-43.2591675597622,-8.27684887156509,25.2099955620297));
#2879=CARTESIAN_POINT('Ctrl Pts',(-43.9609108064749,-8.32923399100538,24.8679841205096));
#2880=CARTESIAN_POINT('Ctrl Pts',(-43.5126138892447,0.109744663668462,29.0858265952159));
#2881=CARTESIAN_POINT('Ctrl Pts',(-42.8260736335706,0.0573595442281763,
28.596260279825));
#2882=CARTESIAN_POINT('Ctrl Pts',(-41.9853934104839,-0.0474106946523945,
26.8944340247706));
#2883=CARTESIAN_POINT('Ctrl Pts',(-43.4291516561775,-0.204566052973251,
24.4214062233695));
#2884=CARTESIAN_POINT('Ctrl Pts',(-46.2861301518293,-0.361721411294107,
24.2707214913852));
#2885=CARTESIAN_POINT('Ctrl Pts',(-47.9867011023743,-0.518876769614964,
26.5689895416223));
#2886=CARTESIAN_POINT('Ctrl Pts',(-47.0047192542022,-0.676032127935819,
29.2558637781059));
#2887=CARTESIAN_POINT('Ctrl Pts',(-44.2215695377463,-0.833187486256677,
29.9155104722276));
#2888=CARTESIAN_POINT('Ctrl Pts',(-42.1378389661803,-0.990342844577532,
27.9563939331729));
#2889=CARTESIAN_POINT('Ctrl Pts',(-42.6252313502192,-1.14749820289839,25.13794037557));
#2890=CARTESIAN_POINT('Ctrl Pts',(-45.2459977167665,-1.30465356121924,23.9923299434484));
#2891=CARTESIAN_POINT('Ctrl Pts',(-47.6457597629195,-1.4618089195401,25.5485786585974));
#2892=CARTESIAN_POINT('Ctrl Pts',(-47.6687451928143,-1.61896427786096,28.4087142250103));
#2893=CARTESIAN_POINT('Ctrl Pts',(-45.2942938757954,-1.77611963618181,30.0033389765722));
#2894=CARTESIAN_POINT('Ctrl Pts',(-42.6554693261207,-1.93327499450267,28.8999579703974));
#2895=CARTESIAN_POINT('Ctrl Pts',(-42.1228228364287,-2.09043035282353,26.0897715542219));
#2896=CARTESIAN_POINT('Ctrl Pts',(-44.1748519375051,-2.24758571114438,24.0972784476395));
#2897=CARTESIAN_POINT('Ctrl Pts',(-46.9681419641377,-2.40474106946524,24.7124073023075));
#2898=CARTESIAN_POINT('Ctrl Pts',(-47.9933770678908,-2.56189642778609,27.3825659717179));
#2899=CARTESIAN_POINT('Ctrl Pts',(-46.329550298722,-2.71905178610695,29.7090512603194));
#2900=CARTESIAN_POINT('Ctrl Pts',(-43.4713391352587,-2.87620714442781,29.6018952458113));
#2901=CARTESIAN_POINT('Ctrl Pts',(-41.9863807981995,-3.03336250274867,27.1573600398618));
#2902=CARTESIAN_POINT('Ctrl Pts',(-43.2086685449257,-3.19051786106952,24.5714624838272));
#2903=CARTESIAN_POINT('Ctrl Pts',(-46.0401758774324,-3.34767321939038,24.1672103826572));
#2904=CARTESIAN_POINT('Ctrl Pts',(-47.9372545812191,-3.50482857771123,26.307758430003));
#2905=CARTESIAN_POINT('Ctrl Pts',(-47.19568838275,-3.66198393603209,29.0701727922205));
#2906=CARTESIAN_POINT('Ctrl Pts',(-44.4816537465466,-3.81913929435294,29.9728740350382));
#2907=CARTESIAN_POINT('Ctrl Pts',(-42.2332688048157,-3.9762946526738,28.2049320972654));
#2908=CARTESIAN_POINT('Ctrl Pts',(-42.4703412723672,-4.13345001099466,25.3545548969542));
#2909=CARTESIAN_POINT('Ctrl Pts',(-44.9799001450642,-4.29060536931551,23.9823421561573));
#2910=CARTESIAN_POINT('Ctrl Pts',(-47.5075154638283,-4.44776072763637,25.3210035549605));
#2911=CARTESIAN_POINT('Ctrl Pts',(-47.7825364945812,-4.60491608595723,28.1679698294255));
#2912=CARTESIAN_POINT('Ctrl Pts',(-45.5579016272861,-4.76207144427808,29.9657054213777));
#2913=CARTESIAN_POINT('Ctrl Pts',(-42.8320830061284,-4.91922680259894,29.0992376609332));
#2914=CARTESIAN_POINT('Ctrl Pts',(-42.0537847478625,-5.07638216091979,26.3469467374872));
#2915=CARTESIAN_POINT('Ctrl Pts',(-43.9221811046048,-5.23353751924065,24.1813178011177));
#2916=CARTESIAN_POINT('Ctrl Pts',(-46.7588221929174,-5.3906928775615,24.5478158263353));
#2917=CARTESIAN_POINT('Ctrl Pts',(-48.0154480105814,-5.54784823588237,27.1172019145404));
#2918=CARTESIAN_POINT('Ctrl Pts',(-46.5631847824545,-5.70500359420322,29.5813013147323));
#2919=CARTESIAN_POINT('Ctrl Pts',(-43.7066547615332,-5.86215895252408,29.7265215623046));
#2920=CARTESIAN_POINT('Ctrl Pts',(-42.0119844794618,-6.01931431084493,27.4224067981257));
#2921=CARTESIAN_POINT('Ctrl Pts',(-43.0015602073295,-6.17646966916579,24.7388271262222));
#2922=CARTESIAN_POINT('Ctrl Pts',(-45.7864072857696,-6.33362502748664,24.0865454397885));
#2923=CARTESIAN_POINT('Ctrl Pts',(-47.8647982095877,-6.4907803858075,26.0515233844427));
#2924=CARTESIAN_POINT('Ctrl Pts',(-47.3696289968891,-6.64793574412836,28.868562830216));
#2925=CARTESIAN_POINT('Ctrl Pts',(-44.7457450803083,-6.80509110244921,30.006983285877));
#2926=CARTESIAN_POINT('Ctrl Pts',(-42.3502455455858,-6.96224646077007,28.444158411057));
#2927=CARTESIAN_POINT('Ctrl Pts',(-42.3351637028821,-7.11940181909093,25.5839129092854));
#2928=CARTESIAN_POINT('Ctrl Pts',(-44.7139129848393,-7.27655717741178,23.9959511458717));
#2929=CARTESIAN_POINT('Ctrl Pts',(-47.3498467819618,-7.43371253573264,25.1063155556315));
#2930=CARTESIAN_POINT('Ctrl Pts',(-47.8744594654472,-7.59086789405349,27.9184967455881));
#2931=CARTESIAN_POINT('Ctrl Pts',(-45.817576660165,-7.74802325237435,29.9042486721671));
#2932=CARTESIAN_POINT('Ctrl Pts',(-43.0247470637253,-7.90517861069521,29.2836563274507));
#2933=CARTESIAN_POINT('Ctrl Pts',(-42.0093750702442,-8.06233396901606,26.6060969736053));
#2934=CARTESIAN_POINT('Ctrl Pts',(-43.1196489625174,-8.16710420789663,25.0665360868528));
#2935=CARTESIAN_POINT('Ctrl Pts',(-43.8776332529655,-8.21948932733692,24.6971142206073));
#2936=CARTESIAN_POINT('Ctrl Pts',(-43.4022525686203,0.219489327336923,29.2405911018741));
#2937=CARTESIAN_POINT('Ctrl Pts',(-42.6647722855182,0.167104207896637,28.7146998640512));
#2938=CARTESIAN_POINT('Ctrl Pts',(-41.7617151322104,0.0623339690160669,
26.8866012230824));
#2939=CARTESIAN_POINT('Ctrl Pts',(-43.3125975909813,-0.0948213893047896,
24.2300792958926));
#2940=CARTESIAN_POINT('Ctrl Pts',(-46.3815586495302,-0.251976747625646,
24.0682140332449));
#2941=CARTESIAN_POINT('Ctrl Pts',(-48.208308844698,-0.409132105946502,26.5370093563526));
#2942=CARTESIAN_POINT('Ctrl Pts',(-47.1534657449586,-0.566287464267358,
29.4232447317804));
#2943=CARTESIAN_POINT('Ctrl Pts',(-44.163811425574,-0.723442822588215,30.1318360004024));
#2944=CARTESIAN_POINT('Ctrl Pts',(-41.9254718684593,-0.880598180909072,
28.0273566083915));
#2945=CARTESIAN_POINT('Ctrl Pts',(-42.4490278732121,-1.03775353922993,24.9997789676159));
#2946=CARTESIAN_POINT('Ctrl Pts',(-45.2642502960374,-1.19490889755078,23.7691663431949));
#2947=CARTESIAN_POINT('Ctrl Pts',(-47.8420702833546,-1.35206425587164,25.4408858578772));
#2948=CARTESIAN_POINT('Ctrl Pts',(-47.8667611899782,-1.5092196141925,28.5132382360456));
#2949=CARTESIAN_POINT('Ctrl Pts',(-45.3161299414608,-1.66637497251335,30.2261812186371));
#2950=CARTESIAN_POINT('Ctrl Pts',(-42.4815094514503,-1.82353033083421,29.0409313660931));
#2951=CARTESIAN_POINT('Ctrl Pts',(-41.9093415694288,-1.98068568915507,26.0222342734718));
#2952=CARTESIAN_POINT('Ctrl Pts',(-44.1136274651042,-2.13784104747592,23.881901833856));
#2953=CARTESIAN_POINT('Ctrl Pts',(-47.114174487077,-2.29499640579678,24.5426721210103));
#2954=CARTESIAN_POINT('Ctrl Pts',(-48.215480154608,-2.45215176411763,27.4109516649548));
#2955=CARTESIAN_POINT('Ctrl Pts',(-46.4282004916628,-2.60930712243849,29.9100578937456));
#2956=CARTESIAN_POINT('Ctrl Pts',(-43.3579153036123,-2.76646248075934,29.794951099552));
#2957=CARTESIAN_POINT('Ctrl Pts',(-41.7627757822829,-2.9236178390802,27.169035866123));
#2958=CARTESIAN_POINT('Ctrl Pts',(-43.0757550373782,-3.08077319740106,24.3912694555795));
#2959=CARTESIAN_POINT('Ctrl Pts',(-46.1173550192067,-3.23792855572191,23.9570225901531));
#2960=CARTESIAN_POINT('Ctrl Pts',(-48.1551934823889,-3.39508391404277,26.2563953755119));
#2961=CARTESIAN_POINT('Ctrl Pts',(-47.3586044324882,-3.55223927236363,29.2237758154154));
#2962=CARTESIAN_POINT('Ctrl Pts',(-44.4431934055105,-3.70939463068449,30.193455834333));
#2963=CARTESIAN_POINT('Ctrl Pts',(-42.0279824260435,-3.86654998900534,28.2943358482856));
#2964=CARTESIAN_POINT('Ctrl Pts',(-42.2826452357485,-4.0237053473262,25.2324658890807));
#2965=CARTESIAN_POINT('Ctrl Pts',(-44.9784087727036,-4.18086070564705,23.7584374804106));
#2966=CARTESIAN_POINT('Ctrl Pts',(-47.6935685108973,-4.33801606396791,25.1964250990652));
#2967=CARTESIAN_POINT('Ctrl Pts',(-47.9889955975719,-4.49517142228877,28.2546310479838));
#2968=CARTESIAN_POINT('Ctrl Pts',(-45.5992969044913,-4.65232678060962,30.1857553226907));
#2969=CARTESIAN_POINT('Ctrl Pts',(-42.6712275424949,-4.80948213893048,29.2549972440634));
#2970=CARTESIAN_POINT('Ctrl Pts',(-41.8351809813501,-4.96663749725133,26.2984913835157));
#2971=CARTESIAN_POINT('Ctrl Pts',(-43.8422089199585,-5.12379285557219,23.9721767531816));
#2972=CARTESIAN_POINT('Ctrl Pts',(-46.889323572855,-5.28094821389304,24.3658682594845));
#2973=CARTESIAN_POINT('Ctrl Pts',(-48.2391887207543,-5.43810357221391,27.1258980815779));
#2974=CARTESIAN_POINT('Ctrl Pts',(-46.6791702254569,-5.59525893053475,29.772829136569));
#2975=CARTESIAN_POINT('Ctrl Pts',(-43.6106909176407,-5.75241428885562,29.9288244600867));
#2976=CARTESIAN_POINT('Ctrl Pts',(-41.7902792097218,-5.90956964717647,27.4537486075892));
#2977=CARTESIAN_POINT('Ctrl Pts',(-42.8532796410982,-6.06672500549733,24.5710522473891));
#2978=CARTESIAN_POINT('Ctrl Pts',(-45.8447572636123,-6.22388036381818,23.8703724565134));
#2979=CARTESIAN_POINT('Ctrl Pts',(-48.0773609809126,-6.38103572213904,25.981148159666));
#2980=CARTESIAN_POINT('Ctrl Pts',(-47.5454511210809,-6.53819108045989,29.0072067641085));
#2981=CARTESIAN_POINT('Ctrl Pts',(-44.7268798317292,-6.69534643878076,30.2300959290065));
#2982=CARTESIAN_POINT('Ctrl Pts',(-42.1536386263705,-6.8525017971016,28.5513123156703));
#2983=CARTESIAN_POINT('Ctrl Pts',(-42.1374377386076,-7.00965715542247,25.4788418451413));
#2984=CARTESIAN_POINT('Ctrl Pts',(-44.6926858531764,-7.16681251374332,23.7730562321944));
#2985=CARTESIAN_POINT('Ctrl Pts',(-47.5242011020988,-7.32396787206418,24.9658076440577));
#2986=CARTESIAN_POINT('Ctrl Pts',(-48.0877390842321,-7.48112323038503,27.9866475190149));
#2987=CARTESIAN_POINT('Ctrl Pts',(-45.8782393484037,-7.63827858870589,30.1197385954387));
#2988=CARTESIAN_POINT('Ctrl Pts',(-42.8781869196995,-7.79543394702675,29.4530994372976));
#2989=CARTESIAN_POINT('Ctrl Pts',(-41.7874761871275,-7.9525893053476,26.5768700917106));
#2990=CARTESIAN_POINT('Ctrl Pts',(-42.9801303652727,-8.05735954422817,24.9230766116759));
#2991=CARTESIAN_POINT('Ctrl Pts',(-43.7943556994561,-8.10974466366846,24.5262443207051));
#2992=CARTESIAN_POINT('Ctrl Pts',(-43.291891247996,0.329233991005384,29.3953556085324));
#2993=CARTESIAN_POINT('Ctrl Pts',(-42.5034709374658,0.276848871565099,28.8331394482774));
#2994=CARTESIAN_POINT('Ctrl Pts',(-41.5380368539368,0.172078632684528,26.8787684213942));
#2995=CARTESIAN_POINT('Ctrl Pts',(-43.1960435257852,0.0149232743636716,
24.0387523684157));
#2996=CARTESIAN_POINT('Ctrl Pts',(-46.4769871472312,-0.142232083957184,
23.8657065751045));
#2997=CARTESIAN_POINT('Ctrl Pts',(-48.4299165870217,-0.299387442278041,
26.505029171083));
#2998=CARTESIAN_POINT('Ctrl Pts',(-47.3022122357151,-0.456542800598896,
29.5906256854548));
#2999=CARTESIAN_POINT('Ctrl Pts',(-44.1060533134017,-0.613698158919754,
30.3481615285773));
#3000=CARTESIAN_POINT('Ctrl Pts',(-41.7131047707381,-0.770853517240609,
28.09831928361));
#3001=CARTESIAN_POINT('Ctrl Pts',(-42.272824396205,-0.928008875561466,24.8616175596618));
#3002=CARTESIAN_POINT('Ctrl Pts',(-45.2825028753083,-1.08516423388232,23.5460027429414));
#3003=CARTESIAN_POINT('Ctrl Pts',(-48.0383808037898,-1.24231959220318,25.3331930571571));
#3004=CARTESIAN_POINT('Ctrl Pts',(-48.0647771871419,-1.39947495052404,28.617762247081));
#3005=CARTESIAN_POINT('Ctrl Pts',(-45.3379660071264,-1.55663030884489,30.4490234607022));
#3006=CARTESIAN_POINT('Ctrl Pts',(-42.3075495767798,-1.71378566716575,29.1819047617888));
#3007=CARTESIAN_POINT('Ctrl Pts',(-41.6958603024292,-1.8709410254866,25.9546969927217));
#3008=CARTESIAN_POINT('Ctrl Pts',(-44.0524029927031,-2.02809638380746,23.6665252200724));
#3009=CARTESIAN_POINT('Ctrl Pts',(-47.2602070100163,-2.18525174212832,24.3729369397132));
#3010=CARTESIAN_POINT('Ctrl Pts',(-48.4375832413251,-2.34240710044917,27.4393373581917));
#3011=CARTESIAN_POINT('Ctrl Pts',(-46.5268506846036,-2.49956245877003,30.1110645271718));
#3012=CARTESIAN_POINT('Ctrl Pts',(-43.2444914719659,-2.65671781709088,29.9880069532926));
#3013=CARTESIAN_POINT('Ctrl Pts',(-41.5391707663664,-2.81387317541174,27.1807116923844));
#3014=CARTESIAN_POINT('Ctrl Pts',(-42.9428415298307,-2.9710285337326,24.2110764273318));
#3015=CARTESIAN_POINT('Ctrl Pts',(-46.1945341609809,-3.12818389205345,23.7468347976491));
#3016=CARTESIAN_POINT('Ctrl Pts',(-48.3731323835586,-3.28533925037431,26.2050323210209));
#3017=CARTESIAN_POINT('Ctrl Pts',(-47.5215204822265,-3.44249460869517,29.3773788386102));
#3018=CARTESIAN_POINT('Ctrl Pts',(-44.4047330644746,-3.59964996701602,30.4140376336278));
#3019=CARTESIAN_POINT('Ctrl Pts',(-41.8226960472713,-3.75680532533688,28.3837395993058));
#3020=CARTESIAN_POINT('Ctrl Pts',(-42.0949491991299,-3.91396068365773,25.1103768812072));
#3021=CARTESIAN_POINT('Ctrl Pts',(-44.976917400343,-4.0711160419786,23.534532804664));
#3022=CARTESIAN_POINT('Ctrl Pts',(-47.8796215579662,-4.22827140029945,25.0718466431697));
#3023=CARTESIAN_POINT('Ctrl Pts',(-48.1954547005625,-4.38542675862031,28.3412922665422));
#3024=CARTESIAN_POINT('Ctrl Pts',(-45.6406921816964,-4.54258211694116,30.4058052240036));
#3025=CARTESIAN_POINT('Ctrl Pts',(-42.5103720788614,-4.69973747526202,29.4107568271936));
#3026=CARTESIAN_POINT('Ctrl Pts',(-41.6165772148376,-4.85689283358287,26.2500360295442));
#3027=CARTESIAN_POINT('Ctrl Pts',(-43.7622367353122,-5.01404819190373,23.7630357052456));
#3028=CARTESIAN_POINT('Ctrl Pts',(-47.0198249527927,-5.17120355022458,24.1839206926336));
#3029=CARTESIAN_POINT('Ctrl Pts',(-48.4629294309273,-5.32835890854544,27.1345942486154));
#3030=CARTESIAN_POINT('Ctrl Pts',(-46.7951556684592,-5.4855142668663,29.9643569584057));
#3031=CARTESIAN_POINT('Ctrl Pts',(-43.5147270737482,-5.64266962518715,30.1311273578688));
#3032=CARTESIAN_POINT('Ctrl Pts',(-41.5685739399817,-5.79982498350801,27.4850904170526));
#3033=CARTESIAN_POINT('Ctrl Pts',(-42.704999074867,-5.95698034182886,24.403277368556));
#3034=CARTESIAN_POINT('Ctrl Pts',(-45.9031072414549,-6.11413570014973,23.6541994732384));
#3035=CARTESIAN_POINT('Ctrl Pts',(-48.2899237522375,-6.27129105847058,25.9107729348892));
#3036=CARTESIAN_POINT('Ctrl Pts',(-47.7212732452727,-6.42844641679144,29.145850698001));
#3037=CARTESIAN_POINT('Ctrl Pts',(-44.7080145831502,-6.58560177511229,30.4532085721359));
#3038=CARTESIAN_POINT('Ctrl Pts',(-41.9570317071551,-6.74275713343315,28.6584662202836));
#3039=CARTESIAN_POINT('Ctrl Pts',(-41.9397117743331,-6.89991249175401,25.3737707809971));
#3040=CARTESIAN_POINT('Ctrl Pts',(-44.6714587215134,-7.05706785007485,23.5501613185172));
#3041=CARTESIAN_POINT('Ctrl Pts',(-47.698555422236,-7.21422320839572,24.8252997324837));
#3042=CARTESIAN_POINT('Ctrl Pts',(-48.301018703017,-7.37137856671657,28.0547982924417));
#3043=CARTESIAN_POINT('Ctrl Pts',(-45.9389020366425,-7.52853392503743,30.3352285187102));
#3044=CARTESIAN_POINT('Ctrl Pts',(-42.7316267756736,-7.68568928335828,29.6225425471446));
#3045=CARTESIAN_POINT('Ctrl Pts',(-41.5655773040108,-7.84284464167914,26.5476432098159));
#3046=CARTESIAN_POINT('Ctrl Pts',(-42.8406117680279,-7.94761488055971,24.779617136499));
#3047=CARTESIAN_POINT('Ctrl Pts',(-43.7110781459467,-8.,24.3553744208028));
#3048=CARTESIAN_POINT('Ctrl Pts',(-43.7110781459467,-8.,24.3553744208028));
#3049=CARTESIAN_POINT('Ctrl Pts',(-43.6292048222296,-8.,24.4052253911039));
#3050=CARTESIAN_POINT('Ctrl Pts',(-43.5502179103779,-8.,24.4592525290361));
#3051=CARTESIAN_POINT('Ctrl Pts',(-43.474259097056,-8.,24.5170998934435));
#3052=CARTESIAN_POINT('Ctrl Pts',(-43.3966421606573,-8.,24.576210021784));
#3053=CARTESIAN_POINT('Ctrl Pts',(-43.3221864269411,-8.,24.6393097369771));
#3054=CARTESIAN_POINT('Ctrl Pts',(-43.2510808253464,-8.,24.7060576565111));
#3055=CARTESIAN_POINT('Ctrl Pts',(-43.1840982754915,-8.,24.7689352040971));
#3056=CARTESIAN_POINT('Ctrl Pts',(-43.1200886392352,-8.,24.8350510750182));
#3057=CARTESIAN_POINT('Ctrl Pts',(-43.0592457870075,-8.,24.9041406476645));
#3058=CARTESIAN_POINT('Ctrl Pts',(-43.0060082913082,-8.,24.96459402373));
#3059=CARTESIAN_POINT('Ctrl Pts',(-42.9551957600111,-7.99999999999999,25.027324705187));
#3060=CARTESIAN_POINT('Ctrl Pts',(-42.9069628059265,-7.99999999999999,25.0921620371709));
#3061=CARTESIAN_POINT('Ctrl Pts',(-42.8962533024915,-7.99999999999999,25.1065583278974));
#3062=CARTESIAN_POINT('Ctrl Pts',(-42.8856693511654,-8.,25.1210610519395));
#3063=CARTESIAN_POINT('Ctrl Pts',(-42.8752269802963,-8.,25.1356480764728));
#3064=CARTESIAN_POINT('Ctrl Pts',(-42.8194551437381,-8.,25.2135561644296));
#3065=CARTESIAN_POINT('Ctrl Pts',(-42.7676319036378,-8.,25.2939801025497));
#3066=CARTESIAN_POINT('Ctrl Pts',(-42.7199362463023,-8.,25.3765955571174));
#3067=CARTESIAN_POINT('Ctrl Pts',(-42.6725345755464,-8.,25.4587017863957));
#3068=CARTESIAN_POINT('Ctrl Pts',(-42.6292094454681,-8.,25.5429734846919));
#3069=CARTESIAN_POINT('Ctrl Pts',(-42.5901847896605,-7.99999999999999,25.6291091481638));
#3070=CARTESIAN_POINT('Ctrl Pts',(-42.5536499646904,-7.99999999999999,25.7097492287359));
#3071=CARTESIAN_POINT('Ctrl Pts',(-42.5208845634063,-7.99999999999999,25.7920237171058));
#3072=CARTESIAN_POINT('Ctrl Pts',(-42.492114748084,-7.99999999999999,25.8756886638129));
#3073=CARTESIAN_POINT('Ctrl Pts',(-42.4799318583873,-7.99999999999999,25.9111174910679));
#3074=CARTESIAN_POINT('Ctrl Pts',(-42.4684659799369,-8.,25.9467956402875));
#3075=CARTESIAN_POINT('Ctrl Pts',(-42.457736679472,-8.,25.9827043581932));
#3076=CARTESIAN_POINT('Ctrl Pts',(-42.4501576861538,-8.,26.0080696589377));
#3077=CARTESIAN_POINT('Ctrl Pts',(-42.4429462580838,-8.,26.0335500044046));
#3078=CARTESIAN_POINT('Ctrl Pts',(-42.4361097408714,-8.,26.0591386957963));
#3079=CARTESIAN_POINT('Ctrl Pts',(-42.4317458795332,-8.,26.075472378224));
#3080=CARTESIAN_POINT('Ctrl Pts',(-42.4275344239034,-8.,26.0918520924224));
#3081=CARTESIAN_POINT('Ctrl Pts',(-42.4234824188863,-8.,26.1082543092458));
#3082=CARTESIAN_POINT('Ctrl Pts',(-42.4013431026245,-8.,26.1978726251456));
#3083=CARTESIAN_POINT('Ctrl Pts',(-42.3839197200331,-8.,26.288305590199));
#3084=CARTESIAN_POINT('Ctrl Pts',(-42.37142119194,-8.,26.3792672172625));
#3085=CARTESIAN_POINT('Ctrl Pts',(-42.358922663847,-8.,26.470228844326));
#3086=CARTESIAN_POINT('Ctrl Pts',(-42.3513486822111,-8.,26.5617199571385));
#3087=CARTESIAN_POINT('Ctrl Pts',(-42.348965430964,-8.,26.6534523977608));
#3088=CARTESIAN_POINT('Ctrl Pts',(-42.3465802939913,-8.,26.7452574208347));
#3089=CARTESIAN_POINT('Ctrl Pts',(-42.3493951528358,-8.,26.837305183435));
#3090=CARTESIAN_POINT('Ctrl Pts',(-42.3572612607953,-8.,26.9292135176209));
#3091=CARTESIAN_POINT('Ctrl Pts',(-42.3613615615304,-8.,26.9771218112983));
#3092=CARTESIAN_POINT('Ctrl Pts',(-42.3668351436171,-8.,27.0249918652283));
#3093=CARTESIAN_POINT('Ctrl Pts',(-42.3736656502869,-8.,27.0727665011874));
#3094=CARTESIAN_POINT('Ctrl Pts',(-42.3764318862638,-8.,27.092114394859));
#3095=CARTESIAN_POINT('Ctrl Pts',(-42.379421739748,-8.,27.1114521121023));
#3096=CARTESIAN_POINT('Ctrl Pts',(-42.3826286212255,-8.,27.1307439557224));
#3097=CARTESIAN_POINT('Ctrl Pts',(-42.3973564632898,-8.,27.2193431845845));
#3098=CARTESIAN_POINT('Ctrl Pts',(-42.4166705094674,-8.,27.3070849305455));
#3099=CARTESIAN_POINT('Ctrl Pts',(-42.4403742752994,-8.,27.3936305111028));
#3100=CARTESIAN_POINT('Ctrl Pts',(-42.4640909955372,-8.,27.4802233899072));
#3101=CARTESIAN_POINT('Ctrl Pts',(-42.4922028124121,-8.,27.5656196893259));
#3102=CARTESIAN_POINT('Ctrl Pts',(-42.5245597870632,-8.,27.6494573973502));
#3103=CARTESIAN_POINT('Ctrl Pts',(-42.5564169585261,-8.,27.7320001031618));
#3104=CARTESIAN_POINT('Ctrl Pts',(-42.5923897806037,-8.,27.8130327276045));
#3105=CARTESIAN_POINT('Ctrl Pts',(-42.63237148371,-8.,27.8921757774018));
#3106=CARTESIAN_POINT('Ctrl Pts',(-42.6482849158972,-8.,27.9236761252657));
#3107=CARTESIAN_POINT('Ctrl Pts',(-42.6648337853275,-8.,27.9548766886764));
#3108=CARTESIAN_POINT('Ctrl Pts',(-42.6820126683036,-8.,27.9857516186656));
#3109=CARTESIAN_POINT('Ctrl Pts',(-42.6908787593441,-8.,28.0016862950083));
#3110=CARTESIAN_POINT('Ctrl Pts',(-42.6999126740235,-8.,28.0175342151145));
#3111=CARTESIAN_POINT('Ctrl Pts',(-42.70911373398,-8.,28.0332916954291));
#3112=CARTESIAN_POINT('Ctrl Pts',(-42.7170721754881,-8.,28.0469211018227));
#3113=CARTESIAN_POINT('Ctrl Pts',(-42.7251518081052,-8.,28.0604761691778));
#3114=CARTESIAN_POINT('Ctrl Pts',(-42.733348703573,-8.,28.0739496899297));
#3115=CARTESIAN_POINT('Ctrl Pts',(-42.7782183441944,-8.,28.1477034710313));
#3116=CARTESIAN_POINT('Ctrl Pts',(-42.826627936019,-8.,28.2190663627277));
#3117=CARTESIAN_POINT('Ctrl Pts',(-42.8784543630926,-8.,28.2876948046146));
#3118=CARTESIAN_POINT('Ctrl Pts',(-42.9170684015963,-8.,28.3388274303252));
#3119=CARTESIAN_POINT('Ctrl Pts',(-42.9575799899122,-8.,28.3884414950757));
#3120=CARTESIAN_POINT('Ctrl Pts',(-42.9999487685926,-8.,28.4363794809734));
#3121=CARTESIAN_POINT('Ctrl Pts',(-43.0210735879418,-8.,28.4602810736933));
#3122=CARTESIAN_POINT('Ctrl Pts',(-43.0426602238744,-8.,28.4837657751695));
#3123=CARTESIAN_POINT('Ctrl Pts',(-43.0647043563377,-8.,28.5068126174424));
#3124=CARTESIAN_POINT('Ctrl Pts',(-43.0777842666852,-8.,28.5204874867631));
#3125=CARTESIAN_POINT('Ctrl Pts',(-43.091025253859,-8.,28.5340081818804));
#3126=CARTESIAN_POINT('Ctrl Pts',(-43.1044264804878,-8.,28.5473701478372));
#3127=CARTESIAN_POINT('Ctrl Pts',(-43.1156056212842,-8.,28.5585165378569));
#3128=CARTESIAN_POINT('Ctrl Pts',(-43.1268946503338,-8.,28.5695507544952));
#3129=CARTESIAN_POINT('Ctrl Pts',(-43.1382850253805,-8.,28.5804628386402));
#3130=CARTESIAN_POINT('Ctrl Pts',(-43.1977573539089,-8.,28.6374378768235));
#3131=CARTESIAN_POINT('Ctrl Pts',(-43.2600504361906,-8.,28.6911469812608));
#3132=CARTESIAN_POINT('Ctrl Pts',(-43.3250691409349,-8.,28.7412564155604));
#3133=CARTESIAN_POINT('Ctrl Pts',(-43.3588563560736,-8.,28.7672959720821));
#3134=CARTESIAN_POINT('Ctrl Pts',(-43.3933799946005,-8.,28.7923627507047));
#3135=CARTESIAN_POINT('Ctrl Pts',(-43.4286289228052,-8.,28.8164047591221));
#3136=CARTESIAN_POINT('Ctrl Pts',(-43.4903045364797,-8.,28.8584714459301));
#3137=CARTESIAN_POINT('Ctrl Pts',(-43.5542007808794,-8.,28.8974023913567));
#3138=CARTESIAN_POINT('Ctrl Pts',(-43.620051749272,-8.,28.9331392674554));
#3139=CARTESIAN_POINT('Ctrl Pts',(-47.9396626903874,-6.32217611708959,26.9977734365375));
#3140=CARTESIAN_POINT('Ctrl Pts',(-47.9349103707378,-6.35759955032354,27.6537689865006));
#3141=CARTESIAN_POINT('Ctrl Pts',(-47.7175267300282,-6.39302298355749,28.3126226587372));
#3142=CARTESIAN_POINT('Ctrl Pts',(-47.3138385527464,-6.42844641679144,28.8245640498382));
#3143=CARTESIAN_POINT('Ctrl Pts',(-46.7168536912319,-6.48083153623172,29.581636656046));
#3144=CARTESIAN_POINT('Ctrl Pts',(-45.7124341371911,-6.53321665567201,30.0174226140909));
#3145=CARTESIAN_POINT('Ctrl Pts',(-44.7517272141715,-6.58560177511229,29.9361918678047));
#3146=CARTESIAN_POINT('Ctrl Pts',(-43.7910202911519,-6.63798689455257,29.8549611215185));
#3147=CARTESIAN_POINT('Ctrl Pts',(-42.8740259991535,-6.69037201399286,29.256713670901));
#3148=CARTESIAN_POINT('Ctrl Pts',(-42.412642197684,-6.74275713343315,28.4101407057112));
#3149=CARTESIAN_POINT('Ctrl Pts',(-41.9512583962144,-6.79514225287343,27.5635677405214));
#3150=CARTESIAN_POINT('Ctrl Pts',(-41.9454850852738,-6.84752737231372,26.4686692607592));
#3151=CARTESIAN_POINT('Ctrl Pts',(-42.3978895876668,-6.89991249175401,25.6172851104648));
#3152=CARTESIAN_POINT('Ctrl Pts',(-42.8502940900599,-6.95229761119429,24.7659009601704));
#3153=CARTESIAN_POINT('Ctrl Pts',(-43.7608764057866,-7.00468273063457,24.1580311393438));
#3154=CARTESIAN_POINT('Ctrl Pts',(-44.7206836804371,-7.05706785007486,24.0666192979249));
#3155=CARTESIAN_POINT('Ctrl Pts',(-45.6804909550876,-7.10945296951514,23.975207456506));
#3156=CARTESIAN_POINT('Ctrl Pts',(-46.6895231886618,-7.16183808895543,24.4002535944949));
#3157=CARTESIAN_POINT('Ctrl Pts',(-47.2944498522457,-7.21422320839572,25.1510264234823));
#3158=CARTESIAN_POINT('Ctrl Pts',(-47.7099851135191,-7.25020751129368,25.6667461006443));
#3159=CARTESIAN_POINT('Ctrl Pts',(-47.9348403730466,-7.28619181419163,26.3361621646436));
#3160=CARTESIAN_POINT('Ctrl Pts',(-47.9398470722696,-7.32217611708959,27.0024279290723));
#3161=CARTESIAN_POINT('Ctrl Pts',(-43.622975209869,-5.16021552935681E-18,
28.9310620885576));
#3162=CARTESIAN_POINT('Ctrl Pts',(-43.5517309113442,2.38561283135434E-17,
28.8917935878052));
#3163=CARTESIAN_POINT('Ctrl Pts',(-43.4828753618134,-2.99318014038464E-16,
28.8486802035));
#3164=CARTESIAN_POINT('Ctrl Pts',(-43.4165096559901,-2.77555756156289E-16,
28.8020799361207));
#3165=CARTESIAN_POINT('Ctrl Pts',(-43.3484872984398,-2.55250258634645E-16,
28.7543164111149));
#3166=CARTESIAN_POINT('Ctrl Pts',(-43.2830800612989,-3.55518038973262E-17,
28.7028894052237));
#3167=CARTESIAN_POINT('Ctrl Pts',(-43.2204117634688,-1.52655665885959E-16,
28.6481319358899));
#3168=CARTESIAN_POINT('Ctrl Pts',(-43.1978634677699,-1.94790087898725E-16,
28.6284299868501));
#3169=CARTESIAN_POINT('Ctrl Pts',(-43.1756699331065,8.56917600650179E-17,
28.6082964228273));
#3170=CARTESIAN_POINT('Ctrl Pts',(-43.1538376132975,1.31838984174237E-16,
28.5877452954344));
#3171=CARTESIAN_POINT('Ctrl Pts',(-43.1416857623782,1.57524490461464E-16,
28.5763065551407));
#3172=CARTESIAN_POINT('Ctrl Pts',(-43.1296458239988,-5.24809213275807E-17,
28.5647384396631));
#3173=CARTESIAN_POINT('Ctrl Pts',(-43.1177189691918,-4.85722573273506E-17,
28.5530432784367));
#3174=CARTESIAN_POINT('Ctrl Pts',(-43.1052687087707,-4.44920630524646E-17,
28.5408348793834));
#3175=CARTESIAN_POINT('Ctrl Pts',(-43.0929479843373,6.35600900749495E-18,
28.5284941735337));
#3176=CARTESIAN_POINT('Ctrl Pts',(-43.0807615588207,6.93889390390723E-18,
28.5160281554998));
#3177=CARTESIAN_POINT('Ctrl Pts',(-43.0204579151183,9.82325758093218E-18,
28.4543409684833));
#3178=CARTESIAN_POINT('Ctrl Pts',(-42.9634114444553,8.73657582741445E-17,
28.3895602156574));
#3179=CARTESIAN_POINT('Ctrl Pts',(-42.9097509196769,2.77555756156289E-17,
28.3220517436104));
#3180=CARTESIAN_POINT('Ctrl Pts',(-42.869584929229,-1.68638543498903E-17,
28.2715202839462));
#3181=CARTESIAN_POINT('Ctrl Pts',(-42.8313163324115,-2.83785459538952E-17,
28.2194593507074));
#3182=CARTESIAN_POINT('Ctrl Pts',(-42.7950085244608,2.77555756156289E-17,
28.166005823555));
#3183=CARTESIAN_POINT('Ctrl Pts',(-42.7741717850172,5.99704663252803E-17,
28.1353293029805));
#3184=CARTESIAN_POINT('Ctrl Pts',(-42.7539809967416,2.01639424338906E-16,
28.1041938859307));
#3185=CARTESIAN_POINT('Ctrl Pts',(-42.7344496387757,1.66533453693773E-16,
28.0726236850004));
#3186=CARTESIAN_POINT('Ctrl Pts',(-42.7268749203548,1.52918535417519E-16,
28.0603800210956));
#3187=CARTESIAN_POINT('Ctrl Pts',(-42.7193993975188,-3.15229944387145E-16,
28.0480709501538));
#3188=CARTESIAN_POINT('Ctrl Pts',(-42.7120239062596,-3.46944695195361E-16,
28.0356978331857));
#3189=CARTESIAN_POINT('Ctrl Pts',(-42.7042372635969,-3.80427404753782E-16,
28.0226349690225));
#3190=CARTESIAN_POINT('Ctrl Pts',(-42.6965667545988,2.69946049438466E-16,
28.009508467292));
#3191=CARTESIAN_POINT('Ctrl Pts',(-42.6890144667593,2.77555756156289E-16,
27.9963228203347));
#3192=CARTESIAN_POINT('Ctrl Pts',(-42.6448004621126,3.22105913053282E-16,
27.9191289595829));
#3193=CARTESIAN_POINT('Ctrl Pts',(-42.6046194241677,6.89769725485574E-16,
27.8398835920252));
#3194=CARTESIAN_POINT('Ctrl Pts',(-42.5686042258471,5.68989300120393E-16,
27.7589560287163));
#3195=CARTESIAN_POINT('Ctrl Pts',(-42.5321233208986,4.46647082866253E-16,
27.6769820043472));
#3196=CARTESIAN_POINT('Ctrl Pts',(-42.4999159897593,-3.37757966635592E-16,
27.5932813013201));
#3197=CARTESIAN_POINT('Ctrl Pts',(-42.4721543051949,-3.60822483003176E-16,
27.5081973956935));
#3198=CARTESIAN_POINT('Ctrl Pts',(-42.4446386112129,-3.83682629430534E-16,
27.4238674010717));
#3199=CARTESIAN_POINT('Ctrl Pts',(-42.421489555557,1.95357116580443E-16,
27.3381777748988));
#3200=CARTESIAN_POINT('Ctrl Pts',(-42.4029171642406,1.66533453693773E-16,
27.2514352371565));
#3201=CARTESIAN_POINT('Ctrl Pts',(-42.3965436212417,1.5664195121222E-16,
27.2216675414023));
#3202=CARTESIAN_POINT('Ctrl Pts',(-42.3907094712424,-3.26583696359438E-17,
27.1917756619273));
#3203=CARTESIAN_POINT('Ctrl Pts',(-42.3854245597517,-5.55111512312578E-17,
27.1617715052458));
#3204=CARTESIAN_POINT('Ctrl Pts',(-42.3824703815337,-6.82854786213839E-17,
27.1449996773212));
#3205=CARTESIAN_POINT('Ctrl Pts',(-42.3796878329297,-4.10914090956302E-16,
27.1281927634125));
#3206=CARTESIAN_POINT('Ctrl Pts',(-42.3770787372371,-4.44089209850063E-16,
27.1113528204142));
#3207=CARTESIAN_POINT('Ctrl Pts',(-42.3751697650599,-4.68362132887802E-16,
27.0990316998278));
#3208=CARTESIAN_POINT('Ctrl Pts',(-42.3733541355847,-6.30441273464184E-17,
27.0866957619589));
#3209=CARTESIAN_POINT('Ctrl Pts',(-42.3716334930667,-5.55111512312578E-17,
27.0743541804529));
#3210=CARTESIAN_POINT('Ctrl Pts',(-42.3637714189755,-2.10909763689941E-17,
27.0179622064148));
#3211=CARTESIAN_POINT('Ctrl Pts',(-42.357884129431,-4.93516747416006E-16,
26.9614024688674));
#3212=CARTESIAN_POINT('Ctrl Pts',(-42.3540087428326,-4.71844785465692E-16,
26.9047612962058));
#3213=CARTESIAN_POINT('Ctrl Pts',(-42.3480402643642,-3.80011644199803E-16,
26.8175282909645));
#3214=CARTESIAN_POINT('Ctrl Pts',(-42.3468408479521,7.88026967453802E-17,
26.7301028290957));
#3215=CARTESIAN_POINT('Ctrl Pts',(-42.3501632002202,2.77555756156289E-17,
26.642780927916));
#3216=CARTESIAN_POINT('Ctrl Pts',(-42.3535696134806,-2.45831218769007E-17,
26.5532496386058));
#3217=CARTESIAN_POINT('Ctrl Pts',(-42.3617295012296,-1.08429562179834E-16,
26.4638265340719));
#3218=CARTESIAN_POINT('Ctrl Pts',(-42.3744290519379,-8.32667268468867E-17,
26.3748162574077));
#3219=CARTESIAN_POINT('Ctrl Pts',(-42.3874694436675,-5.74285505756369E-17,
26.2834170494897));
#3220=CARTESIAN_POINT('Ctrl Pts',(-42.4052964518375,-4.10717034708221E-16,
26.1924522704488));
#3221=CARTESIAN_POINT('Ctrl Pts',(-42.4277335231986,-4.9960036108132E-16,
26.1022485972531));
#3222=CARTESIAN_POINT('Ctrl Pts',(-42.4319999018387,-5.16501404849149E-16,
26.0850964913305));
#3223=CARTESIAN_POINT('Ctrl Pts',(-42.4364340342605,7.09021720275872E-16,
26.0679689017201));
#3224=CARTESIAN_POINT('Ctrl Pts',(-42.4410280780031,6.93889390390723E-16,
26.0508923934823));
#3225=CARTESIAN_POINT('Ctrl Pts',(-42.4652974905405,6.13948323825121E-16,
25.9606806222543));
#3226=CARTESIAN_POINT('Ctrl Pts',(-42.4940574025284,2.52427986811658E-16,
25.8717593913532));
#3227=CARTESIAN_POINT('Ctrl Pts',(-42.5270460709128,1.94289029309402E-16,
25.7844541706708));
#3228=CARTESIAN_POINT('Ctrl Pts',(-42.5606627779934,1.35043221580862E-16,
25.6954868320657));
#3229=CARTESIAN_POINT('Ctrl Pts',(-42.598670911018,3.55781272197649E-16,
25.6081967555088));
#3230=CARTESIAN_POINT('Ctrl Pts',(-42.6408480617861,3.88578058618805E-16,
25.522923592623));
#3231=CARTESIAN_POINT('Ctrl Pts',(-42.683285987924,4.21577622941049E-16,
25.4371231978077));
#3232=CARTESIAN_POINT('Ctrl Pts',(-42.7299448999636,3.33974366126577E-16,
25.3533637797562));
#3233=CARTESIAN_POINT('Ctrl Pts',(-42.7806499217747,2.77555756156289E-16,
25.2720003763711));
#3234=CARTESIAN_POINT('Ctrl Pts',(-42.8037368984647,2.51867272318931E-16,
25.2349540458445));
#3235=CARTESIAN_POINT('Ctrl Pts',(-42.827663378643,2.29314930539378E-16,
25.1984046583253));
#3236=CARTESIAN_POINT('Ctrl Pts',(-42.8524161468418,2.22044604925031E-16,
25.1623871822454));
#3237=CARTESIAN_POINT('Ctrl Pts',(-42.8647826374438,2.18412348012922E-16,
25.1443928401227));
#3238=CARTESIAN_POINT('Ctrl Pts',(-42.8773554009794,3.80102792490549E-16,
25.1265312809752));
#3239=CARTESIAN_POINT('Ctrl Pts',(-42.8901329716104,3.88578058618805E-16,
25.1088069834416));
#3240=CARTESIAN_POINT('Ctrl Pts',(-42.8991860645746,3.94582906830688E-16,
25.0962490631661));
#3241=CARTESIAN_POINT('Ctrl Pts',(-42.9083367623381,-1.23889834345123E-16,
25.083767323612));
#3242=CARTESIAN_POINT('Ctrl Pts',(-42.9175810077642,-1.11022302462516E-16,
25.0713673146017));
#3243=CARTESIAN_POINT('Ctrl Pts',(-42.976436838967,-2.90978998132761E-17,
24.9924195147995));
#3244=CARTESIAN_POINT('Ctrl Pts',(-43.0391196140907,-1.12114627831172E-16,
24.9167296273331));
#3245=CARTESIAN_POINT('Ctrl Pts',(-43.1053928109622,-1.11022302462516E-16,
24.8446500391819));
#3246=CARTESIAN_POINT('Ctrl Pts',(-43.17132066768,-1.09935669045181E-16,
24.7729460474591));
#3247=CARTESIAN_POINT('Ctrl Pts',(-43.2408020192897,5.21584040320452E-17,
24.7048138846936));
#3248=CARTESIAN_POINT('Ctrl Pts',(-43.3136521603892,0.,24.6406167741489));
#3249=CARTESIAN_POINT('Ctrl Pts',(-43.3672953460066,-3.84068295101849E-17,
24.5933452457061));
#3250=CARTESIAN_POINT('Ctrl Pts',(-43.4227661435545,-1.37728331561135E-16,
24.548207612461));
#3251=CARTESIAN_POINT('Ctrl Pts',(-43.48000577548,-1.66533453693773E-16,
24.5053591357751));
#3252=CARTESIAN_POINT('Ctrl Pts',(-43.5531905928339,-2.04385826184203E-16,
24.4505744029831));
#3253=CARTESIAN_POINT('Ctrl Pts',(-43.6292663349467,-3.60734464388753E-17,
24.3995304647337));
#3254=CARTESIAN_POINT('Ctrl Pts',(-43.7079272718578,-5.55111512312578E-17,
24.3522341385925));
#3255=CARTESIAN_POINT('Origin',(-45.,1.65141010809498,-27.));
#3256=CARTESIAN_POINT('Ctrl Pts',(-47.3680805142401,-0.848589891905021,
-27.0000744320079));
#3257=CARTESIAN_POINT('Ctrl Pts',(-47.3679829010444,-0.875062886457169,
-26.6041015707082));
#3258=CARTESIAN_POINT('Ctrl Pts',(-47.0874789604852,-0.953921000449602,
-25.4244328192878));
#3259=CARTESIAN_POINT('Ctrl Pts',(-45.2353897077615,-1.08516423388232,-24.2161289561293));
#3260=CARTESIAN_POINT('Ctrl Pts',(-42.8061928314822,-1.24231959220318,-25.270080889134));
#3261=CARTESIAN_POINT('Ctrl Pts',(-42.347764210106,-1.39947495052404,-27.8781014992438));
#3262=CARTESIAN_POINT('Ctrl Pts',(-44.2719425938361,-1.55663030884489,-29.6972819411529));
#3263=CARTESIAN_POINT('Ctrl Pts',(-46.7279320793975,-1.70633528930522,-29.1220270219972));
#3264=CARTESIAN_POINT('Ctrl Pts',(-47.3684584028057,-1.80365515032526,-27.6663150172775));
#3265=CARTESIAN_POINT('Ctrl Pts',(-47.3738118728379,-1.84858989190502,-26.9983355297398));
#3266=CARTESIAN_POINT('Ctrl Pts',(-47.3737132063394,-0.651410108094977,
-27.0017996538806));
#3267=CARTESIAN_POINT('Ctrl Pts',(-47.3683230758504,-0.696199002598079,
-26.3359649895121));
#3268=CARTESIAN_POINT('Ctrl Pts',(-46.7314284964902,-0.793373016541465,
-24.8819984111556));
#3269=CARTESIAN_POINT('Ctrl Pts',(-44.2793277101716,-0.942932149925137,
-24.3008153322097));
#3270=CARTESIAN_POINT('Ctrl Pts',(-42.3502062401521,-1.10008750824599,-26.1145687503113));
#3271=CARTESIAN_POINT('Ctrl Pts',(-42.8014349772169,-1.25724286656685,-28.7238981279979));
#3272=CARTESIAN_POINT('Ctrl Pts',(-45.2277451221571,-1.41439822488771,-29.7845062517634));
#3273=CARTESIAN_POINT('Ctrl Pts',(-47.085191427324,-1.54578730539708,-28.5799499987792));
#3274=CARTESIAN_POINT('Ctrl Pts',(-47.3679335294984,-1.62479126646617,-27.3980503591546));
#3275=CARTESIAN_POINT('Ctrl Pts',(-47.3680867720559,-1.65141010809498,-26.9999008999081));
#3276=CARTESIAN_POINT('Ctrl Pts',(-46.2889218540532,8.32667268468867E-16,
-29.6446255791972));
#3277=CARTESIAN_POINT('Ctrl Pts',(-47.159388231972,-0.0523851194402846,
-29.220382863501));
#3278=CARTESIAN_POINT('Ctrl Pts',(-48.4344208925359,-0.157155358320855,
-27.4523517789868));
#3279=CARTESIAN_POINT('Ctrl Pts',(-47.2683742906714,-0.314310716641712,
-24.3774592497638));
#3280=CARTESIAN_POINT('Ctrl Pts',(-44.0610975691665,-0.471466074962568,
-23.6647697914895));
#3281=CARTESIAN_POINT('Ctrl Pts',(-41.6989809319542,-0.628621433283424,
-25.9452022836178));
#3282=CARTESIAN_POINT('Ctrl Pts',(-42.3014442096326,-0.785776791604281,
-29.1747001507537));
#3283=CARTESIAN_POINT('Ctrl Pts',(-45.3285413120455,-0.942932149925136,
-30.449839368777));
#3284=CARTESIAN_POINT('Ctrl Pts',(-48.0602886459242,-1.10008750824599,-28.626229310355));
#3285=CARTESIAN_POINT('Ctrl Pts',(-48.0429686889577,-1.25724286656685,-25.3415336271482));
#3286=CARTESIAN_POINT('Ctrl Pts',(-45.2919854623102,-1.41439822488771,-23.5467909302972));
#3287=CARTESIAN_POINT('Ctrl Pts',(-42.2787263877815,-1.57155358320856,-24.8541490358731));
#3288=CARTESIAN_POINT('Ctrl Pts',(-41.7100758115872,-1.72870894152942,-28.0892271996522));
#3289=CARTESIAN_POINT('Ctrl Pts',(-44.0968926366884,-1.88586429985027,-30.3458009785482));
#3290=CARTESIAN_POINT('Ctrl Pts',(-47.2950012319527,-2.04301965817113,-29.596722974658));
#3291=CARTESIAN_POINT('Ctrl Pts',(-48.431426517074,-2.20017501649199,-26.5149095198581));
#3292=CARTESIAN_POINT('Ctrl Pts',(-46.4852731245412,-2.35733037481284,-23.8688722238179));
#3293=CARTESIAN_POINT('Ctrl Pts',(-43.2048440920499,-2.5144857331337,-24.0356426467894));
#3294=CARTESIAN_POINT('Ctrl Pts',(-41.5370701074307,-2.67164109145456,-26.8654057332102));
#3295=CARTESIAN_POINT('Ctrl Pts',(-42.9801747778598,-2.82879644977541,-29.816079682958));
#3296=CARTESIAN_POINT('Ctrl Pts',(-46.2377634297426,-2.98595180809627,-30.2369647262821));
#3297=CARTESIAN_POINT('Ctrl Pts',(-48.383423236268,-3.14310716641712,-27.7499640704819));
#3298=CARTESIAN_POINT('Ctrl Pts',(-47.4896282530909,-3.30026252473798,-24.5892428513596));
#3299=CARTESIAN_POINT('Ctrl Pts',(-44.3593077328759,-3.45741788305884,-23.5941943219036));
#3300=CARTESIAN_POINT('Ctrl Pts',(-41.804544873384,-3.61457324137969,-25.6587075546166));
#3301=CARTESIAN_POINT('Ctrl Pts',(-42.1203780580884,-3.77172859970055,-28.9281536139164));
#3302=CARTESIAN_POINT('Ctrl Pts',(-45.023082602735,-3.92888395802141,-30.465467657391));
#3303=CARTESIAN_POINT('Ctrl Pts',(-47.905051188205,-4.08603931634226,-28.8896233707403));
#3304=CARTESIAN_POINT('Ctrl Pts',(-48.1773043763638,-4.24319467466312,-25.6162602161971));
#3305=CARTESIAN_POINT('Ctrl Pts',(-45.5952670148936,-4.40035003298397,-23.5859619111744));
#3306=CARTESIAN_POINT('Ctrl Pts',(-42.4784791815747,-4.55750539130483,-24.6226208444075));
#3307=CARTESIAN_POINT('Ctrl Pts',(-41.6268671666971,-4.71466074962569,-27.7949677849781));
#3308=CARTESIAN_POINT('Ctrl Pts',(-43.8054656797481,-4.87181610794655,-30.2531656360915));
#3309=CARTESIAN_POINT('Ctrl Pts',(-47.0571587444569,-5.0289714662674,-29.7889239445374));
#3310=CARTESIAN_POINT('Ctrl Pts',(-48.4608296950654,-5.18612682458826,-26.8192882834874));
#3311=CARTESIAN_POINT('Ctrl Pts',(-46.7555087621103,-5.34328218290911,-24.0119926483764));
#3312=CARTESIAN_POINT('Ctrl Pts',(-43.4731491117983,-5.50043754122997,-23.8889350579006));
#3313=CARTESIAN_POINT('Ctrl Pts',(-41.5624163003735,-5.65759289955082,-26.5606625834688));
#3314=CARTESIAN_POINT('Ctrl Pts',(-42.739792688561,-5.81474825787168,-29.6270634101026));
#3315=CARTESIAN_POINT('Ctrl Pts',(-45.9475971337555,-5.97190361619253,-30.333475225251));
#3316=CARTESIAN_POINT('Ctrl Pts',(-48.3041401379241,-6.1290589745134,-28.0453031450073));
#3317=CARTESIAN_POINT('Ctrl Pts',(-47.6924507825237,-6.28621433283425,-24.8180949504003));
#3318=CARTESIAN_POINT('Ctrl Pts',(-44.6620339473273,-6.44336969115511,-23.5509760735879));
#3319=CARTESIAN_POINT('Ctrl Pts',(-41.9352224049024,-6.60052504947596,-25.3822375481692));
#3320=CARTESIAN_POINT('Ctrl Pts',(-41.9616187903417,-6.75768040779682,-28.666807144692));
#3321=CARTESIAN_POINT('Ctrl Pts',(-44.7174970873286,-6.91483576611768,-30.4539977552989));
#3322=CARTESIAN_POINT('Ctrl Pts',(-47.7271759692605,-7.07199112443854,-29.1383826562488));
#3323=CARTESIAN_POINT('Ctrl Pts',(-48.2868956588363,-7.22914648275939,-25.9016806957205));
#3324=CARTESIAN_POINT('Ctrl Pts',(-45.8939468332385,-7.38630184108025,-23.6518377991161));
#3325=CARTESIAN_POINT('Ctrl Pts',(-42.6977873819223,-7.5434571994011,-24.4093743688874));
#3326=CARTESIAN_POINT('Ctrl Pts',(-41.570083148131,-7.70061255772195,-27.4949702004693));
#3327=CARTESIAN_POINT('Ctrl Pts',(-43.5230121848361,-7.85776791604282,-30.1342950263564));
#3328=CARTESIAN_POINT('Ctrl Pts',(-46.8039578227604,-8.01492327436366,-29.9612460355279));
#3329=CARTESIAN_POINT('Ctrl Pts',(-48.4619605395309,-8.17207863268453,-27.1212362230144));
#3330=CARTESIAN_POINT('Ctrl Pts',(-47.4965290625342,-8.2768488715651,-25.1668605517226));
#3331=CARTESIAN_POINT('Ctrl Pts',(-46.708108752004,-8.32923399100538,-24.6046443914677));
#3332=CARTESIAN_POINT('Ctrl Pts',(-46.2056443005438,0.109744663668462,-29.4737556792949));
#3333=CARTESIAN_POINT('Ctrl Pts',(-47.0198696347273,0.0573595442281769,
-29.0769233883241));
#3334=CARTESIAN_POINT('Ctrl Pts',(-48.2125221259408,-0.0474106946523942,
-27.4231252208668));
#3335=CARTESIAN_POINT('Ctrl Pts',(-47.1218140777487,-0.204566052973251,
-24.5469022435121));
#3336=CARTESIAN_POINT('Ctrl Pts',(-44.1217602828741,-0.361721411294106,
-23.8802598239395));
#3337=CARTESIAN_POINT('Ctrl Pts',(-41.9122605743237,-0.518876769614964,
-26.0133530198253));
#3338=CARTESIAN_POINT('Ctrl Pts',(-42.4757985535548,-0.676032127935819,
-29.0341922467238));
#3339=CARTESIAN_POINT('Ctrl Pts',(-45.3073141782143,-0.833187486256676,
-30.2269444106935));
#3340=CARTESIAN_POINT('Ctrl Pts',(-47.8625626544968,-0.990342844577532,
-28.5211582403086));
#3341=CARTESIAN_POINT('Ctrl Pts',(-47.8463617441494,-1.14749820289839,-25.4486875416189));
#3342=CARTESIAN_POINT('Ctrl Pts',(-45.273120210794,-1.30465356121924,-23.7699036055746));
#3343=CARTESIAN_POINT('Ctrl Pts',(-42.4545485356817,-1.4618089195401,-24.9927929869601));
#3344=CARTESIAN_POINT('Ctrl Pts',(-41.9226386110935,-1.61896427786096,-28.0188519661827));
#3345=CARTESIAN_POINT('Ctrl Pts',(-44.1552426224043,-1.77611963618181,-30.1296279660831));
#3346=CARTESIAN_POINT('Ctrl Pts',(-47.1467206458977,-1.93327499450267,-29.4289480736497));
#3347=CARTESIAN_POINT('Ctrl Pts',(-48.2097212178036,-2.09043035282353,-26.5462513333978));
#3348=CARTESIAN_POINT('Ctrl Pts',(-46.3893092678372,-2.24758571114438,-24.0711751486273));
#3349=CARTESIAN_POINT('Ctrl Pts',(-43.3208295505258,-2.40474106946524,-24.2271704941346));
#3350=CARTESIAN_POINT('Ctrl Pts',(-41.7608108474304,-2.56189642778609,-26.8741019014219));
#3351=CARTESIAN_POINT('Ctrl Pts',(-43.1106761752002,-2.71905178610695,-29.63413209184));
#3352=CARTESIAN_POINT('Ctrl Pts',(-46.1577912344321,-2.87620714442781,-30.027823650465));
#3353=CARTESIAN_POINT('Ctrl Pts',(-48.1648194406094,-3.03336250274867,-27.7015087100477));
#3354=CARTESIAN_POINT('Ctrl Pts',(-47.3287727680099,-3.19051786106952,-24.7450024552586));
#3355=CARTESIAN_POINT('Ctrl Pts',(-44.4007030156006,-3.34767321939038,-23.8142442525555));
#3356=CARTESIAN_POINT('Ctrl Pts',(-42.0110040039021,-3.50482857771122,-25.7453687847299));
#3357=CARTESIAN_POINT('Ctrl Pts',(-42.3064311299641,-3.6619839360321,-28.8035751414106));
#3358=CARTESIAN_POINT('Ctrl Pts',(-45.0215912301755,-3.81913929435294,-30.2415629517909));
#3359=CARTESIAN_POINT('Ctrl Pts',(-47.7173551265607,-3.9762946526738,-28.7675343465883));
#3360=CARTESIAN_POINT('Ctrl Pts',(-47.9720179702203,-4.13345001099466,-25.7056639791377));
#3361=CARTESIAN_POINT('Ctrl Pts',(-45.5568066687297,-4.29060536931552,-23.8065437398797));
#3362=CARTESIAN_POINT('Ctrl Pts',(-42.6413952530347,-4.44776072763637,-24.7762238880827));
#3363=CARTESIAN_POINT('Ctrl Pts',(-41.844806096925,-4.60491608595723,-27.7436047236385));
#3364=CARTESIAN_POINT('Ctrl Pts',(-43.8826448318128,-4.76207144427808,-30.0429778155634));
#3365=CARTESIAN_POINT('Ctrl Pts',(-46.9242452191876,-4.91922680259894,-29.6087308922632));
#3366=CARTESIAN_POINT('Ctrl Pts',(-48.2372246493356,-5.07638216091979,-26.8309641113076));
#3367=CARTESIAN_POINT('Ctrl Pts',(-46.6420849153402,-5.23353751924066,-24.2050485278533));
#3368=CARTESIAN_POINT('Ctrl Pts',(-43.5717993178936,-5.3906928775615,-24.0899417181354));
#3369=CARTESIAN_POINT('Ctrl Pts',(-41.7845194167015,-5.54784823588237,-26.589048280475));
#3370=CARTESIAN_POINT('Ctrl Pts',(-42.8858252309753,-5.70500359420321,-29.4573282062038));
#3371=CARTESIAN_POINT('Ctrl Pts',(-45.8863726531839,-5.86215895252408,-30.118098582695));
#3372=CARTESIAN_POINT('Ctrl Pts',(-48.090658842473,-6.01931431084493,-27.9777658553585));
#3373=CARTESIAN_POINT('Ctrl Pts',(-47.5184908846385,-6.17646966916579,-24.9590683646916));
#3374=CARTESIAN_POINT('Ctrl Pts',(-44.6838700159356,-6.33362502748665,-23.7738183457425));
#3375=CARTESIAN_POINT('Ctrl Pts',(-42.1332384284243,-6.4907803858075,-25.4867615724335));
#3376=CARTESIAN_POINT('Ctrl Pts',(-42.1579293370002,-6.64793574412836,-28.5591143309303));
#3377=CARTESIAN_POINT('Ctrl Pts',(-44.7357496690134,-6.80509110244922,-30.230834122854));
#3378=CARTESIAN_POINT('Ctrl Pts',(-47.5509724686407,-6.96224646077007,-29.0002212343446));
#3379=CARTESIAN_POINT('Ctrl Pts',(-48.0745285333603,-7.11940181909092,-25.9726433722745));
#3380=CARTESIAN_POINT('Ctrl Pts',(-45.8361887115917,-7.27655717741178,-23.8681633707289));
#3381=CARTESIAN_POINT('Ctrl Pts',(-42.8465338973833,-7.43371253573264,-24.5767553190508));
#3382=CARTESIAN_POINT('Ctrl Pts',(-41.7916909075666,-7.59086789405349,-27.4629900558038));
#3383=CARTESIAN_POINT('Ctrl Pts',(-43.6184407256923,-7.74802325237435,-29.9317874647453));
#3384=CARTESIAN_POINT('Ctrl Pts',(-46.6874036704344,-7.90517861069521,-29.7699192111726));
#3385=CARTESIAN_POINT('Ctrl Pts',(-48.238282429666,-8.06233396901606,-27.1134031212498));
#3386=CARTESIAN_POINT('Ctrl Pts',(-47.3352277144818,-8.16710420789664,-25.2853001359488));
#3387=CARTESIAN_POINT('Ctrl Pts',(-46.5977474313797,-8.21948932733692,-24.7594088981259));
#3388=CARTESIAN_POINT('Ctrl Pts',(-46.1223667470344,0.219489327336924,-29.3028857793927));
#3389=CARTESIAN_POINT('Ctrl Pts',(-46.8803510374826,0.167104207896638,-28.9334639131472));
#3390=CARTESIAN_POINT('Ctrl Pts',(-47.9906233593457,0.0623339690160672,
-27.3938986627468));
#3391=CARTESIAN_POINT('Ctrl Pts',(-46.9752538648261,-0.0948213893047891,
-24.7163452372603));
#3392=CARTESIAN_POINT('Ctrl Pts',(-44.1824229965816,-0.251976747625645,
-24.0957498563894));
#3393=CARTESIAN_POINT('Ctrl Pts',(-42.1255402166932,-0.409132105946502,
-26.0815037560327));
#3394=CARTESIAN_POINT('Ctrl Pts',(-42.6501528974769,-0.566287464267358,
-28.893684342694));
#3395=CARTESIAN_POINT('Ctrl Pts',(-45.2860870443832,-0.723442822588214,
-30.00404945261));
#3396=CARTESIAN_POINT('Ctrl Pts',(-47.6648366630694,-0.880598180909072,
-28.4160871702621));
#3397=CARTESIAN_POINT('Ctrl Pts',(-47.6497547993411,-1.03775353922993,-25.5558414560897));
#3398=CARTESIAN_POINT('Ctrl Pts',(-45.2542549592777,-1.19490889755079,-23.993016280852));
#3399=CARTESIAN_POINT('Ctrl Pts',(-42.630370683582,-1.35206425587164,-25.131436938047));
#3400=CARTESIAN_POINT('Ctrl Pts',(-42.1352014105997,-1.5092196141925,-27.9484767327132));
#3401=CARTESIAN_POINT('Ctrl Pts',(-44.2135926081202,-1.66637497251335,-29.913454953618));
#3402=CARTESIAN_POINT('Ctrl Pts',(-46.9984400598428,-1.82353033083421,-29.2611731726415));
#3403=CARTESIAN_POINT('Ctrl Pts',(-47.988015918533,-1.98068568915506,-26.5775931469374));
#3404=CARTESIAN_POINT('Ctrl Pts',(-46.2933454111332,-2.13784104747592,-24.2734780734367));
#3405=CARTESIAN_POINT('Ctrl Pts',(-43.4368150090017,-2.29499640579678,-24.4186983414797));
#3406=CARTESIAN_POINT('Ctrl Pts',(-41.9845515874302,-2.45215176411763,-26.8827980696337));
#3407=CARTESIAN_POINT('Ctrl Pts',(-43.2411775725403,-2.60930712243849,-29.4521845007221));
#3408=CARTESIAN_POINT('Ctrl Pts',(-46.0778190391217,-2.76646248075935,-29.8186825746478));
#3409=CARTESIAN_POINT('Ctrl Pts',(-47.9462156449509,-2.9236178390802,-27.6530533496135));
#3410=CARTESIAN_POINT('Ctrl Pts',(-47.1679172829289,-3.08077319740106,-24.9007620591575));
#3411=CARTESIAN_POINT('Ctrl Pts',(-44.4420982983251,-3.23792855572192,-24.0342941832075));
#3412=CARTESIAN_POINT('Ctrl Pts',(-42.2174631344202,-3.39508391404277,-25.8320300148432));
#3413=CARTESIAN_POINT('Ctrl Pts',(-42.4924842018399,-3.55223927236363,-28.6789966689049));
#3414=CARTESIAN_POINT('Ctrl Pts',(-45.0200998576161,-3.70939463068448,-30.0176582461907));
#3415=CARTESIAN_POINT('Ctrl Pts',(-47.5296590649162,-3.86654998900534,-28.6454453224365));
#3416=CARTESIAN_POINT('Ctrl Pts',(-47.766731564077,-4.0237053473262,-25.7950677420783));
#3417=CARTESIAN_POINT('Ctrl Pts',(-45.5183463225656,-4.18086070564705,-24.0271255685849));
#3418=CARTESIAN_POINT('Ctrl Pts',(-42.8043113244949,-4.33801606396791,-24.9298269317578));
#3419=CARTESIAN_POINT('Ctrl Pts',(-42.0627450271529,-4.49517142228877,-27.6922416622988));
#3420=CARTESIAN_POINT('Ctrl Pts',(-43.9598239838776,-4.65232678060962,-29.8327899950353));
#3421=CARTESIAN_POINT('Ctrl Pts',(-46.7913316939184,-4.80948213893048,-29.4285378399889));
#3422=CARTESIAN_POINT('Ctrl Pts',(-48.0136196036058,-4.96663749725133,-26.8426399391278));
#3423=CARTESIAN_POINT('Ctrl Pts',(-46.52866106857,-5.1237928555722,-24.3981044073302));
#3424=CARTESIAN_POINT('Ctrl Pts',(-43.6704495239889,-5.28094821389304,-24.2909483783701));
#3425=CARTESIAN_POINT('Ctrl Pts',(-42.0066225330297,-5.43810357221391,-26.6174339774812));
#3426=CARTESIAN_POINT('Ctrl Pts',(-43.0318577733895,-5.59525893053476,-29.2875930023049));
#3427=CARTESIAN_POINT('Ctrl Pts',(-45.8251481726124,-5.75241428885561,-29.902721940139));
#3428=CARTESIAN_POINT('Ctrl Pts',(-47.877177547022,-5.90956964717648,-27.9102285657096));
#3429=CARTESIAN_POINT('Ctrl Pts',(-47.3445309867534,-6.06672500549733,-25.1000417789827));
#3430=CARTESIAN_POINT('Ctrl Pts',(-44.7057060845439,-6.22388036381818,-23.9966606178971));
#3431=CARTESIAN_POINT('Ctrl Pts',(-42.3312544519462,-6.38103572213904,-25.5912855966978));
#3432=CARTESIAN_POINT('Ctrl Pts',(-42.3542398836587,-6.5381910804599,-28.4514215171686));
#3433=CARTESIAN_POINT('Ctrl Pts',(-44.7540022506983,-6.69534643878075,-30.007670490409));
#3434=CARTESIAN_POINT('Ctrl Pts',(-47.3747689680208,-6.85250179710161,-28.8620598124405));
#3435=CARTESIAN_POINT('Ctrl Pts',(-47.8621614078842,-7.00965715542246,-26.0436060488284));
#3436=CARTESIAN_POINT('Ctrl Pts',(-45.778430589945,-7.16681251374333,-24.0844889423416));
#3437=CARTESIAN_POINT('Ctrl Pts',(-42.9952804128443,-7.32396787206418,-24.7441362692142));
#3438=CARTESIAN_POINT('Ctrl Pts',(-42.0132986670022,-7.48112323038503,-27.4310099111383));
#3439=CARTESIAN_POINT('Ctrl Pts',(-43.7138692665485,-7.63827858870589,-29.7292799031342));
#3440=CARTESIAN_POINT('Ctrl Pts',(-46.5708495181085,-7.79543394702674,-29.5785923868173));
#3441=CARTESIAN_POINT('Ctrl Pts',(-48.0146043198011,-7.95258930534761,-27.1055700194853));
#3442=CARTESIAN_POINT('Ctrl Pts',(-47.1739263664294,-8.05735954422818,-25.403739720175));
#3443=CARTESIAN_POINT('Ctrl Pts',(-46.4873861107553,-8.10974466366846,-24.9141734047841));
#3444=CARTESIAN_POINT('Ctrl Pts',(-46.0390891935251,0.329233991005385,-29.1320158794904));
#3445=CARTESIAN_POINT('Ctrl Pts',(-46.7408324402378,0.276848871565099,-28.7900044379703));
#3446=CARTESIAN_POINT('Ctrl Pts',(-47.7687245927506,0.172078632684528,-27.3646721046268));
#3447=CARTESIAN_POINT('Ctrl Pts',(-46.8286936519034,0.0149232743636722,
-24.8857882310086));
#3448=CARTESIAN_POINT('Ctrl Pts',(-44.2430857102892,-0.142232083957184,
-24.3112398888393));
#3449=CARTESIAN_POINT('Ctrl Pts',(-42.3388198590627,-0.29938744227804,-26.1496544922402));
#3450=CARTESIAN_POINT('Ctrl Pts',(-42.8245072413991,-0.456542800598897,
-28.7531764386642));
#3451=CARTESIAN_POINT('Ctrl Pts',(-45.264859910552,-0.613698158919752,-29.7811544945265));
#3452=CARTESIAN_POINT('Ctrl Pts',(-47.467110671642,-0.770853517240611,-28.3110161002157));
#3453=CARTESIAN_POINT('Ctrl Pts',(-47.4531478545327,-0.928008875561464,
-25.6629953705604));
#3454=CARTESIAN_POINT('Ctrl Pts',(-45.2353897077615,-1.08516423388232,-24.2161289561293));
#3455=CARTESIAN_POINT('Ctrl Pts',(-42.8061928314822,-1.24231959220318,-25.270080889134));
#3456=CARTESIAN_POINT('Ctrl Pts',(-42.347764210106,-1.39947495052404,-27.8781014992438));
#3457=CARTESIAN_POINT('Ctrl Pts',(-44.2719425938361,-1.55663030884489,-29.6972819411529));
#3458=CARTESIAN_POINT('Ctrl Pts',(-46.8501594737878,-1.71378566716575,-29.0933982716333));
#3459=CARTESIAN_POINT('Ctrl Pts',(-47.7663106192626,-1.8709410254866,-26.608934960477));
#3460=CARTESIAN_POINT('Ctrl Pts',(-46.1973815544291,-2.02809638380746,-24.4757809982461));
#3461=CARTESIAN_POINT('Ctrl Pts',(-43.5528004674776,-2.18525174212832,-24.6102261888249));
#3462=CARTESIAN_POINT('Ctrl Pts',(-42.20829232743,-2.34240710044917,-26.8914942378455));
#3463=CARTESIAN_POINT('Ctrl Pts',(-43.3716789698806,-2.49956245877003,-29.2702369096042));
#3464=CARTESIAN_POINT('Ctrl Pts',(-45.9978468438111,-2.65671781709089,-29.6095414988306));
#3465=CARTESIAN_POINT('Ctrl Pts',(-47.7276118492924,-2.81387317541174,-27.6045979891793));
#3466=CARTESIAN_POINT('Ctrl Pts',(-47.0070617978479,-2.9710285337326,-25.0565216630565));
#3467=CARTESIAN_POINT('Ctrl Pts',(-44.4834935810497,-3.12818389205346,-24.2543441138595));
#3468=CARTESIAN_POINT('Ctrl Pts',(-42.4239222649383,-3.28533925037431,-25.9186912449565));
#3469=CARTESIAN_POINT('Ctrl Pts',(-42.6785372737155,-3.44249460869517,-28.5544181963992));
#3470=CARTESIAN_POINT('Ctrl Pts',(-45.0186084850567,-3.59964996701602,-29.7937535405905));
#3471=CARTESIAN_POINT('Ctrl Pts',(-47.3419630032717,-3.75680532533688,-28.5233562982845));
#3472=CARTESIAN_POINT('Ctrl Pts',(-47.5614451579337,-3.91396068365773,-25.8844715050189));
#3473=CARTESIAN_POINT('Ctrl Pts',(-45.4798859764017,-4.07111604197859,-24.2477073972902));
#3474=CARTESIAN_POINT('Ctrl Pts',(-42.967227395955,-4.22827140029945,-25.0834299754329));
#3475=CARTESIAN_POINT('Ctrl Pts',(-42.2806839573807,-4.3854267586203,-27.6408786009591));
#3476=CARTESIAN_POINT('Ctrl Pts',(-44.0370031359424,-4.54258211694116,-29.6226021745072));
#3477=CARTESIAN_POINT('Ctrl Pts',(-46.6584181686491,-4.69973747526202,-29.2483447877147));
#3478=CARTESIAN_POINT('Ctrl Pts',(-47.790014557876,-4.85689283358287,-26.8543157669481));
#3479=CARTESIAN_POINT('Ctrl Pts',(-46.4152372217998,-5.01404819190373,-24.5911602868071));
#3480=CARTESIAN_POINT('Ctrl Pts',(-43.7690997300841,-5.17120355022458,-24.4919550386049));
#3481=CARTESIAN_POINT('Ctrl Pts',(-42.2287256493578,-5.32835890854544,-26.6458196744875));
#3482=CARTESIAN_POINT('Ctrl Pts',(-43.1778903158037,-5.48551426686629,-29.1178577984061));
#3483=CARTESIAN_POINT('Ctrl Pts',(-45.7639236920409,-5.64266962518715,-29.6873452975829));
#3484=CARTESIAN_POINT('Ctrl Pts',(-47.6636962515709,-5.79982498350801,-27.8426912760608));
#3485=CARTESIAN_POINT('Ctrl Pts',(-47.1705710888682,-5.95698034182887,-25.241015193274));
#3486=CARTESIAN_POINT('Ctrl Pts',(-44.7275421531521,-6.11413570014972,-24.2195028900517));
#3487=CARTESIAN_POINT('Ctrl Pts',(-42.5292704754681,-6.27129105847058,-25.6958096209621));
#3488=CARTESIAN_POINT('Ctrl Pts',(-42.5505504303171,-6.42844641679144,-28.343728703407));
#3489=CARTESIAN_POINT('Ctrl Pts',(-44.7722548323832,-6.58560177511229,-29.7845068579641));
#3490=CARTESIAN_POINT('Ctrl Pts',(-47.198565467401,-6.74275713343315,-28.7238983905364));
#3491=CARTESIAN_POINT('Ctrl Pts',(-47.6497942824082,-6.899912491754,-26.1145687253824));
#3492=CARTESIAN_POINT('Ctrl Pts',(-45.7206724682982,-7.05706785007486,-24.3008145139544));
#3493=CARTESIAN_POINT('Ctrl Pts',(-43.1440269283053,-7.21422320839571,-24.9115172193775));
#3494=CARTESIAN_POINT('Ctrl Pts',(-42.2349064264378,-7.37137856671658,-27.3990297664728));
#3495=CARTESIAN_POINT('Ctrl Pts',(-43.8092978074048,-7.52853392503742,-29.5267723415231));
#3496=CARTESIAN_POINT('Ctrl Pts',(-46.4542953657825,-7.68568928335829,-29.387265562462));
#3497=CARTESIAN_POINT('Ctrl Pts',(-47.7909262099362,-7.84284464167914,-27.0977369177207));
#3498=CARTESIAN_POINT('Ctrl Pts',(-47.0126250183771,-7.94761488055971,-25.5221793044011));
#3499=CARTESIAN_POINT('Ctrl Pts',(-46.377024790131,-8.,-25.0689379114424));
#3500=CARTESIAN_POINT('Ctrl Pts',(-46.377024790131,-8.,-25.0689379114424));
#3501=CARTESIAN_POINT('Ctrl Pts',(-46.4477915317375,-8.,-25.1079431919148));
#3502=CARTESIAN_POINT('Ctrl Pts',(-46.5161534775669,-8.,-25.1507155915263));
#3503=CARTESIAN_POINT('Ctrl Pts',(-46.5820186383747,-8.,-25.1968876060832));
#3504=CARTESIAN_POINT('Ctrl Pts',(-46.649628711608,-8.,-25.2442828184723));
#3505=CARTESIAN_POINT('Ctrl Pts',(-46.7146084991495,-8.,-25.2952604610918));
#3506=CARTESIAN_POINT('Ctrl Pts',(-46.7768466566793,-8.,-25.3494765261869));
#3507=CARTESIAN_POINT('Ctrl Pts',(-46.8395333648869,-8.,-25.404083326704));
#3508=CARTESIAN_POINT('Ctrl Pts',(-46.8994393403158,-8.,-25.4619759249737));
#3509=CARTESIAN_POINT('Ctrl Pts',(-46.9564306278261,-8.,-25.5228497921221));
#3510=CARTESIAN_POINT('Ctrl Pts',(-46.9813643161118,-8.,-25.5494821089995));
#3511=CARTESIAN_POINT('Ctrl Pts',(-47.0057398054743,-8.,-25.5766856145543));
#3512=CARTESIAN_POINT('Ctrl Pts',(-47.0295442506438,-8.,-25.6044371967867));
#3513=CARTESIAN_POINT('Ctrl Pts',(-47.04354011332,-8.,-25.6207537851887));
#3514=CARTESIAN_POINT('Ctrl Pts',(-47.057338553061,-8.,-25.6372598622761));
#3515=CARTESIAN_POINT('Ctrl Pts',(-47.0709367717707,-8.,-25.6539509352414));
#3516=CARTESIAN_POINT('Ctrl Pts',(-47.0820406846017,-8.,-25.6675803835697));
#3517=CARTESIAN_POINT('Ctrl Pts',(-47.0930133941399,-8.,-25.6813363164313));
#3518=CARTESIAN_POINT('Ctrl Pts',(-47.1038365365037,-8.,-25.695194354328));
#3519=CARTESIAN_POINT('Ctrl Pts',(-47.1575412174849,-8.,-25.7639582566452));
#3520=CARTESIAN_POINT('Ctrl Pts',(-47.2076471954061,-8.,-25.8353299069413));
#3521=CARTESIAN_POINT('Ctrl Pts',(-47.2540339711303,-8.,-25.9089349907496));
#3522=CARTESIAN_POINT('Ctrl Pts',(-47.3012101876984,-8.,-25.9837927345795));
#3523=CARTESIAN_POINT('Ctrl Pts',(-47.3445402162698,-8.,-26.0609611838914));
#3524=CARTESIAN_POINT('Ctrl Pts',(-47.3838693786278,-8.,-26.1400926798879));
#3525=CARTESIAN_POINT('Ctrl Pts',(-47.4209076762388,-8.,-26.2146148848724));
#3526=CARTESIAN_POINT('Ctrl Pts',(-47.4543978265239,-8.,-26.2908790278297));
#3527=CARTESIAN_POINT('Ctrl Pts',(-47.4841803379037,-8.,-26.3686233843334));
#3528=CARTESIAN_POINT('Ctrl Pts',(-47.4969239266153,-8.,-26.4018892863016));
#3529=CARTESIAN_POINT('Ctrl Pts',(-47.5089882799878,-8.,-26.4354264923003));
#3530=CARTESIAN_POINT('Ctrl Pts',(-47.5203589193136,-8.,-26.469215643247));
#3531=CARTESIAN_POINT('Ctrl Pts',(-47.5266341120518,-8.,-26.4878630938058));
#3532=CARTESIAN_POINT('Ctrl Pts',(-47.5326979993054,-8.,-26.5065872892416));
#3533=CARTESIAN_POINT('Ctrl Pts',(-47.5385479748201,-8.,-26.5253850440986));
#3534=CARTESIAN_POINT('Ctrl Pts',(-47.5421480278324,-8.,-26.5369531120039));
#3535=CARTESIAN_POINT('Ctrl Pts',(-47.5456666471799,-8.,-26.548547846058));
#3536=CARTESIAN_POINT('Ctrl Pts',(-47.5491005816859,-8.,-26.5601589702306));
#3537=CARTESIAN_POINT('Ctrl Pts',(-47.5750435466465,-8.,-26.6478796262418));
#3538=CARTESIAN_POINT('Ctrl Pts',(-47.5962019872484,-8.,-26.736678766974));
#3539=CARTESIAN_POINT('Ctrl Pts',(-47.6124224835269,-8.,-26.8261874589874));
#3540=CARTESIAN_POINT('Ctrl Pts',(-47.6285674585388,-8.,-26.9152794060575));
#3541=CARTESIAN_POINT('Ctrl Pts',(-47.6398209617446,-8.,-27.0050751642914));
#3542=CARTESIAN_POINT('Ctrl Pts',(-47.645990092715,-8.,-27.0952408995039));
#3543=CARTESIAN_POINT('Ctrl Pts',(-47.6520210872611,-8.,-27.1833876838612));
#3544=CARTESIAN_POINT('Ctrl Pts',(-47.653193441064,-8.,-27.2718889002143));
#3545=CARTESIAN_POINT('Ctrl Pts',(-47.64971076125,-8.,-27.3604497509102));
#3546=CARTESIAN_POINT('Ctrl Pts',(-47.6475479934156,-8.,-27.4154466410918));
#3547=CARTESIAN_POINT('Ctrl Pts',(-47.6435889724359,-8.,-27.4704668022629));
#3548=CARTESIAN_POINT('Ctrl Pts',(-47.637872621975,-8.,-27.525440762315));
#3549=CARTESIAN_POINT('Ctrl Pts',(-47.6364255462473,-8.,-27.5393572434327));
#3550=CARTESIAN_POINT('Ctrl Pts',(-47.6348657522802,-8.,-27.553270660925));
#3551=CARTESIAN_POINT('Ctrl Pts',(-47.6331957465962,-8.,-27.5671656310909));
#3552=CARTESIAN_POINT('Ctrl Pts',(-47.6224784018278,-8.,-27.6563372951421));
#3553=CARTESIAN_POINT('Ctrl Pts',(-47.6072115406901,-8.,-27.7448950559728));
#3554=CARTESIAN_POINT('Ctrl Pts',(-47.5876532451315,-8.,-27.8325338972281));
#3555=CARTESIAN_POINT('Ctrl Pts',(-47.5673669407117,-8.,-27.9234348761695));
#3556=CARTESIAN_POINT('Ctrl Pts',(-47.542463851028,-7.99999999999999,-28.0133479935264));
#3557=CARTESIAN_POINT('Ctrl Pts',(-47.5131772175811,-7.99999999999999,-28.1019445663534));
#3558=CARTESIAN_POINT('Ctrl Pts',(-47.4835551259449,-7.99999999999999,-28.1915559518233));
#3559=CARTESIAN_POINT('Ctrl Pts',(-47.4494483121842,-8.,-28.2798213703702));
#3560=CARTESIAN_POINT('Ctrl Pts',(-47.4110443218802,-8.,-28.3663997099368));
#3561=CARTESIAN_POINT('Ctrl Pts',(-47.3840444255394,-8.,-28.4272685460955));
#3562=CARTESIAN_POINT('Ctrl Pts',(-47.3549193944581,-8.,-28.4873034999669));
#3563=CARTESIAN_POINT('Ctrl Pts',(-47.3237195579704,-8.,-28.5463819579178));
#3564=CARTESIAN_POINT('Ctrl Pts',(-47.316303298361,-8.,-28.5604250181005));
#3565=CARTESIAN_POINT('Ctrl Pts',(-47.3087736948181,-8.,-28.5744065003178));
#3566=CARTESIAN_POINT('Ctrl Pts',(-47.3011339213792,-8.,-28.5883209965006));
#3567=CARTESIAN_POINT('Ctrl Pts',(-47.2525554996036,-8.,-28.6767980004025));
#3568=CARTESIAN_POINT('Ctrl Pts',(-47.199501106394,-8.,-28.7626174663453));
#3569=CARTESIAN_POINT('Ctrl Pts',(-47.1422253247524,-8.,-28.8453835102704));
#3570=CARTESIAN_POINT('Ctrl Pts',(-47.0992684885211,-8.,-28.9074580432142));
#3571=CARTESIAN_POINT('Ctrl Pts',(-47.0539357814389,-7.99999999999999,-28.9678151494404));
#3572=CARTESIAN_POINT('Ctrl Pts',(-47.0063132064559,-7.99999999999999,-29.0262821833732));
#3573=CARTESIAN_POINT('Ctrl Pts',(-46.9815573136296,-7.99999999999999,-29.05667540815));
#3574=CARTESIAN_POINT('Ctrl Pts',(-46.956182342514,-7.99999999999999,-29.086557769813));
#3575=CARTESIAN_POINT('Ctrl Pts',(-46.93019856213,-7.99999999999999,-29.1159040763782));
#3576=CARTESIAN_POINT('Ctrl Pts',(-46.9164721660032,-7.99999999999999,-29.1314067870238));
#3577=CARTESIAN_POINT('Ctrl Pts',(-46.90257585114,-7.99999999999999,-29.1467598899232));
#3578=CARTESIAN_POINT('Ctrl Pts',(-46.8885109987457,-7.99999999999999,-29.1619595781973));
#3579=CARTESIAN_POINT('Ctrl Pts',(-46.8767632541949,-7.99999999999999,-29.1746552005962));
#3580=CARTESIAN_POINT('Ctrl Pts',(-46.864903920649,-7.99999999999999,-29.1872372917376));
#3581=CARTESIAN_POINT('Ctrl Pts',(-46.8529358950829,-7.99999999999999,-29.1997021411919));
#3582=CARTESIAN_POINT('Ctrl Pts',(-46.7846648485365,-7.99999999999999,-29.2708072965569));
#3583=CARTESIAN_POINT('Ctrl Pts',(-46.7128432087797,-7.99999999999999,-29.3381178722422));
#3584=CARTESIAN_POINT('Ctrl Pts',(-46.6376741583773,-8.,-29.4012658134194));
#3585=CARTESIAN_POINT('Ctrl Pts',(-46.5993127134813,-8.,-29.4334924579333));
#3586=CARTESIAN_POINT('Ctrl Pts',(-46.5600786948822,-8.,-29.4646346608862));
#3587=CARTESIAN_POINT('Ctrl Pts',(-46.5199945747024,-8.,-29.4946408413681));
#3588=CARTESIAN_POINT('Ctrl Pts',(-46.4467499551643,-8.,-29.5494703165651));
#3589=CARTESIAN_POINT('Ctrl Pts',(-46.3706686302152,-8.,-29.6005087769696));
#3590=CARTESIAN_POINT('Ctrl Pts',(-46.2920731477462,-8.,-29.6477657343014));
#3591=CARTESIAN_POINT('Ctrl Pts',(-46.2889218540532,-1.54806465880704E-17,
-29.6446255791972));
#3592=CARTESIAN_POINT('Ctrl Pts',(-46.3721043646604,-6.82457287722757E-17,
-29.5939774721266));
#3593=CARTESIAN_POINT('Ctrl Pts',(-46.4523820698532,-3.89425839449056E-16,
-29.5389728257055));
#3594=CARTESIAN_POINT('Ctrl Pts',(-46.5295858164421,-2.91433543964104E-16,
-29.4799666330667));
#3595=CARTESIAN_POINT('Ctrl Pts',(-46.6079521107596,-1.91965663088929E-16,
-29.4200719146989));
#3596=CARTESIAN_POINT('Ctrl Pts',(-46.6831516999762,-1.66396194745281E-16,
-29.3560534062176));
#3597=CARTESIAN_POINT('Ctrl Pts',(-46.7549665690807,-2.63677968348475E-16,
-29.2882487741629));
#3598=CARTESIAN_POINT('Ctrl Pts',(-46.7911502208528,-3.12693024195856E-16,
-29.2540856652497));
#3599=CARTESIAN_POINT('Ctrl Pts',(-46.8264739301576,-4.89791973665805E-16,
-29.2189609587275));
#3600=CARTESIAN_POINT('Ctrl Pts',(-46.8609052989905,-6.17561557447743E-16,
-29.1829157085969));
#3601=CARTESIAN_POINT('Ctrl Pts',(-46.8773767280698,-6.78684530744688E-16,
-29.1656722239114));
#3602=CARTESIAN_POINT('Ctrl Pts',(-46.8936470320293,1.7697648092899E-16,
-29.1482144213496));
#3603=CARTESIAN_POINT('Ctrl Pts',(-46.9096927000991,1.17961196366423E-16,
-29.1305689417592));
#3604=CARTESIAN_POINT('Ctrl Pts',(-46.9750945666736,-1.2258408663643E-16,
-29.0586462709921));
#3605=CARTESIAN_POINT('Ctrl Pts',(-47.0368284636165,-1.15652030480868E-17,
-28.9835471770567));
#3606=CARTESIAN_POINT('Ctrl Pts',(-47.0946948313172,-4.16333634234434E-17,
-28.9056062964459));
#3607=CARTESIAN_POINT('Ctrl Pts',(-47.1520529460886,-7.14374285877809E-17,
-28.8283499875899));
#3608=CARTESIAN_POINT('Ctrl Pts',(-47.2056114902016,8.32265407225147E-17,
-28.7483006958253));
#3609=CARTESIAN_POINT('Ctrl Pts',(-47.2551286208017,6.93889390390723E-17,
-28.6657667626578));
#3610=CARTESIAN_POINT('Ctrl Pts',(-47.2719255042543,6.46950365466827E-17,
-28.6377701311993));
#3611=CARTESIAN_POINT('Ctrl Pts',(-47.2882569317891,-4.07935497684694E-16,
-28.6094875121123));
#3612=CARTESIAN_POINT('Ctrl Pts',(-47.3041121074277,-4.71844785465692E-16,
-28.5809307523648));
#3613=CARTESIAN_POINT('Ctrl Pts',(-47.3117177881961,-5.02501881424305E-16,
-28.5672321593395));
#3614=CARTESIAN_POINT('Ctrl Pts',(-47.3192150832855,8.31378873453935E-18,
-28.5534682010948));
#3615=CARTESIAN_POINT('Ctrl Pts',(-47.3265987474854,0.,-28.539647686291));
#3616=CARTESIAN_POINT('Ctrl Pts',(-47.3711549067825,-5.01689249655901E-17,
-28.456248842236));
#3617=CARTESIAN_POINT('Ctrl Pts',(-47.4114883287323,-4.02629920474501E-16,
-28.3709620022089));
#3618=CARTESIAN_POINT('Ctrl Pts',(-47.4474146178561,-3.60822483003176E-16,
-28.2840953438866));
#3619=CARTESIAN_POINT('Ctrl Pts',(-47.4826732452916,-3.19792003714052E-16,
-28.1988430337528));
#3620=CARTESIAN_POINT('Ctrl Pts',(-47.5136871974982,-2.57703402741517E-16,
-28.1120682397782));
#3621=CARTESIAN_POINT('Ctrl Pts',(-47.5402337478031,-3.46944695195361E-16,
-28.0240520427873));
#3622=CARTESIAN_POINT('Ctrl Pts',(-47.5662740004895,-4.34483971630687E-16,
-27.9377144967108));
#3623=CARTESIAN_POINT('Ctrl Pts',(-47.5880157644967,-1.23266914765969E-16,
-27.8501817413701));
#3624=CARTESIAN_POINT('Ctrl Pts',(-47.6051995546704,-1.66533453693773E-16,
-27.761720427426));
#3625=CARTESIAN_POINT('Ctrl Pts',(-47.6123937828244,-1.84647580398972E-16,
-27.7246848916748));
#3626=CARTESIAN_POINT('Ctrl Pts',(-47.6187884801671,-5.29835986677417E-17,
-27.6874866754031));
#3627=CARTESIAN_POINT('Ctrl Pts',(-47.6243618815245,-5.55111512312578E-17,
-27.6501458610541));
#3628=CARTESIAN_POINT('Ctrl Pts',(-47.6289457486343,-5.75899473417977E-17,
-27.6194347531018));
#3629=CARTESIAN_POINT('Ctrl Pts',(-47.6329740369914,-6.22132630435332E-16,
-27.5886271917531));
#3630=CARTESIAN_POINT('Ctrl Pts',(-47.6364337855032,-6.66133814775094E-16,
-27.5577345941679));
#3631=CARTESIAN_POINT('Ctrl Pts',(-47.6380695665688,-6.86937726957305E-16,
-27.5431284671537));
#3632=CARTESIAN_POINT('Ctrl Pts',(-47.6395782508566,-4.39830141214334E-16,
-27.5285023827729));
#3633=CARTESIAN_POINT('Ctrl Pts',(-47.6409570792303,-4.44089209850063E-16,
-27.5138742680634));
#3634=CARTESIAN_POINT('Ctrl Pts',(-47.6462083894442,-4.60310003572507E-16,
-27.458162643869));
#3635=CARTESIAN_POINT('Ctrl Pts',(-47.6495835493059,5.36533946203916E-17,
-27.4023649769568));
#3636=CARTESIAN_POINT('Ctrl Pts',(-47.6510337756372,0.,-27.346545221278));
#3637=CARTESIAN_POINT('Ctrl Pts',(-47.6533683168944,-8.73743128562195E-17,
-27.256687852268));
#3638=CARTESIAN_POINT('Ctrl Pts',(-47.6507172184867,-1.13218435798365E-17,
-27.166772496373));
#3639=CARTESIAN_POINT('Ctrl Pts',(-47.6432741650004,-5.55111512312578E-17,
-27.0771434035415));
#3640=CARTESIAN_POINT('Ctrl Pts',(-47.6355594107454,-1.01313542663073E-16,
-26.9842424957941));
#3641=CARTESIAN_POINT('Ctrl Pts',(-47.622696167202,-5.10339735838708E-16,
-26.891648023892));
#3642=CARTESIAN_POINT('Ctrl Pts',(-47.6048465175194,-6.38378239159465E-16,
-26.7997631384143));
#3643=CARTESIAN_POINT('Ctrl Pts',(-47.5892280740471,-7.50411929565127E-16,
-26.7193638636214));
#3644=CARTESIAN_POINT('Ctrl Pts',(-47.5697908375745,-2.275096629936E-16,
-26.6395077417334));
#3645=CARTESIAN_POINT('Ctrl Pts',(-47.5466148323241,-2.22044604925031E-16,
-26.5604867967723));
#3646=CARTESIAN_POINT('Ctrl Pts',(-47.5414094753354,-2.20817146702444E-16,
-26.5427386031699));
#3647=CARTESIAN_POINT('Ctrl Pts',(-47.5360139374106,-4.20016008902196E-16,
-26.5250283095388));
#3648=CARTESIAN_POINT('Ctrl Pts',(-47.5304380640325,-4.16333634234434E-16,
-26.5073871243589));
#3649=CARTESIAN_POINT('Ctrl Pts',(-47.503538245131,-3.98568666314057E-16,
-26.42228033402));
#3650=CARTESIAN_POINT('Ctrl Pts',(-47.4724133418152,-2.75581870831803E-16,
-26.3386639814242));
#3651=CARTESIAN_POINT('Ctrl Pts',(-47.4372404270114,-2.77555756156289E-16,
-26.2568743549881));
#3652=CARTESIAN_POINT('Ctrl Pts',(-47.402272577141,-2.79518133345465E-16,
-26.1755615779801));
#3653=CARTESIAN_POINT('Ctrl Pts',(-47.3633031693054,1.15511646775189E-16,
-26.0960534709369));
#3654=CARTESIAN_POINT('Ctrl Pts',(-47.320464597883,1.66533453693773E-16,
-26.0187100645498));
#3655=CARTESIAN_POINT('Ctrl Pts',(-47.2784525513793,2.16570848821558E-16,
-25.9428589173709));
#3656=CARTESIAN_POINT('Ctrl Pts',(-47.2327185929529,4.4326738670147E-17,
-25.8690891121517));
#3657=CARTESIAN_POINT('Ctrl Pts',(-47.1833565878,1.66533453693773E-16,-25.7977793359445));
#3658=CARTESIAN_POINT('Ctrl Pts',(-47.1625748485128,2.1798331037798E-16,
-25.7677574360405));
#3659=CARTESIAN_POINT('Ctrl Pts',(-47.1411497201073,-5.15399923370171E-16,
-25.7381721037325));
#3660=CARTESIAN_POINT('Ctrl Pts',(-47.1190869035141,-4.9960036108132E-16,
-25.7090541356649));
#3661=CARTESIAN_POINT('Ctrl Pts',(-47.1093433573754,-4.92622840170381E-16,
-25.6961948407452));
#3662=CARTESIAN_POINT('Ctrl Pts',(-47.0994754308254,-4.14747839865597E-16,
-25.683426719455));
#3663=CARTESIAN_POINT('Ctrl Pts',(-47.0894835744086,-4.44089209850063E-16,
-25.6707525288922));
#3664=CARTESIAN_POINT('Ctrl Pts',(-47.0806560471946,-4.70011494081249E-16,
-25.6595552340711));
#3665=CARTESIAN_POINT('Ctrl Pts',(-47.0717372393886,-4.62898672188546E-16,
-25.648438212208));
#3666=CARTESIAN_POINT('Ctrl Pts',(-47.0627308260915,-4.44089209850063E-16,
-25.637406701827));
#3667=CARTESIAN_POINT('Ctrl Pts',(-47.0091153077188,-3.32115770443752E-16,
-25.5717357040615));
#3668=CARTESIAN_POINT('Ctrl Pts',(-46.9523637028994,-1.49596294791979E-16,
-25.5090485963172));
#3669=CARTESIAN_POINT('Ctrl Pts',(-46.8925978861603,-1.66533453693773E-16,
-25.4496677421084));
#3670=CARTESIAN_POINT('Ctrl Pts',(-46.8345257370343,-1.82990640614017E-16,
-25.3919696462906));
#3671=CARTESIAN_POINT('Ctrl Pts',(-46.7736071945622,-2.53784263938159E-16,
-25.3373926354661));
#3672=CARTESIAN_POINT('Ctrl Pts',(-46.7099287216553,-2.77555756156289E-16,
-25.2862737405387));
#3673=CARTESIAN_POINT('Ctrl Pts',(-46.6651029024824,-2.94289458504904E-16,
-25.2502891096936));
#3674=CARTESIAN_POINT('Ctrl Pts',(-46.6189089239965,-1.41110474783788E-16,
-25.2160189233726));
#3675=CARTESIAN_POINT('Ctrl Pts',(-46.5713713580467,-5.55111512312578E-17,
-25.1835953069757));
#3676=CARTESIAN_POINT('Ctrl Pts',(-46.5097362306436,1.10984336437262E-16,
-25.1415562650609));
#3677=CARTESIAN_POINT('Ctrl Pts',(-46.4458418282885,-1.15194645937601E-16,
-25.102620702415));
#3678=CARTESIAN_POINT('Ctrl Pts',(-46.3799485674238,-1.11022302462516E-16,
-25.0668608894888));
#3679=CARTESIAN_POINT('Ctrl Pts',(-47.9395930276034,-7.1778238829104,-26.9977782047827));
#3680=CARTESIAN_POINT('Ctrl Pts',(-47.9349152713036,-7.14254629675311,-27.6511124981627));
#3681=CARTESIAN_POINT('Ctrl Pts',(-47.7194713662956,-7.10726871059582,-28.3072588410336));
#3682=CARTESIAN_POINT('Ctrl Pts',(-47.3188494372011,-7.07199112443853,-28.8182015126691));
#3683=CARTESIAN_POINT('Ctrl Pts',(-46.7239496752832,-7.01960600499825,-29.5769210225988));
#3684=CARTESIAN_POINT('Ctrl Pts',(-45.7207233813059,-6.96722088555796,-30.0154593889489));
#3685=CARTESIAN_POINT('Ctrl Pts',(-44.7597971848194,-6.91483576611768,-29.9368634703561));
#3686=CARTESIAN_POINT('Ctrl Pts',(-43.7988709883329,-6.86245064667739,-29.8582675517633));
#3687=CARTESIAN_POINT('Ctrl Pts',(-42.8802448893373,-6.81006552723711,-29.2625373482277));
#3688=CARTESIAN_POINT('Ctrl Pts',(-42.4165324422663,-6.75768040779682,-28.4172439803727));
#3689=CARTESIAN_POINT('Ctrl Pts',(-41.9528199951953,-6.70529528835654,-27.5719506125178));
#3690=CARTESIAN_POINT('Ctrl Pts',(-41.9440212000488,-6.65291016891625,-26.4770940803435));
#3691=CARTESIAN_POINT('Ctrl Pts',(-42.3940903928798,-6.60052504947596,-25.6244555684928));
#3692=CARTESIAN_POINT('Ctrl Pts',(-42.8441595857107,-6.54813993003568,-24.7718170566421));
#3693=CARTESIAN_POINT('Ctrl Pts',(-43.753096766519,-6.49575481059539,-24.161396565115));
#3694=CARTESIAN_POINT('Ctrl Pts',(-44.7126348294559,-6.44336969115511,-24.0673727988202));
#3695=CARTESIAN_POINT('Ctrl Pts',(-45.6721728923928,-6.39098457171482,-23.9733490325254));
#3696=CARTESIAN_POINT('Ctrl Pts',(-46.6823118374582,-6.33859945227454,-24.3957219914629));
#3697=CARTESIAN_POINT('Ctrl Pts',(-47.289329535891,-6.28621433283425,-25.1447765033661));
#3698=CARTESIAN_POINT('Ctrl Pts',(-47.7079911847706,-6.25008418285964,-25.661401303374));
#3699=CARTESIAN_POINT('Ctrl Pts',(-47.9348922512266,-6.21395403288502,-26.3334251189064));
#3700=CARTESIAN_POINT('Ctrl Pts',(-47.9399854126007,-6.17782388291041,-27.0023216829665));
#3701=CARTESIAN_POINT('Ctrl Pts',(-43.622975209869,2.77555756156289E-16,
-25.0689379114424));
#3702=CARTESIAN_POINT('Ctrl Pts',(-42.9873749816229,-0.0523851194402851,
-25.5221793044011));
#3703=CARTESIAN_POINT('Ctrl Pts',(-42.2090706173993,-0.157155358320856,
-27.0977312648642));
#3704=CARTESIAN_POINT('Ctrl Pts',(-43.5457062764215,-0.314310716641713,
-29.3872675068953));
#3705=CARTESIAN_POINT('Ctrl Pts',(-46.1907013792912,-0.471466074962568,
-29.5267703917134));
#3706=CARTESIAN_POINT('Ctrl Pts',(-47.7650932517202,-0.628621433283425,
-27.399030531999));
#3707=CARTESIAN_POINT('Ctrl Pts',(-46.8559726063691,-0.785776791604281,
-24.9115171526559));
#3708=CARTESIAN_POINT('Ctrl Pts',(-44.2793277101716,-0.942932149925137,
-24.3008153322097));
#3709=CARTESIAN_POINT('Ctrl Pts',(-42.3502062401521,-1.10008750824599,-26.1145687503113));
#3710=CARTESIAN_POINT('Ctrl Pts',(-42.8014349772169,-1.25724286656685,-28.7238981279979));
#3711=CARTESIAN_POINT('Ctrl Pts',(-45.2277451221571,-1.41439822488771,-29.7845062517634));
#3712=CARTESIAN_POINT('Ctrl Pts',(-47.44944907593,-1.57155358320856,-28.34372845789));
#3713=CARTESIAN_POINT('Ctrl Pts',(-47.4707290282369,-1.72870894152942,-25.6958098700257));
#3714=CARTESIAN_POINT('Ctrl Pts',(-45.2724577914391,-1.88586429985027,-24.2195034566189));
#3715=CARTESIAN_POINT('Ctrl Pts',(-42.8294293482388,-2.04301965817113,-25.2410155434004));
#3716=CARTESIAN_POINT('Ctrl Pts',(-42.3363042841362,-2.20017501649199,-27.842691108512));
#3717=CARTESIAN_POINT('Ctrl Pts',(-44.2360764618012,-2.35733037481284,-29.6873447558273));
#3718=CARTESIAN_POINT('Ctrl Pts',(-46.8221093175034,-2.5144857331337,-29.1178573728425));
#3719=CARTESIAN_POINT('Ctrl Pts',(-47.7712737931004,-2.67164109145455,-26.6458197454591));
#3720=CARTESIAN_POINT('Ctrl Pts',(-46.2309000222306,-2.82879644977541,-24.4919555433811));
#3721=CARTESIAN_POINT('Ctrl Pts',(-43.5847630629631,-2.98595180809627,-24.5911607713925));
#3722=CARTESIAN_POINT('Ctrl Pts',(-42.209986003474,-3.14310716641713,-26.8543157963011));
#3723=CARTESIAN_POINT('Ctrl Pts',(-43.3415821650326,-3.30026252473798,-29.2483443353211));
#3724=CARTESIAN_POINT('Ctrl Pts',(-45.9629966702982,-3.45741788305884,-29.6226016468444));
#3725=CARTESIAN_POINT('Ctrl Pts',(-47.7193154954876,-3.61457324137969,-27.6408784720071));
#3726=CARTESIAN_POINT('Ctrl Pts',(-47.0327721950457,-3.77172859970055,-25.0834303610544));
#3727=CARTESIAN_POINT('Ctrl Pts',(-44.5201141201528,-3.92888395802141,-24.2477079510563));
#3728=CARTESIAN_POINT('Ctrl Pts',(-42.4385553574352,-4.08603931634226,-25.884471729467));
#3729=CARTESIAN_POINT('Ctrl Pts',(-42.6580374679366,-4.24319467466312,-28.5233559917805));
#3730=CARTESIAN_POINT('Ctrl Pts',(-44.9813915186879,-4.40035003298398,-29.7937529784823));
#3731=CARTESIAN_POINT('Ctrl Pts',(-47.3214622591996,-4.55750539130483,-28.5544178836436));
#3732=CARTESIAN_POINT('Ctrl Pts',(-47.5760772167508,-4.71466074962569,-25.9186914625239));
#3733=CARTESIAN_POINT('Ctrl Pts',(-45.516506315024,-4.87181610794654,-24.2543446662815));
#3734=CARTESIAN_POINT('Ctrl Pts',(-42.9929386059853,-5.0289714662674,-25.0565220541093));
#3735=CARTESIAN_POINT('Ctrl Pts',(-42.2723886994953,-5.18612682458825,-27.6045978674935));
#3736=CARTESIAN_POINT('Ctrl Pts',(-44.0021533569848,-5.34328218290912,-29.6095409738602));
#3737=CARTESIAN_POINT('Ctrl Pts',(-46.6283207024473,-5.50043754122997,-29.2702364526818));
#3738=CARTESIAN_POINT('Ctrl Pts',(-47.7917071109644,-5.65759289955083,-26.8914942599559));
#3739=CARTESIAN_POINT('Ctrl Pts',(-46.4471992411719,-5.81474825787168,-24.6102266691195));
#3740=CARTESIAN_POINT('Ctrl Pts',(-43.8026186867981,-5.97190361619254,-24.4757815071429));
#3741=CARTESIAN_POINT('Ctrl Pts',(-42.2336899367632,-6.12905897451339,-26.6089350372239));
#3742=CARTESIAN_POINT('Ctrl Pts',(-43.1498408994717,-6.28621433283425,-29.0933978541067));
#3743=CARTESIAN_POINT('Ctrl Pts',(-45.7280572579185,-6.4433696911551,-29.6972813915241));
#3744=CARTESIAN_POINT('Ctrl Pts',(-47.6522352592724,-6.60052504947597,-27.8781013355912));
#3745=CARTESIAN_POINT('Ctrl Pts',(-47.193806722109,-6.75768040779681,-25.2700812128464));
#3746=CARTESIAN_POINT('Ctrl Pts',(-44.7646103475489,-6.91483576611768,-24.2161295615107));
#3747=CARTESIAN_POINT('Ctrl Pts',(-42.5468526273478,-7.07199112443853,-25.6629955560398));
#3748=CARTESIAN_POINT('Ctrl Pts',(-42.5328898396199,-7.22914648275939,-28.3110159893013));
#3749=CARTESIAN_POINT('Ctrl Pts',(-44.7351401302882,-7.38630184108024,-29.7811536580305));
#3750=CARTESIAN_POINT('Ctrl Pts',(-47.1754923106916,-7.54345719940111,-28.7531765813418));
#3751=CARTESIAN_POINT('Ctrl Pts',(-47.661179697051,-7.70061255772195,-26.1496537904013));
#3752=CARTESIAN_POINT('Ctrl Pts',(-45.756913809694,-7.85776791604282,-24.3112419462175));
#3753=CARTESIAN_POINT('Ctrl Pts',(-43.1713076465123,-8.01492327436367,-24.8857860419972));
#3754=CARTESIAN_POINT('Ctrl Pts',(-42.2312732120403,-8.17207863268453,-27.3646782039417));
#3755=CARTESIAN_POINT('Ctrl Pts',(-43.2591675597622,-8.27684887156509,-28.7900044379703));
#3756=CARTESIAN_POINT('Ctrl Pts',(-43.9609108064749,-8.32923399100538,-29.1320158794904));
#3757=CARTESIAN_POINT('Ctrl Pts',(-43.5126138892447,0.109744663668462,-24.9141734047841));
#3758=CARTESIAN_POINT('Ctrl Pts',(-42.8260736335706,0.0573595442281763,
-25.403739720175));
#3759=CARTESIAN_POINT('Ctrl Pts',(-41.9853922532619,-0.0474106946523944,
-27.1055639135819));
#3760=CARTESIAN_POINT('Ctrl Pts',(-43.4291522557096,-0.204566052973251,
-29.5785944870867));
#3761=CARTESIAN_POINT('Ctrl Pts',(-46.2861298549654,-0.361721411294107,
-29.7292777970575));
#3762=CARTESIAN_POINT('Ctrl Pts',(-47.9867009853618,-0.518876769614964,
-27.4310107380175));
#3763=CARTESIAN_POINT('Ctrl Pts',(-47.0047190845367,-0.676032127935819,
-24.7441361971451));
#3764=CARTESIAN_POINT('Ctrl Pts',(-44.2215696028283,-0.833187486256677,
-24.0844898261759));
#3765=CARTESIAN_POINT('Ctrl Pts',(-42.1378391565565,-0.990342844577532,
-26.0436060757553));
#3766=CARTESIAN_POINT('Ctrl Pts',(-42.6252315122309,-1.14749820289839,-28.862059528861));
#3767=CARTESIAN_POINT('Ctrl Pts',(-45.2459977001986,-1.30465356121925,-30.0076698356245));
#3768=CARTESIAN_POINT('Ctrl Pts',(-47.6457595830168,-1.4618089195401,-28.4514212519748));
#3769=CARTESIAN_POINT('Ctrl Pts',(-47.6687450119834,-1.61896427786096,-25.5912858657225));
#3770=CARTESIAN_POINT('Ctrl Pts',(-45.2942938556066,-1.77611963618181,-23.9966612298717));
#3771=CARTESIAN_POINT('Ctrl Pts',(-42.6554694853855,-1.93327499450267,-25.10004215717));
#3772=CARTESIAN_POINT('Ctrl Pts',(-42.1228230316192,-2.09043035282353,-27.9102283847326));
#3773=CARTESIAN_POINT('Ctrl Pts',(-44.1748519935593,-2.24758571114438,-29.9027213549644));
#3774=CARTESIAN_POINT('Ctrl Pts',(-46.9681418305292,-2.40474106946524,-29.2875925426346));
#3775=CARTESIAN_POINT('Ctrl Pts',(-47.9933768647444,-2.5618964277861,-26.6174340541409));
#3776=CARTESIAN_POINT('Ctrl Pts',(-46.3295502084753,-2.71905178610695,-24.2909489236016));
#3777=CARTESIAN_POINT('Ctrl Pts',(-43.4713392390152,-2.8762071444278,-24.3981049307525));
#3778=CARTESIAN_POINT('Ctrl Pts',(-41.9863810027335,-3.03336250274867,-26.8426399708334));
#3779=CARTESIAN_POINT('Ctrl Pts',(-43.2086686665062,-3.19051786106952,-29.4285373513383));
#3780=CARTESIAN_POINT('Ctrl Pts',(-46.0401758068342,-3.34767321939038,-29.8327894250832));
#3781=CARTESIAN_POINT('Ctrl Pts',(-47.9372543818657,-3.50482857771123,-27.692241523012));
#3782=CARTESIAN_POINT('Ctrl Pts',(-47.1956882337267,-3.66198393603209,-24.9298273482848));
#3783=CARTESIAN_POINT('Ctrl Pts',(-44.4816537817271,-3.81913929435295,-24.0271261667325));
#3784=CARTESIAN_POINT('Ctrl Pts',(-42.2332689925959,-3.9762946526738,-25.7950679845147));
#3785=CARTESIAN_POINT('Ctrl Pts',(-42.470341444057,-4.13345001099466,-28.6454449913677));
#3786=CARTESIAN_POINT('Ctrl Pts',(-44.9799001464286,-4.29060536931551,-30.0176576390324));
#3787=CARTESIAN_POINT('Ctrl Pts',(-47.5075152936409,-4.44776072763637,-28.6789963310836));
#3788=CARTESIAN_POINT('Ctrl Pts',(-47.782536305729,-4.60491608595723,-25.8320302498475));
#3789=CARTESIAN_POINT('Ctrl Pts',(-45.5579015894194,-4.76207144427808,-24.0342947799032));
#3790=CARTESIAN_POINT('Ctrl Pts',(-42.8320831532694,-4.91922680259894,-24.9007624815512));
#3791=CARTESIAN_POINT('Ctrl Pts',(-42.0537849478193,-5.07638216091979,-27.6530532181752));
#3792=CARTESIAN_POINT('Ctrl Pts',(-43.9221811777669,-5.23353751924066,-29.8186820076038));
#3793=CARTESIAN_POINT('Ctrl Pts',(-46.7588220735264,-5.3906928775615,-29.4521840071798));
#3794=CARTESIAN_POINT('Ctrl Pts',(-48.0154478059544,-5.54784823588237,-26.8827980935162));
#3795=CARTESIAN_POINT('Ctrl Pts',(-46.5631846762977,-5.70500359420321,-24.4186988602675));
#3796=CARTESIAN_POINT('Ctrl Pts',(-43.7066548494272,-5.86215895252409,-24.273478623119));
#3797=CARTESIAN_POINT('Ctrl Pts',(-42.0119846820553,-6.01931431084493,-26.5775932298351));
#3798=CARTESIAN_POINT('Ctrl Pts',(-43.0015603433315,-6.17646966916579,-29.2611727216524));
#3799=CARTESIAN_POINT('Ctrl Pts',(-45.7864072317533,-6.33362502748665,-29.9134543599394));
#3800=CARTESIAN_POINT('Ctrl Pts',(-47.8647980162522,-6.4907803858075,-27.9484765559448));
#3801=CARTESIAN_POINT('Ctrl Pts',(-47.3696288342319,-6.64793574412836,-25.1314372877033));
#3802=CARTESIAN_POINT('Ctrl Pts',(-44.7457451004655,-6.80509110244921,-23.9930169347515));
#3803=CARTESIAN_POINT('Ctrl Pts',(-42.3502457211597,-6.96224646077007,-25.5558416564343));
#3804=CARTESIAN_POINT('Ctrl Pts',(-42.3351638891675,-7.11940181909094,-28.4160870504585));
#3805=CARTESIAN_POINT('Ctrl Pts',(-44.7139129997302,-7.27655717741178,-30.0040485490733));
#3806=CARTESIAN_POINT('Ctrl Pts',(-47.3498466187161,-7.43371253573264,-28.8936844968064));
#3807=CARTESIAN_POINT('Ctrl Pts',(-47.8744593038454,-7.5908678940535,-26.0815029979452));
#3808=CARTESIAN_POINT('Ctrl Pts',(-45.8175764849306,-7.74802325237435,-24.0957520786557));
#3809=CARTESIAN_POINT('Ctrl Pts',(-43.024747537651,-7.90517861069521,-24.7163428728111));
#3810=CARTESIAN_POINT('Ctrl Pts',(-42.0093742695107,-8.06233396901606,-27.3939052508898));
#3811=CARTESIAN_POINT('Ctrl Pts',(-43.1196489625174,-8.16710420789663,-28.9334639131472));
#3812=CARTESIAN_POINT('Ctrl Pts',(-43.8776332529655,-8.21948932733692,-29.3028857793927));
#3813=CARTESIAN_POINT('Ctrl Pts',(-43.4022525686203,0.219489327336923,-24.7594088981259));
#3814=CARTESIAN_POINT('Ctrl Pts',(-42.6647722855182,0.167104207896637,-25.2853001359488));
#3815=CARTESIAN_POINT('Ctrl Pts',(-41.7617138891246,0.0623339690160669,
-27.1133965622996));
#3816=CARTESIAN_POINT('Ctrl Pts',(-43.3125982349976,-0.0948213893047897,
-29.7699214672782));
#3817=CARTESIAN_POINT('Ctrl Pts',(-46.3815583306396,-0.251976747625646,
-29.9317852024015));
#3818=CARTESIAN_POINT('Ctrl Pts',(-48.2083087190034,-0.409132105946502,
-27.4629909440359));
#3819=CARTESIAN_POINT('Ctrl Pts',(-47.1534655627043,-0.566287464267358,
-24.5767552416343));
#3820=CARTESIAN_POINT('Ctrl Pts',(-44.1638114954849,-0.723442822588215,
-23.8681643201421));
#3821=CARTESIAN_POINT('Ctrl Pts',(-41.925472072961,-0.880598180909071,-25.9726434011992));
#3822=CARTESIAN_POINT('Ctrl Pts',(-42.4490280472449,-1.03775353922993,-29.000220929724));
#3823=CARTESIAN_POINT('Ctrl Pts',(-45.2642502782401,-1.19490889755078,-30.2308334194857));
#3824=CARTESIAN_POINT('Ctrl Pts',(-47.8420700901035,-1.35206425587164,-28.5591140460596));
#3825=CARTESIAN_POINT('Ctrl Pts',(-47.8667609957299,-1.5092196141925,-25.4867618614194));
#3826=CARTESIAN_POINT('Ctrl Pts',(-45.3161299197742,-1.66637497251335,-23.7738190031245));
#3827=CARTESIAN_POINT('Ctrl Pts',(-42.4815096225322,-1.82353033083421,-24.9590687709396));
#3828=CARTESIAN_POINT('Ctrl Pts',(-41.9093417791023,-1.98068568915506,-27.9777656609533));
#3829=CARTESIAN_POINT('Ctrl Pts',(-44.1136275253174,-2.13784104747592,-30.1180979541015));
#3830=CARTESIAN_POINT('Ctrl Pts',(-47.1141743435549,-2.29499640579678,-29.4573277124267));
#3831=CARTESIAN_POINT('Ctrl Pts',(-48.2154799363885,-2.45215176411763,-26.5890483628227));
#3832=CARTESIAN_POINT('Ctrl Pts',(-46.4282003947199,-2.60930712243849,-24.089942303822));
#3833=CARTESIAN_POINT('Ctrl Pts',(-43.3579154150673,-2.76646248075935,-24.2050490901125));
#3834=CARTESIAN_POINT('Ctrl Pts',(-41.762776001993,-2.9236178390802,-26.8309641453657));
#3835=CARTESIAN_POINT('Ctrl Pts',(-43.0757551679798,-3.08077319740106,-29.6087303673556));
#3836=CARTESIAN_POINT('Ctrl Pts',(-46.1173549433701,-3.23792855572191,-30.0429772033219));
#3837=CARTESIAN_POINT('Ctrl Pts',(-48.1551932682438,-3.39508391404277,-27.7436045740168));
#3838=CARTESIAN_POINT('Ctrl Pts',(-47.3586042724077,-3.55223927236363,-24.7762243355152));
#3839=CARTESIAN_POINT('Ctrl Pts',(-44.4431934433015,-3.70939463068448,-23.8065443824087));
#3840=CARTESIAN_POINT('Ctrl Pts',(-42.0279826277567,-3.86654998900534,-25.7056642395625));
#3841=CARTESIAN_POINT('Ctrl Pts',(-42.2826454201775,-4.0237053473262,-28.7675339909549));
#3842=CARTESIAN_POINT('Ctrl Pts',(-44.9784087741693,-4.18086070564705,-30.2415622995826));
#3843=CARTESIAN_POINT('Ctrl Pts',(-47.6935683280822,-4.33801606396791,-28.8035747785236));
#3844=CARTESIAN_POINT('Ctrl Pts',(-47.9889953947072,-4.49517142228876,-25.7453690371711));
#3845=CARTESIAN_POINT('Ctrl Pts',(-45.5992968638149,-4.65232678060962,-23.8142448935249));
#3846=CARTESIAN_POINT('Ctrl Pts',(-42.6712277005535,-4.80948213893047,-24.745002908993));
#3847=CARTESIAN_POINT('Ctrl Pts',(-41.8351811961433,-4.96663749725133,-27.7015085688569));
#3848=CARTESIAN_POINT('Ctrl Pts',(-43.8422089985491,-5.12379285557219,-30.0278230413473));
#3849=CARTESIAN_POINT('Ctrl Pts',(-46.8893234446056,-5.28094821389305,-29.6341315616777));
#3850=CARTESIAN_POINT('Ctrl Pts',(-48.2391885009443,-5.4381035722139,-26.8741019270765));
#3851=CARTESIAN_POINT('Ctrl Pts',(-46.6791701114234,-5.59525893053476,-24.2271710514154));
#3852=CARTESIAN_POINT('Ctrl Pts',(-43.6106910120564,-5.75241428885561,-24.071175739095));
#3853=CARTESIAN_POINT('Ctrl Pts',(-41.7902794273473,-5.90956964717648,-26.5462514224463));
#3854=CARTESIAN_POINT('Ctrl Pts',(-42.8532797871914,-6.06672500549732,-29.428947589198));
#3855=CARTESIAN_POINT('Ctrl Pts',(-45.8447572055881,-6.22388036381819,-30.1296273283546));
#3856=CARTESIAN_POINT('Ctrl Pts',(-48.077360773232,-6.38103572213903,-28.0188517762983));
#3857=CARTESIAN_POINT('Ctrl Pts',(-47.5454509463549,-6.5381910804599,-24.9927933625602));
#3858=CARTESIAN_POINT('Ctrl Pts',(-44.7268798533822,-6.69534643878075,-23.7699043079923));
#3859=CARTESIAN_POINT('Ctrl Pts',(-42.1536388149716,-6.85250179710161,-25.4486877568287));
#3860=CARTESIAN_POINT('Ctrl Pts',(-42.1374379387151,-7.00965715542246,-28.5211581116158));
#3861=CARTESIAN_POINT('Ctrl Pts',(-44.6926858691722,-7.16681251374332,-30.226943440116));
#3862=CARTESIAN_POINT('Ctrl Pts',(-47.5242009267407,-7.32396787206418,-29.0341924122711));
#3863=CARTESIAN_POINT('Ctrl Pts',(-48.0877389106397,-7.48112323038504,-26.013352205489));
#3864=CARTESIAN_POINT('Ctrl Pts',(-45.8782391601673,-7.63827858870589,-23.8802622110938));
#3865=CARTESIAN_POINT('Ctrl Pts',(-42.8781874287896,-7.79543394702675,-24.5468997036251));
#3866=CARTESIAN_POINT('Ctrl Pts',(-41.787475326981,-7.9525893053476,-27.423132297838));
#3867=CARTESIAN_POINT('Ctrl Pts',(-42.9801303652727,-8.05735954422817,-29.0769233883241));
#3868=CARTESIAN_POINT('Ctrl Pts',(-43.7943556994561,-8.10974466366846,-29.4737556792949));
#3869=CARTESIAN_POINT('Ctrl Pts',(-43.291891247996,0.329233991005384,-24.6046443914676));
#3870=CARTESIAN_POINT('Ctrl Pts',(-42.5034709374658,0.276848871565099,-25.1668605517226));
#3871=CARTESIAN_POINT('Ctrl Pts',(-41.5380355249873,0.172078632684528,-27.1212292110174));
#3872=CARTESIAN_POINT('Ctrl Pts',(-43.1960442142857,0.0149232743636717,
-29.9612484474696));
#3873=CARTESIAN_POINT('Ctrl Pts',(-46.4769868063138,-0.142232083957185,
-30.1342926077457));
#3874=CARTESIAN_POINT('Ctrl Pts',(-48.429916452645,-0.299387442278041,-27.4949711500543));
#3875=CARTESIAN_POINT('Ctrl Pts',(-47.3022120408719,-0.456542800598897,
-24.4093742861236));
#3876=CARTESIAN_POINT('Ctrl Pts',(-44.1060533881416,-0.613698158919753,
-23.6518388141082));
#3877=CARTESIAN_POINT('Ctrl Pts',(-41.7131049893654,-0.77085351724061,-25.9016807266431));
#3878=CARTESIAN_POINT('Ctrl Pts',(-42.2728245822588,-0.928008875561465,
-29.1383823305871));
#3879=CARTESIAN_POINT('Ctrl Pts',(-45.2825028562817,-1.08516423388232,-30.4539970033468));
#3880=CARTESIAN_POINT('Ctrl Pts',(-48.0383805971902,-1.24231959220318,-28.6668068401443));
#3881=CARTESIAN_POINT('Ctrl Pts',(-48.0647769794764,-1.39947495052403,-25.3822378571163));
#3882=CARTESIAN_POINT('Ctrl Pts',(-45.3379659839417,-1.55663030884489,-23.5509767763772));
#3883=CARTESIAN_POINT('Ctrl Pts',(-42.3075497596789,-1.71378566716575,-24.8180953847092));
#3884=CARTESIAN_POINT('Ctrl Pts',(-41.6958605265853,-1.8709410254866,-28.0453029371739));
#3885=CARTESIAN_POINT('Ctrl Pts',(-44.0524030570756,-2.02809638380746,-30.3334745532386));
#3886=CARTESIAN_POINT('Ctrl Pts',(-47.2602068565806,-2.18525174212832,-29.6270628822189));
#3887=CARTESIAN_POINT('Ctrl Pts',(-48.4375830080327,-2.34240710044917,-26.5606626715045));
#3888=CARTESIAN_POINT('Ctrl Pts',(-46.5268505809645,-2.49956245877003,-23.8889356840423));
#3889=CARTESIAN_POINT('Ctrl Pts',(-43.2444915911194,-2.65671781709088,-24.0119932494726));
#3890=CARTESIAN_POINT('Ctrl Pts',(-41.5391710012524,-2.81387317541175,-26.8192883198979));
#3891=CARTESIAN_POINT('Ctrl Pts',(-42.9428416694534,-2.97102853373259,-29.7889233833728));
#3892=CARTESIAN_POINT('Ctrl Pts',(-46.194534079906,-3.12818389205345,-30.2531649815606));
#3893=CARTESIAN_POINT('Ctrl Pts',(-48.3731321546219,-3.28533925037431,-27.7949676250216));
#3894=CARTESIAN_POINT('Ctrl Pts',(-47.5215203110887,-3.44249460869516,-24.6226213227457));
#3895=CARTESIAN_POINT('Ctrl Pts',(-44.4047331048758,-3.59964996701602,-23.5859625980848));
#3896=CARTESIAN_POINT('Ctrl Pts',(-41.8226962629174,-3.75680532533688,-25.6162604946102));
#3897=CARTESIAN_POINT('Ctrl Pts',(-42.0949493962979,-3.91396068365773,-28.8896229905421));
#3898=CARTESIAN_POINT('Ctrl Pts',(-44.9769174019099,-4.07111604197859,-30.4654669601328));
#3899=CARTESIAN_POINT('Ctrl Pts',(-47.8796213625235,-4.22827140029945,-28.9281532259637));
#3900=CARTESIAN_POINT('Ctrl Pts',(-48.1954544836855,-4.38542675862031,-25.6587078244947));
#3901=CARTESIAN_POINT('Ctrl Pts',(-45.6406921382103,-4.54258211694116,-23.5941950071467));
#3902=CARTESIAN_POINT('Ctrl Pts',(-42.5103722478376,-4.69973747526202,-24.5892433364349));
#3903=CARTESIAN_POINT('Ctrl Pts',(-41.6165774444672,-4.85689283358287,-27.7499639195386));
#3904=CARTESIAN_POINT('Ctrl Pts',(-43.7622368193314,-5.01404819190373,-30.2369640750909));
#3905=CARTESIAN_POINT('Ctrl Pts',(-47.0198248156846,-5.17120355022459,-29.8160791161758));
#3906=CARTESIAN_POINT('Ctrl Pts',(-48.4629291959343,-5.32835890854544,-26.8654057606368));
#3907=CARTESIAN_POINT('Ctrl Pts',(-46.795155546549,-5.48551426686629,-24.0356432425634));
#3908=CARTESIAN_POINT('Ctrl Pts',(-43.5147271746855,-5.64266962518716,-23.868872855071));
#3909=CARTESIAN_POINT('Ctrl Pts',(-41.5685741726394,-5.799824983508,-26.5149096150576));
#3910=CARTESIAN_POINT('Ctrl Pts',(-42.7049992310512,-5.95698034182887,-29.5967224567437));
#3911=CARTESIAN_POINT('Ctrl Pts',(-45.9031071794229,-6.11413570014972,-30.3458002967699));
#3912=CARTESIAN_POINT('Ctrl Pts',(-48.2899235302116,-6.27129105847058,-28.0892269966519));
#3913=CARTESIAN_POINT('Ctrl Pts',(-47.7212730584778,-6.42844641679143,-24.8541494374171));
#3914=CARTESIAN_POINT('Ctrl Pts',(-44.7080146062987,-6.58560177511229,-23.546791681233));
#3915=CARTESIAN_POINT('Ctrl Pts',(-41.9570319087835,-6.74275713343315,-25.3415338572232));
#3916=CARTESIAN_POINT('Ctrl Pts',(-41.9397119882626,-6.899912491754,-28.626229172773));
#3917=CARTESIAN_POINT('Ctrl Pts',(-44.6714587386141,-7.05706785007486,-30.4498383311588));
#3918=CARTESIAN_POINT('Ctrl Pts',(-47.6985552347653,-7.21422320839572,-29.1747003277358));
#3919=CARTESIAN_POINT('Ctrl Pts',(-48.3010185174341,-7.37137856671657,-25.9452014130329));
#3920=CARTESIAN_POINT('Ctrl Pts',(-45.9389018354041,-7.52853392503743,-23.664772343532));
#3921=CARTESIAN_POINT('Ctrl Pts',(-42.7316273199281,-7.68568928335828,-24.377456534439));
#3922=CARTESIAN_POINT('Ctrl Pts',(-41.5655763844514,-7.84284464167914,-27.4523593447861));
#3923=CARTESIAN_POINT('Ctrl Pts',(-42.8406117680279,-7.94761488055971,-29.220382863501));
#3924=CARTESIAN_POINT('Ctrl Pts',(-43.7110781459467,-8.,-29.6446255791972));
#3925=CARTESIAN_POINT('Ctrl Pts',(-43.7110781459467,-8.,-29.6446255791972));
#3926=CARTESIAN_POINT('Ctrl Pts',(-43.6292047743917,-8.,-29.5947745797685));
#3927=CARTESIAN_POINT('Ctrl Pts',(-43.5502178136098,-7.99999999999999,-29.5407474202285));
#3928=CARTESIAN_POINT('Ctrl Pts',(-43.4742589514626,-7.99999999999999,-29.4829000398305));
#3929=CARTESIAN_POINT('Ctrl Pts',(-43.3966419896027,-7.99999999999999,-29.4237899137554));
#3930=CARTESIAN_POINT('Ctrl Pts',(-43.3221862285438,-8.,-29.3606902092051));
#3931=CARTESIAN_POINT('Ctrl Pts',(-43.2510805988727,-8.,-29.2939423063632));
#3932=CARTESIAN_POINT('Ctrl Pts',(-43.184098048102,-8.,-29.2310647984693));
#3933=CARTESIAN_POINT('Ctrl Pts',(-43.1200884080134,-8.,-29.1649489750796));
#3934=CARTESIAN_POINT('Ctrl Pts',(-43.0592455498033,-8.,-29.0958594555677));
#3935=CARTESIAN_POINT('Ctrl Pts',(-43.0060080488694,-8.,-29.0354061259948));
#3936=CARTESIAN_POINT('Ctrl Pts',(-42.9551955106909,-8.,-28.9726754953225));
#3937=CARTESIAN_POINT('Ctrl Pts',(-42.906962548591,-8.,-28.9078382169054));
#3938=CARTESIAN_POINT('Ctrl Pts',(-42.8962530744469,-8.,-28.8934419798395));
#3939=CARTESIAN_POINT('Ctrl Pts',(-42.8856691516557,-8.,-28.8789393102545));
#3940=CARTESIAN_POINT('Ctrl Pts',(-42.8752268084595,-8.,-28.8643523407849));
#3941=CARTESIAN_POINT('Ctrl Pts',(-42.8194549519127,-8.,-28.7864443125362));
#3942=CARTESIAN_POINT('Ctrl Pts',(-42.7676316911162,-8.,-28.7060204364754));
#3943=CARTESIAN_POINT('Ctrl Pts',(-42.719936013314,-8.,-28.6234050438124));
#3944=CARTESIAN_POINT('Ctrl Pts',(-42.6725343299534,-8.,-28.5412988894568));
#3945=CARTESIAN_POINT('Ctrl Pts',(-42.629209186166,-8.,-28.4570272666418));
#3946=CARTESIAN_POINT('Ctrl Pts',(-42.59018451636,-8.,-28.3708916765857));
#3947=CARTESIAN_POINT('Ctrl Pts',(-42.5536496714146,-8.,-28.2902516495818));
#3948=CARTESIAN_POINT('Ctrl Pts',(-42.5208842513165,-8.,-28.2079772123583));
#3949=CARTESIAN_POINT('Ctrl Pts',(-42.4921144191403,-8.,-28.1243123122929));
#3950=CARTESIAN_POINT('Ctrl Pts',(-42.4799315254573,-8.,-28.0888835139512));
#3951=CARTESIAN_POINT('Ctrl Pts',(-42.4684656430018,-8.,-28.053205392965));
#3952=CARTESIAN_POINT('Ctrl Pts',(-42.4577363385606,-8.,-28.0172967024341));
#3953=CARTESIAN_POINT('Ctrl Pts',(-42.4501573473525,-8.,-27.9919314374888));
#3954=CARTESIAN_POINT('Ctrl Pts',(-42.4429459209298,-8.,-27.966451127542));
#3955=CARTESIAN_POINT('Ctrl Pts',(-42.4361094049046,-8.,-27.9408624713138));
#3956=CARTESIAN_POINT('Ctrl Pts',(-42.4317455337887,-8.,-27.9245287718976));
#3957=CARTESIAN_POINT('Ctrl Pts',(-42.4275340689199,-8.,-27.9081490403086));
#3958=CARTESIAN_POINT('Ctrl Pts',(-42.4234820552444,-8.,-27.8917468057703));
#3959=CARTESIAN_POINT('Ctrl Pts',(-42.4013427240406,-8.,-27.8021285240945));
#3960=CARTESIAN_POINT('Ctrl Pts',(-42.3839193299512,-8.,-27.7116955859153));
#3961=CARTESIAN_POINT('Ctrl Pts',(-42.3714207947347,-8.,-27.6207339760452));
#3962=CARTESIAN_POINT('Ctrl Pts',(-42.3589222595183,-8.,-27.5297723661751));
#3963=CARTESIAN_POINT('Ctrl Pts',(-42.351348275132,-8.,-27.4382812608792));
#3964=CARTESIAN_POINT('Ctrl Pts',(-42.3489650265007,-8.,-27.3465488156412));
#3965=CARTESIAN_POINT('Ctrl Pts',(-42.3465798922329,-8.,-27.2547437912965));
#3966=CARTESIAN_POINT('Ctrl Pts',(-42.3493947587821,-7.99999999999999,-27.1626960152818));
#3967=CARTESIAN_POINT('Ctrl Pts',(-42.3572608785796,-7.99999999999999,-27.070787657701));
#3968=CARTESIAN_POINT('Ctrl Pts',(-42.361361184658,-7.99999999999999,-27.0228793614962));
#3969=CARTESIAN_POINT('Ctrl Pts',(-42.3668347726572,-8.,-26.9750093023108));
#3970=CARTESIAN_POINT('Ctrl Pts',(-42.3736652856971,-8.,-26.9272346586383));
#3971=CARTESIAN_POINT('Ctrl Pts',(-42.3764315254212,-8.,-26.9078867536771));
#3972=CARTESIAN_POINT('Ctrl Pts',(-42.3794213829175,-8.,-26.888549024746));
#3973=CARTESIAN_POINT('Ctrl Pts',(-42.3826282686548,-8.,-26.8692571690906));
#3974=CARTESIAN_POINT('Ctrl Pts',(-42.3973561269464,-8.,-26.7806579050251));
#3975=CARTESIAN_POINT('Ctrl Pts',(-42.4166701925004,-8.,-26.6929161161436));
#3976=CARTESIAN_POINT('Ctrl Pts',(-42.4403739800005,-8.,-26.6063704870827));
#3977=CARTESIAN_POINT('Ctrl Pts',(-42.4640907212345,-8.,-26.519777562245));
#3978=CARTESIAN_POINT('Ctrl Pts',(-42.4922025611482,-8.,-26.4343812111304));
#3979=CARTESIAN_POINT('Ctrl Pts',(-42.5245595600545,-8.,-26.3505434478107));
#3980=CARTESIAN_POINT('Ctrl Pts',(-42.5564167504791,-8.,-26.2680007003022));
#3981=CARTESIAN_POINT('Ctrl Pts',(-42.5923895914291,-8.,-26.1869680302042));
#3982=CARTESIAN_POINT('Ctrl Pts',(-42.6323713125663,-8.,-26.107824932601));
#3983=CARTESIAN_POINT('Ctrl Pts',(-42.6482847370242,-8.,-26.0763245952156));
#3984=CARTESIAN_POINT('Ctrl Pts',(-42.6648335974011,-8.,-26.0451240413816));
#3985=CARTESIAN_POINT('Ctrl Pts',(-42.6820124699652,-8.,-26.0142491201095));
#3986=CARTESIAN_POINT('Ctrl Pts',(-42.6908785233605,-8.,-25.9983145062661));
#3987=CARTESIAN_POINT('Ctrl Pts',(-42.699912398811,-8.,-25.9824666477988));
#3988=CARTESIAN_POINT('Ctrl Pts',(-42.7091134179572,-8.,-25.9667092282277));
#3989=CARTESIAN_POINT('Ctrl Pts',(-42.7170719208521,-8.,-25.9530797087928));
#3990=CARTESIAN_POINT('Ctrl Pts',(-42.7251516168211,-7.99999999999999,-25.9395245291931));
#3991=CARTESIAN_POINT('Ctrl Pts',(-42.7333485773004,-7.99999999999999,-25.9260508975355));
#3992=CARTESIAN_POINT('Ctrl Pts',(-42.7782182326643,-7.99999999999999,-25.8522970700642));
#3993=CARTESIAN_POINT('Ctrl Pts',(-42.826627837609,-8.,-25.780934131363));
#3994=CARTESIAN_POINT('Ctrl Pts',(-42.8784542754707,-8.,-25.7123056435419));
#3995=CARTESIAN_POINT('Ctrl Pts',(-42.9170683746381,-8.,-25.6611729139204));
#3996=CARTESIAN_POINT('Ctrl Pts',(-42.9575800274929,-7.99999999999999,-25.6115587499887));
#3997=CARTESIAN_POINT('Ctrl Pts',(-42.9999488741175,-7.99999999999999,-25.5636206710087));
#3998=CARTESIAN_POINT('Ctrl Pts',(-43.0210737260476,-7.99999999999999,-25.5397190333447));
#3999=CARTESIAN_POINT('Ctrl Pts',(-43.0426603953514,-8.,-25.5162342883908));
#4000=CARTESIAN_POINT('Ctrl Pts',(-43.0647045619205,-8.,-25.4931874042824));
#4001=CARTESIAN_POINT('Ctrl Pts',(-43.0777846994703,-8.,-25.4795122937589));
#4002=CARTESIAN_POINT('Ctrl Pts',(-43.0910259192024,-8.,-25.4659913628959));
#4003=CARTESIAN_POINT('Ctrl Pts',(-43.1044273836947,-8.,-25.4526291669056));
#4004=CARTESIAN_POINT('Ctrl Pts',(-43.1156065888296,-8.,-25.4414827186861));
#4005=CARTESIAN_POINT('Ctrl Pts',(-43.1268956827253,-8.,-25.4304484456743));
#4006=CARTESIAN_POINT('Ctrl Pts',(-43.1382861236263,-8.,-25.4195363064991));
#4007=CARTESIAN_POINT('Ctrl Pts',(-43.1977584768894,-8.,-25.3625612866978));
#4008=CARTESIAN_POINT('Ctrl Pts',(-43.2600515787114,-8.,-25.3088522046929));
#4009=CARTESIAN_POINT('Ctrl Pts',(-43.3250702973325,-8.,-25.2587427984855));
#4010=CARTESIAN_POINT('Ctrl Pts',(-43.3588571906192,-8.,-25.2327035101684));
#4011=CARTESIAN_POINT('Ctrl Pts',(-43.3933804914205,-8.,-25.2076369823377));
#4012=CARTESIAN_POINT('Ctrl Pts',(-43.4286290662672,-8.,-25.183595205995));
#4013=CARTESIAN_POINT('Ctrl Pts',(-43.4903046886376,-8.,-25.1415284976166));
#4014=CARTESIAN_POINT('Ctrl Pts',(-43.5542009390122,-8.,-25.1025975370837));
#4015=CARTESIAN_POINT('Ctrl Pts',(-43.6200519109937,-8.,-25.0668606514133));
#4016=CARTESIAN_POINT('Ctrl Pts',(-47.9396624908182,-6.32217611708959,-27.0022265627127));
#4017=CARTESIAN_POINT('Ctrl Pts',(-47.9349101711134,-6.35759955032354,-26.3462310555068));
#4018=CARTESIAN_POINT('Ctrl Pts',(-47.7175265447204,-6.39302298355749,-25.6873774260893));
#4019=CARTESIAN_POINT('Ctrl Pts',(-47.3138383950703,-6.42844641679143,-25.1754360712589));
#4020=CARTESIAN_POINT('Ctrl Pts',(-46.7168535744181,-6.48083153623172,-24.4183635186891));
#4021=CARTESIAN_POINT('Ctrl Pts',(-45.7124340903584,-6.53321665567201,-23.9825775999611));
#4022=CARTESIAN_POINT('Ctrl Pts',(-44.751727232076,-6.58560177511229,-24.0638083365954));
#4023=CARTESIAN_POINT('Ctrl Pts',(-43.7910203737936,-6.63798689455258,-24.1450390732297));
#4024=CARTESIAN_POINT('Ctrl Pts',(-42.8740261412886,-6.69037201399286,-24.7432864652265));
#4025=CARTESIAN_POINT('Ctrl Pts',(-42.4126423716159,-6.74275713343315,-25.5898593804831));
#4026=CARTESIAN_POINT('Ctrl Pts',(-41.9512586019432,-6.79514225287343,-26.4364322957398));
#4027=CARTESIAN_POINT('Ctrl Pts',(-41.9454852951029,-6.84752737231372,-27.5313307342564));
#4028=CARTESIAN_POINT('Ctrl Pts',(-42.3978897667414,-6.899912491754,-28.3827148132457));
#4029=CARTESIAN_POINT('Ctrl Pts',(-42.8502942383798,-6.95229761119429,-29.234098892235));
#4030=CARTESIAN_POINT('Ctrl Pts',(-43.7608764884969,-7.00468273063457,-29.8419686116969));
#4031=CARTESIAN_POINT('Ctrl Pts',(-44.7206836962474,-7.05706785007486,-29.9333804708573));
#4032=CARTESIAN_POINT('Ctrl Pts',(-45.6804909039978,-7.10945296951514,-30.0247923300178));
#4033=CARTESIAN_POINT('Ctrl Pts',(-46.6895230693815,-7.16183808895543,-29.5997463288768));
#4034=CARTESIAN_POINT('Ctrl Pts',(-47.2944496991849,-7.21422320839572,-28.8489735091892));
#4035=CARTESIAN_POINT('Ctrl Pts',(-47.7099849372537,-7.25020751129368,-28.3332538384153));
#4036=CARTESIAN_POINT('Ctrl Pts',(-47.9348401898133,-7.28619181419163,-27.6638377206198));
#4037=CARTESIAN_POINT('Ctrl Pts',(-47.9398468862039,-7.32217611708959,-26.9975719652059));
#4038=CARTESIAN_POINT('Ctrl Pts',(-43.622975209869,-5.16021552935681E-18,
-25.0689379114424));
#4039=CARTESIAN_POINT('Ctrl Pts',(-43.5517308548296,2.38561513307844E-17,
-25.1082064433446));
#4040=CARTESIAN_POINT('Ctrl Pts',(-43.4828752468406,-2.28544992022162E-16,
-25.1513198546809));
#4041=CARTESIAN_POINT('Ctrl Pts',(-43.416509482057,-5.89805981832114E-17,
-25.1979201462125));
#4042=CARTESIAN_POINT('Ctrl Pts',(-43.3484870730132,1.14816518366177E-16,
-25.2456836896971));
#4043=CARTESIAN_POINT('Ctrl Pts',(-43.2830797831603,3.45834808842333E-16,
-25.2971107100796));
#4044=CARTESIAN_POINT('Ctrl Pts',(-43.2204114328731,2.84494650060196E-16,
-25.3518681913947));
#4045=CARTESIAN_POINT('Ctrl Pts',(-43.1978630110619,2.62424118957188E-16,
-25.3715702384465));
#4046=CARTESIAN_POINT('Ctrl Pts',(-43.1756693536931,3.60404322462416E-16,
-25.3917039042611));
#4047=CARTESIAN_POINT('Ctrl Pts',(-43.1538369147478,3.40005801291454E-16,
-25.4122551370961));
#4048=CARTESIAN_POINT('Ctrl Pts',(-43.1416855241794,3.28652493564938E-16,
-25.423693440323));
#4049=CARTESIAN_POINT('Ctrl Pts',(-43.1296460375568,3.79376991375997E-16,
-25.4352611086513));
#4050=CARTESIAN_POINT('Ctrl Pts',(-43.1177196257881,4.02455846426619E-16,
-25.4469558129267));
#4051=CARTESIAN_POINT('Ctrl Pts',(-43.1052691614607,4.26548798028325E-16,
-25.4591643884165));
#4052=CARTESIAN_POINT('Ctrl Pts',(-43.0929482364231,1.17795936294683E-16,
-25.4715052752477));
#4053=CARTESIAN_POINT('Ctrl Pts',(-43.0807616146347,9.0205620750794E-17,
-25.4839714777278));
#4054=CARTESIAN_POINT('Ctrl Pts',(-43.0204579104851,-4.63209946506142E-17,
-25.5456586457779));
#4055=CARTESIAN_POINT('Ctrl Pts',(-42.9634113797482,-4.06681528041198E-16,
-25.6104393779663));
#4056=CARTESIAN_POINT('Ctrl Pts',(-42.9097507967395,-3.19189119579733E-16,
-25.6779478293589));
#4057=CARTESIAN_POINT('Ctrl Pts',(-42.8695847799131,-2.53699306510312E-16,
-25.7284792519138));
#4058=CARTESIAN_POINT('Ctrl Pts',(-42.8313161561235,1.85438216893808E-16,
-25.7805401467235));
#4059=CARTESIAN_POINT('Ctrl Pts',(-42.7950083211386,2.77555756156289E-16,
-25.8339936349954));
#4060=CARTESIAN_POINT('Ctrl Pts',(-42.774171549732,3.3042126325563E-16,
-25.8646701574726));
#4061=CARTESIAN_POINT('Ctrl Pts',(-42.7539807304925,2.721895640627E-16,
-25.8958055770003));
#4062=CARTESIAN_POINT('Ctrl Pts',(-42.7344493426937,3.46944695195361E-16,
-25.9273757810899));
#4063=CARTESIAN_POINT('Ctrl Pts',(-42.7268746169967,3.75936470823666E-16,
-25.9396194392795));
#4064=CARTESIAN_POINT('Ctrl Pts',(-42.7193990869424,-1.53616719221704E-16,
-25.9519285045344));
#4065=CARTESIAN_POINT('Ctrl Pts',(-42.712023588529,-1.52655665885959E-16,
-25.9643016158527));
#4066=CARTESIAN_POINT('Ctrl Pts',(-42.7042369411217,-1.51641038392916E-16,
-25.9773644693396));
#4067=CARTESIAN_POINT('Ctrl Pts',(-42.6965664273785,-8.7494341401234E-17,
-25.9904909603802));
#4068=CARTESIAN_POINT('Ctrl Pts',(-42.689014134792,-8.32667268468867E-17,
-26.0036765966631));
#4069=CARTESIAN_POINT('Ctrl Pts',(-42.6448000801631,-5.85166289507425E-17,
-26.0808704336669));
#4070=CARTESIAN_POINT('Ctrl Pts',(-42.604618996307,-6.30139014085173E-16,
-26.1601157798837));
#4071=CARTESIAN_POINT('Ctrl Pts',(-42.5686037576359,-3.88578058618805E-16,
-26.2410433260534));
#4072=CARTESIAN_POINT('Ctrl Pts',(-42.5321228292009,-1.43893634630228E-16,
-26.3230172939951));
#4073=CARTESIAN_POINT('Ctrl Pts',(-42.4999154762064,1.14676647195709E-16,
-26.40671794326));
#4074=CARTESIAN_POINT('Ctrl Pts',(-42.4721537727464,5.55111512312578E-17,
-26.4918018001511));
#4075=CARTESIAN_POINT('Ctrl Pts',(-42.4446380665143,-3.13007762508211E-18,
-26.5761317266159));
#4076=CARTESIAN_POINT('Ctrl Pts',(-42.421488999459,1.39549316872892E-16,
-26.6618212889256));
#4077=CARTESIAN_POINT('Ctrl Pts',(-42.4029165987433,2.22044604925031E-16,
-26.7485637696206));
#4078=CARTESIAN_POINT('Ctrl Pts',(-42.3965430500354,2.50354770348667E-16,
-26.7783314573967));
#4079=CARTESIAN_POINT('Ctrl Pts',(-42.3907088949828,7.84915182212133E-17,
-26.8082233297932));
#4080=CARTESIAN_POINT('Ctrl Pts',(-42.3854239791525,8.32667268468867E-17,
-26.8382274803854));
#4081=CARTESIAN_POINT('Ctrl Pts',(-42.3824697996077,8.59359885904183E-17,
-26.8549992986662));
#4082=CARTESIAN_POINT('Ctrl Pts',(-42.3796872497723,2.28793863731281E-18,
-26.8718062032142));
#4083=CARTESIAN_POINT('Ctrl Pts',(-42.3770781529518,0.,-26.8886461371529));
#4084=CARTESIAN_POINT('Ctrl Pts',(-42.3751691774831,-1.67399641830555E-18,
-26.9009672670286));
#4085=CARTESIAN_POINT('Ctrl Pts',(-42.3733535450174,2.82996244515782E-16,
-26.9133032143596));
#4086=CARTESIAN_POINT('Ctrl Pts',(-42.3716328998121,2.77555756156289E-16,
-26.9256448055262));
#4087=CARTESIAN_POINT('Ctrl Pts',(-42.363770825001,2.52696751894723E-16,
-26.982036740796));
#4088=CARTESIAN_POINT('Ctrl Pts',(-42.3578835352645,-4.36730765936231E-16,
-27.0385964431377));
#4089=CARTESIAN_POINT('Ctrl Pts',(-42.3540081492732,-4.16333634234434E-16,
-27.095237584822));
#4090=CARTESIAN_POINT('Ctrl Pts',(-42.3480396724791,-3.83938364062981E-16,
-27.182470531553));
#4091=CARTESIAN_POINT('Ctrl Pts',(-42.3468402584548,-2.3007363947042E-16,
-27.269895944883));
#4092=CARTESIAN_POINT('Ctrl Pts',(-42.3501626131473,-1.38777878078145E-16,
-27.3572178062134));
#4093=CARTESIAN_POINT('Ctrl Pts',(-42.3535690294837,-4.51721671185717E-17,
-27.4467490701789));
#4094=CARTESIAN_POINT('Ctrl Pts',(-42.3617289219941,2.49832196783422E-16,
-27.5361721584655));
#4095=CARTESIAN_POINT('Ctrl Pts',(-42.3744284782733,4.44089209850063E-16,
-27.6251824265429));
#4096=CARTESIAN_POINT('Ctrl Pts',(-42.3874688822955,6.43559953460021E-16,
-27.716581671708));
#4097=CARTESIAN_POINT('Ctrl Pts',(-42.4052959084335,1.58115578395679E-16,
-27.8075464956369));
#4098=CARTESIAN_POINT('Ctrl Pts',(-42.4277330022102,1.94289029309402E-16,
-27.8977502194128));
#4099=CARTESIAN_POINT('Ctrl Pts',(-42.4319993994843,2.01167385031869E-16,
-27.9149023927318));
#4100=CARTESIAN_POINT('Ctrl Pts',(-42.4364335518476,3.77134012287881E-16,
-27.9320300498404));
#4101=CARTESIAN_POINT('Ctrl Pts',(-42.4410276167598,3.60822483003176E-16,
-27.9491066254314));
#4102=CARTESIAN_POINT('Ctrl Pts',(-42.4652970480958,2.74652272627082E-16,
-28.0393184066502));
#4103=CARTESIAN_POINT('Ctrl Pts',(-42.4940569787154,-5.36001792033326E-16,
-28.1282396535743));
#4104=CARTESIAN_POINT('Ctrl Pts',(-42.5270456646494,-3.88578058618805E-16,
-28.2155448947217));
#4105=CARTESIAN_POINT('Ctrl Pts',(-42.5606623961058,-2.38347641244644E-16,
-28.3045122713629));
#4106=CARTESIAN_POINT('Ctrl Pts',(-42.5986705540784,3.44889503177669E-16,
-28.3918023899224));
#4107=CARTESIAN_POINT('Ctrl Pts',(-42.6408477292601,4.71844785465692E-16,
-28.4770755969974));
#4108=CARTESIAN_POINT('Ctrl Pts',(-42.6832856861653,5.99585033014677E-16,
-28.5628760488158));
#4109=CARTESIAN_POINT('Ctrl Pts',(-42.7299446296658,4.60964198896563E-16,
-28.6466355254907));
#4110=CARTESIAN_POINT('Ctrl Pts',(-42.7806496824296,3.88578058618805E-16,
-28.7279989872132));
#4111=CARTESIAN_POINT('Ctrl Pts',(-42.8037366775509,3.55619243346E-16,-28.7650453512627));
#4112=CARTESIAN_POINT('Ctrl Pts',(-42.8276631763707,2.78525133076078E-16,
-28.8015947720593));
#4113=CARTESIAN_POINT('Ctrl Pts',(-42.8524159633006,2.77555756156289E-16,
-28.8376122809723));
#4114=CARTESIAN_POINT('Ctrl Pts',(-42.8647823455154,2.7707145976032E-16,
-28.8556064681685));
#4115=CARTESIAN_POINT('Ctrl Pts',(-42.8773549967584,-5.5952939376905E-16,
-28.873467874807));
#4116=CARTESIAN_POINT('Ctrl Pts',(-42.8901324512177,-6.10622663543836E-16,
-28.8911920223524));
#4117=CARTESIAN_POINT('Ctrl Pts',(-42.89918565889,-6.4682376943724E-16,
-28.9037501096502));
#4118=CARTESIAN_POINT('Ctrl Pts',(-42.9083364741718,1.07076210350912E-16,
-28.9162320148698));
#4119=CARTESIAN_POINT('Ctrl Pts',(-42.9175808392222,1.11022302462516E-16,
-28.9286321872089));
#4120=CARTESIAN_POINT('Ctrl Pts',(-42.9764366974161,1.36145784332194E-16,
-29.0075800414736));
#4121=CARTESIAN_POINT('Ctrl Pts',(-43.0391194974445,-8.37141699954735E-17,
-29.0832699814498));
#4122=CARTESIAN_POINT('Ctrl Pts',(-43.1053927159206,-1.11022302462516E-16,
-29.1553496182244));
#4123=CARTESIAN_POINT('Ctrl Pts',(-43.1713205988226,-1.38188138088965E-16,
-29.2270536634204));
#4124=CARTESIAN_POINT('Ctrl Pts',(-43.2408019738581,-2.68862688755825E-16,
-29.2951858753084));
#4125=CARTESIAN_POINT('Ctrl Pts',(-43.3136521343944,-2.77555756156289E-16,
-29.3593830286777));
#4126=CARTESIAN_POINT('Ctrl Pts',(-43.3672953871628,-2.83956900758619E-16,
-29.406654635217));
#4127=CARTESIAN_POINT('Ctrl Pts',(-43.4227662532979,-1.92439311139255E-16,
-29.4517923389425));
#4128=CARTESIAN_POINT('Ctrl Pts',(-43.4800059545816,-2.22044604925031E-16,
-29.4946408772433));
#4129=CARTESIAN_POINT('Ctrl Pts',(-43.5531907880075,-2.60920014509796E-16,
-29.5494256344617));
#4130=CARTESIAN_POINT('Ctrl Pts',(-43.6292665417202,-3.60734464388753E-17,
-29.6004695900695));
#4131=CARTESIAN_POINT('Ctrl Pts',(-43.7079274863322,-5.55111512312578E-17,
-29.6477659275224));
#4132=CARTESIAN_POINT('Origin',(-45.,0.,-27.));
#4133=CARTESIAN_POINT('Origin',(-45.,-8.,-27.));
#4134=CARTESIAN_POINT('Origin',(-45.,0.,27.));
#4135=CARTESIAN_POINT('Origin',(-45.,-8.,27.));
#4136=CARTESIAN_POINT('Origin',(-27.,2.,24.));
#4137=CARTESIAN_POINT('',(-28.05,4.,24.));
#4138=CARTESIAN_POINT('Origin',(-27.,4.,24.));
#4139=CARTESIAN_POINT('',(-28.05,2.,24.));
#4140=CARTESIAN_POINT('',(-28.05,2.,24.));
#4141=CARTESIAN_POINT('Origin',(-27.,2.,24.));
#4142=CARTESIAN_POINT('Origin',(-28.125,2.,24.));
#4143=CARTESIAN_POINT('',(-25.,2.,27.75));
#4144=CARTESIAN_POINT('',(-25.,2.,20.25));
#4145=CARTESIAN_POINT('',(-25.,2.,31.));
#4146=CARTESIAN_POINT('Origin',(-27.,2.,24.));
#4147=CARTESIAN_POINT('Origin',(-27.,0.,24.));
#4148=CARTESIAN_POINT('',(-25.,0.,27.75));
#4149=CARTESIAN_POINT('',(-25.,0.,27.75));
#4150=CARTESIAN_POINT('',(-25.,0.,20.25));
#4151=CARTESIAN_POINT('Origin',(-27.,0.,24.));
#4152=CARTESIAN_POINT('',(-25.,0.,20.25));
#4153=CARTESIAN_POINT('Origin',(-27.,2.,-30.));
#4154=CARTESIAN_POINT('',(-28.05,4.,-30.));
#4155=CARTESIAN_POINT('Origin',(-27.,4.,-30.));
#4156=CARTESIAN_POINT('',(-28.05,2.,-30.));
#4157=CARTESIAN_POINT('',(-28.05,2.,-30.));
#4158=CARTESIAN_POINT('Origin',(-27.,2.,-30.));
#4159=CARTESIAN_POINT('Origin',(-28.125,2.,-29.375));
#4160=CARTESIAN_POINT('',(-25.,2.,-26.25));
#4161=CARTESIAN_POINT('',(-25.000000372529,2.,-33.));
#4162=CARTESIAN_POINT('',(-25.000000372529,2.,-31.));
#4163=CARTESIAN_POINT('',(-30.0103986446981,2.,-33.));
#4164=CARTESIAN_POINT('Origin',(-27.,2.,-30.));
#4165=CARTESIAN_POINT('',(-25.000000372529,2.,-33.));
#4166=CARTESIAN_POINT('Origin',(-27.,0.,-30.));
#4167=CARTESIAN_POINT('',(-25.,0.,-26.25));
#4168=CARTESIAN_POINT('',(-25.,0.,-26.25));
#4169=CARTESIAN_POINT('',(-30.0103986446981,0.,-33.));
#4170=CARTESIAN_POINT('Origin',(-27.,0.,-30.));
#4171=CARTESIAN_POINT('',(-30.0103986446981,0.,-33.));
#4172=CARTESIAN_POINT('Origin',(-25.,0.,20.25));
#4173=CARTESIAN_POINT('',(-25.,0.,31.));
#4174=CARTESIAN_POINT('',(-25.000000372529,4.,-33.));
#4175=CARTESIAN_POINT('',(-25.000000372529,2.,-33.));
#4176=CARTESIAN_POINT('',(-25.,4.,31.));
#4177=CARTESIAN_POINT('',(-25.,4.,31.));
#4178=CARTESIAN_POINT('',(-25.,0.,31.));
#4179=CARTESIAN_POINT('',(-25.,0.,31.));
#4180=CARTESIAN_POINT('',(-25.,0.,31.));
#4181=CARTESIAN_POINT('Origin',(-49.,0.,31.));
#4182=CARTESIAN_POINT('',(-49.,0.,31.));
#4183=CARTESIAN_POINT('',(-49.,0.,31.));
#4184=CARTESIAN_POINT('',(-49.,4.,31.));
#4185=CARTESIAN_POINT('',(-49.,4.,31.));
#4186=CARTESIAN_POINT('',(-49.,0.,31.));
#4187=CARTESIAN_POINT('Origin',(-49.,0.,-33.));
#4188=CARTESIAN_POINT('',(-49.,0.,-33.));
#4189=CARTESIAN_POINT('',(-49.,0.,-33.));
#4190=CARTESIAN_POINT('',(-49.,4.,-33.));
#4191=CARTESIAN_POINT('',(-49.,4.,-33.));
#4192=CARTESIAN_POINT('',(-49.,0.,-33.));
#4193=CARTESIAN_POINT('Origin',(-30.0103986446981,0.,-33.));
#4194=CARTESIAN_POINT('',(-25.000000372529,0.,-33.));
#4195=CARTESIAN_POINT('',(-25.000000372529,4.,-33.));
#4196=CARTESIAN_POINT('Origin',(-37.,4.,-1.));
#4197=CARTESIAN_POINT('Origin',(-37.,0.,-1.));
#4198=UNCERTAINTY_MEASURE_WITH_UNIT(LENGTH_MEASURE(0.01),#4202,
'DISTANCE_ACCURACY_VALUE',
'Maximum model space distance between geometric entities at asserted c
onnectivities');
#4199=UNCERTAINTY_MEASURE_WITH_UNIT(LENGTH_MEASURE(0.01),#4202,
'DISTANCE_ACCURACY_VALUE',
'Maximum model space distance between geometric entities at asserted c
onnectivities');
#4200=(
GEOMETRIC_REPRESENTATION_CONTEXT(3)
GLOBAL_UNCERTAINTY_ASSIGNED_CONTEXT((#4198))
GLOBAL_UNIT_ASSIGNED_CONTEXT((#4202,#4204,#4205))
REPRESENTATION_CONTEXT('','3D')
);
#4201=(
GEOMETRIC_REPRESENTATION_CONTEXT(3)
GLOBAL_UNCERTAINTY_ASSIGNED_CONTEXT((#4199))
GLOBAL_UNIT_ASSIGNED_CONTEXT((#4202,#4204,#4205))
REPRESENTATION_CONTEXT('','3D')
);
#4202=(
LENGTH_UNIT()
NAMED_UNIT(*)
SI_UNIT(.MILLI.,.METRE.)
);
#4203=(
LENGTH_UNIT()
NAMED_UNIT(*)
SI_UNIT($,.METRE.)
);
#4204=(
NAMED_UNIT(*)
PLANE_ANGLE_UNIT()
SI_UNIT($,.RADIAN.)
);
#4205=(
NAMED_UNIT(*)
SI_UNIT($,.STERADIAN.)
SOLID_ANGLE_UNIT()
);
#4206=SHAPE_DEFINITION_REPRESENTATION(#4207,#4208);
#4207=PRODUCT_DEFINITION_SHAPE('',$,#4210);
#4208=SHAPE_REPRESENTATION('',(#1010),#4200);
#4209=PRODUCT_DEFINITION_CONTEXT('part definition',#4214,'design');
#4210=PRODUCT_DEFINITION('2026-06-30-03-31-34-417',
'am4MountingBracketV2',#4211,#4209);
#4211=PRODUCT_DEFINITION_FORMATION('',$,#4216);
#4212=PRODUCT_RELATED_PRODUCT_CATEGORY('am4MountingBracketV2',
'am4MountingBracketV2',(#4216));
#4213=APPLICATION_PROTOCOL_DEFINITION('international standard',
'automotive_design',2009,#4214);
#4214=APPLICATION_CONTEXT(
'Core Data for Automotive Mechanical Design Process');
#4215=PRODUCT_CONTEXT('part definition',#4214,'mechanical');
#4216=PRODUCT('2026-06-30-03-31-34-417','am4MountingBracketV2',$,(#4215));
#4217=PRESENTATION_STYLE_ASSIGNMENT((#4218));
#4218=SURFACE_STYLE_USAGE(.BOTH.,#4219);
#4219=SURFACE_SIDE_STYLE('',(#4220));
#4220=SURFACE_STYLE_FILL_AREA(#4221);
#4221=FILL_AREA_STYLE('Steel - Satin',(#4222));
#4222=FILL_AREA_STYLE_COLOUR('Steel - Satin',#4223);
#4223=COLOUR_RGB('Steel - Satin',0.627450980392157,0.627450980392157,0.627450980392157);
ENDSEC;
END-ISO-10303-21;
