ISO-10303-21;
HEADER;
/* Generated by software containing ST-Developer
 * from STEP Tools, Inc. (www.steptools.com) 
 */

FILE_DESCRIPTION(
/* description */ (''),
/* implementation_level */ '2;1');

FILE_NAME(
/* name */ 'lid_assembly.step',
/* time_stamp */ '2026-08-11T02:39:46+02:00',
/* author */ (''),
/* organization */ (''),
/* preprocessor_version */ 'ST-DEVELOPER v20.1',
/* originating_system */ 'Autodesk Translation Framework v15.8.0.0',
/* authorisation */ '');

FILE_SCHEMA (('AUTOMOTIVE_DESIGN { 1 0 10303 214 3 1 1 }'));
ENDSEC;

DATA;
#10=MECHANICAL_DESIGN_GEOMETRIC_PRESENTATION_REPRESENTATION('',(#37,#38,
#39,#40),#14949);
#11=SHAPE_REPRESENTATION_RELATIONSHIP('SRR','None',#14956,#12);
#12=ADVANCED_BREP_SHAPE_REPRESENTATION('',(#41,#42,#43,#44),#14948);
#13=(
BOUNDED_CURVE()
B_SPLINE_CURVE(5,(#12973,#12974,#12975,#12976,#12977,#12978,#12979,#12980,
#12981,#12982,#12983,#12984,#12985,#12986,#12987),.UNSPECIFIED.,.F.,.F.)
B_SPLINE_CURVE_WITH_KNOTS((6,1,1,1,1,1,1,1,1,1,6),(0.0891239656872637,0.1,
0.2,0.3,0.4,0.5,0.6,0.7,0.8,0.9,0.910876034308891),.UNSPECIFIED.)
CURVE()
GEOMETRIC_REPRESENTATION_ITEM()
RATIONAL_B_SPLINE_CURVE((1.,1.,1.,1.,1.,1.,1.,1.,1.,1.,1.,1.,1.,1.,1.))
REPRESENTATION_ITEM('')
);
#14=(
BOUNDED_CURVE()
B_SPLINE_CURVE(5,(#13132,#13133,#13134,#13135,#13136,#13137,#13138,#13139,
#13140,#13141,#13142,#13143,#13144,#13145,#13146),.UNSPECIFIED.,.F.,.F.)
B_SPLINE_CURVE_WITH_KNOTS((6,1,1,1,1,1,1,1,1,1,6),(0.0891239656818503,0.1,
0.2,0.3,0.4,0.5,0.6,0.7,0.8,0.9,0.910876034315832),.UNSPECIFIED.)
CURVE()
GEOMETRIC_REPRESENTATION_ITEM()
RATIONAL_B_SPLINE_CURVE((1.,1.,1.,1.,1.,1.,1.,1.,1.,1.,1.,1.,1.,1.,1.))
REPRESENTATION_ITEM('')
);
#15=(
BOUNDED_CURVE()
B_SPLINE_CURVE(5,(#13305,#13306,#13307,#13308,#13309,#13310),
 .UNSPECIFIED.,.F.,.F.)
B_SPLINE_CURVE_WITH_KNOTS((6,6),(-0.010134910010268,-0.00859067553194434),
 .UNSPECIFIED.)
CURVE()
GEOMETRIC_REPRESENTATION_ITEM()
RATIONAL_B_SPLINE_CURVE((1.,1.,1.,1.,1.,1.))
REPRESENTATION_ITEM('')
);
#16=(
BOUNDED_CURVE()
B_SPLINE_CURVE(5,(#13661,#13662,#13663,#13664,#13665,#13666,#13667,#13668,
#13669,#13670,#13671,#13672,#13673,#13674,#13675),.UNSPECIFIED.,.F.,.F.)
B_SPLINE_CURVE_WITH_KNOTS((6,1,1,1,1,1,1,1,1,1,6),(0.0637179239884846,0.1,
0.2,0.3,0.4,0.5,0.6,0.7,0.8,0.9,0.936282076006506),.UNSPECIFIED.)
CURVE()
GEOMETRIC_REPRESENTATION_ITEM()
RATIONAL_B_SPLINE_CURVE((1.,1.,1.,1.,1.,1.,1.,1.,1.,1.,1.,1.,1.,1.,1.))
REPRESENTATION_ITEM('')
);
#17=(
BOUNDED_CURVE()
B_SPLINE_CURVE(5,(#13725,#13726,#13727,#13728,#13729,#13730,#13731,#13732,
#13733,#13734,#13735,#13736,#13737,#13738,#13739),.UNSPECIFIED.,.F.,.F.)
B_SPLINE_CURVE_WITH_KNOTS((6,1,1,1,1,1,1,1,1,1,6),(0.00975976031771969,
0.1,0.2,0.3,0.4,0.5,0.6,0.7,0.8,0.9,0.990240239682342),.UNSPECIFIED.)
CURVE()
GEOMETRIC_REPRESENTATION_ITEM()
RATIONAL_B_SPLINE_CURVE((1.,1.,1.,1.,1.,1.,1.,1.,1.,1.,1.,1.,1.,1.,1.))
REPRESENTATION_ITEM('')
);
#18=(
BOUNDED_CURVE()
B_SPLINE_CURVE(5,(#13850,#13851,#13852,#13853,#13854,#13855,#13856,#13857,
#13858,#13859,#13860,#13861,#13862,#13863,#13864),.UNSPECIFIED.,.F.,.F.)
B_SPLINE_CURVE_WITH_KNOTS((6,1,1,1,1,1,1,1,1,1,6),(0.0637179239821292,0.1,
0.2,0.3,0.4,0.5,0.6,0.7,0.8,0.9,0.936282076008205),.UNSPECIFIED.)
CURVE()
GEOMETRIC_REPRESENTATION_ITEM()
RATIONAL_B_SPLINE_CURVE((1.,1.,1.,1.,1.,1.,1.,1.,1.,1.,1.,1.,1.,1.,1.))
REPRESENTATION_ITEM('')
);
#19=(
BOUNDED_CURVE()
B_SPLINE_CURVE(5,(#13910,#13911,#13912,#13913,#13914,#13915,#13916,#13917,
#13918,#13919,#13920,#13921,#13922,#13923,#13924),.UNSPECIFIED.,.F.,.F.)
B_SPLINE_CURVE_WITH_KNOTS((6,1,1,1,1,1,1,1,1,1,6),(-0.989865089989839,-0.9,
-0.8,-0.7,-0.6,-0.5,-0.4,-0.3,-0.2,-0.1,-0.010134910010268),
 .UNSPECIFIED.)
CURVE()
GEOMETRIC_REPRESENTATION_ITEM()
RATIONAL_B_SPLINE_CURVE((1.,1.,1.,1.,1.,1.,1.,1.,1.,1.,1.,1.,1.,1.,1.))
REPRESENTATION_ITEM('')
);
#20=(
BOUNDED_CURVE()
B_SPLINE_CURVE(5,(#13938,#13939,#13940,#13941,#13942,#13943),
 .UNSPECIFIED.,.F.,.F.)
B_SPLINE_CURVE_WITH_KNOTS((6,6),(-0.991409324467923,-0.989865089989839),
 .UNSPECIFIED.)
CURVE()
GEOMETRIC_REPRESENTATION_ITEM()
RATIONAL_B_SPLINE_CURVE((1.,1.,1.,1.,1.,1.))
REPRESENTATION_ITEM('')
);
#21=(
BOUNDED_SURFACE()
B_SPLINE_SURFACE(5,1,((#12938,#12939),(#12940,#12941),(#12942,#12943),(#12944,
#12945),(#12946,#12947),(#12948,#12949),(#12950,#12951),(#12952,#12953),
(#12954,#12955),(#12956,#12957),(#12958,#12959),(#12960,#12961),(#12962,
#12963),(#12964,#12965),(#12966,#12967)),.UNSPECIFIED.,.F.,.F.,.F.)
B_SPLINE_SURFACE_WITH_KNOTS((6,1,1,1,1,1,1,1,1,1,6),(2,2),(-0.927971135937591,
-0.9,-0.8,-0.7,-0.6,-0.5,-0.4,-0.3,-0.2,-0.1,-0.0720288640578017),(0.,4.7),
 .UNSPECIFIED.)
GEOMETRIC_REPRESENTATION_ITEM()
RATIONAL_B_SPLINE_SURFACE(((1.,1.),(1.,1.),(1.,1.),(1.,1.),(1.,1.),(1.,
1.),(1.,1.),(1.,1.),(1.,1.),(1.,1.),(1.,1.),(1.,1.),(1.,1.),(1.,1.),(1.,
1.)))
REPRESENTATION_ITEM('')
SURFACE()
);
#22=(
BOUNDED_SURFACE()
B_SPLINE_SURFACE(5,1,((#13097,#13098),(#13099,#13100),(#13101,#13102),(#13103,
#13104),(#13105,#13106),(#13107,#13108),(#13109,#13110),(#13111,#13112),
(#13113,#13114),(#13115,#13116),(#13117,#13118),(#13119,#13120),(#13121,
#13122),(#13123,#13124),(#13125,#13126)),.UNSPECIFIED.,.F.,.F.,.F.)
B_SPLINE_SURFACE_WITH_KNOTS((6,1,1,1,1,1,1,1,1,1,6),(2,2),(-0.927971135942197,
-0.9,-0.8,-0.7,-0.6,-0.5,-0.4,-0.3,-0.2,-0.1,-0.0720288640558073),(0.,4.7),
 .UNSPECIFIED.)
GEOMETRIC_REPRESENTATION_ITEM()
RATIONAL_B_SPLINE_SURFACE(((1.,1.),(1.,1.),(1.,1.),(1.,1.),(1.,1.),(1.,
1.),(1.,1.),(1.,1.),(1.,1.),(1.,1.),(1.,1.),(1.,1.),(1.,1.),(1.,1.),(1.,
1.)))
REPRESENTATION_ITEM('')
SURFACE()
);
#23=(
BOUNDED_SURFACE()
B_SPLINE_SURFACE(5,1,((#13292,#13293),(#13294,#13295),(#13296,#13297),(#13298,
#13299),(#13300,#13301),(#13302,#13303)),.UNSPECIFIED.,.F.,.F.,.F.)
B_SPLINE_SURFACE_WITH_KNOTS((6,6),(2,2),(0.,0.0101349100102677),(0.,4.7),
 .UNSPECIFIED.)
GEOMETRIC_REPRESENTATION_ITEM()
RATIONAL_B_SPLINE_SURFACE(((1.,1.),(1.,1.),(1.,1.),(1.,1.),(1.,1.),(1.,
1.)))
REPRESENTATION_ITEM('')
SURFACE()
);
#24=(
BOUNDED_SURFACE()
B_SPLINE_SURFACE(5,1,((#13628,#13629),(#13630,#13631),(#13632,#13633),(#13634,
#13635),(#13636,#13637),(#13638,#13639),(#13640,#13641),(#13642,#13643),
(#13644,#13645),(#13646,#13647),(#13648,#13649),(#13650,#13651),(#13652,
#13653),(#13654,#13655),(#13656,#13657)),.UNSPECIFIED.,.F.,.F.,.F.)
B_SPLINE_SURFACE_WITH_KNOTS((6,1,1,1,1,1,1,1,1,1,6),(2,2),(0.0637179239890337,
0.1,0.2,0.3,0.4,0.5,0.6,0.7,0.8,0.9,0.936282076006504),(0.,4.7),
 .UNSPECIFIED.)
GEOMETRIC_REPRESENTATION_ITEM()
RATIONAL_B_SPLINE_SURFACE(((1.,1.),(1.,1.),(1.,1.),(1.,1.),(1.,1.),(1.,
1.),(1.,1.),(1.,1.),(1.,1.),(1.,1.),(1.,1.),(1.,1.),(1.,1.),(1.,1.),(1.,
1.)))
REPRESENTATION_ITEM('')
SURFACE()
);
#25=(
BOUNDED_SURFACE()
B_SPLINE_SURFACE(5,1,((#13693,#13694),(#13695,#13696),(#13697,#13698),(#13699,
#13700),(#13701,#13702),(#13703,#13704),(#13705,#13706),(#13707,#13708),
(#13709,#13710),(#13711,#13712),(#13713,#13714),(#13715,#13716),(#13717,
#13718),(#13719,#13720),(#13721,#13722)),.UNSPECIFIED.,.F.,.F.,.F.)
B_SPLINE_SURFACE_WITH_KNOTS((6,1,1,1,1,1,1,1,1,1,6),(2,2),(-0.990240239682342,
-0.9,-0.8,-0.7,-0.6,-0.5,-0.4,-0.3,-0.2,-0.1,-0.00975976031771997),(0.,
4.7),.UNSPECIFIED.)
GEOMETRIC_REPRESENTATION_ITEM()
RATIONAL_B_SPLINE_SURFACE(((1.,1.),(1.,1.),(1.,1.),(1.,1.),(1.,1.),(1.,
1.),(1.,1.),(1.,1.),(1.,1.),(1.,1.),(1.,1.),(1.,1.),(1.,1.),(1.,1.),(1.,
1.)))
REPRESENTATION_ITEM('')
SURFACE()
);
#26=(
BOUNDED_SURFACE()
B_SPLINE_SURFACE(5,1,((#13818,#13819),(#13820,#13821),(#13822,#13823),(#13824,
#13825),(#13826,#13827),(#13828,#13829),(#13830,#13831),(#13832,#13833),
(#13834,#13835),(#13836,#13837),(#13838,#13839),(#13840,#13841),(#13842,
#13843),(#13844,#13845),(#13846,#13847)),.UNSPECIFIED.,.F.,.F.,.F.)
B_SPLINE_SURFACE_WITH_KNOTS((6,1,1,1,1,1,1,1,1,1,6),(2,2),(0.0637179239826812,
0.1,0.2,0.3,0.4,0.5,0.6,0.7,0.8,0.9,0.936282076008203),(0.,4.7),
 .UNSPECIFIED.)
GEOMETRIC_REPRESENTATION_ITEM()
RATIONAL_B_SPLINE_SURFACE(((1.,1.),(1.,1.),(1.,1.),(1.,1.),(1.,1.),(1.,
1.),(1.,1.),(1.,1.),(1.,1.),(1.,1.),(1.,1.),(1.,1.),(1.,1.),(1.,1.),(1.,
1.)))
REPRESENTATION_ITEM('')
SURFACE()
);
#27=(
BOUNDED_SURFACE()
B_SPLINE_SURFACE(5,1,((#13879,#13880),(#13881,#13882),(#13883,#13884),(#13885,
#13886),(#13887,#13888),(#13889,#13890),(#13891,#13892),(#13893,#13894),
(#13895,#13896),(#13897,#13898),(#13899,#13900),(#13901,#13902),(#13903,
#13904),(#13905,#13906),(#13907,#13908)),.UNSPECIFIED.,.F.,.F.,.F.)
B_SPLINE_SURFACE_WITH_KNOTS((6,1,1,1,1,1,1,1,1,1,6),(2,2),(0.0101349100102677,
0.1,0.2,0.3,0.4,0.5,0.6,0.7,0.8,0.9,0.989865089989839),(0.,4.7),
 .UNSPECIFIED.)
GEOMETRIC_REPRESENTATION_ITEM()
RATIONAL_B_SPLINE_SURFACE(((1.,1.),(1.,1.),(1.,1.),(1.,1.),(1.,1.),(1.,
1.),(1.,1.),(1.,1.),(1.,1.),(1.,1.),(1.,1.),(1.,1.),(1.,1.),(1.,1.),(1.,
1.)))
REPRESENTATION_ITEM('')
SURFACE()
);
#28=(
BOUNDED_SURFACE()
B_SPLINE_SURFACE(5,1,((#13926,#13927),(#13928,#13929),(#13930,#13931),(#13932,
#13933),(#13934,#13935),(#13936,#13937)),.UNSPECIFIED.,.F.,.F.,.F.)
B_SPLINE_SURFACE_WITH_KNOTS((6,6),(2,2),(0.989865089989839,1.),(0.,4.7),
 .UNSPECIFIED.)
GEOMETRIC_REPRESENTATION_ITEM()
RATIONAL_B_SPLINE_SURFACE(((1.,1.),(1.,1.),(1.,1.),(1.,1.),(1.,1.),(1.,
1.)))
REPRESENTATION_ITEM('')
SURFACE()
);
#29=SPHERICAL_SURFACE('',#6848,2.);
#30=SPHERICAL_SURFACE('',#6852,2.);
#31=SPHERICAL_SURFACE('',#6857,2.);
#32=SPHERICAL_SURFACE('',#6861,2.);
#33=SPHERICAL_SURFACE('',#6872,2.);
#34=SPHERICAL_SURFACE('',#6874,2.);
#35=TOROIDAL_SURFACE('',#6842,3.,2.);
#36=TOROIDAL_SURFACE('',#6866,3.,2.);
#37=STYLED_ITEM('',(#14965),#41);
#38=STYLED_ITEM('',(#14965),#42);
#39=STYLED_ITEM('',(#14965),#43);
#40=STYLED_ITEM('',(#14965),#44);
#41=MANIFOLD_SOLID_BREP('Body1',#6362);
#42=MANIFOLD_SOLID_BREP('Body4',#6363);
#43=MANIFOLD_SOLID_BREP('Body5',#6364);
#44=MANIFOLD_SOLID_BREP('Body11',#6365);
#45=FACE_BOUND('',#817,.T.);
#46=FACE_BOUND('',#818,.T.);
#47=FACE_BOUND('',#825,.T.);
#48=FACE_BOUND('',#826,.T.);
#49=FACE_BOUND('',#833,.T.);
#50=FACE_BOUND('',#834,.T.);
#51=FACE_BOUND('',#839,.T.);
#52=FACE_BOUND('',#840,.T.);
#53=FACE_BOUND('',#862,.T.);
#54=FACE_BOUND('',#863,.T.);
#55=FACE_BOUND('',#864,.T.);
#56=FACE_BOUND('',#865,.T.);
#57=FACE_BOUND('',#866,.T.);
#58=FACE_BOUND('',#867,.T.);
#59=FACE_BOUND('',#868,.T.);
#60=FACE_BOUND('',#871,.T.);
#61=FACE_BOUND('',#872,.T.);
#62=FACE_BOUND('',#873,.T.);
#63=FACE_BOUND('',#874,.T.);
#64=FACE_BOUND('',#875,.T.);
#65=FACE_BOUND('',#876,.T.);
#66=FACE_BOUND('',#877,.T.);
#67=FACE_BOUND('',#878,.T.);
#68=FACE_BOUND('',#879,.T.);
#69=FACE_BOUND('',#880,.T.);
#70=FACE_BOUND('',#881,.T.);
#71=FACE_BOUND('',#882,.T.);
#72=FACE_BOUND('',#883,.T.);
#73=FACE_BOUND('',#884,.T.);
#74=FACE_BOUND('',#885,.T.);
#75=FACE_BOUND('',#886,.T.);
#76=FACE_BOUND('',#887,.T.);
#77=FACE_BOUND('',#888,.T.);
#78=FACE_BOUND('',#889,.T.);
#79=FACE_BOUND('',#890,.T.);
#80=FACE_BOUND('',#891,.T.);
#81=FACE_BOUND('',#897,.T.);
#82=FACE_BOUND('',#907,.T.);
#83=FACE_BOUND('',#1036,.T.);
#84=FACE_BOUND('',#1037,.T.);
#85=FACE_BOUND('',#1038,.T.);
#86=FACE_BOUND('',#1039,.T.);
#87=FACE_BOUND('',#1040,.T.);
#88=FACE_BOUND('',#1041,.T.);
#89=FACE_BOUND('',#1042,.T.);
#90=FACE_BOUND('',#1043,.T.);
#91=FACE_BOUND('',#1044,.T.);
#92=FACE_BOUND('',#1045,.T.);
#93=FACE_BOUND('',#1046,.T.);
#94=FACE_BOUND('',#1047,.T.);
#95=FACE_BOUND('',#1048,.T.);
#96=FACE_BOUND('',#1049,.T.);
#97=FACE_BOUND('',#1050,.T.);
#98=FACE_BOUND('',#1051,.T.);
#99=FACE_BOUND('',#1052,.T.);
#100=FACE_BOUND('',#1053,.T.);
#101=FACE_BOUND('',#1054,.T.);
#102=FACE_BOUND('',#1055,.T.);
#103=FACE_BOUND('',#1056,.T.);
#104=FACE_BOUND('',#1057,.T.);
#105=FACE_BOUND('',#1058,.T.);
#106=FACE_BOUND('',#1059,.T.);
#107=FACE_BOUND('',#1060,.T.);
#108=FACE_BOUND('',#1061,.T.);
#109=FACE_BOUND('',#1062,.T.);
#110=FACE_BOUND('',#1063,.T.);
#111=FACE_BOUND('',#1064,.T.);
#112=FACE_BOUND('',#1065,.T.);
#113=FACE_BOUND('',#1066,.T.);
#114=FACE_BOUND('',#1067,.T.);
#115=FACE_BOUND('',#1068,.T.);
#116=FACE_BOUND('',#1069,.T.);
#117=FACE_BOUND('',#1070,.T.);
#118=FACE_BOUND('',#1071,.T.);
#119=FACE_BOUND('',#1072,.T.);
#120=FACE_BOUND('',#1073,.T.);
#121=FACE_BOUND('',#1074,.T.);
#122=FACE_BOUND('',#1075,.T.);
#123=FACE_BOUND('',#1076,.T.);
#124=FACE_BOUND('',#1077,.T.);
#125=FACE_BOUND('',#1078,.T.);
#126=FACE_BOUND('',#1079,.T.);
#127=FACE_BOUND('',#1080,.T.);
#128=FACE_BOUND('',#1081,.T.);
#129=FACE_BOUND('',#1082,.T.);
#130=FACE_BOUND('',#1083,.T.);
#131=FACE_BOUND('',#1084,.T.);
#132=FACE_BOUND('',#1085,.T.);
#133=FACE_BOUND('',#1086,.T.);
#134=FACE_BOUND('',#1087,.T.);
#135=FACE_BOUND('',#1088,.T.);
#136=FACE_BOUND('',#1089,.T.);
#137=FACE_BOUND('',#1090,.T.);
#138=FACE_BOUND('',#1091,.T.);
#139=FACE_BOUND('',#1092,.T.);
#140=FACE_BOUND('',#1093,.T.);
#141=FACE_BOUND('',#1094,.T.);
#142=FACE_BOUND('',#1095,.T.);
#143=FACE_BOUND('',#1096,.T.);
#144=FACE_BOUND('',#1097,.T.);
#145=FACE_BOUND('',#1098,.T.);
#146=FACE_BOUND('',#1099,.T.);
#147=FACE_BOUND('',#1100,.T.);
#148=FACE_BOUND('',#1101,.T.);
#149=FACE_BOUND('',#1102,.T.);
#150=FACE_BOUND('',#1103,.T.);
#151=FACE_BOUND('',#1104,.T.);
#152=FACE_BOUND('',#1105,.T.);
#153=FACE_BOUND('',#1106,.T.);
#154=FACE_BOUND('',#1107,.T.);
#155=FACE_BOUND('',#1108,.T.);
#156=FACE_BOUND('',#1109,.T.);
#157=FACE_BOUND('',#1110,.T.);
#158=FACE_BOUND('',#1111,.T.);
#159=FACE_BOUND('',#1112,.T.);
#160=FACE_BOUND('',#1113,.T.);
#161=FACE_BOUND('',#1114,.T.);
#162=FACE_BOUND('',#1115,.T.);
#163=FACE_BOUND('',#1116,.T.);
#164=FACE_BOUND('',#1117,.T.);
#165=FACE_BOUND('',#1118,.T.);
#166=FACE_BOUND('',#1119,.T.);
#167=FACE_BOUND('',#1120,.T.);
#168=FACE_BOUND('',#1121,.T.);
#169=FACE_BOUND('',#1122,.T.);
#170=FACE_BOUND('',#1123,.T.);
#171=FACE_BOUND('',#1124,.T.);
#172=FACE_BOUND('',#1125,.T.);
#173=FACE_BOUND('',#1126,.T.);
#174=FACE_BOUND('',#1127,.T.);
#175=FACE_BOUND('',#1128,.T.);
#176=FACE_BOUND('',#1129,.T.);
#177=FACE_BOUND('',#1130,.T.);
#178=FACE_BOUND('',#1131,.T.);
#179=FACE_BOUND('',#1132,.T.);
#180=FACE_BOUND('',#1133,.T.);
#181=FACE_BOUND('',#1134,.T.);
#182=FACE_BOUND('',#1135,.T.);
#183=FACE_BOUND('',#1138,.T.);
#184=FACE_BOUND('',#1141,.T.);
#185=FACE_BOUND('',#1149,.T.);
#186=FACE_BOUND('',#1150,.T.);
#187=FACE_BOUND('',#1151,.T.);
#188=FACE_BOUND('',#1152,.T.);
#189=FACE_BOUND('',#1153,.T.);
#190=FACE_BOUND('',#1154,.T.);
#191=FACE_BOUND('',#1155,.T.);
#192=FACE_BOUND('',#1156,.T.);
#193=FACE_BOUND('',#1157,.T.);
#194=FACE_BOUND('',#1158,.T.);
#195=FACE_BOUND('',#1159,.T.);
#196=FACE_BOUND('',#1160,.T.);
#197=FACE_BOUND('',#1161,.T.);
#198=FACE_BOUND('',#1162,.T.);
#199=FACE_BOUND('',#1163,.T.);
#200=FACE_BOUND('',#1164,.T.);
#201=FACE_BOUND('',#1165,.T.);
#202=FACE_BOUND('',#1166,.T.);
#203=FACE_BOUND('',#1167,.T.);
#204=FACE_BOUND('',#1168,.T.);
#205=FACE_BOUND('',#1169,.T.);
#206=FACE_BOUND('',#1170,.T.);
#207=FACE_BOUND('',#1171,.T.);
#208=FACE_BOUND('',#1172,.T.);
#209=FACE_BOUND('',#1173,.T.);
#210=FACE_BOUND('',#1174,.T.);
#211=FACE_BOUND('',#1175,.T.);
#212=FACE_BOUND('',#1176,.T.);
#213=FACE_BOUND('',#1177,.T.);
#214=FACE_BOUND('',#1178,.T.);
#215=FACE_BOUND('',#1179,.T.);
#216=FACE_BOUND('',#1180,.T.);
#217=FACE_BOUND('',#1181,.T.);
#218=FACE_BOUND('',#1182,.T.);
#219=FACE_BOUND('',#1183,.T.);
#220=FACE_BOUND('',#1184,.T.);
#221=FACE_BOUND('',#1185,.T.);
#222=FACE_BOUND('',#1186,.T.);
#223=FACE_BOUND('',#1187,.T.);
#224=FACE_BOUND('',#1188,.T.);
#225=FACE_BOUND('',#1189,.T.);
#226=FACE_BOUND('',#1190,.T.);
#227=FACE_BOUND('',#1191,.T.);
#228=FACE_BOUND('',#1192,.T.);
#229=FACE_BOUND('',#1193,.T.);
#230=FACE_BOUND('',#1194,.T.);
#231=FACE_BOUND('',#1195,.T.);
#232=FACE_BOUND('',#1196,.T.);
#233=FACE_BOUND('',#1197,.T.);
#234=FACE_BOUND('',#1198,.T.);
#235=FACE_BOUND('',#1199,.T.);
#236=FACE_BOUND('',#1200,.T.);
#237=FACE_BOUND('',#1201,.T.);
#238=FACE_BOUND('',#1202,.T.);
#239=FACE_BOUND('',#1203,.T.);
#240=FACE_BOUND('',#1204,.T.);
#241=FACE_BOUND('',#1205,.T.);
#242=FACE_BOUND('',#1206,.T.);
#243=FACE_BOUND('',#1207,.T.);
#244=FACE_BOUND('',#1208,.T.);
#245=FACE_BOUND('',#1209,.T.);
#246=FACE_BOUND('',#1210,.T.);
#247=FACE_BOUND('',#1211,.T.);
#248=FACE_BOUND('',#1212,.T.);
#249=FACE_BOUND('',#1213,.T.);
#250=FACE_BOUND('',#1214,.T.);
#251=FACE_BOUND('',#1215,.T.);
#252=FACE_BOUND('',#1216,.T.);
#253=FACE_BOUND('',#1217,.T.);
#254=FACE_BOUND('',#1218,.T.);
#255=FACE_BOUND('',#1219,.T.);
#256=FACE_BOUND('',#1220,.T.);
#257=FACE_BOUND('',#1221,.T.);
#258=FACE_BOUND('',#1222,.T.);
#259=FACE_BOUND('',#1223,.T.);
#260=FACE_BOUND('',#1224,.T.);
#261=FACE_BOUND('',#1225,.T.);
#262=FACE_BOUND('',#1226,.T.);
#263=FACE_BOUND('',#1227,.T.);
#264=FACE_BOUND('',#1228,.T.);
#265=FACE_BOUND('',#1229,.T.);
#266=FACE_BOUND('',#1230,.T.);
#267=FACE_BOUND('',#1231,.T.);
#268=FACE_BOUND('',#1232,.T.);
#269=FACE_BOUND('',#1233,.T.);
#270=FACE_BOUND('',#1234,.T.);
#271=FACE_BOUND('',#1235,.T.);
#272=FACE_BOUND('',#1236,.T.);
#273=FACE_BOUND('',#1237,.T.);
#274=FACE_BOUND('',#1238,.T.);
#275=FACE_BOUND('',#1239,.T.);
#276=FACE_BOUND('',#1240,.T.);
#277=FACE_BOUND('',#1241,.T.);
#278=FACE_BOUND('',#1242,.T.);
#279=FACE_BOUND('',#1243,.T.);
#280=FACE_BOUND('',#1244,.T.);
#281=FACE_BOUND('',#1245,.T.);
#282=FACE_BOUND('',#1246,.T.);
#283=FACE_BOUND('',#1247,.T.);
#284=FACE_BOUND('',#1248,.T.);
#285=FACE_BOUND('',#1275,.T.);
#286=FACE_BOUND('',#1284,.T.);
#287=FACE_BOUND('',#1286,.T.);
#288=FACE_BOUND('',#1290,.T.);
#289=FACE_BOUND('',#1311,.T.);
#290=FACE_BOUND('',#1313,.T.);
#291=PLANE('',#6419);
#292=PLANE('',#6421);
#293=PLANE('',#6423);
#294=PLANE('',#6424);
#295=PLANE('',#6425);
#296=PLANE('',#6426);
#297=PLANE('',#6427);
#298=PLANE('',#6428);
#299=PLANE('',#6429);
#300=PLANE('',#6430);
#301=PLANE('',#6431);
#302=PLANE('',#6432);
#303=PLANE('',#6433);
#304=PLANE('',#6434);
#305=PLANE('',#6435);
#306=PLANE('',#6436);
#307=PLANE('',#6437);
#308=PLANE('',#6438);
#309=PLANE('',#6439);
#310=PLANE('',#6440);
#311=PLANE('',#6441);
#312=PLANE('',#6442);
#313=PLANE('',#6443);
#314=PLANE('',#6444);
#315=PLANE('',#6445);
#316=PLANE('',#6446);
#317=PLANE('',#6447);
#318=PLANE('',#6448);
#319=PLANE('',#6449);
#320=PLANE('',#6450);
#321=PLANE('',#6457);
#322=PLANE('',#6458);
#323=PLANE('',#6459);
#324=PLANE('',#6460);
#325=PLANE('',#6467);
#326=PLANE('',#6468);
#327=PLANE('',#6469);
#328=PLANE('',#6470);
#329=PLANE('',#6477);
#330=PLANE('',#6478);
#331=PLANE('',#6485);
#332=PLANE('',#6486);
#333=PLANE('',#6487);
#334=PLANE('',#6488);
#335=PLANE('',#6495);
#336=PLANE('',#6496);
#337=PLANE('',#6497);
#338=PLANE('',#6498);
#339=PLANE('',#6499);
#340=PLANE('',#6500);
#341=PLANE('',#6501);
#342=PLANE('',#6502);
#343=PLANE('',#6503);
#344=PLANE('',#6504);
#345=PLANE('',#6517);
#346=PLANE('',#6518);
#347=PLANE('',#6519);
#348=PLANE('',#6520);
#349=PLANE('',#6521);
#350=PLANE('',#6522);
#351=PLANE('',#6523);
#352=PLANE('',#6524);
#353=PLANE('',#6525);
#354=PLANE('',#6526);
#355=PLANE('',#6527);
#356=PLANE('',#6528);
#357=PLANE('',#6529);
#358=PLANE('',#6530);
#359=PLANE('',#6531);
#360=PLANE('',#6532);
#361=PLANE('',#6533);
#362=PLANE('',#6534);
#363=PLANE('',#6876);
#364=PLANE('',#6877);
#365=PLANE('',#6878);
#366=PLANE('',#6879);
#367=PLANE('',#6883);
#368=PLANE('',#6888);
#369=PLANE('',#6892);
#370=PLANE('',#6895);
#371=PLANE('',#6896);
#372=PLANE('',#6897);
#373=PLANE('',#6898);
#374=PLANE('',#6899);
#375=PLANE('',#6900);
#376=PLANE('',#6901);
#377=PLANE('',#6902);
#378=PLANE('',#6903);
#379=PLANE('',#6904);
#380=PLANE('',#6905);
#381=PLANE('',#6906);
#382=PLANE('',#6907);
#383=PLANE('',#6908);
#384=PLANE('',#6909);
#385=PLANE('',#6910);
#386=PLANE('',#6911);
#387=PLANE('',#6912);
#388=PLANE('',#6913);
#389=PLANE('',#6914);
#390=PLANE('',#6915);
#391=PLANE('',#6916);
#392=PLANE('',#6919);
#393=PLANE('',#6920);
#394=PLANE('',#6921);
#395=PLANE('',#6922);
#396=PLANE('',#6923);
#397=PLANE('',#6927);
#398=PLANE('',#6928);
#399=PLANE('',#6929);
#400=PLANE('',#6932);
#401=PLANE('',#6943);
#402=PLANE('',#6944);
#403=PLANE('',#6945);
#404=PLANE('',#6946);
#405=PLANE('',#6947);
#406=PLANE('',#6952);
#407=PLANE('',#6956);
#408=PLANE('',#6957);
#409=B_SPLINE_SURFACE_WITH_KNOTS('',3,3,((#9361,#9362,#9363,#9364,#9365,
#9366,#9367,#9368,#9369,#9370,#9371,#9372,#9373,#9374,#9375,#9376,#9377,
#9378,#9379,#9380,#9381,#9382,#9383,#9384,#9385,#9386,#9387,#9388,#9389,
#9390,#9391),(#9392,#9393,#9394,#9395,#9396,#9397,#9398,#9399,#9400,#9401,
#9402,#9403,#9404,#9405,#9406,#9407,#9408,#9409,#9410,#9411,#9412,#9413,
#9414,#9415,#9416,#9417,#9418,#9419,#9420,#9421,#9422),(#9423,#9424,#9425,
#9426,#9427,#9428,#9429,#9430,#9431,#9432,#9433,#9434,#9435,#9436,#9437,
#9438,#9439,#9440,#9441,#9442,#9443,#9444,#9445,#9446,#9447,#9448,#9449,
#9450,#9451,#9452,#9453),(#9454,#9455,#9456,#9457,#9458,#9459,#9460,#9461,
#9462,#9463,#9464,#9465,#9466,#9467,#9468,#9469,#9470,#9471,#9472,#9473,
#9474,#9475,#9476,#9477,#9478,#9479,#9480,#9481,#9482,#9483,#9484)),
 .UNSPECIFIED.,.F.,.F.,.F.,(4,4),(4,1,1,1,1,1,1,1,1,1,1,1,1,1,1,1,1,1,1,
1,1,1,1,1,1,1,1,1,4),(0.,0.064201349933888),(11.8589888623078,12.8286205095131,
13.7982521567183,14.7678838039235,15.7375154511288,16.707147098334,17.6767787455393,
18.6464103927445,19.6160420399498,20.585673687155,21.5553053343602,22.5249369815655,
23.4945686287707,24.464200275976,25.4338319231812,26.4034635703865,27.3730952175917,
28.3427268647969,29.3123585120022,30.2819901592074,31.2516218064127,32.2212534536179,
33.1908851008232,34.1605167480284,35.1301483952336,36.0997800424389,37.0694116896441,
38.0390433368494,39.0086749840546),.UNSPECIFIED.);
#410=B_SPLINE_SURFACE_WITH_KNOTS('',3,3,((#9692,#9693,#9694,#9695,#9696,
#9697,#9698,#9699,#9700,#9701,#9702,#9703,#9704,#9705,#9706,#9707,#9708,
#9709,#9710,#9711,#9712,#9713,#9714,#9715,#9716,#9717,#9718,#9719,#9720,
#9721,#9722),(#9723,#9724,#9725,#9726,#9727,#9728,#9729,#9730,#9731,#9732,
#9733,#9734,#9735,#9736,#9737,#9738,#9739,#9740,#9741,#9742,#9743,#9744,
#9745,#9746,#9747,#9748,#9749,#9750,#9751,#9752,#9753),(#9754,#9755,#9756,
#9757,#9758,#9759,#9760,#9761,#9762,#9763,#9764,#9765,#9766,#9767,#9768,
#9769,#9770,#9771,#9772,#9773,#9774,#9775,#9776,#9777,#9778,#9779,#9780,
#9781,#9782,#9783,#9784),(#9785,#9786,#9787,#9788,#9789,#9790,#9791,#9792,
#9793,#9794,#9795,#9796,#9797,#9798,#9799,#9800,#9801,#9802,#9803,#9804,
#9805,#9806,#9807,#9808,#9809,#9810,#9811,#9812,#9813,#9814,#9815)),
 .UNSPECIFIED.,.F.,.F.,.F.,(4,4),(4,1,1,1,1,1,1,1,1,1,1,1,1,1,1,1,1,1,1,
1,1,1,1,1,1,1,1,1,4),(0.,0.064201349933888),(14.3984001269719,15.3680317741771,
16.3376634213824,17.3072950685876,18.2769267157928,19.2465583629981,20.2161900102033,
21.1858216574086,22.1554533046138,23.1250849518191,24.0947165990243,25.0643482462295,
26.0339798934348,27.00361154064,27.9732431878453,28.9428748350505,29.9125064822558,
30.882138129461,31.8517697766662,32.8214014238715,33.7910330710767,34.760664718282,
35.7302963654872,36.6999280126925,37.6695596598977,38.6391913071029,39.6088229543082,
40.5784546015134,41.5480862487187),.UNSPECIFIED.);
#411=B_SPLINE_SURFACE_WITH_KNOTS('',3,3,((#10042,#10043,#10044,#10045,#10046,
#10047,#10048,#10049,#10050,#10051,#10052,#10053,#10054,#10055,#10056,#10057,
#10058,#10059,#10060,#10061,#10062,#10063,#10064,#10065,#10066,#10067,#10068,
#10069,#10070,#10071,#10072),(#10073,#10074,#10075,#10076,#10077,#10078,
#10079,#10080,#10081,#10082,#10083,#10084,#10085,#10086,#10087,#10088,#10089,
#10090,#10091,#10092,#10093,#10094,#10095,#10096,#10097,#10098,#10099,#10100,
#10101,#10102,#10103),(#10104,#10105,#10106,#10107,#10108,#10109,#10110,
#10111,#10112,#10113,#10114,#10115,#10116,#10117,#10118,#10119,#10120,#10121,
#10122,#10123,#10124,#10125,#10126,#10127,#10128,#10129,#10130,#10131,#10132,
#10133,#10134),(#10135,#10136,#10137,#10138,#10139,#10140,#10141,#10142,
#10143,#10144,#10145,#10146,#10147,#10148,#10149,#10150,#10151,#10152,#10153,
#10154,#10155,#10156,#10157,#10158,#10159,#10160,#10161,#10162,#10163,#10164,
#10165)),.UNSPECIFIED.,.F.,.F.,.F.,(4,4),(4,1,1,1,1,1,1,1,1,1,1,1,1,1,1,
1,1,1,1,1,1,1,1,1,1,1,1,1,4),(0.,0.064201349933888),(11.8589888623078,12.8286205095131,
13.7982521567183,14.7678838039236,15.7375154511288,16.707147098334,17.6767787455393,
18.6464103927445,19.6160420399498,20.585673687155,21.5553053343603,22.5249369815655,
23.4945686287707,24.464200275976,25.4338319231812,26.4034635703865,27.3730952175917,
28.342726864797,29.3123585120022,30.2819901592074,31.2516218064127,32.2212534536179,
33.1908851008232,34.1605167480284,35.1301483952337,36.0997800424389,37.0694116896441,
38.0390433368494,39.0086749840546),.UNSPECIFIED.);
#412=B_SPLINE_SURFACE_WITH_KNOTS('',3,3,((#10373,#10374,#10375,#10376,#10377,
#10378,#10379,#10380,#10381,#10382,#10383,#10384,#10385,#10386,#10387,#10388,
#10389,#10390,#10391,#10392,#10393,#10394,#10395,#10396,#10397,#10398,#10399,
#10400,#10401,#10402,#10403),(#10404,#10405,#10406,#10407,#10408,#10409,
#10410,#10411,#10412,#10413,#10414,#10415,#10416,#10417,#10418,#10419,#10420,
#10421,#10422,#10423,#10424,#10425,#10426,#10427,#10428,#10429,#10430,#10431,
#10432,#10433,#10434),(#10435,#10436,#10437,#10438,#10439,#10440,#10441,
#10442,#10443,#10444,#10445,#10446,#10447,#10448,#10449,#10450,#10451,#10452,
#10453,#10454,#10455,#10456,#10457,#10458,#10459,#10460,#10461,#10462,#10463,
#10464,#10465),(#10466,#10467,#10468,#10469,#10470,#10471,#10472,#10473,
#10474,#10475,#10476,#10477,#10478,#10479,#10480,#10481,#10482,#10483,#10484,
#10485,#10486,#10487,#10488,#10489,#10490,#10491,#10492,#10493,#10494,#10495,
#10496)),.UNSPECIFIED.,.F.,.F.,.F.,(4,4),(4,1,1,1,1,1,1,1,1,1,1,1,1,1,1,
1,1,1,1,1,1,1,1,1,1,1,1,1,4),(0.,0.064201349933888),(14.3984001269719,15.3680317741771,
16.3376634213823,17.3072950685876,18.2769267157928,19.2465583629981,20.2161900102033,
21.1858216574086,22.1554533046138,23.125084951819,24.0947165990243,25.0643482462295,
26.0339798934348,27.00361154064,27.9732431878453,28.9428748350505,29.9125064822557,
30.882138129461,31.8517697766662,32.8214014238715,33.7910330710767,34.760664718282,
35.7302963654872,36.6999280126924,37.6695596598977,38.6391913071029,39.6088229543082,
40.5784546015134,41.5480862487187),.UNSPECIFIED.);
#413=B_SPLINE_SURFACE_WITH_KNOTS('',3,3,((#10723,#10724,#10725,#10726,#10727,
#10728,#10729,#10730,#10731,#10732,#10733,#10734,#10735,#10736,#10737,#10738,
#10739,#10740,#10741,#10742,#10743,#10744,#10745,#10746,#10747,#10748,#10749,
#10750,#10751,#10752,#10753),(#10754,#10755,#10756,#10757,#10758,#10759,
#10760,#10761,#10762,#10763,#10764,#10765,#10766,#10767,#10768,#10769,#10770,
#10771,#10772,#10773,#10774,#10775,#10776,#10777,#10778,#10779,#10780,#10781,
#10782,#10783,#10784),(#10785,#10786,#10787,#10788,#10789,#10790,#10791,
#10792,#10793,#10794,#10795,#10796,#10797,#10798,#10799,#10800,#10801,#10802,
#10803,#10804,#10805,#10806,#10807,#10808,#10809,#10810,#10811,#10812,#10813,
#10814,#10815),(#10816,#10817,#10818,#10819,#10820,#10821,#10822,#10823,
#10824,#10825,#10826,#10827,#10828,#10829,#10830,#10831,#10832,#10833,#10834,
#10835,#10836,#10837,#10838,#10839,#10840,#10841,#10842,#10843,#10844,#10845,
#10846)),.UNSPECIFIED.,.F.,.F.,.F.,(4,4),(4,1,1,1,1,1,1,1,1,1,1,1,1,1,1,
1,1,1,1,1,1,1,1,1,1,1,1,1,4),(0.,0.0642013499338864),(11.8589888623078,
12.8286205095131,13.7982521567183,14.7678838039236,15.7375154511288,16.7071470983341,
17.6767787455393,18.6464103927445,19.6160420399498,20.585673687155,21.5553053343603,
22.5249369815655,23.4945686287708,24.464200275976,25.4338319231812,26.4034635703865,
27.3730952175917,28.342726864797,29.3123585120022,30.2819901592075,31.2516218064127,
32.2212534536179,33.1908851008232,34.1605167480284,35.1301483952337,36.0997800424389,
37.0694116896442,38.0390433368494,39.0086749840546),.UNSPECIFIED.);
#414=B_SPLINE_SURFACE_WITH_KNOTS('',3,3,((#11054,#11055,#11056,#11057,#11058,
#11059,#11060,#11061,#11062,#11063,#11064,#11065,#11066,#11067,#11068,#11069,
#11070,#11071,#11072,#11073,#11074,#11075,#11076,#11077,#11078,#11079,#11080,
#11081,#11082,#11083,#11084),(#11085,#11086,#11087,#11088,#11089,#11090,
#11091,#11092,#11093,#11094,#11095,#11096,#11097,#11098,#11099,#11100,#11101,
#11102,#11103,#11104,#11105,#11106,#11107,#11108,#11109,#11110,#11111,#11112,
#11113,#11114,#11115),(#11116,#11117,#11118,#11119,#11120,#11121,#11122,
#11123,#11124,#11125,#11126,#11127,#11128,#11129,#11130,#11131,#11132,#11133,
#11134,#11135,#11136,#11137,#11138,#11139,#11140,#11141,#11142,#11143,#11144,
#11145,#11146),(#11147,#11148,#11149,#11150,#11151,#11152,#11153,#11154,
#11155,#11156,#11157,#11158,#11159,#11160,#11161,#11162,#11163,#11164,#11165,
#11166,#11167,#11168,#11169,#11170,#11171,#11172,#11173,#11174,#11175,#11176,
#11177)),.UNSPECIFIED.,.F.,.F.,.F.,(4,4),(4,1,1,1,1,1,1,1,1,1,1,1,1,1,1,
1,1,1,1,1,1,1,1,1,1,1,1,1,4),(0.,0.0642013499338864),(14.3984001269719,
15.3680317741771,16.3376634213824,17.3072950685876,18.2769267157928,19.2465583629981,
20.2161900102033,21.1858216574086,22.1554533046138,23.1250849518191,24.0947165990243,
25.0643482462295,26.0339798934348,27.00361154064,27.9732431878453,28.9428748350505,
29.9125064822558,30.882138129461,31.8517697766662,32.8214014238715,33.7910330710767,
34.760664718282,35.7302963654872,36.6999280126925,37.6695596598977,38.6391913071029,
39.6088229543082,40.5784546015134,41.5480862487187),.UNSPECIFIED.);
#415=B_SPLINE_SURFACE_WITH_KNOTS('',3,3,((#12441,#12442,#12443,#12444),
(#12445,#12446,#12447,#12448),(#12449,#12450,#12451,#12452),(#12453,#12454,
#12455,#12456),(#12457,#12458,#12459,#12460)),.UNSPECIFIED.,.F.,.F.,.F.,
(4,1,4),(4,4),(0.,0.571428571428571,1.),(0.,0.0306777521344366),
 .UNSPECIFIED.);
#416=B_SPLINE_SURFACE_WITH_KNOTS('',3,3,((#12475,#12476,#12477,#12478,#12479,
#12480,#12481,#12482,#12483,#12484,#12485,#12486,#12487,#12488,#12489,#12490,
#12491,#12492,#12493,#12494,#12495,#12496,#12497,#12498),(#12499,#12500,
#12501,#12502,#12503,#12504,#12505,#12506,#12507,#12508,#12509,#12510,#12511,
#12512,#12513,#12514,#12515,#12516,#12517,#12518,#12519,#12520,#12521,#12522),
(#12523,#12524,#12525,#12526,#12527,#12528,#12529,#12530,#12531,#12532,
#12533,#12534,#12535,#12536,#12537,#12538,#12539,#12540,#12541,#12542,#12543,
#12544,#12545,#12546),(#12547,#12548,#12549,#12550,#12551,#12552,#12553,
#12554,#12555,#12556,#12557,#12558,#12559,#12560,#12561,#12562,#12563,#12564,
#12565,#12566,#12567,#12568,#12569,#12570),(#12571,#12572,#12573,#12574,
#12575,#12576,#12577,#12578,#12579,#12580,#12581,#12582,#12583,#12584,#12585,
#12586,#12587,#12588,#12589,#12590,#12591,#12592,#12593,#12594)),
 .UNSPECIFIED.,.F.,.F.,.F.,(4,1,4),(4,1,1,1,1,1,1,1,1,1,1,1,1,1,1,1,1,1,
1,1,1,4),(0.,0.571428571428571,1.),(0.,0.808688974009814,1.61737794801963,
3.23475589603926,3.77388187871247,4.31300786138568,4.85213384405889,5.12169683539549,
5.3912598267321,5.5260413224004,5.6608228180687,5.93038580940531,6.19994880074191,
6.46951179207852,6.87385627908342,7.27820076608833,8.08688974009814,8.49123422710305,
8.89557871410796,9.70426768811777,10.5129566621276,11.3216456361374),
 .UNSPECIFIED.);
#417=B_SPLINE_SURFACE_WITH_KNOTS('',3,3,((#12646,#12647,#12648,#12649),
(#12650,#12651,#12652,#12653),(#12654,#12655,#12656,#12657),(#12658,#12659,
#12660,#12661),(#12662,#12663,#12664,#12665)),.UNSPECIFIED.,.F.,.F.,.F.,
(4,1,4),(4,4),(0.,0.571428571428571,1.),(0.,0.0306777521347423),
 .UNSPECIFIED.);
#418=B_SPLINE_SURFACE_WITH_KNOTS('',3,3,((#12699,#12700,#12701,#12702,#12703,
#12704,#12705,#12706,#12707,#12708),(#12709,#12710,#12711,#12712,#12713,
#12714,#12715,#12716,#12717,#12718),(#12719,#12720,#12721,#12722,#12723,
#12724,#12725,#12726,#12727,#12728),(#12729,#12730,#12731,#12732,#12733,
#12734,#12735,#12736,#12737,#12738),(#12739,#12740,#12741,#12742,#12743,
#12744,#12745,#12746,#12747,#12748)),.UNSPECIFIED.,.F.,.F.,.F.,(4,1,4),
(4,1,1,1,1,1,1,4),(0.,0.571428571428571,1.),(0.,0.283015404975406,0.566030809950811,
0.849046214926217,1.13206161990162,1.41507702487703,1.69809242985243,1.98110783482784),
 .UNSPECIFIED.);
#419=B_SPLINE_SURFACE_WITH_KNOTS('',3,3,((#12786,#12787,#12788,#12789,#12790,
#12791,#12792,#12793,#12794,#12795),(#12796,#12797,#12798,#12799,#12800,
#12801,#12802,#12803,#12804,#12805),(#12806,#12807,#12808,#12809,#12810,
#12811,#12812,#12813,#12814,#12815),(#12816,#12817,#12818,#12819,#12820,
#12821,#12822,#12823,#12824,#12825),(#12826,#12827,#12828,#12829,#12830,
#12831,#12832,#12833,#12834,#12835)),.UNSPECIFIED.,.F.,.F.,.F.,(4,1,4),
(4,1,1,1,1,1,1,4),(0.,0.571428571428571,1.),(0.,0.283015404974103,0.566030809948206,
0.849046214922309,1.13206161989641,1.41507702487051,1.69809242984462,1.98110783481872),
 .UNSPECIFIED.);
#420=B_SPLINE_SURFACE_WITH_KNOTS('',3,3,((#12899,#12900,#12901,#12902),
(#12903,#12904,#12905,#12906),(#12907,#12908,#12909,#12910),(#12911,#12912,
#12913,#12914),(#12915,#12916,#12917,#12918),(#12919,#12920,#12921,#12922)),
 .UNSPECIFIED.,.F.,.F.,.F.,(4,1,1,4),(4,4),(0.,0.285714285714286,0.571428571428571,
1.),(2.35922392732846E-16,4.4),.UNSPECIFIED.);
#421=B_SPLINE_SURFACE_WITH_KNOTS('',3,3,((#12988,#12989,#12990,#12991),
(#12992,#12993,#12994,#12995),(#12996,#12997,#12998,#12999),(#13000,#13001,
#13002,#13003),(#13004,#13005,#13006,#13007),(#13008,#13009,#13010,#13011)),
 .UNSPECIFIED.,.F.,.F.,.F.,(4,1,1,4),(4,4),(0.,0.285714285714286,0.571428571428571,
1.),(-4.6,-0.2),.UNSPECIFIED.);
#422=B_SPLINE_SURFACE_WITH_KNOTS('',3,3,((#13058,#13059,#13060,#13061),
(#13062,#13063,#13064,#13065),(#13066,#13067,#13068,#13069),(#13070,#13071,
#13072,#13073),(#13074,#13075,#13076,#13077),(#13078,#13079,#13080,#13081)),
 .UNSPECIFIED.,.F.,.F.,.F.,(4,1,1,4),(4,4),(0.,0.285714285714286,0.571428571428571,
1.),(4.02455846426619E-16,4.4),.UNSPECIFIED.);
#423=B_SPLINE_SURFACE_WITH_KNOTS('',3,3,((#13147,#13148,#13149,#13150),
(#13151,#13152,#13153,#13154),(#13155,#13156,#13157,#13158),(#13159,#13160,
#13161,#13162),(#13163,#13164,#13165,#13166),(#13167,#13168,#13169,#13170)),
 .UNSPECIFIED.,.F.,.F.,.F.,(4,1,1,4),(4,4),(0.,0.285714285714286,0.571428571428571,
1.),(-4.6,-0.2),.UNSPECIFIED.);
#424=B_SPLINE_SURFACE_WITH_KNOTS('',3,3,((#13260,#13261,#13262,#13263),
(#13264,#13265,#13266,#13267),(#13268,#13269,#13270,#13271),(#13272,#13273,
#13274,#13275),(#13276,#13277,#13278,#13279)),.UNSPECIFIED.,.F.,.F.,.F.,
(4,1,4),(4,4),(0.,0.571428571428571,1.),(-4.44089209850063E-16,4.4),
 .UNSPECIFIED.);
#425=B_SPLINE_SURFACE_WITH_KNOTS('',3,3,((#13312,#13313,#13314,#13315),
(#13316,#13317,#13318,#13319),(#13320,#13321,#13322,#13323),(#13324,#13325,
#13326,#13327),(#13328,#13329,#13330,#13331)),.UNSPECIFIED.,.F.,.F.,.F.,
(4,1,4),(4,4),(0.,0.571428571428571,1.),(4.44089209850063E-16,4.4),
 .UNSPECIFIED.);
#426=B_SPLINE_SURFACE_WITH_KNOTS('',3,3,((#14256,#14257,#14258,#14259,#14260,
#14261,#14262,#14263,#14264,#14265,#14266,#14267,#14268,#14269,#14270,#14271,
#14272,#14273,#14274,#14275,#14276,#14277,#14278,#14279,#14280,#14281,#14282,
#14283,#14284,#14285,#14286),(#14287,#14288,#14289,#14290,#14291,#14292,
#14293,#14294,#14295,#14296,#14297,#14298,#14299,#14300,#14301,#14302,#14303,
#14304,#14305,#14306,#14307,#14308,#14309,#14310,#14311,#14312,#14313,#14314,
#14315,#14316,#14317),(#14318,#14319,#14320,#14321,#14322,#14323,#14324,
#14325,#14326,#14327,#14328,#14329,#14330,#14331,#14332,#14333,#14334,#14335,
#14336,#14337,#14338,#14339,#14340,#14341,#14342,#14343,#14344,#14345,#14346,
#14347,#14348),(#14349,#14350,#14351,#14352,#14353,#14354,#14355,#14356,
#14357,#14358,#14359,#14360,#14361,#14362,#14363,#14364,#14365,#14366,#14367,
#14368,#14369,#14370,#14371,#14372,#14373,#14374,#14375,#14376,#14377,#14378,
#14379)),.UNSPECIFIED.,.F.,.F.,.F.,(4,4),(4,1,1,1,1,1,1,1,1,1,1,1,1,1,1,
1,1,1,1,1,1,1,1,1,1,1,1,1,4),(0.,0.0658467982010763),(8.30747755240109,
9.27895538824493,10.2504332240888,11.2219110599326,12.1933888957764,13.1648667316203,
14.1363445674641,15.107822403308,16.0793002391518,17.0507780749956,18.0222559108395,
18.9937337466833,19.9652115825272,20.936689418371,21.9081672542148,22.8796450900587,
23.8511229259025,24.8226007617464,25.7940785975902,26.765556433434,27.7370342692779,
28.7085121051217,29.6799899409656,30.6514677768094,31.6229456126532,32.5944234484971,
33.5659012843409,34.5373791201848,35.5088569560286),.UNSPECIFIED.);
#427=B_SPLINE_SURFACE_WITH_KNOTS('',3,3,((#14606,#14607,#14608,#14609,#14610,
#14611,#14612,#14613,#14614,#14615,#14616,#14617,#14618,#14619,#14620,#14621,
#14622,#14623,#14624,#14625,#14626,#14627,#14628,#14629,#14630,#14631,#14632,
#14633,#14634,#14635,#14636),(#14637,#14638,#14639,#14640,#14641,#14642,
#14643,#14644,#14645,#14646,#14647,#14648,#14649,#14650,#14651,#14652,#14653,
#14654,#14655,#14656,#14657,#14658,#14659,#14660,#14661,#14662,#14663,#14664,
#14665,#14666,#14667),(#14668,#14669,#14670,#14671,#14672,#14673,#14674,
#14675,#14676,#14677,#14678,#14679,#14680,#14681,#14682,#14683,#14684,#14685,
#14686,#14687,#14688,#14689,#14690,#14691,#14692,#14693,#14694,#14695,#14696,
#14697,#14698),(#14699,#14700,#14701,#14702,#14703,#14704,#14705,#14706,
#14707,#14708,#14709,#14710,#14711,#14712,#14713,#14714,#14715,#14716,#14717,
#14718,#14719,#14720,#14721,#14722,#14723,#14724,#14725,#14726,#14727,#14728,
#14729)),.UNSPECIFIED.,.F.,.F.,.F.,(4,4),(4,1,1,1,1,1,1,1,1,1,1,1,1,1,1,
1,1,1,1,1,1,1,1,1,1,1,1,1,4),(0.,0.0658467982010763),(11.6150328478183,
12.5865106836622,13.557988519506,14.5294663553498,15.5009441911937,16.4724220270375,
17.4438998628814,18.4153776987252,19.386855534569,20.3583333704129,21.3298112062567,
22.3012890421005,23.2727668779444,24.2442447137882,25.2157225496321,26.1872003854759,
27.1586782213197,28.1301560571636,29.1016338930074,30.0731117288513,31.0445895646951,
32.0160674005389,32.9875452363828,33.9590230722266,34.9305009080705,35.9019787439143,
36.8734565797581,37.844934415602,38.8164122514458),.UNSPECIFIED.);
#428=FACE_OUTER_BOUND('',#748,.T.);
#429=FACE_OUTER_BOUND('',#749,.T.);
#430=FACE_OUTER_BOUND('',#750,.T.);
#431=FACE_OUTER_BOUND('',#751,.T.);
#432=FACE_OUTER_BOUND('',#752,.T.);
#433=FACE_OUTER_BOUND('',#753,.T.);
#434=FACE_OUTER_BOUND('',#754,.T.);
#435=FACE_OUTER_BOUND('',#755,.T.);
#436=FACE_OUTER_BOUND('',#756,.T.);
#437=FACE_OUTER_BOUND('',#757,.T.);
#438=FACE_OUTER_BOUND('',#758,.T.);
#439=FACE_OUTER_BOUND('',#759,.T.);
#440=FACE_OUTER_BOUND('',#760,.T.);
#441=FACE_OUTER_BOUND('',#761,.T.);
#442=FACE_OUTER_BOUND('',#762,.T.);
#443=FACE_OUTER_BOUND('',#763,.T.);
#444=FACE_OUTER_BOUND('',#764,.T.);
#445=FACE_OUTER_BOUND('',#765,.T.);
#446=FACE_OUTER_BOUND('',#766,.T.);
#447=FACE_OUTER_BOUND('',#767,.T.);
#448=FACE_OUTER_BOUND('',#768,.T.);
#449=FACE_OUTER_BOUND('',#769,.T.);
#450=FACE_OUTER_BOUND('',#770,.T.);
#451=FACE_OUTER_BOUND('',#771,.T.);
#452=FACE_OUTER_BOUND('',#772,.T.);
#453=FACE_OUTER_BOUND('',#773,.T.);
#454=FACE_OUTER_BOUND('',#774,.T.);
#455=FACE_OUTER_BOUND('',#775,.T.);
#456=FACE_OUTER_BOUND('',#776,.T.);
#457=FACE_OUTER_BOUND('',#777,.T.);
#458=FACE_OUTER_BOUND('',#778,.T.);
#459=FACE_OUTER_BOUND('',#779,.T.);
#460=FACE_OUTER_BOUND('',#780,.T.);
#461=FACE_OUTER_BOUND('',#781,.T.);
#462=FACE_OUTER_BOUND('',#782,.T.);
#463=FACE_OUTER_BOUND('',#783,.T.);
#464=FACE_OUTER_BOUND('',#784,.T.);
#465=FACE_OUTER_BOUND('',#785,.T.);
#466=FACE_OUTER_BOUND('',#786,.T.);
#467=FACE_OUTER_BOUND('',#787,.T.);
#468=FACE_OUTER_BOUND('',#788,.T.);
#469=FACE_OUTER_BOUND('',#789,.T.);
#470=FACE_OUTER_BOUND('',#790,.T.);
#471=FACE_OUTER_BOUND('',#791,.T.);
#472=FACE_OUTER_BOUND('',#792,.T.);
#473=FACE_OUTER_BOUND('',#793,.T.);
#474=FACE_OUTER_BOUND('',#794,.T.);
#475=FACE_OUTER_BOUND('',#795,.T.);
#476=FACE_OUTER_BOUND('',#796,.T.);
#477=FACE_OUTER_BOUND('',#797,.T.);
#478=FACE_OUTER_BOUND('',#798,.T.);
#479=FACE_OUTER_BOUND('',#799,.T.);
#480=FACE_OUTER_BOUND('',#800,.T.);
#481=FACE_OUTER_BOUND('',#801,.T.);
#482=FACE_OUTER_BOUND('',#802,.T.);
#483=FACE_OUTER_BOUND('',#803,.T.);
#484=FACE_OUTER_BOUND('',#804,.T.);
#485=FACE_OUTER_BOUND('',#805,.T.);
#486=FACE_OUTER_BOUND('',#806,.T.);
#487=FACE_OUTER_BOUND('',#807,.T.);
#488=FACE_OUTER_BOUND('',#808,.T.);
#489=FACE_OUTER_BOUND('',#809,.T.);
#490=FACE_OUTER_BOUND('',#810,.T.);
#491=FACE_OUTER_BOUND('',#811,.T.);
#492=FACE_OUTER_BOUND('',#812,.T.);
#493=FACE_OUTER_BOUND('',#813,.T.);
#494=FACE_OUTER_BOUND('',#814,.T.);
#495=FACE_OUTER_BOUND('',#815,.T.);
#496=FACE_OUTER_BOUND('',#816,.T.);
#497=FACE_OUTER_BOUND('',#819,.T.);
#498=FACE_OUTER_BOUND('',#820,.T.);
#499=FACE_OUTER_BOUND('',#821,.T.);
#500=FACE_OUTER_BOUND('',#822,.T.);
#501=FACE_OUTER_BOUND('',#823,.T.);
#502=FACE_OUTER_BOUND('',#824,.T.);
#503=FACE_OUTER_BOUND('',#827,.T.);
#504=FACE_OUTER_BOUND('',#828,.T.);
#505=FACE_OUTER_BOUND('',#829,.T.);
#506=FACE_OUTER_BOUND('',#830,.T.);
#507=FACE_OUTER_BOUND('',#831,.T.);
#508=FACE_OUTER_BOUND('',#832,.T.);
#509=FACE_OUTER_BOUND('',#835,.T.);
#510=FACE_OUTER_BOUND('',#836,.T.);
#511=FACE_OUTER_BOUND('',#837,.T.);
#512=FACE_OUTER_BOUND('',#838,.T.);
#513=FACE_OUTER_BOUND('',#841,.T.);
#514=FACE_OUTER_BOUND('',#842,.T.);
#515=FACE_OUTER_BOUND('',#843,.T.);
#516=FACE_OUTER_BOUND('',#844,.T.);
#517=FACE_OUTER_BOUND('',#845,.T.);
#518=FACE_OUTER_BOUND('',#846,.T.);
#519=FACE_OUTER_BOUND('',#847,.T.);
#520=FACE_OUTER_BOUND('',#848,.T.);
#521=FACE_OUTER_BOUND('',#849,.T.);
#522=FACE_OUTER_BOUND('',#850,.T.);
#523=FACE_OUTER_BOUND('',#851,.T.);
#524=FACE_OUTER_BOUND('',#852,.T.);
#525=FACE_OUTER_BOUND('',#853,.T.);
#526=FACE_OUTER_BOUND('',#854,.T.);
#527=FACE_OUTER_BOUND('',#855,.T.);
#528=FACE_OUTER_BOUND('',#856,.T.);
#529=FACE_OUTER_BOUND('',#857,.T.);
#530=FACE_OUTER_BOUND('',#858,.T.);
#531=FACE_OUTER_BOUND('',#859,.T.);
#532=FACE_OUTER_BOUND('',#860,.T.);
#533=FACE_OUTER_BOUND('',#861,.T.);
#534=FACE_OUTER_BOUND('',#869,.T.);
#535=FACE_OUTER_BOUND('',#870,.T.);
#536=FACE_OUTER_BOUND('',#892,.T.);
#537=FACE_OUTER_BOUND('',#893,.T.);
#538=FACE_OUTER_BOUND('',#894,.T.);
#539=FACE_OUTER_BOUND('',#895,.T.);
#540=FACE_OUTER_BOUND('',#896,.T.);
#541=FACE_OUTER_BOUND('',#898,.T.);
#542=FACE_OUTER_BOUND('',#899,.T.);
#543=FACE_OUTER_BOUND('',#900,.T.);
#544=FACE_OUTER_BOUND('',#901,.T.);
#545=FACE_OUTER_BOUND('',#902,.T.);
#546=FACE_OUTER_BOUND('',#903,.T.);
#547=FACE_OUTER_BOUND('',#904,.T.);
#548=FACE_OUTER_BOUND('',#905,.T.);
#549=FACE_OUTER_BOUND('',#906,.T.);
#550=FACE_OUTER_BOUND('',#908,.T.);
#551=FACE_OUTER_BOUND('',#909,.T.);
#552=FACE_OUTER_BOUND('',#910,.T.);
#553=FACE_OUTER_BOUND('',#911,.T.);
#554=FACE_OUTER_BOUND('',#912,.T.);
#555=FACE_OUTER_BOUND('',#913,.T.);
#556=FACE_OUTER_BOUND('',#914,.T.);
#557=FACE_OUTER_BOUND('',#915,.T.);
#558=FACE_OUTER_BOUND('',#916,.T.);
#559=FACE_OUTER_BOUND('',#917,.T.);
#560=FACE_OUTER_BOUND('',#918,.T.);
#561=FACE_OUTER_BOUND('',#919,.T.);
#562=FACE_OUTER_BOUND('',#920,.T.);
#563=FACE_OUTER_BOUND('',#921,.T.);
#564=FACE_OUTER_BOUND('',#922,.T.);
#565=FACE_OUTER_BOUND('',#923,.T.);
#566=FACE_OUTER_BOUND('',#924,.T.);
#567=FACE_OUTER_BOUND('',#925,.T.);
#568=FACE_OUTER_BOUND('',#926,.T.);
#569=FACE_OUTER_BOUND('',#927,.T.);
#570=FACE_OUTER_BOUND('',#928,.T.);
#571=FACE_OUTER_BOUND('',#929,.T.);
#572=FACE_OUTER_BOUND('',#930,.T.);
#573=FACE_OUTER_BOUND('',#931,.T.);
#574=FACE_OUTER_BOUND('',#932,.T.);
#575=FACE_OUTER_BOUND('',#933,.T.);
#576=FACE_OUTER_BOUND('',#934,.T.);
#577=FACE_OUTER_BOUND('',#935,.T.);
#578=FACE_OUTER_BOUND('',#936,.T.);
#579=FACE_OUTER_BOUND('',#937,.T.);
#580=FACE_OUTER_BOUND('',#938,.T.);
#581=FACE_OUTER_BOUND('',#939,.T.);
#582=FACE_OUTER_BOUND('',#940,.T.);
#583=FACE_OUTER_BOUND('',#941,.T.);
#584=FACE_OUTER_BOUND('',#942,.T.);
#585=FACE_OUTER_BOUND('',#943,.T.);
#586=FACE_OUTER_BOUND('',#944,.T.);
#587=FACE_OUTER_BOUND('',#945,.T.);
#588=FACE_OUTER_BOUND('',#946,.T.);
#589=FACE_OUTER_BOUND('',#947,.T.);
#590=FACE_OUTER_BOUND('',#948,.T.);
#591=FACE_OUTER_BOUND('',#949,.T.);
#592=FACE_OUTER_BOUND('',#950,.T.);
#593=FACE_OUTER_BOUND('',#951,.T.);
#594=FACE_OUTER_BOUND('',#952,.T.);
#595=FACE_OUTER_BOUND('',#953,.T.);
#596=FACE_OUTER_BOUND('',#954,.T.);
#597=FACE_OUTER_BOUND('',#955,.T.);
#598=FACE_OUTER_BOUND('',#956,.T.);
#599=FACE_OUTER_BOUND('',#957,.T.);
#600=FACE_OUTER_BOUND('',#958,.T.);
#601=FACE_OUTER_BOUND('',#959,.T.);
#602=FACE_OUTER_BOUND('',#960,.T.);
#603=FACE_OUTER_BOUND('',#961,.T.);
#604=FACE_OUTER_BOUND('',#962,.T.);
#605=FACE_OUTER_BOUND('',#963,.T.);
#606=FACE_OUTER_BOUND('',#964,.T.);
#607=FACE_OUTER_BOUND('',#965,.T.);
#608=FACE_OUTER_BOUND('',#966,.T.);
#609=FACE_OUTER_BOUND('',#967,.T.);
#610=FACE_OUTER_BOUND('',#968,.T.);
#611=FACE_OUTER_BOUND('',#969,.T.);
#612=FACE_OUTER_BOUND('',#970,.T.);
#613=FACE_OUTER_BOUND('',#971,.T.);
#614=FACE_OUTER_BOUND('',#972,.T.);
#615=FACE_OUTER_BOUND('',#973,.T.);
#616=FACE_OUTER_BOUND('',#974,.T.);
#617=FACE_OUTER_BOUND('',#975,.T.);
#618=FACE_OUTER_BOUND('',#976,.T.);
#619=FACE_OUTER_BOUND('',#977,.T.);
#620=FACE_OUTER_BOUND('',#978,.T.);
#621=FACE_OUTER_BOUND('',#979,.T.);
#622=FACE_OUTER_BOUND('',#980,.T.);
#623=FACE_OUTER_BOUND('',#981,.T.);
#624=FACE_OUTER_BOUND('',#982,.T.);
#625=FACE_OUTER_BOUND('',#983,.T.);
#626=FACE_OUTER_BOUND('',#984,.T.);
#627=FACE_OUTER_BOUND('',#985,.T.);
#628=FACE_OUTER_BOUND('',#986,.T.);
#629=FACE_OUTER_BOUND('',#987,.T.);
#630=FACE_OUTER_BOUND('',#988,.T.);
#631=FACE_OUTER_BOUND('',#989,.T.);
#632=FACE_OUTER_BOUND('',#990,.T.);
#633=FACE_OUTER_BOUND('',#991,.T.);
#634=FACE_OUTER_BOUND('',#992,.T.);
#635=FACE_OUTER_BOUND('',#993,.T.);
#636=FACE_OUTER_BOUND('',#994,.T.);
#637=FACE_OUTER_BOUND('',#995,.T.);
#638=FACE_OUTER_BOUND('',#996,.T.);
#639=FACE_OUTER_BOUND('',#997,.T.);
#640=FACE_OUTER_BOUND('',#998,.T.);
#641=FACE_OUTER_BOUND('',#999,.T.);
#642=FACE_OUTER_BOUND('',#1000,.T.);
#643=FACE_OUTER_BOUND('',#1001,.T.);
#644=FACE_OUTER_BOUND('',#1002,.T.);
#645=FACE_OUTER_BOUND('',#1003,.T.);
#646=FACE_OUTER_BOUND('',#1004,.T.);
#647=FACE_OUTER_BOUND('',#1005,.T.);
#648=FACE_OUTER_BOUND('',#1006,.T.);
#649=FACE_OUTER_BOUND('',#1007,.T.);
#650=FACE_OUTER_BOUND('',#1008,.T.);
#651=FACE_OUTER_BOUND('',#1009,.T.);
#652=FACE_OUTER_BOUND('',#1010,.T.);
#653=FACE_OUTER_BOUND('',#1011,.T.);
#654=FACE_OUTER_BOUND('',#1012,.T.);
#655=FACE_OUTER_BOUND('',#1013,.T.);
#656=FACE_OUTER_BOUND('',#1014,.T.);
#657=FACE_OUTER_BOUND('',#1015,.T.);
#658=FACE_OUTER_BOUND('',#1016,.T.);
#659=FACE_OUTER_BOUND('',#1017,.T.);
#660=FACE_OUTER_BOUND('',#1018,.T.);
#661=FACE_OUTER_BOUND('',#1019,.T.);
#662=FACE_OUTER_BOUND('',#1020,.T.);
#663=FACE_OUTER_BOUND('',#1021,.T.);
#664=FACE_OUTER_BOUND('',#1022,.T.);
#665=FACE_OUTER_BOUND('',#1023,.T.);
#666=FACE_OUTER_BOUND('',#1024,.T.);
#667=FACE_OUTER_BOUND('',#1025,.T.);
#668=FACE_OUTER_BOUND('',#1026,.T.);
#669=FACE_OUTER_BOUND('',#1027,.T.);
#670=FACE_OUTER_BOUND('',#1028,.T.);
#671=FACE_OUTER_BOUND('',#1029,.T.);
#672=FACE_OUTER_BOUND('',#1030,.T.);
#673=FACE_OUTER_BOUND('',#1031,.T.);
#674=FACE_OUTER_BOUND('',#1032,.T.);
#675=FACE_OUTER_BOUND('',#1033,.T.);
#676=FACE_OUTER_BOUND('',#1034,.T.);
#677=FACE_OUTER_BOUND('',#1035,.T.);
#678=FACE_OUTER_BOUND('',#1136,.T.);
#679=FACE_OUTER_BOUND('',#1137,.T.);
#680=FACE_OUTER_BOUND('',#1139,.T.);
#681=FACE_OUTER_BOUND('',#1140,.T.);
#682=FACE_OUTER_BOUND('',#1142,.T.);
#683=FACE_OUTER_BOUND('',#1143,.T.);
#684=FACE_OUTER_BOUND('',#1144,.T.);
#685=FACE_OUTER_BOUND('',#1145,.T.);
#686=FACE_OUTER_BOUND('',#1146,.T.);
#687=FACE_OUTER_BOUND('',#1147,.T.);
#688=FACE_OUTER_BOUND('',#1148,.T.);
#689=FACE_OUTER_BOUND('',#1249,.T.);
#690=FACE_OUTER_BOUND('',#1250,.T.);
#691=FACE_OUTER_BOUND('',#1251,.T.);
#692=FACE_OUTER_BOUND('',#1252,.T.);
#693=FACE_OUTER_BOUND('',#1253,.T.);
#694=FACE_OUTER_BOUND('',#1254,.T.);
#695=FACE_OUTER_BOUND('',#1255,.T.);
#696=FACE_OUTER_BOUND('',#1256,.T.);
#697=FACE_OUTER_BOUND('',#1257,.T.);
#698=FACE_OUTER_BOUND('',#1258,.T.);
#699=FACE_OUTER_BOUND('',#1259,.T.);
#700=FACE_OUTER_BOUND('',#1260,.T.);
#701=FACE_OUTER_BOUND('',#1261,.T.);
#702=FACE_OUTER_BOUND('',#1262,.T.);
#703=FACE_OUTER_BOUND('',#1263,.T.);
#704=FACE_OUTER_BOUND('',#1264,.T.);
#705=FACE_OUTER_BOUND('',#1265,.T.);
#706=FACE_OUTER_BOUND('',#1266,.T.);
#707=FACE_OUTER_BOUND('',#1267,.T.);
#708=FACE_OUTER_BOUND('',#1268,.T.);
#709=FACE_OUTER_BOUND('',#1269,.T.);
#710=FACE_OUTER_BOUND('',#1270,.T.);
#711=FACE_OUTER_BOUND('',#1271,.T.);
#712=FACE_OUTER_BOUND('',#1272,.T.);
#713=FACE_OUTER_BOUND('',#1273,.T.);
#714=FACE_OUTER_BOUND('',#1274,.T.);
#715=FACE_OUTER_BOUND('',#1276,.T.);
#716=FACE_OUTER_BOUND('',#1277,.T.);
#717=FACE_OUTER_BOUND('',#1278,.T.);
#718=FACE_OUTER_BOUND('',#1279,.T.);
#719=FACE_OUTER_BOUND('',#1280,.T.);
#720=FACE_OUTER_BOUND('',#1281,.T.);
#721=FACE_OUTER_BOUND('',#1282,.T.);
#722=FACE_OUTER_BOUND('',#1283,.T.);
#723=FACE_OUTER_BOUND('',#1285,.T.);
#724=FACE_OUTER_BOUND('',#1287,.T.);
#725=FACE_OUTER_BOUND('',#1288,.T.);
#726=FACE_OUTER_BOUND('',#1289,.T.);
#727=FACE_OUTER_BOUND('',#1291,.T.);
#728=FACE_OUTER_BOUND('',#1292,.T.);
#729=FACE_OUTER_BOUND('',#1293,.T.);
#730=FACE_OUTER_BOUND('',#1294,.T.);
#731=FACE_OUTER_BOUND('',#1295,.T.);
#732=FACE_OUTER_BOUND('',#1296,.T.);
#733=FACE_OUTER_BOUND('',#1297,.T.);
#734=FACE_OUTER_BOUND('',#1298,.T.);
#735=FACE_OUTER_BOUND('',#1299,.T.);
#736=FACE_OUTER_BOUND('',#1300,.T.);
#737=FACE_OUTER_BOUND('',#1301,.T.);
#738=FACE_OUTER_BOUND('',#1302,.T.);
#739=FACE_OUTER_BOUND('',#1303,.T.);
#740=FACE_OUTER_BOUND('',#1304,.T.);
#741=FACE_OUTER_BOUND('',#1305,.T.);
#742=FACE_OUTER_BOUND('',#1306,.T.);
#743=FACE_OUTER_BOUND('',#1307,.T.);
#744=FACE_OUTER_BOUND('',#1308,.T.);
#745=FACE_OUTER_BOUND('',#1309,.T.);
#746=FACE_OUTER_BOUND('',#1310,.T.);
#747=FACE_OUTER_BOUND('',#1312,.T.);
#748=EDGE_LOOP('',(#4111,#4112,#4113,#4114));
#749=EDGE_LOOP('',(#4115,#4116,#4117,#4118));
#750=EDGE_LOOP('',(#4119,#4120,#4121,#4122));
#751=EDGE_LOOP('',(#4123,#4124,#4125,#4126));
#752=EDGE_LOOP('',(#4127,#4128,#4129,#4130));
#753=EDGE_LOOP('',(#4131,#4132,#4133,#4134));
#754=EDGE_LOOP('',(#4135,#4136,#4137,#4138));
#755=EDGE_LOOP('',(#4139,#4140,#4141,#4142));
#756=EDGE_LOOP('',(#4143,#4144,#4145,#4146));
#757=EDGE_LOOP('',(#4147,#4148,#4149,#4150));
#758=EDGE_LOOP('',(#4151,#4152,#4153,#4154));
#759=EDGE_LOOP('',(#4155,#4156,#4157,#4158));
#760=EDGE_LOOP('',(#4159,#4160,#4161,#4162));
#761=EDGE_LOOP('',(#4163,#4164,#4165,#4166));
#762=EDGE_LOOP('',(#4167,#4168,#4169,#4170));
#763=EDGE_LOOP('',(#4171,#4172,#4173,#4174));
#764=EDGE_LOOP('',(#4175,#4176,#4177,#4178));
#765=EDGE_LOOP('',(#4179,#4180,#4181,#4182));
#766=EDGE_LOOP('',(#4183,#4184,#4185,#4186));
#767=EDGE_LOOP('',(#4187,#4188,#4189,#4190));
#768=EDGE_LOOP('',(#4191,#4192,#4193,#4194));
#769=EDGE_LOOP('',(#4195,#4196,#4197,#4198));
#770=EDGE_LOOP('',(#4199,#4200,#4201,#4202));
#771=EDGE_LOOP('',(#4203,#4204,#4205,#4206));
#772=EDGE_LOOP('',(#4207,#4208,#4209,#4210));
#773=EDGE_LOOP('',(#4211,#4212,#4213,#4214,#4215,#4216,#4217,#4218,#4219,
#4220,#4221,#4222));
#774=EDGE_LOOP('',(#4223,#4224,#4225,#4226,#4227,#4228,#4229,#4230,#4231,
#4232,#4233,#4234));
#775=EDGE_LOOP('',(#4235,#4236,#4237,#4238));
#776=EDGE_LOOP('',(#4239,#4240,#4241,#4242,#4243,#4244,#4245,#4246,#4247,
#4248,#4249,#4250));
#777=EDGE_LOOP('',(#4251,#4252,#4253,#4254,#4255,#4256,#4257,#4258,#4259,
#4260,#4261,#4262));
#778=EDGE_LOOP('',(#4263,#4264,#4265,#4266));
#779=EDGE_LOOP('',(#4267,#4268,#4269,#4270,#4271,#4272,#4273,#4274,#4275,
#4276,#4277,#4278));
#780=EDGE_LOOP('',(#4279,#4280,#4281,#4282,#4283,#4284,#4285,#4286,#4287,
#4288,#4289,#4290));
#781=EDGE_LOOP('',(#4291,#4292,#4293,#4294));
#782=EDGE_LOOP('',(#4295,#4296,#4297,#4298));
#783=EDGE_LOOP('',(#4299,#4300,#4301,#4302));
#784=EDGE_LOOP('',(#4303,#4304,#4305,#4306));
#785=EDGE_LOOP('',(#4307,#4308,#4309,#4310));
#786=EDGE_LOOP('',(#4311,#4312,#4313,#4314));
#787=EDGE_LOOP('',(#4315,#4316,#4317,#4318));
#788=EDGE_LOOP('',(#4319,#4320,#4321,#4322));
#789=EDGE_LOOP('',(#4323,#4324,#4325,#4326));
#790=EDGE_LOOP('',(#4327,#4328,#4329,#4330));
#791=EDGE_LOOP('',(#4331,#4332,#4333,#4334));
#792=EDGE_LOOP('',(#4335,#4336,#4337,#4338));
#793=EDGE_LOOP('',(#4339,#4340,#4341,#4342));
#794=EDGE_LOOP('',(#4343,#4344,#4345,#4346));
#795=EDGE_LOOP('',(#4347,#4348,#4349,#4350));
#796=EDGE_LOOP('',(#4351,#4352,#4353,#4354));
#797=EDGE_LOOP('',(#4355,#4356,#4357,#4358));
#798=EDGE_LOOP('',(#4359,#4360,#4361,#4362));
#799=EDGE_LOOP('',(#4363,#4364,#4365,#4366));
#800=EDGE_LOOP('',(#4367,#4368,#4369,#4370));
#801=EDGE_LOOP('',(#4371,#4372,#4373,#4374));
#802=EDGE_LOOP('',(#4375,#4376,#4377,#4378));
#803=EDGE_LOOP('',(#4379,#4380,#4381,#4382));
#804=EDGE_LOOP('',(#4383,#4384,#4385,#4386));
#805=EDGE_LOOP('',(#4387,#4388,#4389,#4390));
#806=EDGE_LOOP('',(#4391,#4392,#4393,#4394));
#807=EDGE_LOOP('',(#4395,#4396,#4397,#4398));
#808=EDGE_LOOP('',(#4399,#4400,#4401,#4402));
#809=EDGE_LOOP('',(#4403,#4404,#4405,#4406));
#810=EDGE_LOOP('',(#4407,#4408,#4409,#4410));
#811=EDGE_LOOP('',(#4411,#4412,#4413,#4414));
#812=EDGE_LOOP('',(#4415,#4416,#4417,#4418));
#813=EDGE_LOOP('',(#4419,#4420,#4421,#4422,#4423,#4424,#4425,#4426));
#814=EDGE_LOOP('',(#4427,#4428,#4429,#4430));
#815=EDGE_LOOP('',(#4431,#4432,#4433,#4434));
#816=EDGE_LOOP('',(#4435,#4436,#4437,#4438));
#817=EDGE_LOOP('',(#4439));
#818=EDGE_LOOP('',(#4440));
#819=EDGE_LOOP('',(#4441,#4442,#4443,#4444));
#820=EDGE_LOOP('',(#4445,#4446,#4447,#4448));
#821=EDGE_LOOP('',(#4449,#4450,#4451,#4452));
#822=EDGE_LOOP('',(#4453,#4454,#4455,#4456));
#823=EDGE_LOOP('',(#4457,#4458,#4459,#4460));
#824=EDGE_LOOP('',(#4461,#4462,#4463,#4464));
#825=EDGE_LOOP('',(#4465));
#826=EDGE_LOOP('',(#4466));
#827=EDGE_LOOP('',(#4467,#4468,#4469,#4470));
#828=EDGE_LOOP('',(#4471,#4472,#4473,#4474));
#829=EDGE_LOOP('',(#4475,#4476,#4477,#4478));
#830=EDGE_LOOP('',(#4479,#4480,#4481,#4482));
#831=EDGE_LOOP('',(#4483,#4484,#4485,#4486));
#832=EDGE_LOOP('',(#4487,#4488,#4489,#4490));
#833=EDGE_LOOP('',(#4491));
#834=EDGE_LOOP('',(#4492));
#835=EDGE_LOOP('',(#4493,#4494,#4495,#4496));
#836=EDGE_LOOP('',(#4497,#4498,#4499,#4500));
#837=EDGE_LOOP('',(#4501,#4502,#4503,#4504));
#838=EDGE_LOOP('',(#4505,#4506,#4507,#4508));
#839=EDGE_LOOP('',(#4509));
#840=EDGE_LOOP('',(#4510));
#841=EDGE_LOOP('',(#4511,#4512,#4513,#4514));
#842=EDGE_LOOP('',(#4515,#4516,#4517,#4518,#4519,#4520,#4521,#4522,#4523,
#4524,#4525,#4526));
#843=EDGE_LOOP('',(#4527,#4528,#4529,#4530,#4531,#4532,#4533,#4534));
#844=EDGE_LOOP('',(#4535,#4536,#4537,#4538));
#845=EDGE_LOOP('',(#4539,#4540,#4541,#4542));
#846=EDGE_LOOP('',(#4543,#4544,#4545,#4546));
#847=EDGE_LOOP('',(#4547,#4548,#4549,#4550));
#848=EDGE_LOOP('',(#4551,#4552,#4553,#4554));
#849=EDGE_LOOP('',(#4555,#4556,#4557,#4558));
#850=EDGE_LOOP('',(#4559,#4560,#4561,#4562));
#851=EDGE_LOOP('',(#4563,#4564,#4565,#4566,#4567,#4568,#4569,#4570));
#852=EDGE_LOOP('',(#4571,#4572,#4573,#4574));
#853=EDGE_LOOP('',(#4575,#4576,#4577,#4578));
#854=EDGE_LOOP('',(#4579,#4580,#4581,#4582));
#855=EDGE_LOOP('',(#4583,#4584,#4585,#4586));
#856=EDGE_LOOP('',(#4587,#4588,#4589,#4590));
#857=EDGE_LOOP('',(#4591,#4592,#4593,#4594));
#858=EDGE_LOOP('',(#4595,#4596,#4597,#4598));
#859=EDGE_LOOP('',(#4599,#4600,#4601,#4602));
#860=EDGE_LOOP('',(#4603,#4604,#4605,#4606,#4607,#4608,#4609,#4610));
#861=EDGE_LOOP('',(#4611,#4612,#4613,#4614));
#862=EDGE_LOOP('',(#4615));
#863=EDGE_LOOP('',(#4616));
#864=EDGE_LOOP('',(#4617));
#865=EDGE_LOOP('',(#4618));
#866=EDGE_LOOP('',(#4619,#4620,#4621,#4622,#4623,#4624,#4625,#4626,#4627,
#4628,#4629,#4630,#4631,#4632,#4633,#4634,#4635,#4636,#4637,#4638,#4639,
#4640,#4641,#4642));
#867=EDGE_LOOP('',(#4643));
#868=EDGE_LOOP('',(#4644));
#869=EDGE_LOOP('',(#4645,#4646,#4647,#4648,#4649,#4650,#4651,#4652));
#870=EDGE_LOOP('',(#4653,#4654,#4655,#4656));
#871=EDGE_LOOP('',(#4657,#4658,#4659,#4660));
#872=EDGE_LOOP('',(#4661));
#873=EDGE_LOOP('',(#4662));
#874=EDGE_LOOP('',(#4663));
#875=EDGE_LOOP('',(#4664));
#876=EDGE_LOOP('',(#4665));
#877=EDGE_LOOP('',(#4666));
#878=EDGE_LOOP('',(#4667));
#879=EDGE_LOOP('',(#4668));
#880=EDGE_LOOP('',(#4669));
#881=EDGE_LOOP('',(#4670));
#882=EDGE_LOOP('',(#4671));
#883=EDGE_LOOP('',(#4672));
#884=EDGE_LOOP('',(#4673));
#885=EDGE_LOOP('',(#4674));
#886=EDGE_LOOP('',(#4675,#4676,#4677,#4678));
#887=EDGE_LOOP('',(#4679,#4680,#4681,#4682));
#888=EDGE_LOOP('',(#4683,#4684,#4685,#4686));
#889=EDGE_LOOP('',(#4687,#4688,#4689,#4690));
#890=EDGE_LOOP('',(#4691,#4692,#4693,#4694));
#891=EDGE_LOOP('',(#4695,#4696,#4697,#4698));
#892=EDGE_LOOP('',(#4699,#4700,#4701,#4702));
#893=EDGE_LOOP('',(#4703,#4704,#4705,#4706));
#894=EDGE_LOOP('',(#4707,#4708,#4709,#4710));
#895=EDGE_LOOP('',(#4711,#4712,#4713,#4714,#4715,#4716,#4717,#4718));
#896=EDGE_LOOP('',(#4719,#4720,#4721,#4722));
#897=EDGE_LOOP('',(#4723,#4724,#4725,#4726));
#898=EDGE_LOOP('',(#4727,#4728,#4729,#4730));
#899=EDGE_LOOP('',(#4731,#4732,#4733,#4734));
#900=EDGE_LOOP('',(#4735,#4736,#4737,#4738));
#901=EDGE_LOOP('',(#4739,#4740,#4741,#4742));
#902=EDGE_LOOP('',(#4743,#4744,#4745,#4746));
#903=EDGE_LOOP('',(#4747,#4748,#4749,#4750));
#904=EDGE_LOOP('',(#4751,#4752,#4753,#4754));
#905=EDGE_LOOP('',(#4755,#4756,#4757,#4758,#4759,#4760,#4761,#4762));
#906=EDGE_LOOP('',(#4763,#4764,#4765,#4766));
#907=EDGE_LOOP('',(#4767,#4768,#4769,#4770));
#908=EDGE_LOOP('',(#4771,#4772,#4773,#4774));
#909=EDGE_LOOP('',(#4775,#4776,#4777,#4778));
#910=EDGE_LOOP('',(#4779,#4780,#4781,#4782));
#911=EDGE_LOOP('',(#4783,#4784,#4785,#4786));
#912=EDGE_LOOP('',(#4787,#4788,#4789,#4790));
#913=EDGE_LOOP('',(#4791,#4792,#4793,#4794));
#914=EDGE_LOOP('',(#4795,#4796,#4797,#4798));
#915=EDGE_LOOP('',(#4799,#4800,#4801,#4802));
#916=EDGE_LOOP('',(#4803,#4804,#4805,#4806));
#917=EDGE_LOOP('',(#4807,#4808,#4809,#4810));
#918=EDGE_LOOP('',(#4811,#4812,#4813,#4814));
#919=EDGE_LOOP('',(#4815,#4816,#4817,#4818));
#920=EDGE_LOOP('',(#4819,#4820,#4821,#4822));
#921=EDGE_LOOP('',(#4823,#4824,#4825,#4826));
#922=EDGE_LOOP('',(#4827,#4828,#4829,#4830));
#923=EDGE_LOOP('',(#4831,#4832,#4833,#4834));
#924=EDGE_LOOP('',(#4835,#4836,#4837,#4838));
#925=EDGE_LOOP('',(#4839,#4840,#4841,#4842));
#926=EDGE_LOOP('',(#4843,#4844,#4845,#4846));
#927=EDGE_LOOP('',(#4847,#4848,#4849,#4850));
#928=EDGE_LOOP('',(#4851,#4852,#4853,#4854));
#929=EDGE_LOOP('',(#4855,#4856,#4857,#4858));
#930=EDGE_LOOP('',(#4859,#4860,#4861,#4862));
#931=EDGE_LOOP('',(#4863,#4864,#4865,#4866));
#932=EDGE_LOOP('',(#4867,#4868,#4869,#4870));
#933=EDGE_LOOP('',(#4871,#4872,#4873,#4874));
#934=EDGE_LOOP('',(#4875,#4876,#4877,#4878));
#935=EDGE_LOOP('',(#4879,#4880,#4881,#4882));
#936=EDGE_LOOP('',(#4883,#4884,#4885,#4886));
#937=EDGE_LOOP('',(#4887,#4888,#4889,#4890));
#938=EDGE_LOOP('',(#4891,#4892,#4893,#4894));
#939=EDGE_LOOP('',(#4895,#4896,#4897,#4898));
#940=EDGE_LOOP('',(#4899,#4900,#4901,#4902));
#941=EDGE_LOOP('',(#4903,#4904,#4905,#4906));
#942=EDGE_LOOP('',(#4907,#4908,#4909,#4910));
#943=EDGE_LOOP('',(#4911,#4912,#4913,#4914));
#944=EDGE_LOOP('',(#4915,#4916,#4917,#4918));
#945=EDGE_LOOP('',(#4919,#4920,#4921,#4922));
#946=EDGE_LOOP('',(#4923,#4924,#4925,#4926));
#947=EDGE_LOOP('',(#4927,#4928,#4929,#4930));
#948=EDGE_LOOP('',(#4931,#4932,#4933,#4934));
#949=EDGE_LOOP('',(#4935,#4936,#4937,#4938));
#950=EDGE_LOOP('',(#4939,#4940,#4941,#4942));
#951=EDGE_LOOP('',(#4943,#4944,#4945,#4946));
#952=EDGE_LOOP('',(#4947,#4948,#4949,#4950));
#953=EDGE_LOOP('',(#4951,#4952,#4953,#4954));
#954=EDGE_LOOP('',(#4955,#4956,#4957,#4958));
#955=EDGE_LOOP('',(#4959,#4960,#4961,#4962));
#956=EDGE_LOOP('',(#4963,#4964,#4965,#4966));
#957=EDGE_LOOP('',(#4967,#4968,#4969,#4970));
#958=EDGE_LOOP('',(#4971,#4972,#4973,#4974));
#959=EDGE_LOOP('',(#4975,#4976,#4977,#4978));
#960=EDGE_LOOP('',(#4979,#4980,#4981,#4982));
#961=EDGE_LOOP('',(#4983,#4984,#4985,#4986));
#962=EDGE_LOOP('',(#4987,#4988,#4989,#4990));
#963=EDGE_LOOP('',(#4991,#4992,#4993,#4994));
#964=EDGE_LOOP('',(#4995,#4996,#4997,#4998));
#965=EDGE_LOOP('',(#4999,#5000,#5001,#5002));
#966=EDGE_LOOP('',(#5003,#5004,#5005,#5006));
#967=EDGE_LOOP('',(#5007,#5008,#5009,#5010));
#968=EDGE_LOOP('',(#5011,#5012,#5013,#5014));
#969=EDGE_LOOP('',(#5015,#5016,#5017,#5018));
#970=EDGE_LOOP('',(#5019,#5020,#5021,#5022));
#971=EDGE_LOOP('',(#5023,#5024,#5025,#5026));
#972=EDGE_LOOP('',(#5027,#5028,#5029,#5030));
#973=EDGE_LOOP('',(#5031,#5032,#5033,#5034));
#974=EDGE_LOOP('',(#5035,#5036,#5037,#5038));
#975=EDGE_LOOP('',(#5039,#5040,#5041,#5042));
#976=EDGE_LOOP('',(#5043,#5044,#5045,#5046));
#977=EDGE_LOOP('',(#5047,#5048,#5049,#5050));
#978=EDGE_LOOP('',(#5051,#5052,#5053,#5054));
#979=EDGE_LOOP('',(#5055,#5056,#5057,#5058));
#980=EDGE_LOOP('',(#5059,#5060,#5061,#5062));
#981=EDGE_LOOP('',(#5063,#5064,#5065,#5066));
#982=EDGE_LOOP('',(#5067,#5068,#5069,#5070));
#983=EDGE_LOOP('',(#5071,#5072,#5073,#5074));
#984=EDGE_LOOP('',(#5075,#5076,#5077,#5078));
#985=EDGE_LOOP('',(#5079,#5080,#5081,#5082));
#986=EDGE_LOOP('',(#5083,#5084,#5085,#5086));
#987=EDGE_LOOP('',(#5087,#5088,#5089,#5090));
#988=EDGE_LOOP('',(#5091,#5092,#5093,#5094));
#989=EDGE_LOOP('',(#5095,#5096,#5097,#5098));
#990=EDGE_LOOP('',(#5099,#5100,#5101,#5102));
#991=EDGE_LOOP('',(#5103,#5104,#5105,#5106));
#992=EDGE_LOOP('',(#5107,#5108,#5109,#5110));
#993=EDGE_LOOP('',(#5111,#5112,#5113,#5114));
#994=EDGE_LOOP('',(#5115,#5116,#5117,#5118));
#995=EDGE_LOOP('',(#5119,#5120,#5121,#5122));
#996=EDGE_LOOP('',(#5123,#5124,#5125,#5126));
#997=EDGE_LOOP('',(#5127,#5128,#5129,#5130));
#998=EDGE_LOOP('',(#5131,#5132,#5133,#5134));
#999=EDGE_LOOP('',(#5135,#5136,#5137,#5138));
#1000=EDGE_LOOP('',(#5139,#5140,#5141,#5142));
#1001=EDGE_LOOP('',(#5143,#5144,#5145,#5146));
#1002=EDGE_LOOP('',(#5147,#5148,#5149,#5150));
#1003=EDGE_LOOP('',(#5151,#5152,#5153,#5154));
#1004=EDGE_LOOP('',(#5155,#5156,#5157,#5158));
#1005=EDGE_LOOP('',(#5159,#5160,#5161,#5162));
#1006=EDGE_LOOP('',(#5163,#5164,#5165,#5166));
#1007=EDGE_LOOP('',(#5167,#5168,#5169,#5170));
#1008=EDGE_LOOP('',(#5171,#5172,#5173,#5174));
#1009=EDGE_LOOP('',(#5175,#5176,#5177,#5178));
#1010=EDGE_LOOP('',(#5179,#5180,#5181,#5182));
#1011=EDGE_LOOP('',(#5183,#5184,#5185,#5186));
#1012=EDGE_LOOP('',(#5187,#5188,#5189,#5190));
#1013=EDGE_LOOP('',(#5191,#5192,#5193,#5194));
#1014=EDGE_LOOP('',(#5195,#5196,#5197));
#1015=EDGE_LOOP('',(#5198,#5199,#5200,#5201));
#1016=EDGE_LOOP('',(#5202,#5203,#5204));
#1017=EDGE_LOOP('',(#5205,#5206,#5207,#5208));
#1018=EDGE_LOOP('',(#5209,#5210,#5211));
#1019=EDGE_LOOP('',(#5212,#5213,#5214,#5215));
#1020=EDGE_LOOP('',(#5216,#5217,#5218));
#1021=EDGE_LOOP('',(#5219,#5220,#5221,#5222));
#1022=EDGE_LOOP('',(#5223,#5224,#5225,#5226));
#1023=EDGE_LOOP('',(#5227,#5228,#5229,#5230));
#1024=EDGE_LOOP('',(#5231,#5232,#5233));
#1025=EDGE_LOOP('',(#5234,#5235,#5236));
#1026=EDGE_LOOP('',(#5237,#5238,#5239,#5240,#5241,#5242));
#1027=EDGE_LOOP('',(#5243,#5244,#5245,#5246));
#1028=EDGE_LOOP('',(#5247,#5248,#5249,#5250));
#1029=EDGE_LOOP('',(#5251,#5252,#5253,#5254));
#1030=EDGE_LOOP('',(#5255,#5256,#5257,#5258,#5259,#5260,#5261,#5262,#5263,
#5264,#5265,#5266,#5267,#5268,#5269,#5270));
#1031=EDGE_LOOP('',(#5271,#5272,#5273,#5274));
#1032=EDGE_LOOP('',(#5275,#5276,#5277,#5278));
#1033=EDGE_LOOP('',(#5279,#5280,#5281,#5282));
#1034=EDGE_LOOP('',(#5283,#5284,#5285,#5286,#5287,#5288));
#1035=EDGE_LOOP('',(#5289,#5290,#5291,#5292,#5293,#5294,#5295,#5296,#5297,
#5298,#5299,#5300));
#1036=EDGE_LOOP('',(#5301));
#1037=EDGE_LOOP('',(#5302));
#1038=EDGE_LOOP('',(#5303));
#1039=EDGE_LOOP('',(#5304));
#1040=EDGE_LOOP('',(#5305));
#1041=EDGE_LOOP('',(#5306));
#1042=EDGE_LOOP('',(#5307));
#1043=EDGE_LOOP('',(#5308));
#1044=EDGE_LOOP('',(#5309));
#1045=EDGE_LOOP('',(#5310));
#1046=EDGE_LOOP('',(#5311));
#1047=EDGE_LOOP('',(#5312));
#1048=EDGE_LOOP('',(#5313));
#1049=EDGE_LOOP('',(#5314));
#1050=EDGE_LOOP('',(#5315));
#1051=EDGE_LOOP('',(#5316));
#1052=EDGE_LOOP('',(#5317));
#1053=EDGE_LOOP('',(#5318));
#1054=EDGE_LOOP('',(#5319));
#1055=EDGE_LOOP('',(#5320));
#1056=EDGE_LOOP('',(#5321));
#1057=EDGE_LOOP('',(#5322));
#1058=EDGE_LOOP('',(#5323));
#1059=EDGE_LOOP('',(#5324));
#1060=EDGE_LOOP('',(#5325));
#1061=EDGE_LOOP('',(#5326));
#1062=EDGE_LOOP('',(#5327));
#1063=EDGE_LOOP('',(#5328));
#1064=EDGE_LOOP('',(#5329));
#1065=EDGE_LOOP('',(#5330));
#1066=EDGE_LOOP('',(#5331));
#1067=EDGE_LOOP('',(#5332));
#1068=EDGE_LOOP('',(#5333));
#1069=EDGE_LOOP('',(#5334));
#1070=EDGE_LOOP('',(#5335));
#1071=EDGE_LOOP('',(#5336));
#1072=EDGE_LOOP('',(#5337));
#1073=EDGE_LOOP('',(#5338));
#1074=EDGE_LOOP('',(#5339));
#1075=EDGE_LOOP('',(#5340));
#1076=EDGE_LOOP('',(#5341));
#1077=EDGE_LOOP('',(#5342));
#1078=EDGE_LOOP('',(#5343));
#1079=EDGE_LOOP('',(#5344));
#1080=EDGE_LOOP('',(#5345));
#1081=EDGE_LOOP('',(#5346));
#1082=EDGE_LOOP('',(#5347));
#1083=EDGE_LOOP('',(#5348));
#1084=EDGE_LOOP('',(#5349));
#1085=EDGE_LOOP('',(#5350));
#1086=EDGE_LOOP('',(#5351));
#1087=EDGE_LOOP('',(#5352));
#1088=EDGE_LOOP('',(#5353));
#1089=EDGE_LOOP('',(#5354));
#1090=EDGE_LOOP('',(#5355));
#1091=EDGE_LOOP('',(#5356));
#1092=EDGE_LOOP('',(#5357));
#1093=EDGE_LOOP('',(#5358));
#1094=EDGE_LOOP('',(#5359));
#1095=EDGE_LOOP('',(#5360));
#1096=EDGE_LOOP('',(#5361));
#1097=EDGE_LOOP('',(#5362));
#1098=EDGE_LOOP('',(#5363));
#1099=EDGE_LOOP('',(#5364));
#1100=EDGE_LOOP('',(#5365));
#1101=EDGE_LOOP('',(#5366));
#1102=EDGE_LOOP('',(#5367));
#1103=EDGE_LOOP('',(#5368));
#1104=EDGE_LOOP('',(#5369));
#1105=EDGE_LOOP('',(#5370));
#1106=EDGE_LOOP('',(#5371));
#1107=EDGE_LOOP('',(#5372));
#1108=EDGE_LOOP('',(#5373));
#1109=EDGE_LOOP('',(#5374));
#1110=EDGE_LOOP('',(#5375));
#1111=EDGE_LOOP('',(#5376));
#1112=EDGE_LOOP('',(#5377));
#1113=EDGE_LOOP('',(#5378));
#1114=EDGE_LOOP('',(#5379));
#1115=EDGE_LOOP('',(#5380));
#1116=EDGE_LOOP('',(#5381));
#1117=EDGE_LOOP('',(#5382));
#1118=EDGE_LOOP('',(#5383));
#1119=EDGE_LOOP('',(#5384));
#1120=EDGE_LOOP('',(#5385));
#1121=EDGE_LOOP('',(#5386));
#1122=EDGE_LOOP('',(#5387));
#1123=EDGE_LOOP('',(#5388));
#1124=EDGE_LOOP('',(#5389));
#1125=EDGE_LOOP('',(#5390));
#1126=EDGE_LOOP('',(#5391));
#1127=EDGE_LOOP('',(#5392));
#1128=EDGE_LOOP('',(#5393));
#1129=EDGE_LOOP('',(#5394));
#1130=EDGE_LOOP('',(#5395));
#1131=EDGE_LOOP('',(#5396));
#1132=EDGE_LOOP('',(#5397));
#1133=EDGE_LOOP('',(#5398));
#1134=EDGE_LOOP('',(#5399));
#1135=EDGE_LOOP('',(#5400));
#1136=EDGE_LOOP('',(#5401,#5402,#5403,#5404));
#1137=EDGE_LOOP('',(#5405,#5406,#5407,#5408,#5409,#5410));
#1138=EDGE_LOOP('',(#5411));
#1139=EDGE_LOOP('',(#5412,#5413,#5414,#5415));
#1140=EDGE_LOOP('',(#5416,#5417,#5418,#5419,#5420,#5421));
#1141=EDGE_LOOP('',(#5422));
#1142=EDGE_LOOP('',(#5423,#5424,#5425,#5426));
#1143=EDGE_LOOP('',(#5427,#5428,#5429,#5430,#5431,#5432,#5433,#5434,#5435,
#5436,#5437,#5438,#5439,#5440,#5441,#5442,#5443,#5444,#5445,#5446,#5447,
#5448,#5449,#5450));
#1144=EDGE_LOOP('',(#5451,#5452,#5453,#5454));
#1145=EDGE_LOOP('',(#5455,#5456,#5457,#5458));
#1146=EDGE_LOOP('',(#5459,#5460,#5461,#5462));
#1147=EDGE_LOOP('',(#5463,#5464,#5465,#5466));
#1148=EDGE_LOOP('',(#5467,#5468,#5469,#5470,#5471,#5472,#5473,#5474));
#1149=EDGE_LOOP('',(#5475));
#1150=EDGE_LOOP('',(#5476));
#1151=EDGE_LOOP('',(#5477));
#1152=EDGE_LOOP('',(#5478));
#1153=EDGE_LOOP('',(#5479));
#1154=EDGE_LOOP('',(#5480));
#1155=EDGE_LOOP('',(#5481));
#1156=EDGE_LOOP('',(#5482));
#1157=EDGE_LOOP('',(#5483));
#1158=EDGE_LOOP('',(#5484));
#1159=EDGE_LOOP('',(#5485));
#1160=EDGE_LOOP('',(#5486));
#1161=EDGE_LOOP('',(#5487));
#1162=EDGE_LOOP('',(#5488));
#1163=EDGE_LOOP('',(#5489));
#1164=EDGE_LOOP('',(#5490));
#1165=EDGE_LOOP('',(#5491));
#1166=EDGE_LOOP('',(#5492));
#1167=EDGE_LOOP('',(#5493));
#1168=EDGE_LOOP('',(#5494));
#1169=EDGE_LOOP('',(#5495));
#1170=EDGE_LOOP('',(#5496));
#1171=EDGE_LOOP('',(#5497));
#1172=EDGE_LOOP('',(#5498));
#1173=EDGE_LOOP('',(#5499));
#1174=EDGE_LOOP('',(#5500));
#1175=EDGE_LOOP('',(#5501));
#1176=EDGE_LOOP('',(#5502));
#1177=EDGE_LOOP('',(#5503));
#1178=EDGE_LOOP('',(#5504));
#1179=EDGE_LOOP('',(#5505));
#1180=EDGE_LOOP('',(#5506));
#1181=EDGE_LOOP('',(#5507));
#1182=EDGE_LOOP('',(#5508));
#1183=EDGE_LOOP('',(#5509));
#1184=EDGE_LOOP('',(#5510));
#1185=EDGE_LOOP('',(#5511));
#1186=EDGE_LOOP('',(#5512));
#1187=EDGE_LOOP('',(#5513));
#1188=EDGE_LOOP('',(#5514));
#1189=EDGE_LOOP('',(#5515));
#1190=EDGE_LOOP('',(#5516));
#1191=EDGE_LOOP('',(#5517));
#1192=EDGE_LOOP('',(#5518));
#1193=EDGE_LOOP('',(#5519));
#1194=EDGE_LOOP('',(#5520));
#1195=EDGE_LOOP('',(#5521));
#1196=EDGE_LOOP('',(#5522));
#1197=EDGE_LOOP('',(#5523));
#1198=EDGE_LOOP('',(#5524));
#1199=EDGE_LOOP('',(#5525));
#1200=EDGE_LOOP('',(#5526));
#1201=EDGE_LOOP('',(#5527));
#1202=EDGE_LOOP('',(#5528));
#1203=EDGE_LOOP('',(#5529));
#1204=EDGE_LOOP('',(#5530));
#1205=EDGE_LOOP('',(#5531));
#1206=EDGE_LOOP('',(#5532));
#1207=EDGE_LOOP('',(#5533));
#1208=EDGE_LOOP('',(#5534));
#1209=EDGE_LOOP('',(#5535));
#1210=EDGE_LOOP('',(#5536));
#1211=EDGE_LOOP('',(#5537));
#1212=EDGE_LOOP('',(#5538));
#1213=EDGE_LOOP('',(#5539));
#1214=EDGE_LOOP('',(#5540));
#1215=EDGE_LOOP('',(#5541));
#1216=EDGE_LOOP('',(#5542));
#1217=EDGE_LOOP('',(#5543));
#1218=EDGE_LOOP('',(#5544));
#1219=EDGE_LOOP('',(#5545));
#1220=EDGE_LOOP('',(#5546));
#1221=EDGE_LOOP('',(#5547));
#1222=EDGE_LOOP('',(#5548));
#1223=EDGE_LOOP('',(#5549));
#1224=EDGE_LOOP('',(#5550));
#1225=EDGE_LOOP('',(#5551));
#1226=EDGE_LOOP('',(#5552));
#1227=EDGE_LOOP('',(#5553));
#1228=EDGE_LOOP('',(#5554));
#1229=EDGE_LOOP('',(#5555));
#1230=EDGE_LOOP('',(#5556));
#1231=EDGE_LOOP('',(#5557));
#1232=EDGE_LOOP('',(#5558));
#1233=EDGE_LOOP('',(#5559));
#1234=EDGE_LOOP('',(#5560));
#1235=EDGE_LOOP('',(#5561));
#1236=EDGE_LOOP('',(#5562));
#1237=EDGE_LOOP('',(#5563));
#1238=EDGE_LOOP('',(#5564));
#1239=EDGE_LOOP('',(#5565));
#1240=EDGE_LOOP('',(#5566));
#1241=EDGE_LOOP('',(#5567));
#1242=EDGE_LOOP('',(#5568));
#1243=EDGE_LOOP('',(#5569));
#1244=EDGE_LOOP('',(#5570));
#1245=EDGE_LOOP('',(#5571));
#1246=EDGE_LOOP('',(#5572));
#1247=EDGE_LOOP('',(#5573));
#1248=EDGE_LOOP('',(#5574));
#1249=EDGE_LOOP('',(#5575,#5576,#5577,#5578));
#1250=EDGE_LOOP('',(#5579,#5580,#5581,#5582));
#1251=EDGE_LOOP('',(#5583,#5584,#5585,#5586,#5587,#5588,#5589,#5590));
#1252=EDGE_LOOP('',(#5591,#5592,#5593,#5594));
#1253=EDGE_LOOP('',(#5595,#5596,#5597,#5598));
#1254=EDGE_LOOP('',(#5599,#5600,#5601,#5602));
#1255=EDGE_LOOP('',(#5603,#5604,#5605,#5606));
#1256=EDGE_LOOP('',(#5607,#5608,#5609,#5610));
#1257=EDGE_LOOP('',(#5611,#5612,#5613,#5614));
#1258=EDGE_LOOP('',(#5615,#5616,#5617,#5618));
#1259=EDGE_LOOP('',(#5619,#5620,#5621,#5622));
#1260=EDGE_LOOP('',(#5623,#5624,#5625,#5626));
#1261=EDGE_LOOP('',(#5627,#5628,#5629,#5630));
#1262=EDGE_LOOP('',(#5631,#5632,#5633,#5634));
#1263=EDGE_LOOP('',(#5635,#5636,#5637,#5638));
#1264=EDGE_LOOP('',(#5639,#5640,#5641,#5642));
#1265=EDGE_LOOP('',(#5643,#5644,#5645,#5646));
#1266=EDGE_LOOP('',(#5647,#5648,#5649,#5650));
#1267=EDGE_LOOP('',(#5651,#5652,#5653,#5654));
#1268=EDGE_LOOP('',(#5655,#5656,#5657,#5658));
#1269=EDGE_LOOP('',(#5659,#5660,#5661,#5662));
#1270=EDGE_LOOP('',(#5663,#5664,#5665,#5666));
#1271=EDGE_LOOP('',(#5667,#5668,#5669,#5670));
#1272=EDGE_LOOP('',(#5671,#5672,#5673,#5674,#5675,#5676,#5677,#5678,#5679,
#5680,#5681,#5682));
#1273=EDGE_LOOP('',(#5683,#5684,#5685,#5686));
#1274=EDGE_LOOP('',(#5687,#5688,#5689,#5690,#5691,#5692,#5693,#5694,#5695,
#5696,#5697));
#1275=EDGE_LOOP('',(#5698));
#1276=EDGE_LOOP('',(#5699,#5700,#5701,#5702));
#1277=EDGE_LOOP('',(#5703,#5704,#5705,#5706));
#1278=EDGE_LOOP('',(#5707,#5708,#5709,#5710));
#1279=EDGE_LOOP('',(#5711,#5712,#5713,#5714));
#1280=EDGE_LOOP('',(#5715,#5716,#5717,#5718,#5719,#5720,#5721,#5722,#5723,
#5724,#5725,#5726,#5727,#5728,#5729,#5730));
#1281=EDGE_LOOP('',(#5731,#5732,#5733,#5734));
#1282=EDGE_LOOP('',(#5735,#5736,#5737,#5738));
#1283=EDGE_LOOP('',(#5739,#5740,#5741,#5742,#5743,#5744));
#1284=EDGE_LOOP('',(#5745));
#1285=EDGE_LOOP('',(#5746,#5747,#5748,#5749,#5750,#5751));
#1286=EDGE_LOOP('',(#5752));
#1287=EDGE_LOOP('',(#5753,#5754,#5755,#5756));
#1288=EDGE_LOOP('',(#5757,#5758,#5759,#5760));
#1289=EDGE_LOOP('',(#5761,#5762,#5763,#5764,#5765,#5766,#5767,#5768,#5769,
#5770,#5771));
#1290=EDGE_LOOP('',(#5772));
#1291=EDGE_LOOP('',(#5773,#5774,#5775,#5776));
#1292=EDGE_LOOP('',(#5777,#5778,#5779,#5780));
#1293=EDGE_LOOP('',(#5781,#5782,#5783,#5784));
#1294=EDGE_LOOP('',(#5785,#5786,#5787,#5788));
#1295=EDGE_LOOP('',(#5789,#5790,#5791,#5792));
#1296=EDGE_LOOP('',(#5793,#5794,#5795,#5796));
#1297=EDGE_LOOP('',(#5797,#5798,#5799,#5800));
#1298=EDGE_LOOP('',(#5801,#5802,#5803,#5804));
#1299=EDGE_LOOP('',(#5805,#5806,#5807,#5808));
#1300=EDGE_LOOP('',(#5809,#5810,#5811,#5812));
#1301=EDGE_LOOP('',(#5813,#5814,#5815,#5816));
#1302=EDGE_LOOP('',(#5817,#5818,#5819,#5820));
#1303=EDGE_LOOP('',(#5821,#5822,#5823,#5824));
#1304=EDGE_LOOP('',(#5825,#5826,#5827,#5828,#5829,#5830,#5831,#5832,#5833,
#5834,#5835,#5836));
#1305=EDGE_LOOP('',(#5837,#5838,#5839,#5840));
#1306=EDGE_LOOP('',(#5841,#5842,#5843,#5844,#5845,#5846,#5847,#5848,#5849,
#5850,#5851,#5852));
#1307=EDGE_LOOP('',(#5853,#5854,#5855,#5856));
#1308=EDGE_LOOP('',(#5857,#5858,#5859,#5860));
#1309=EDGE_LOOP('',(#5861,#5862,#5863,#5864));
#1310=EDGE_LOOP('',(#5865));
#1311=EDGE_LOOP('',(#5866,#5867,#5868,#5869));
#1312=EDGE_LOOP('',(#5870));
#1313=EDGE_LOOP('',(#5871,#5872,#5873,#5874));
#1314=CIRCLE('',#6380,2.5175);
#1315=CIRCLE('',#6384,2.5175);
#1316=CIRCLE('',#6386,2.5175);
#1317=CIRCLE('',#6390,2.5175);
#1318=CIRCLE('',#6392,2.5175);
#1319=CIRCLE('',#6396,2.5175);
#1320=CIRCLE('',#6398,3.0735);
#1321=CIRCLE('',#6402,3.0735);
#1322=CIRCLE('',#6404,3.07349999999996);
#1323=CIRCLE('',#6408,3.07349999999996);
#1324=CIRCLE('',#6410,3.07349999999996);
#1325=CIRCLE('',#6414,3.07349999999996);
#1326=CIRCLE('',#6452,1.5);
#1327=CIRCLE('',#6453,1.5);
#1328=CIRCLE('',#6455,1.5);
#1329=CIRCLE('',#6456,1.5);
#1330=CIRCLE('',#6462,1.5);
#1331=CIRCLE('',#6463,1.5);
#1332=CIRCLE('',#6465,1.5);
#1333=CIRCLE('',#6466,1.5);
#1334=CIRCLE('',#6472,1.5);
#1335=CIRCLE('',#6473,1.5);
#1336=CIRCLE('',#6475,1.5);
#1337=CIRCLE('',#6476,1.5);
#1338=CIRCLE('',#6480,1.5);
#1339=CIRCLE('',#6481,1.5);
#1340=CIRCLE('',#6483,1.5);
#1341=CIRCLE('',#6484,1.5);
#1342=CIRCLE('',#6490,1.99999999999999);
#1343=CIRCLE('',#6491,1.99999999999999);
#1344=CIRCLE('',#6493,1.75000000000001);
#1345=CIRCLE('',#6494,1.75000000000001);
#1346=CIRCLE('',#6506,1.75000000000001);
#1347=CIRCLE('',#6507,1.75000000000001);
#1348=CIRCLE('',#6509,1.99999999999999);
#1349=CIRCLE('',#6510,1.99999999999999);
#1350=CIRCLE('',#6512,1.75000000000001);
#1351=CIRCLE('',#6513,1.75000000000001);
#1352=CIRCLE('',#6515,1.74999999999997);
#1353=CIRCLE('',#6516,1.74999999999997);
#1354=CIRCLE('',#6536,0.999999999999996);
#1355=CIRCLE('',#6537,0.999999999999996);
#1356=CIRCLE('',#6539,0.999999999999996);
#1357=CIRCLE('',#6540,0.999999999999996);
#1358=CIRCLE('',#6542,0.999999999999996);
#1359=CIRCLE('',#6543,0.999999999999996);
#1360=CIRCLE('',#6545,0.999999999999996);
#1361=CIRCLE('',#6546,0.999999999999996);
#1362=CIRCLE('',#6548,0.999999999999996);
#1363=CIRCLE('',#6549,0.999999999999996);
#1364=CIRCLE('',#6551,0.999999999999996);
#1365=CIRCLE('',#6552,0.999999999999996);
#1366=CIRCLE('',#6554,0.999999999999996);
#1367=CIRCLE('',#6555,0.999999999999996);
#1368=CIRCLE('',#6557,0.999999999999996);
#1369=CIRCLE('',#6558,0.999999999999996);
#1370=CIRCLE('',#6560,0.999999999999996);
#1371=CIRCLE('',#6561,0.999999999999996);
#1372=CIRCLE('',#6563,0.999999999999996);
#1373=CIRCLE('',#6564,0.999999999999996);
#1374=CIRCLE('',#6566,0.999999999999996);
#1375=CIRCLE('',#6567,0.999999999999996);
#1376=CIRCLE('',#6569,0.999999999999996);
#1377=CIRCLE('',#6570,0.999999999999996);
#1378=CIRCLE('',#6572,1.00000000000001);
#1379=CIRCLE('',#6573,1.00000000000001);
#1380=CIRCLE('',#6575,1.00000000000001);
#1381=CIRCLE('',#6576,1.00000000000001);
#1382=CIRCLE('',#6578,1.00000000000001);
#1383=CIRCLE('',#6579,1.00000000000001);
#1384=CIRCLE('',#6581,1.00000000000001);
#1385=CIRCLE('',#6582,1.00000000000001);
#1386=CIRCLE('',#6584,1.00000000000001);
#1387=CIRCLE('',#6585,1.00000000000001);
#1388=CIRCLE('',#6587,1.00000000000001);
#1389=CIRCLE('',#6588,1.00000000000001);
#1390=CIRCLE('',#6590,1.00000000000001);
#1391=CIRCLE('',#6591,1.00000000000001);
#1392=CIRCLE('',#6593,1.00000000000001);
#1393=CIRCLE('',#6594,1.00000000000001);
#1394=CIRCLE('',#6596,1.00000000000001);
#1395=CIRCLE('',#6597,1.00000000000001);
#1396=CIRCLE('',#6599,1.00000000000001);
#1397=CIRCLE('',#6600,1.00000000000001);
#1398=CIRCLE('',#6602,1.00000000000001);
#1399=CIRCLE('',#6603,1.00000000000001);
#1400=CIRCLE('',#6605,1.00000000000001);
#1401=CIRCLE('',#6606,1.00000000000001);
#1402=CIRCLE('',#6608,1.00000000000001);
#1403=CIRCLE('',#6609,1.00000000000001);
#1404=CIRCLE('',#6611,1.00000000000001);
#1405=CIRCLE('',#6612,1.00000000000001);
#1406=CIRCLE('',#6614,1.00000000000001);
#1407=CIRCLE('',#6615,1.00000000000001);
#1408=CIRCLE('',#6617,1.00000000000001);
#1409=CIRCLE('',#6618,1.00000000000001);
#1410=CIRCLE('',#6620,1.00000000000001);
#1411=CIRCLE('',#6621,1.00000000000001);
#1412=CIRCLE('',#6623,1.00000000000001);
#1413=CIRCLE('',#6624,1.00000000000001);
#1414=CIRCLE('',#6626,1.00000000000001);
#1415=CIRCLE('',#6627,1.00000000000001);
#1416=CIRCLE('',#6629,1.00000000000001);
#1417=CIRCLE('',#6630,1.00000000000001);
#1418=CIRCLE('',#6632,1.00000000000001);
#1419=CIRCLE('',#6633,1.00000000000001);
#1420=CIRCLE('',#6635,1.00000000000001);
#1421=CIRCLE('',#6636,1.00000000000001);
#1422=CIRCLE('',#6638,1.00000000000001);
#1423=CIRCLE('',#6639,1.00000000000001);
#1424=CIRCLE('',#6641,1.00000000000001);
#1425=CIRCLE('',#6642,1.00000000000001);
#1426=CIRCLE('',#6644,1.00000000000001);
#1427=CIRCLE('',#6645,1.00000000000001);
#1428=CIRCLE('',#6647,0.999999999999996);
#1429=CIRCLE('',#6648,0.999999999999996);
#1430=CIRCLE('',#6650,0.999999999999996);
#1431=CIRCLE('',#6651,0.999999999999996);
#1432=CIRCLE('',#6653,0.999999999999996);
#1433=CIRCLE('',#6654,0.999999999999996);
#1434=CIRCLE('',#6656,0.999999999999996);
#1435=CIRCLE('',#6657,0.999999999999996);
#1436=CIRCLE('',#6659,0.999999999999996);
#1437=CIRCLE('',#6660,0.999999999999996);
#1438=CIRCLE('',#6662,0.999999999999996);
#1439=CIRCLE('',#6663,0.999999999999996);
#1440=CIRCLE('',#6665,0.999999999999996);
#1441=CIRCLE('',#6666,0.999999999999996);
#1442=CIRCLE('',#6668,0.999999999999996);
#1443=CIRCLE('',#6669,0.999999999999996);
#1444=CIRCLE('',#6671,0.999999999999996);
#1445=CIRCLE('',#6672,0.999999999999996);
#1446=CIRCLE('',#6674,0.999999999999996);
#1447=CIRCLE('',#6675,0.999999999999996);
#1448=CIRCLE('',#6677,0.999999999999996);
#1449=CIRCLE('',#6678,0.999999999999996);
#1450=CIRCLE('',#6680,0.999999999999996);
#1451=CIRCLE('',#6681,0.999999999999996);
#1452=CIRCLE('',#6683,0.999999999999996);
#1453=CIRCLE('',#6684,0.999999999999996);
#1454=CIRCLE('',#6686,0.999999999999996);
#1455=CIRCLE('',#6687,0.999999999999996);
#1456=CIRCLE('',#6689,0.999999999999996);
#1457=CIRCLE('',#6690,0.999999999999996);
#1458=CIRCLE('',#6692,0.999999999999996);
#1459=CIRCLE('',#6693,0.999999999999996);
#1460=CIRCLE('',#6695,0.999999999999996);
#1461=CIRCLE('',#6696,0.999999999999996);
#1462=CIRCLE('',#6698,0.999999999999996);
#1463=CIRCLE('',#6699,0.999999999999996);
#1464=CIRCLE('',#6701,0.999999999999996);
#1465=CIRCLE('',#6702,0.999999999999996);
#1466=CIRCLE('',#6704,0.999999999999996);
#1467=CIRCLE('',#6705,0.999999999999996);
#1468=CIRCLE('',#6707,0.999999999999996);
#1469=CIRCLE('',#6708,0.999999999999996);
#1470=CIRCLE('',#6710,0.999999999999996);
#1471=CIRCLE('',#6711,0.999999999999996);
#1472=CIRCLE('',#6713,0.999999999999996);
#1473=CIRCLE('',#6714,0.999999999999996);
#1474=CIRCLE('',#6716,0.999999999999996);
#1475=CIRCLE('',#6717,0.999999999999996);
#1476=CIRCLE('',#6719,0.999999999999996);
#1477=CIRCLE('',#6720,0.999999999999996);
#1478=CIRCLE('',#6722,1.00000000000001);
#1479=CIRCLE('',#6723,1.00000000000001);
#1480=CIRCLE('',#6725,1.00000000000001);
#1481=CIRCLE('',#6726,1.00000000000001);
#1482=CIRCLE('',#6728,1.00000000000001);
#1483=CIRCLE('',#6729,1.00000000000001);
#1484=CIRCLE('',#6731,1.00000000000001);
#1485=CIRCLE('',#6732,1.00000000000001);
#1486=CIRCLE('',#6734,1.00000000000001);
#1487=CIRCLE('',#6735,1.00000000000001);
#1488=CIRCLE('',#6737,1.00000000000001);
#1489=CIRCLE('',#6738,1.00000000000001);
#1490=CIRCLE('',#6740,1.00000000000001);
#1491=CIRCLE('',#6741,1.00000000000001);
#1492=CIRCLE('',#6743,1.00000000000001);
#1493=CIRCLE('',#6744,1.00000000000001);
#1494=CIRCLE('',#6746,1.00000000000001);
#1495=CIRCLE('',#6747,1.00000000000001);
#1496=CIRCLE('',#6749,1.00000000000001);
#1497=CIRCLE('',#6750,1.00000000000001);
#1498=CIRCLE('',#6752,1.00000000000001);
#1499=CIRCLE('',#6753,1.00000000000001);
#1500=CIRCLE('',#6755,1.00000000000001);
#1501=CIRCLE('',#6756,1.00000000000001);
#1502=CIRCLE('',#6758,1.00000000000001);
#1503=CIRCLE('',#6759,1.00000000000001);
#1504=CIRCLE('',#6761,1.00000000000001);
#1505=CIRCLE('',#6762,1.00000000000001);
#1506=CIRCLE('',#6764,1.00000000000001);
#1507=CIRCLE('',#6765,1.00000000000001);
#1508=CIRCLE('',#6767,1.00000000000001);
#1509=CIRCLE('',#6768,1.00000000000001);
#1510=CIRCLE('',#6770,1.00000000000001);
#1511=CIRCLE('',#6771,1.00000000000001);
#1512=CIRCLE('',#6773,1.00000000000001);
#1513=CIRCLE('',#6774,1.00000000000001);
#1514=CIRCLE('',#6776,1.00000000000001);
#1515=CIRCLE('',#6777,1.00000000000001);
#1516=CIRCLE('',#6779,1.00000000000001);
#1517=CIRCLE('',#6780,1.00000000000001);
#1518=CIRCLE('',#6782,1.00000000000001);
#1519=CIRCLE('',#6783,1.00000000000001);
#1520=CIRCLE('',#6785,1.00000000000001);
#1521=CIRCLE('',#6786,1.00000000000001);
#1522=CIRCLE('',#6788,1.00000000000001);
#1523=CIRCLE('',#6789,1.00000000000001);
#1524=CIRCLE('',#6791,1.00000000000001);
#1525=CIRCLE('',#6792,1.00000000000001);
#1526=CIRCLE('',#6794,1.00000000000001);
#1527=CIRCLE('',#6795,1.00000000000001);
#1528=CIRCLE('',#6797,0.999999999999996);
#1529=CIRCLE('',#6798,0.999999999999996);
#1530=CIRCLE('',#6800,0.999999999999996);
#1531=CIRCLE('',#6801,0.999999999999996);
#1532=CIRCLE('',#6803,0.999999999999996);
#1533=CIRCLE('',#6804,0.999999999999996);
#1534=CIRCLE('',#6806,0.999999999999996);
#1535=CIRCLE('',#6807,0.999999999999996);
#1536=CIRCLE('',#6809,0.999999999999996);
#1537=CIRCLE('',#6810,0.999999999999996);
#1538=CIRCLE('',#6812,0.999999999999996);
#1539=CIRCLE('',#6813,0.999999999999996);
#1540=CIRCLE('',#6815,0.999999999999996);
#1541=CIRCLE('',#6816,0.999999999999996);
#1542=CIRCLE('',#6818,0.999999999999996);
#1543=CIRCLE('',#6819,0.999999999999996);
#1544=CIRCLE('',#6821,0.999999999999996);
#1545=CIRCLE('',#6822,0.999999999999996);
#1546=CIRCLE('',#6824,0.999999999999996);
#1547=CIRCLE('',#6825,0.999999999999996);
#1548=CIRCLE('',#6827,0.999999999999996);
#1549=CIRCLE('',#6828,0.999999999999996);
#1550=CIRCLE('',#6830,0.999999999999996);
#1551=CIRCLE('',#6831,0.999999999999996);
#1552=CIRCLE('',#6833,0.999999999999996);
#1553=CIRCLE('',#6834,0.999999999999996);
#1554=CIRCLE('',#6835,2.);
#1555=CIRCLE('',#6836,2.);
#1556=CIRCLE('',#6837,2.);
#1557=CIRCLE('',#6838,2.);
#1558=CIRCLE('',#6840,2.);
#1559=CIRCLE('',#6841,1.99999999999999);
#1560=CIRCLE('',#6843,2.);
#1561=CIRCLE('',#6844,5.);
#1562=CIRCLE('',#6845,3.);
#1563=CIRCLE('',#6847,2.);
#1564=CIRCLE('',#6849,2.);
#1565=CIRCLE('',#6850,1.99999999999997);
#1566=CIRCLE('',#6851,2.);
#1567=CIRCLE('',#6853,2.00000000000003);
#1568=CIRCLE('',#6855,2.);
#1569=CIRCLE('',#6856,2.00000000000003);
#1570=CIRCLE('',#6858,1.99999999999998);
#1571=CIRCLE('',#6859,2.00000000000001);
#1572=CIRCLE('',#6860,2.);
#1573=CIRCLE('',#6862,2.00000000000003);
#1574=CIRCLE('',#6864,2.);
#1575=CIRCLE('',#6865,1.99999999999999);
#1576=CIRCLE('',#6867,2.);
#1577=CIRCLE('',#6868,5.);
#1578=CIRCLE('',#6869,3.);
#1579=CIRCLE('',#6871,2.);
#1580=CIRCLE('',#6873,1.99999999999996);
#1581=CIRCLE('',#6875,2.00000000000003);
#1582=CIRCLE('',#6881,5.);
#1583=CIRCLE('',#6882,5.);
#1584=CIRCLE('',#6884,3.50000000000001);
#1585=CIRCLE('',#6886,5.);
#1586=CIRCLE('',#6887,5.);
#1587=CIRCLE('',#6889,3.50000000000001);
#1588=CIRCLE('',#6891,5.);
#1589=CIRCLE('',#6894,5.);
#1590=CIRCLE('',#6918,3.50000000000001);
#1591=CIRCLE('',#6925,3.5);
#1592=CIRCLE('',#6926,3.5);
#1593=CIRCLE('',#6931,3.50000000000001);
#1594=CIRCLE('',#6934,2.942);
#1595=CIRCLE('',#6939,2.37175000000001);
#1596=CIRCLE('',#6949,2.37175000000001);
#1597=CIRCLE('',#6951,2.942);
#1598=CIRCLE('',#6954,3.99999999999999);
#1599=CIRCLE('',#6955,3.99999999999999);
#1600=B_SPLINE_CURVE_WITH_KNOTS('',3,(#8585,#8586,#8587,#8588),
 .UNSPECIFIED.,.F.,.F.,(4,4),(26.4423043696954,27.1496861217468),
 .UNSPECIFIED.);
#1601=B_SPLINE_CURVE_WITH_KNOTS('',3,(#8591,#8592,#8593,#8594,#8595,#8596,
#8597,#8598,#8599,#8600),.UNSPECIFIED.,.F.,.F.,(4,3,3,4),(-25.1327412287185,
-24.2407911801311,-23.2711595329258,-22.6985303271799),.UNSPECIFIED.);
#1602=B_SPLINE_CURVE_WITH_KNOTS('',3,(#8605,#8606,#8607,#8608,#8609,#8610,
#8611,#8612,#8613,#8614,#8615,#8616,#8617,#8618,#8619,#8620,#8621,#8622,
#8623,#8624,#8625,#8626,#8627,#8628,#8629),.UNSPECIFIED.,.F.,.F.,(4,3,3,
3,3,3,3,3,4),(20.1591190625159,20.3622645913101,21.3318962385153,22.3015278857206,
23.2711595329258,24.2407911801311,25.2104228273363,26.1800544745416,26.4423043696954),
 .UNSPECIFIED.);
#1603=B_SPLINE_CURVE_WITH_KNOTS('',3,(#8630,#8631,#8632,#8633,#8634,#8635,
#8636,#8637,#8638,#8639,#8640,#8641,#8642,#8643,#8644,#8645,#8646,#8647,
#8648,#8649,#8650,#8651,#8652,#8653,#8654),.UNSPECIFIED.,.F.,.F.,(4,3,3,
3,3,3,3,3,4),(-22.6985303271799,-22.3015278857206,-21.3318962385153,-20.3622645913101,
-19.3926329441049,-18.4230012968996,-17.4533696496944,-16.4837380024891,
-16.4153450200003),.UNSPECIFIED.);
#1604=B_SPLINE_CURVE_WITH_KNOTS('',3,(#8659,#8660,#8661,#8662,#8663,#8664,
#8665,#8666,#8667,#8668,#8669,#8670,#8671,#8672,#8673,#8674,#8675,#8676,
#8677,#8678,#8679,#8680),.UNSPECIFIED.,.F.,.F.,(4,3,3,3,3,3,3,4),(13.8759337553363,
14.5444747080787,15.5141063552839,16.4837380024891,17.4533696496944,18.4230012968996,
19.3926329441049,20.1591190625159),.UNSPECIFIED.);
#1605=B_SPLINE_CURVE_WITH_KNOTS('',3,(#8681,#8682,#8683,#8684,#8685,#8686,
#8687,#8688,#8689,#8690,#8691,#8692,#8693,#8694,#8695,#8696,#8697,#8698,
#8699,#8700,#8701,#8702),.UNSPECIFIED.,.F.,.F.,(4,3,3,3,3,3,3,4),(-16.4153450200003,
-15.5141063552839,-14.5444747080786,-13.5748430608734,-12.6052114136682,
-11.6355797664629,-10.6659481192577,-10.1321597128207),.UNSPECIFIED.);
#1606=B_SPLINE_CURVE_WITH_KNOTS('',3,(#8708,#8709,#8710,#8711,#8712,#8713,
#8714,#8715,#8716,#8717,#8718,#8719,#8720),.UNSPECIFIED.,.F.,.F.,(4,3,3,
3,4),(-3.84897440564116,-2.90889494161573,-1.93926329441049,-0.969631647205245,
0.),.UNSPECIFIED.);
#1607=B_SPLINE_CURVE_WITH_KNOTS('',3,(#8723,#8724,#8725,#8726,#8727,#8728,
#8729,#8730,#8731,#8732,#8733,#8734,#8735,#8736,#8737,#8738,#8739,#8740,
#8741),.UNSPECIFIED.,.F.,.F.,(4,3,3,3,3,3,4),(2.01694489302825,2.90889494161573,
3.87852658882097,4.84815823602621,5.81778988323146,6.7874215304367,7.59274844815669),
 .UNSPECIFIED.);
#1608=B_SPLINE_CURVE_WITH_KNOTS('',3,(#8747,#8748,#8749,#8750),
 .UNSPECIFIED.,.F.,.F.,(4,4),(26.4423043696955,27.1496861217468),
 .UNSPECIFIED.);
#1609=B_SPLINE_CURVE_WITH_KNOTS('',3,(#8753,#8754,#8755,#8756,#8757,#8758,
#8759,#8760,#8761,#8762),.UNSPECIFIED.,.F.,.F.,(4,3,3,4),(-25.1327412287185,
-24.2407911801311,-23.2711595329258,-22.6985303271799),.UNSPECIFIED.);
#1610=B_SPLINE_CURVE_WITH_KNOTS('',3,(#8767,#8768,#8769,#8770,#8771,#8772,
#8773,#8774,#8775,#8776,#8777,#8778,#8779,#8780,#8781,#8782,#8783,#8784,
#8785,#8786,#8787,#8788,#8789,#8790,#8791),.UNSPECIFIED.,.F.,.F.,(4,3,3,
3,3,3,3,3,4),(20.1591190625159,20.3622645913101,21.3318962385154,22.3015278857206,
23.2711595329258,24.2407911801311,25.2104228273363,26.1800544745416,26.4423043696955),
 .UNSPECIFIED.);
#1611=B_SPLINE_CURVE_WITH_KNOTS('',3,(#8792,#8793,#8794,#8795,#8796,#8797,
#8798,#8799,#8800,#8801,#8802,#8803,#8804,#8805,#8806,#8807,#8808,#8809,
#8810,#8811,#8812,#8813,#8814,#8815,#8816),.UNSPECIFIED.,.F.,.F.,(4,3,3,
3,3,3,3,3,4),(-22.6985303271799,-22.3015278857206,-21.3318962385154,-20.3622645913101,
-19.3926329441049,-18.4230012968996,-17.4533696496944,-16.4837380024891,
-16.4153450200003),.UNSPECIFIED.);
#1612=B_SPLINE_CURVE_WITH_KNOTS('',3,(#8821,#8822,#8823,#8824,#8825,#8826,
#8827,#8828,#8829,#8830,#8831,#8832,#8833,#8834,#8835,#8836,#8837,#8838,
#8839,#8840,#8841,#8842),.UNSPECIFIED.,.F.,.F.,(4,3,3,3,3,3,3,4),(13.8759337553363,
14.5444747080786,15.5141063552839,16.4837380024891,17.4533696496944,18.4230012968996,
19.3926329441049,20.1591190625159),.UNSPECIFIED.);
#1613=B_SPLINE_CURVE_WITH_KNOTS('',3,(#8843,#8844,#8845,#8846,#8847,#8848,
#8849,#8850,#8851,#8852,#8853,#8854,#8855,#8856,#8857,#8858,#8859,#8860,
#8861,#8862,#8863,#8864),.UNSPECIFIED.,.F.,.F.,(4,3,3,3,3,3,3,4),(-16.4153450200003,
-15.5141063552839,-14.5444747080786,-13.5748430608734,-12.6052114136682,
-11.6355797664629,-10.6659481192577,-10.1321597128207),.UNSPECIFIED.);
#1614=B_SPLINE_CURVE_WITH_KNOTS('',3,(#8870,#8871,#8872,#8873,#8874,#8875,
#8876,#8877,#8878,#8879,#8880,#8881,#8882),.UNSPECIFIED.,.F.,.F.,(4,3,3,
3,4),(-3.84897440564115,-2.90889494161573,-1.93926329441049,-0.969631647205245,
0.),.UNSPECIFIED.);
#1615=B_SPLINE_CURVE_WITH_KNOTS('',3,(#8885,#8886,#8887,#8888,#8889,#8890,
#8891,#8892,#8893,#8894,#8895,#8896,#8897,#8898,#8899,#8900,#8901,#8902,
#8903),.UNSPECIFIED.,.F.,.F.,(4,3,3,3,3,3,4),(2.0169448930282,2.90889494161573,
3.87852658882097,4.84815823602622,5.81778988323146,6.7874215304367,7.59274844815671),
 .UNSPECIFIED.);
#1616=B_SPLINE_CURVE_WITH_KNOTS('',3,(#8909,#8910,#8911,#8912),
 .UNSPECIFIED.,.F.,.F.,(4,4),(26.4423043696954,27.1496861217468),
 .UNSPECIFIED.);
#1617=B_SPLINE_CURVE_WITH_KNOTS('',3,(#8915,#8916,#8917,#8918,#8919,#8920,
#8921,#8922,#8923,#8924),.UNSPECIFIED.,.F.,.F.,(4,3,3,4),(-25.1327412287183,
-24.2407911801311,-23.2711595329258,-22.6985303271799),.UNSPECIFIED.);
#1618=B_SPLINE_CURVE_WITH_KNOTS('',3,(#8929,#8930,#8931,#8932,#8933,#8934,
#8935,#8936,#8937,#8938,#8939,#8940,#8941,#8942,#8943,#8944,#8945,#8946,
#8947,#8948,#8949,#8950,#8951,#8952,#8953),.UNSPECIFIED.,.F.,.F.,(4,3,3,
3,3,3,3,3,4),(20.1591190625159,20.3622645913101,21.3318962385154,22.3015278857206,
23.2711595329258,24.2407911801311,25.2104228273363,26.1800544745416,26.4423043696954),
 .UNSPECIFIED.);
#1619=B_SPLINE_CURVE_WITH_KNOTS('',3,(#8954,#8955,#8956,#8957,#8958,#8959,
#8960,#8961,#8962,#8963,#8964,#8965,#8966,#8967,#8968,#8969,#8970,#8971,
#8972,#8973,#8974,#8975,#8976,#8977,#8978),.UNSPECIFIED.,.F.,.F.,(4,3,3,
3,3,3,3,3,4),(-22.6985303271799,-22.3015278857206,-21.3318962385153,-20.3622645913101,
-19.3926329441049,-18.4230012968996,-17.4533696496944,-16.4837380024891,
-16.4153450200003),.UNSPECIFIED.);
#1620=B_SPLINE_CURVE_WITH_KNOTS('',3,(#8983,#8984,#8985,#8986,#8987,#8988,
#8989,#8990,#8991,#8992,#8993,#8994,#8995,#8996,#8997,#8998,#8999,#9000,
#9001,#9002,#9003,#9004),.UNSPECIFIED.,.F.,.F.,(4,3,3,3,3,3,3,4),(13.8759337553363,
14.5444747080786,15.5141063552839,16.4837380024891,17.4533696496944,18.4230012968996,
19.3926329441049,20.1591190625159),.UNSPECIFIED.);
#1621=B_SPLINE_CURVE_WITH_KNOTS('',3,(#9005,#9006,#9007,#9008,#9009,#9010,
#9011,#9012,#9013,#9014,#9015,#9016,#9017,#9018,#9019,#9020,#9021,#9022,
#9023,#9024,#9025,#9026),.UNSPECIFIED.,.F.,.F.,(4,3,3,3,3,3,3,4),(-16.4153450200003,
-15.5141063552839,-14.5444747080786,-13.5748430608734,-12.6052114136682,
-11.6355797664629,-10.6659481192577,-10.1321597128207),.UNSPECIFIED.);
#1622=B_SPLINE_CURVE_WITH_KNOTS('',3,(#9032,#9033,#9034,#9035,#9036,#9037,
#9038,#9039,#9040,#9041,#9042,#9043,#9044),.UNSPECIFIED.,.F.,.F.,(4,3,3,
3,4),(-3.84897440564114,-2.90889494161573,-1.93926329441049,-0.969631647205244,
0.),.UNSPECIFIED.);
#1623=B_SPLINE_CURVE_WITH_KNOTS('',3,(#9047,#9048,#9049,#9050,#9051,#9052,
#9053,#9054,#9055,#9056,#9057,#9058,#9059,#9060,#9061,#9062,#9063,#9064,
#9065),.UNSPECIFIED.,.F.,.F.,(4,3,3,3,3,3,4),(2.0169448930284,2.90889494161573,
3.87852658882097,4.84815823602621,5.81778988323146,6.7874215304367,7.59274844815668),
 .UNSPECIFIED.);
#1624=B_SPLINE_CURVE_WITH_KNOTS('',3,(#9071,#9072,#9073,#9074,#9075,#9076,
#9077,#9078),.UNSPECIFIED.,.F.,.F.,(4,1,1,1,1,4),(34.5575191894877,35.1301483952337,
36.0997800424389,37.0694116896442,38.0390433368494,39.0086749840546),
 .UNSPECIFIED.);
#1625=B_SPLINE_CURVE_WITH_KNOTS('',3,(#9081,#9082,#9083,#9084,#9085,#9086,
#9087,#9088,#9089),.UNSPECIFIED.,.F.,.F.,(4,1,1,1,1,1,4),(34.5575191894877,
34.760664718282,35.7302963654872,36.6999280126925,37.6695596598977,38.6391913071029,
39.5311413556902),.UNSPECIFIED.);
#1626=B_SPLINE_CURVE_WITH_KNOTS('',3,(#9094,#9095,#9096,#9097,#9098,#9099,
#9100,#9101,#9102,#9103,#9104),.UNSPECIFIED.,.F.,.F.,(4,1,1,1,1,1,1,1,4),
(28.2743338823081,28.342726864797,29.3123585120022,30.2819901592075,31.2516218064127,
32.2212534536179,33.1908851008232,34.1605167480284,34.5575191894877),
 .UNSPECIFIED.);
#1627=B_SPLINE_CURVE_WITH_KNOTS('',3,(#9105,#9106,#9107,#9108,#9109,#9110,
#9111,#9112,#9113,#9114),.UNSPECIFIED.,.F.,.F.,(4,1,1,1,1,1,1,4),(28.2743338823081,
28.9428748350505,29.9125064822558,30.882138129461,31.8517697766662,32.8214014238715,
33.7910330710767,34.5575191894877),.UNSPECIFIED.);
#1628=B_SPLINE_CURVE_WITH_KNOTS('',3,(#9119,#9120,#9121,#9122,#9123,#9124,
#9125,#9126,#9127,#9128),.UNSPECIFIED.,.F.,.F.,(4,1,1,1,1,1,1,4),(21.9911485751286,
22.5249369815655,23.4945686287708,24.464200275976,25.4338319231812,26.4034635703865,
27.3730952175917,28.2743338823081),.UNSPECIFIED.);
#1629=B_SPLINE_CURVE_WITH_KNOTS('',3,(#9129,#9130,#9131,#9132,#9133,#9134,
#9135,#9136,#9137,#9138,#9139),.UNSPECIFIED.,.F.,.F.,(4,1,1,1,1,1,1,1,4),
(21.9911485751285,22.1554533046138,23.1250849518191,24.0947165990243,25.0643482462295,
26.0339798934348,27.00361154064,27.9732431878453,28.2743338823081),
 .UNSPECIFIED.);
#1630=B_SPLINE_CURVE_WITH_KNOTS('',3,(#9145,#9146,#9147,#9148,#9149),
 .UNSPECIFIED.,.F.,.F.,(4,1,4),(14.3984001269719,15.3680317741771,15.707963267949),
 .UNSPECIFIED.);
#1631=B_SPLINE_CURVE_WITH_KNOTS('',3,(#9152,#9153,#9154,#9155,#9156),
 .UNSPECIFIED.,.F.,.F.,(4,1,4),(13.8759337553363,14.7678838039236,15.707963267949),
 .UNSPECIFIED.);
#1632=B_SPLINE_CURVE_WITH_KNOTS('',3,(#9162,#9163,#9164,#9165,#9166,#9167,
#9168,#9169),.UNSPECIFIED.,.F.,.F.,(4,1,1,1,1,4),(34.5575191894877,35.1301483952337,
36.0997800424389,37.0694116896441,38.0390433368494,39.0086749840546),
 .UNSPECIFIED.);
#1633=B_SPLINE_CURVE_WITH_KNOTS('',3,(#9172,#9173,#9174,#9175,#9176,#9177,
#9178,#9179,#9180),.UNSPECIFIED.,.F.,.F.,(4,1,1,1,1,1,4),(34.5575191894877,
34.760664718282,35.7302963654872,36.6999280126924,37.6695596598977,38.6391913071029,
39.5311413556902),.UNSPECIFIED.);
#1634=B_SPLINE_CURVE_WITH_KNOTS('',3,(#9185,#9186,#9187,#9188,#9189,#9190,
#9191,#9192,#9193,#9194,#9195),.UNSPECIFIED.,.F.,.F.,(4,1,1,1,1,1,1,1,4),
(28.2743338823081,28.342726864797,29.3123585120022,30.2819901592074,31.2516218064127,
32.2212534536179,33.1908851008232,34.1605167480284,34.5575191894877),
 .UNSPECIFIED.);
#1635=B_SPLINE_CURVE_WITH_KNOTS('',3,(#9196,#9197,#9198,#9199,#9200,#9201,
#9202,#9203,#9204,#9205),.UNSPECIFIED.,.F.,.F.,(4,1,1,1,1,1,1,4),(28.2743338823081,
28.9428748350505,29.9125064822557,30.882138129461,31.8517697766662,32.8214014238715,
33.7910330710767,34.5575191894877),.UNSPECIFIED.);
#1636=B_SPLINE_CURVE_WITH_KNOTS('',3,(#9210,#9211,#9212,#9213,#9214,#9215,
#9216,#9217,#9218,#9219),.UNSPECIFIED.,.F.,.F.,(4,1,1,1,1,1,1,4),(21.9911485751286,
22.5249369815655,23.4945686287707,24.464200275976,25.4338319231812,26.4034635703865,
27.3730952175917,28.2743338823081),.UNSPECIFIED.);
#1637=B_SPLINE_CURVE_WITH_KNOTS('',3,(#9220,#9221,#9222,#9223,#9224,#9225,
#9226,#9227,#9228,#9229,#9230),.UNSPECIFIED.,.F.,.F.,(4,1,1,1,1,1,1,1,4),
(21.9911485751285,22.1554533046138,23.125084951819,24.0947165990243,25.0643482462295,
26.0339798934348,27.00361154064,27.9732431878453,28.2743338823081),
 .UNSPECIFIED.);
#1638=B_SPLINE_CURVE_WITH_KNOTS('',3,(#9236,#9237,#9238,#9239,#9240),
 .UNSPECIFIED.,.F.,.F.,(4,1,4),(14.3984001269719,15.3680317741771,15.707963267949),
 .UNSPECIFIED.);
#1639=B_SPLINE_CURVE_WITH_KNOTS('',3,(#9243,#9244,#9245,#9246,#9247),
 .UNSPECIFIED.,.F.,.F.,(4,1,4),(13.8759337553363,14.7678838039236,15.707963267949),
 .UNSPECIFIED.);
#1640=B_SPLINE_CURVE_WITH_KNOTS('',3,(#9253,#9254,#9255,#9256,#9257,#9258,
#9259,#9260),.UNSPECIFIED.,.F.,.F.,(4,1,1,1,1,4),(34.5575191894877,35.1301483952336,
36.0997800424389,37.0694116896441,38.0390433368494,39.0086749840546),
 .UNSPECIFIED.);
#1641=B_SPLINE_CURVE_WITH_KNOTS('',3,(#9263,#9264,#9265,#9266,#9267,#9268,
#9269,#9270,#9271),.UNSPECIFIED.,.F.,.F.,(4,1,1,1,1,1,4),(34.5575191894877,
34.760664718282,35.7302963654872,36.6999280126925,37.6695596598977,38.6391913071029,
39.5311413556902),.UNSPECIFIED.);
#1642=B_SPLINE_CURVE_WITH_KNOTS('',3,(#9276,#9277,#9278,#9279,#9280,#9281,
#9282,#9283,#9284,#9285,#9286),.UNSPECIFIED.,.F.,.F.,(4,1,1,1,1,1,1,1,4),
(28.2743338823081,28.3427268647969,29.3123585120022,30.2819901592074,31.2516218064127,
32.2212534536179,33.1908851008232,34.1605167480284,34.5575191894877),
 .UNSPECIFIED.);
#1643=B_SPLINE_CURVE_WITH_KNOTS('',3,(#9287,#9288,#9289,#9290,#9291,#9292,
#9293,#9294,#9295,#9296),.UNSPECIFIED.,.F.,.F.,(4,1,1,1,1,1,1,4),(28.2743338823081,
28.9428748350505,29.9125064822558,30.882138129461,31.8517697766662,32.8214014238715,
33.7910330710767,34.5575191894877),.UNSPECIFIED.);
#1644=B_SPLINE_CURVE_WITH_KNOTS('',3,(#9301,#9302,#9303,#9304,#9305,#9306,
#9307,#9308,#9309,#9310),.UNSPECIFIED.,.F.,.F.,(4,1,1,1,1,1,1,4),(21.9911485751286,
22.5249369815655,23.4945686287707,24.464200275976,25.4338319231812,26.4034635703865,
27.3730952175917,28.2743338823081),.UNSPECIFIED.);
#1645=B_SPLINE_CURVE_WITH_KNOTS('',3,(#9311,#9312,#9313,#9314,#9315,#9316,
#9317,#9318,#9319,#9320,#9321),.UNSPECIFIED.,.F.,.F.,(4,1,1,1,1,1,1,1,4),
(21.9911485751285,22.1554533046138,23.1250849518191,24.0947165990243,25.0643482462295,
26.0339798934348,27.00361154064,27.9732431878453,28.2743338823081),
 .UNSPECIFIED.);
#1646=B_SPLINE_CURVE_WITH_KNOTS('',3,(#9327,#9328,#9329,#9330,#9331),
 .UNSPECIFIED.,.F.,.F.,(4,1,4),(14.3984001269719,15.3680317741771,15.707963267949),
 .UNSPECIFIED.);
#1647=B_SPLINE_CURVE_WITH_KNOTS('',3,(#9334,#9335,#9336,#9337,#9338),
 .UNSPECIFIED.,.F.,.F.,(4,1,4),(13.8759337553363,14.7678838039235,15.707963267949),
 .UNSPECIFIED.);
#1648=B_SPLINE_CURVE_WITH_KNOTS('',3,(#9340,#9341,#9342,#9343,#9344,#9345,
#9346,#9347,#9348,#9349,#9350),.UNSPECIFIED.,.F.,.F.,(4,1,1,1,1,1,1,1,4),
(15.707963267949,15.7375154511288,16.707147098334,17.6767787455393,18.6464103927445,
19.6160420399498,20.585673687155,21.5553053343602,21.9911485751286),
 .UNSPECIFIED.);
#1649=B_SPLINE_CURVE_WITH_KNOTS('',3,(#9351,#9352,#9353,#9354,#9355,#9356,
#9357,#9358,#9359,#9360),.UNSPECIFIED.,.F.,.F.,(4,1,1,1,1,1,1,4),(15.707963267949,
16.3376634213824,17.3072950685876,18.2769267157928,19.2465583629981,20.2161900102033,
21.1858216574086,21.9911485751285),.UNSPECIFIED.);
#1650=B_SPLINE_CURVE_WITH_KNOTS('',3,(#9485,#9486,#9487,#9488,#9489,#9490,
#9491,#9492,#9493,#9494,#9495,#9496,#9497,#9498,#9499,#9500,#9501,#9502,
#9503,#9504,#9505,#9506,#9507,#9508,#9509,#9510,#9511,#9512,#9513,#9514,
#9515,#9516,#9517,#9518,#9519,#9520,#9521,#9522,#9523,#9524,#9525,#9526,
#9527,#9528,#9529,#9530,#9531,#9532,#9533,#9534,#9535,#9536,#9537,#9538,
#9539,#9540,#9541,#9542,#9543,#9544,#9545,#9546,#9547,#9548,#9549,#9550,
#9551,#9552,#9553,#9554,#9555,#9556,#9557,#9558,#9559,#9560,#9561,#9562,
#9563,#9564,#9565,#9566,#9567,#9568,#9569,#9570,#9571,#9572,#9573,#9574,
#9575),.UNSPECIFIED.,.F.,.F.,(4,3,3,3,3,3,3,3,3,3,3,3,3,3,3,3,3,3,3,3,3,
3,3,3,3,3,3,3,3,3,4),(-0.566847306048173,-0.536668235119553,-0.504691730441138,
-0.495340784350354,-0.489986157096043,-0.459855226298916,-0.437480347723081,
-0.426064738983469,-0.420157553133074,-0.390750125807029,-0.361869779363344,
-0.333536243791123,-0.320366232266401,-0.312650946128364,-0.308418857484008,
-0.280856197692235,-0.252454170364003,-0.223370635434615,-0.210646588903008,
-0.204614937846026,-0.200490364916107,-0.172664668291781,-0.144939068849186,
-0.117698515692279,-0.105459437596856,-0.1005831002747,-0.0968986711777971,
-0.0702356370919849,-0.0443352867290083,-0.0197858909289002,0.),
 .UNSPECIFIED.);
#1651=B_SPLINE_CURVE_WITH_KNOTS('',3,(#9576,#9577,#9578,#9579,#9580,#9581,
#9582,#9583,#9584,#9585,#9586,#9587,#9588,#9589,#9590,#9591,#9592,#9593,
#9594,#9595,#9596,#9597,#9598,#9599,#9600,#9601,#9602,#9603,#9604,#9605,
#9606,#9607,#9608,#9609,#9610,#9611,#9612,#9613,#9614,#9615,#9616,#9617,
#9618,#9619,#9620,#9621,#9622,#9623,#9624,#9625,#9626,#9627,#9628,#9629,
#9630,#9631,#9632,#9633,#9634,#9635,#9636,#9637,#9638,#9639,#9640,#9641,
#9642,#9643,#9644,#9645,#9646,#9647,#9648,#9649,#9650,#9651,#9652,#9653,
#9654,#9655,#9656,#9657,#9658,#9659,#9660,#9661,#9662,#9663,#9664,#9665,
#9666),.UNSPECIFIED.,.F.,.F.,(4,3,3,3,3,3,3,3,3,3,3,3,3,3,3,3,3,3,3,3,3,
3,3,3,3,3,3,3,3,3,4),(0.,0.025363260786476,0.0513975279753904,0.0773460728110623,
0.0897455018525998,0.0978565561273217,0.102733436370025,0.130021390609441,
0.157758955188884,0.183065688056855,0.20351610367844,0.207710179037631,
0.23633051515218,0.258985886660766,0.286809126114565,0.302822602243707,
0.310936632795911,0.315153411627859,0.343739610188355,0.372909303200325,
0.402360825326574,0.420270744675003,0.42687057961355,0.457029011616846,
0.478527944757842,0.488495472408205,0.494142255644936,0.500028870743623,
0.530547744750744,0.543024744180829,0.566847306048239),.UNSPECIFIED.);
#1652=B_SPLINE_CURVE_WITH_KNOTS('',3,(#9667,#9668,#9669,#9670,#9671,#9672,
#9673,#9674,#9675,#9676,#9677,#9678,#9679,#9680,#9681,#9682,#9683,#9684,
#9685,#9686,#9687,#9688,#9689,#9690,#9691),.UNSPECIFIED.,.F.,.F.,(4,3,3,
3,3,3,3,3,4),(-10.1321597128207,-9.69631647205243,-8.72668482484719,-7.75705317764195,
-6.78742153043671,-5.81778988323146,-4.84815823602622,-3.87852658882098,
-3.84897440564116),.UNSPECIFIED.);
#1653=B_SPLINE_CURVE_WITH_KNOTS('',3,(#9816,#9817,#9818,#9819,#9820,#9821,
#9822,#9823,#9824,#9825,#9826,#9827,#9828,#9829,#9830,#9831,#9832,#9833,
#9834,#9835,#9836,#9837,#9838,#9839,#9840,#9841,#9842,#9843,#9844,#9845,
#9846,#9847,#9848,#9849,#9850,#9851,#9852,#9853,#9854,#9855,#9856,#9857,
#9858,#9859,#9860,#9861,#9862,#9863,#9864,#9865,#9866,#9867,#9868,#9869,
#9870,#9871,#9872,#9873,#9874,#9875,#9876,#9877,#9878,#9879,#9880,#9881,
#9882,#9883,#9884,#9885,#9886,#9887,#9888,#9889,#9890,#9891,#9892,#9893,
#9894,#9895,#9896,#9897,#9898,#9899,#9900,#9901,#9902,#9903,#9904,#9905,
#9906),.UNSPECIFIED.,.F.,.F.,(4,3,3,3,3,3,3,3,3,3,3,3,3,3,3,3,3,3,3,3,3,
3,3,3,3,3,3,3,3,3,4),(-0.569248610399378,-0.543574308173483,-0.517273263336589,
-0.510389822012084,-0.504801300182526,-0.477752934677199,-0.45671718345426,
-0.448294685328547,-0.442449894814328,-0.414733715953606,-0.386586748148647,
-0.358646993275028,-0.346351976179693,-0.341362994011278,-0.337552290982569,
-0.309466924893687,-0.281735619756226,-0.253356614854591,-0.239017533944547,
-0.233426426235458,-0.22804673378458,-0.19901341292879,-0.16942897035744,
-0.13964262525912,-0.125178712138465,-0.119490906466466,-0.114669866926806,
-0.0841514994180026,-0.0537780857503195,-0.0239313202938831,0.),
 .UNSPECIFIED.);
#1654=B_SPLINE_CURVE_WITH_KNOTS('',3,(#9907,#9908,#9909,#9910,#9911,#9912,
#9913,#9914,#9915,#9916,#9917,#9918,#9919,#9920,#9921,#9922,#9923,#9924,
#9925,#9926,#9927,#9928,#9929,#9930,#9931),.UNSPECIFIED.,.F.,.F.,(4,3,3,
3,3,3,3,3,4),(7.59274844815669,7.75705317764194,8.72668482484718,9.69631647205243,
10.6659481192577,11.6355797664629,12.6052114136682,13.5748430608734,13.8759337553363),
 .UNSPECIFIED.);
#1655=B_SPLINE_CURVE_WITH_KNOTS('',3,(#9932,#9933,#9934,#9935,#9936,#9937,
#9938,#9939,#9940,#9941,#9942,#9943,#9944,#9945,#9946,#9947,#9948,#9949,
#9950,#9951,#9952,#9953,#9954,#9955,#9956,#9957,#9958,#9959,#9960,#9961,
#9962,#9963,#9964,#9965,#9966,#9967,#9968,#9969,#9970,#9971,#9972,#9973,
#9974,#9975,#9976,#9977,#9978,#9979,#9980,#9981,#9982,#9983,#9984,#9985,
#9986,#9987,#9988,#9989,#9990,#9991,#9992,#9993,#9994,#9995,#9996,#9997,
#9998,#9999,#10000,#10001,#10002,#10003,#10004,#10005,#10006,#10007,#10008,
#10009,#10010,#10011,#10012,#10013,#10014,#10015,#10016,#10017,#10018,#10019),
 .UNSPECIFIED.,.F.,.F.,(4,3,3,3,3,3,3,3,3,3,3,3,3,3,3,3,3,3,3,3,3,3,3,3,
3,3,3,3,3,4),(0.,0.0297252577763388,0.0601017677018861,0.0905527875235278,
0.115171639843595,0.120646694682645,0.150389561513011,0.179968967231096,
0.206852626944339,0.227015371729271,0.231509491594041,0.259828741169021,
0.287503606084066,0.316418262090293,0.33097985722577,0.340117007355786,
0.344554692573911,0.372658183420374,0.400756270421686,0.428422364607425,
0.437506862399821,0.443863811991678,0.448935763410482,0.475912301117807,
0.494285171902838,0.504687574135688,0.51195487537697,0.537957874606648,
0.549403784257932,0.569248610399526),.UNSPECIFIED.);
#1656=B_SPLINE_CURVE_WITH_KNOTS('',3,(#10021,#10022,#10023,#10024,#10025,
#10026,#10027,#10028,#10029,#10030,#10031),.UNSPECIFIED.,.F.,.F.,(4,1,1,
1,1,1,1,1,4),(15.707963267949,15.7375154511288,16.707147098334,17.6767787455393,
18.6464103927445,19.6160420399498,20.585673687155,21.5553053343603,21.9911485751286),
 .UNSPECIFIED.);
#1657=B_SPLINE_CURVE_WITH_KNOTS('',3,(#10032,#10033,#10034,#10035,#10036,
#10037,#10038,#10039,#10040,#10041),.UNSPECIFIED.,.F.,.F.,(4,1,1,1,1,1,
1,4),(15.707963267949,16.3376634213823,17.3072950685876,18.2769267157928,
19.2465583629981,20.2161900102033,21.1858216574086,21.9911485751285),
 .UNSPECIFIED.);
#1658=B_SPLINE_CURVE_WITH_KNOTS('',3,(#10166,#10167,#10168,#10169,#10170,
#10171,#10172,#10173,#10174,#10175,#10176,#10177,#10178,#10179,#10180,#10181,
#10182,#10183,#10184,#10185,#10186,#10187,#10188,#10189,#10190,#10191,#10192,
#10193,#10194,#10195,#10196,#10197,#10198,#10199,#10200,#10201,#10202,#10203,
#10204,#10205,#10206,#10207,#10208,#10209,#10210,#10211,#10212,#10213,#10214,
#10215,#10216,#10217,#10218,#10219,#10220,#10221,#10222,#10223,#10224,#10225,
#10226,#10227,#10228,#10229,#10230,#10231,#10232,#10233,#10234,#10235,#10236,
#10237,#10238,#10239,#10240,#10241,#10242,#10243,#10244,#10245,#10246,#10247,
#10248,#10249,#10250,#10251,#10252,#10253,#10254,#10255,#10256),
 .UNSPECIFIED.,.F.,.F.,(4,3,3,3,3,3,3,3,3,3,3,3,3,3,3,3,3,3,3,3,3,3,3,3,
3,3,3,3,3,3,4),(-0.566847306047982,-0.536668217630473,-0.504691715138183,
-0.495340754213207,-0.489986097075054,-0.459855165528622,-0.437480294549064,
-0.426064651706032,-0.420157526013321,-0.390750099245767,-0.361869758796968,
-0.333536227958815,-0.32036622039215,-0.312650937193198,-0.30841884701306,
-0.280856197692154,-0.252454171123327,-0.223370636099024,-0.210646589525891,
-0.204614942953921,-0.200490371309819,-0.172664672917099,-0.14493907221908,
-0.117698521139235,-0.105459442362944,-0.100583179925671,-0.0968987961681031,
-0.0702357609137986,-0.0443354145529695,-0.0197858909289017,0.),
 .UNSPECIFIED.);
#1659=B_SPLINE_CURVE_WITH_KNOTS('',3,(#10257,#10258,#10259,#10260,#10261,
#10262,#10263,#10264,#10265,#10266,#10267,#10268,#10269,#10270,#10271,#10272,
#10273,#10274,#10275,#10276,#10277,#10278,#10279,#10280,#10281,#10282,#10283,
#10284,#10285,#10286,#10287,#10288,#10289,#10290,#10291,#10292,#10293,#10294,
#10295,#10296,#10297,#10298,#10299,#10300,#10301,#10302,#10303,#10304,#10305,
#10306,#10307,#10308,#10309,#10310,#10311,#10312,#10313,#10314,#10315,#10316,
#10317,#10318,#10319,#10320,#10321,#10322,#10323,#10324,#10325,#10326,#10327,
#10328,#10329,#10330,#10331,#10332,#10333,#10334,#10335,#10336,#10337,#10338,
#10339,#10340,#10341,#10342,#10343,#10344,#10345,#10346,#10347),
 .UNSPECIFIED.,.F.,.F.,(4,3,3,3,3,3,3,3,3,3,3,3,3,3,3,3,3,3,3,3,3,3,3,3,
3,3,3,3,3,3,4),(0.,0.0253632880208656,0.0513975802051711,0.0773461185121131,
0.0897455490257759,0.0978564701561633,0.102733410804947,0.130021384548831,
0.157758960079225,0.183065691724595,0.203516110271339,0.207710181857027,
0.236330519150774,0.258985886660707,0.286809115218982,0.302822592029083,
0.310936596028352,0.315153358206118,0.343739544269168,0.37290922994741,
0.402360750350375,0.420270602272934,0.426870586830714,0.457029018024835,
0.478527949563776,0.488495476621386,0.49414225834296,0.500028870297679,
0.53054774526382,0.5430247441806,0.566847306047992),.UNSPECIFIED.);
#1660=B_SPLINE_CURVE_WITH_KNOTS('',3,(#10348,#10349,#10350,#10351,#10352,
#10353,#10354,#10355,#10356,#10357,#10358,#10359,#10360,#10361,#10362,#10363,
#10364,#10365,#10366,#10367,#10368,#10369,#10370,#10371,#10372),
 .UNSPECIFIED.,.F.,.F.,(4,3,3,3,3,3,3,3,4),(-10.1321597128207,-9.69631647205243,
-8.72668482484719,-7.75705317764195,-6.7874215304367,-5.81778988323146,
-4.84815823602621,-3.87852658882097,-3.84897440564115),.UNSPECIFIED.);
#1661=B_SPLINE_CURVE_WITH_KNOTS('',3,(#10497,#10498,#10499,#10500,#10501,
#10502,#10503,#10504,#10505,#10506,#10507,#10508,#10509,#10510,#10511,#10512,
#10513,#10514,#10515,#10516,#10517,#10518,#10519,#10520,#10521,#10522,#10523,
#10524,#10525,#10526,#10527,#10528,#10529,#10530,#10531,#10532,#10533,#10534,
#10535,#10536,#10537,#10538,#10539,#10540,#10541,#10542,#10543,#10544,#10545,
#10546,#10547,#10548,#10549,#10550,#10551,#10552,#10553,#10554,#10555,#10556,
#10557,#10558,#10559,#10560,#10561,#10562,#10563,#10564,#10565,#10566,#10567,
#10568,#10569,#10570,#10571,#10572,#10573,#10574,#10575,#10576,#10577,#10578,
#10579,#10580,#10581,#10582,#10583,#10584,#10585,#10586,#10587),
 .UNSPECIFIED.,.F.,.F.,(4,3,3,3,3,3,3,3,3,3,3,3,3,3,3,3,3,3,3,3,3,3,3,3,
3,3,3,3,3,3,4),(-0.569248610399505,-0.543574317465856,-0.517273280587423,
-0.510389863723574,-0.50480130255358,-0.477752943903338,-0.456717191527128,
-0.448294707793871,-0.442449901662337,-0.414733729395851,-0.386586762426624,
-0.358647005404063,-0.346351985276461,-0.341363044064112,-0.337552366843622,
-0.309466924893658,-0.281735614955381,-0.253356606760344,-0.23901752635619,
-0.233426401345394,-0.228046729128772,-0.199013404543926,-0.169428960059385,
-0.139642614744553,-0.125178702938219,-0.119490875603559,-0.114669873491308,
-0.084151505198223,-0.0537780918357987,-0.0239313202938813,0.),
 .UNSPECIFIED.);
#1662=B_SPLINE_CURVE_WITH_KNOTS('',3,(#10588,#10589,#10590,#10591,#10592,
#10593,#10594,#10595,#10596,#10597,#10598,#10599,#10600,#10601,#10602,#10603,
#10604,#10605,#10606,#10607,#10608,#10609,#10610,#10611,#10612),
 .UNSPECIFIED.,.F.,.F.,(4,3,3,3,3,3,3,3,4),(7.59274844815671,7.75705317764195,
8.72668482484719,9.69631647205243,10.6659481192577,11.6355797664629,12.6052114136682,
13.5748430608734,13.8759337553363),.UNSPECIFIED.);
#1663=B_SPLINE_CURVE_WITH_KNOTS('',3,(#10613,#10614,#10615,#10616,#10617,
#10618,#10619,#10620,#10621,#10622,#10623,#10624,#10625,#10626,#10627,#10628,
#10629,#10630,#10631,#10632,#10633,#10634,#10635,#10636,#10637,#10638,#10639,
#10640,#10641,#10642,#10643,#10644,#10645,#10646,#10647,#10648,#10649,#10650,
#10651,#10652,#10653,#10654,#10655,#10656,#10657,#10658,#10659,#10660,#10661,
#10662,#10663,#10664,#10665,#10666,#10667,#10668,#10669,#10670,#10671,#10672,
#10673,#10674,#10675,#10676,#10677,#10678,#10679,#10680,#10681,#10682,#10683,
#10684,#10685,#10686,#10687,#10688,#10689,#10690,#10691,#10692,#10693,#10694,
#10695,#10696,#10697,#10698,#10699,#10700),.UNSPECIFIED.,.F.,.F.,(4,3,3,
3,3,3,3,3,3,3,3,3,3,3,3,3,3,3,3,3,3,3,3,3,3,3,3,3,3,4),(0.,0.0297252496110689,
0.0601017552189927,0.0905527762165693,0.115171629949999,0.120646693129092,
0.15038955931046,0.179968966588671,0.206852626462506,0.227015371367882,
0.231509491171736,0.259828742664728,0.28750360608401,0.316418261610753,
0.330979856776191,0.340117006723808,0.344554692523345,0.372658182877531,
0.400756269284644,0.428422363935565,0.437506861805481,0.443863810954087,
0.448935763734077,0.475912302112114,0.494285172648524,0.504687577749053,
0.511954875481628,0.537957876476636,0.549403784257755,0.569248610399335),
 .UNSPECIFIED.);
#1664=B_SPLINE_CURVE_WITH_KNOTS('',3,(#10702,#10703,#10704,#10705,#10706,
#10707,#10708,#10709,#10710,#10711,#10712),.UNSPECIFIED.,.F.,.F.,(4,1,1,
1,1,1,1,1,4),(15.707963267949,15.7375154511288,16.7071470983341,17.6767787455393,
18.6464103927445,19.6160420399498,20.585673687155,21.5553053343603,21.9911485751286),
 .UNSPECIFIED.);
#1665=B_SPLINE_CURVE_WITH_KNOTS('',3,(#10713,#10714,#10715,#10716,#10717,
#10718,#10719,#10720,#10721,#10722),.UNSPECIFIED.,.F.,.F.,(4,1,1,1,1,1,
1,4),(15.707963267949,16.3376634213824,17.3072950685876,18.2769267157928,
19.2465583629981,20.2161900102033,21.1858216574086,21.9911485751285),
 .UNSPECIFIED.);
#1666=B_SPLINE_CURVE_WITH_KNOTS('',3,(#10847,#10848,#10849,#10850,#10851,
#10852,#10853,#10854,#10855,#10856,#10857,#10858,#10859,#10860,#10861,#10862,
#10863,#10864,#10865,#10866,#10867,#10868,#10869,#10870,#10871,#10872,#10873,
#10874,#10875,#10876,#10877,#10878,#10879,#10880,#10881,#10882,#10883,#10884,
#10885,#10886,#10887,#10888,#10889,#10890,#10891,#10892,#10893,#10894,#10895,
#10896,#10897,#10898,#10899,#10900,#10901,#10902,#10903,#10904,#10905,#10906,
#10907,#10908,#10909,#10910,#10911,#10912,#10913,#10914,#10915,#10916,#10917,
#10918,#10919,#10920,#10921,#10922,#10923,#10924,#10925,#10926,#10927,#10928,
#10929,#10930,#10931,#10932,#10933,#10934,#10935,#10936,#10937),
 .UNSPECIFIED.,.F.,.F.,(4,3,3,3,3,3,3,3,3,3,3,3,3,3,3,3,3,3,3,3,3,3,3,3,
3,3,3,3,3,3,4),(-0.566847306048092,-0.536661222729895,-0.504685594600186,
-0.495328736435251,-0.489961942253419,-0.459830977128989,-0.437459129699393,
-0.42602991233201,-0.420146407213308,-0.3907394827404,-0.361861888502091,
-0.333530567357177,-0.320361974940938,-0.312647727437351,-0.308415103120851,
-0.28085619769222,-0.252454623002723,-0.223371031493495,-0.210646960208208,
-0.204617944210817,-0.200494184721267,-0.172667899000177,-0.144942083667417,
-0.11770294369175,-0.105463312096394,-0.100641279607118,-0.0969831799315077,
-0.0703196894126651,-0.0444213380944866,-0.0197858909289026,0.),
 .UNSPECIFIED.);
#1667=B_SPLINE_CURVE_WITH_KNOTS('',3,(#10938,#10939,#10940,#10941,#10942,
#10943,#10944,#10945,#10946,#10947,#10948,#10949,#10950,#10951,#10952,#10953,
#10954,#10955,#10956,#10957,#10958,#10959,#10960,#10961,#10962,#10963,#10964,
#10965,#10966,#10967,#10968,#10969,#10970,#10971,#10972,#10973,#10974,#10975,
#10976,#10977,#10978,#10979,#10980,#10981,#10982,#10983,#10984,#10985,#10986,
#10987,#10988,#10989,#10990,#10991,#10992,#10993,#10994,#10995,#10996,#10997,
#10998,#10999,#11000,#11001,#11002,#11003,#11004,#11005,#11006,#11007,#11008,
#11009,#11010,#11011,#11012,#11013,#11014,#11015,#11016,#11017,#11018,#11019,
#11020,#11021,#11022,#11023,#11024,#11025,#11026,#11027,#11028),
 .UNSPECIFIED.,.F.,.F.,(4,3,3,3,3,3,3,3,3,3,3,3,3,3,3,3,3,3,3,3,3,3,3,3,
3,3,3,3,3,3,4),(0.,0.0253743452956632,0.0514187174472153,0.0773646135989107,
0.0897643091590258,0.0978224756422969,0.102723623068495,0.13001936969544,
0.157761095502927,0.18306729329239,0.2035185896233,0.207711220707949,0.236331594951721,
0.258985886660779,0.28680413588685,0.302817923905215,0.310919525352632,
0.31512879854206,0.343709267617894,0.37287563415868,0.402326372434182,0.420205336385964,
0.426874167842172,0.457032220737113,0.478530351598009,0.488497325733455,
0.494143164604584,0.500028522552715,0.530547716146726,0.543024744180695,
0.566847306048087),.UNSPECIFIED.);
#1668=B_SPLINE_CURVE_WITH_KNOTS('',3,(#11029,#11030,#11031,#11032,#11033,
#11034,#11035,#11036,#11037,#11038,#11039,#11040,#11041,#11042,#11043,#11044,
#11045,#11046,#11047,#11048,#11049,#11050,#11051,#11052,#11053),
 .UNSPECIFIED.,.F.,.F.,(4,3,3,3,3,3,3,3,4),(-10.1321597128207,-9.69631647205243,
-8.72668482484719,-7.75705317764195,-6.7874215304367,-5.81778988323146,
-4.84815823602622,-3.87852658882097,-3.84897440564114),.UNSPECIFIED.);
#1669=B_SPLINE_CURVE_WITH_KNOTS('',3,(#11178,#11179,#11180,#11181,#11182,
#11183,#11184,#11185,#11186,#11187,#11188,#11189,#11190,#11191,#11192,#11193,
#11194,#11195,#11196,#11197,#11198,#11199,#11200,#11201,#11202,#11203,#11204,
#11205,#11206,#11207,#11208,#11209,#11210,#11211,#11212,#11213,#11214,#11215,
#11216,#11217,#11218,#11219,#11220,#11221,#11222,#11223,#11224,#11225,#11226,
#11227,#11228,#11229,#11230,#11231,#11232,#11233,#11234,#11235,#11236,#11237,
#11238,#11239,#11240,#11241,#11242,#11243,#11244,#11245,#11246,#11247,#11248,
#11249,#11250,#11251,#11252,#11253,#11254,#11255,#11256,#11257,#11258,#11259,
#11260,#11261,#11262,#11263,#11264,#11265,#11266,#11267,#11268),
 .UNSPECIFIED.,.F.,.F.,(4,3,3,3,3,3,3,3,3,3,3,3,3,3,3,3,3,3,3,3,3,3,3,3,
3,3,3,3,3,3,4),(-0.569248610399344,-0.543563738599272,-0.517253734575774,
-0.510342381003365,-0.50479703079894,-0.477740991333276,-0.45670673302832,
-0.448265789649768,-0.442440997555616,-0.414717475047548,-0.386569974745351,
-0.35863318025581,-0.346341616415264,-0.341305570205426,-0.337089557348408,
-0.309466924893628,-0.281741817614156,-0.253367018949487,-0.239027287783512,
-0.233458541169938,-0.228052596447225,-0.199024044153236,-0.169442017221286,
-0.139655966519097,-0.125190385740945,-0.119529992354238,-0.114660037273081,
-0.0841426455725153,-0.0537690087310099,-0.0239313202938848,0.),
 .UNSPECIFIED.);
#1670=B_SPLINE_CURVE_WITH_KNOTS('',3,(#11269,#11270,#11271,#11272,#11273,
#11274,#11275,#11276,#11277,#11278,#11279,#11280,#11281,#11282,#11283,#11284,
#11285,#11286,#11287,#11288,#11289,#11290,#11291,#11292,#11293),
 .UNSPECIFIED.,.F.,.F.,(4,3,3,3,3,3,3,3,4),(7.59274844815668,7.75705317764194,
8.72668482484718,9.69631647205243,10.6659481192577,11.6355797664629,12.6052114136682,
13.5748430608734,13.8759337553363),.UNSPECIFIED.);
#1671=B_SPLINE_CURVE_WITH_KNOTS('',3,(#11294,#11295,#11296,#11297,#11298,
#11299,#11300,#11301,#11302,#11303,#11304,#11305,#11306,#11307,#11308,#11309,
#11310,#11311,#11312,#11313,#11314,#11315,#11316,#11317,#11318,#11319,#11320,
#11321,#11322,#11323,#11324,#11325,#11326,#11327,#11328,#11329,#11330,#11331,
#11332,#11333,#11334,#11335,#11336,#11337,#11338,#11339,#11340,#11341,#11342,
#11343,#11344,#11345,#11346,#11347,#11348,#11349,#11350,#11351,#11352,#11353,
#11354,#11355,#11356,#11357,#11358,#11359,#11360,#11361,#11362,#11363,#11364,
#11365,#11366,#11367,#11368,#11369,#11370,#11371,#11372,#11373,#11374,#11375,
#11376,#11377,#11378,#11379,#11380,#11381),.UNSPECIFIED.,.F.,.F.,(4,3,3,
3,3,3,3,3,3,3,3,3,3,3,3,3,3,3,3,3,3,3,3,3,3,3,3,3,3,4),(0.,0.029734526555352,
0.0601157948385224,0.0905651702281428,0.115182474710127,0.12064841391452,
0.150391767135344,0.17996908878529,0.206852718109971,0.227015440103482,
0.231509772280874,0.259826531495073,0.287503606084014,0.31641869326644,
0.330980261453398,0.340117378298068,0.34455457756952,0.372658517442338,
0.400757033696407,0.428422073214703,0.437505597059578,0.443857581971324,
0.448935628947169,0.4759108198653,0.494284060963416,0.504682008303673,0.511954839438658,
0.537955037672147,0.549403784257764,0.569248610399335),.UNSPECIFIED.);
#1672=B_SPLINE_CURVE_WITH_KNOTS('',3,(#12465,#12466,#12467,#12468),
 .UNSPECIFIED.,.F.,.F.,(4,4),(-0.0306777521344366,0.),.UNSPECIFIED.);
#1673=B_SPLINE_CURVE_WITH_KNOTS('',3,(#12471,#12472,#12473,#12474),
 .UNSPECIFIED.,.F.,.F.,(4,4),(0.,0.0306777521344366),.UNSPECIFIED.);
#1674=B_SPLINE_CURVE_WITH_KNOTS('',3,(#12596,#12597,#12598,#12599,#12600,
#12601,#12602,#12603,#12604,#12605,#12606,#12607,#12608,#12609,#12610,#12611,
#12612,#12613,#12614,#12615,#12616,#12617,#12618,#12619),.UNSPECIFIED.,
 .F.,.F.,(4,1,1,1,1,1,1,1,1,1,1,1,1,1,1,1,1,1,1,1,1,4),(-11.3216456361374,
-10.5129566621276,-9.70426768811777,-8.89557871410796,-8.49123422710305,
-8.08688974009814,-7.27820076608833,-6.87385627908342,-6.46951179207852,
-6.19994880074191,-5.93038580940531,-5.6608228180687,-5.5260413224004,-5.3912598267321,
-5.12169683539549,-4.85213384405889,-4.31300786138568,-3.77388187871247,
-3.23475589603926,-1.61737794801963,-0.808688974009814,0.),
 .UNSPECIFIED.);
#1675=B_SPLINE_CURVE_WITH_KNOTS('',3,(#12622,#12623,#12624,#12625,#12626,
#12627,#12628,#12629,#12630,#12631,#12632,#12633,#12634,#12635,#12636,#12637,
#12638,#12639,#12640,#12641,#12642,#12643,#12644,#12645),.UNSPECIFIED.,
 .F.,.F.,(4,1,1,1,1,1,1,1,1,1,1,1,1,1,1,1,1,1,1,1,1,4),(0.,0.808688974009814,
1.61737794801963,3.23475589603926,3.77388187871247,4.31300786138568,4.85213384405889,
5.12169683539549,5.3912598267321,5.5260413224004,5.6608228180687,5.93038580940531,
6.19994880074191,6.46951179207852,6.87385627908342,7.27820076608833,8.08688974009814,
8.49123422710305,8.89557871410796,9.70426768811777,10.5129566621276,11.3216456361374),
 .UNSPECIFIED.);
#1676=B_SPLINE_CURVE_WITH_KNOTS('',3,(#12667,#12668,#12669,#12670),
 .UNSPECIFIED.,.F.,.F.,(4,4),(-0.0306777521347423,0.),.UNSPECIFIED.);
#1677=B_SPLINE_CURVE_WITH_KNOTS('',3,(#12673,#12674,#12675,#12676),
 .UNSPECIFIED.,.F.,.F.,(4,4),(0.,0.0306777521347423),.UNSPECIFIED.);
#1678=B_SPLINE_CURVE_WITH_KNOTS('',3,(#12752,#12753,#12754,#12755,#12756,
#12757,#12758,#12759,#12760,#12761),.UNSPECIFIED.,.F.,.F.,(4,1,1,1,1,1,
1,4),(-1.98110783482784,-1.69809242985243,-1.41507702487703,-1.13206161990162,
-0.849046214926217,-0.566030809950811,-0.283015404975406,0.),
 .UNSPECIFIED.);
#1679=B_SPLINE_CURVE_WITH_KNOTS('',3,(#12764,#12765,#12766,#12767,#12768,
#12769,#12770,#12771,#12772,#12773),.UNSPECIFIED.,.F.,.F.,(4,1,1,1,1,1,
1,4),(0.,0.283015404975406,0.566030809950811,0.849046214926217,1.13206161990162,
1.41507702487703,1.69809242985243,1.98110783482784),.UNSPECIFIED.);
#1680=B_SPLINE_CURVE_WITH_KNOTS('',3,(#12839,#12840,#12841,#12842,#12843,
#12844,#12845,#12846,#12847,#12848),.UNSPECIFIED.,.F.,.F.,(4,1,1,1,1,1,
1,4),(-1.98110783481872,-1.69809242984462,-1.41507702487051,-1.13206161989641,
-0.849046214922309,-0.566030809948206,-0.283015404974103,0.),
 .UNSPECIFIED.);
#1681=B_SPLINE_CURVE_WITH_KNOTS('',3,(#12851,#12852,#12853,#12854,#12855,
#12856,#12857,#12858,#12859,#12860),.UNSPECIFIED.,.F.,.F.,(4,1,1,1,1,1,
1,4),(0.,0.283015404974103,0.566030809948206,0.849046214922309,1.13206161989641,
1.41507702487051,1.69809242984462,1.98110783481872),.UNSPECIFIED.);
#1682=B_SPLINE_CURVE_WITH_KNOTS('',3,(#12888,#12889,#12890,#12891),
 .UNSPECIFIED.,.F.,.F.,(4,4),(2.35922392732846E-16,4.4),.UNSPECIFIED.);
#1683=B_SPLINE_CURVE_WITH_KNOTS('',3,(#12924,#12925,#12926,#12927),
 .UNSPECIFIED.,.F.,.F.,(4,4),(-4.4,-2.35922392732846E-16),.UNSPECIFIED.);
#1684=B_SPLINE_CURVE_WITH_KNOTS('',3,(#12928,#12929,#12930,#12931,#12932,
#12933,#12934,#12935,#12936,#12937),.UNSPECIFIED.,.F.,.F.,(4,3,3,4),(0.,
0.10298996436523,0.20597992873046,0.360464875278305),.UNSPECIFIED.);
#1685=B_SPLINE_CURVE_WITH_KNOTS('',3,(#12969,#12970,#12971,#12972),
 .UNSPECIFIED.,.F.,.F.,(4,4),(-4.6,-0.2),.UNSPECIFIED.);
#1686=B_SPLINE_CURVE_WITH_KNOTS('',3,(#13013,#13014,#13015,#13016),
 .UNSPECIFIED.,.F.,.F.,(4,4),(0.2,4.6),.UNSPECIFIED.);
#1687=B_SPLINE_CURVE_WITH_KNOTS('',3,(#13017,#13018,#13019,#13020,#13021,
#13022,#13023,#13024,#13025,#13026),.UNSPECIFIED.,.F.,.F.,(4,3,3,4),(0.,
0.102989964362416,0.205979928724831,0.360464875268454),.UNSPECIFIED.);
#1688=B_SPLINE_CURVE_WITH_KNOTS('',3,(#13029,#13030,#13031,#13032),
 .UNSPECIFIED.,.F.,.F.,(4,4),(4.02455846426619E-16,4.4),.UNSPECIFIED.);
#1689=B_SPLINE_CURVE_WITH_KNOTS('',3,(#13083,#13084,#13085,#13086),
 .UNSPECIFIED.,.F.,.F.,(4,4),(-4.4,-4.02455846426619E-16),.UNSPECIFIED.);
#1690=B_SPLINE_CURVE_WITH_KNOTS('',3,(#13087,#13088,#13089,#13090,#13091,
#13092,#13093,#13094,#13095,#13096),.UNSPECIFIED.,.F.,.F.,(4,3,3,4),(0.,
0.102989964362913,0.205979928725827,0.360464875270197),.UNSPECIFIED.);
#1691=B_SPLINE_CURVE_WITH_KNOTS('',3,(#13128,#13129,#13130,#13131),
 .UNSPECIFIED.,.F.,.F.,(4,4),(-4.6,-0.2),.UNSPECIFIED.);
#1692=B_SPLINE_CURVE_WITH_KNOTS('',3,(#13172,#13173,#13174,#13175),
 .UNSPECIFIED.,.F.,.F.,(4,4),(0.2,4.6),.UNSPECIFIED.);
#1693=B_SPLINE_CURVE_WITH_KNOTS('',3,(#13176,#13177,#13178,#13179,#13180,
#13181,#13182,#13183,#13184,#13185),.UNSPECIFIED.,.F.,.F.,(4,3,3,4),(0.,
0.102989964361326,0.205979928722651,0.360464875264639),.UNSPECIFIED.);
#1694=B_SPLINE_CURVE_WITH_KNOTS('',3,(#13248,#13249,#13250,#13251),
 .UNSPECIFIED.,.F.,.F.,(4,4),(4.44089209850063E-16,4.4),.UNSPECIFIED.);
#1695=B_SPLINE_CURVE_WITH_KNOTS('',3,(#13254,#13255,#13256,#13257),
 .UNSPECIFIED.,.F.,.F.,(4,4),(-4.4,4.44089209850063E-16),.UNSPECIFIED.);
#1696=B_SPLINE_CURVE_WITH_KNOTS('',3,(#13281,#13282,#13283,#13284,#13285,
#13286,#13287),.UNSPECIFIED.,.F.,.F.,(4,3,4),(0.,0.162607445276988,0.284563029234728),
 .UNSPECIFIED.);
#1697=B_SPLINE_CURVE_WITH_KNOTS('',3,(#13288,#13289,#13290,#13291),
 .UNSPECIFIED.,.F.,.F.,(4,4),(-4.44089209850063E-16,4.4),.UNSPECIFIED.);
#1698=B_SPLINE_CURVE_WITH_KNOTS('',3,(#13333,#13334,#13335,#13336),
 .UNSPECIFIED.,.F.,.F.,(4,4),(-4.4,-4.44089209850063E-16),.UNSPECIFIED.);
#1699=B_SPLINE_CURVE_WITH_KNOTS('',3,(#13337,#13338,#13339,#13340,#13341,
#13342,#13343),.UNSPECIFIED.,.F.,.F.,(4,3,4),(0.,0.162607445277164,0.284563029235037),
 .UNSPECIFIED.);
#1700=B_SPLINE_CURVE_WITH_KNOTS('',3,(#13347,#13348,#13349,#13350,#13351,
#13352,#13353,#13354,#13355,#13356,#13357,#13358,#13359,#13360,#13361,#13362,
#13363,#13364,#13365,#13366,#13367,#13368,#13369,#13370,#13371,#13372,#13373,
#13374,#13375,#13376,#13377,#13378,#13379,#13380,#13381,#13382,#13383,#13384,
#13385,#13386,#13387,#13388,#13389,#13390,#13391,#13392,#13393,#13394,#13395,
#13396,#13397,#13398,#13399,#13400,#13401,#13402,#13403,#13404,#13405,#13406,
#13407,#13408,#13409,#13410,#13411,#13412,#13413,#13414,#13415,#13416,#13417,
#13418,#13419,#13420,#13421,#13422,#13423,#13424,#13425,#13426,#13427,#13428,
#13429,#13430,#13431,#13432,#13433,#13434,#13435,#13436,#13437,#13438,#13439,
#13440,#13441,#13442,#13443,#13444,#13445,#13446,#13447,#13448,#13449,#13450,
#13451,#13452,#13453,#13454,#13455,#13456,#13457,#13458,#13459,#13460,#13461,
#13462,#13463,#13464,#13465,#13466,#13467,#13468,#13469,#13470,#13471,#13472,
#13473,#13474,#13475,#13476),.UNSPECIFIED.,.F.,.F.,(4,3,3,3,3,3,3,3,3,3,
3,3,3,3,3,3,3,3,3,3,3,3,3,3,3,3,3,3,3,3,3,3,3,3,3,3,3,3,3,3,3,3,3,4),(-19.1830775101225,
-18.7807963247316,-18.3760334134255,-17.9686942385539,-17.5586774116934,
-17.1441035220016,-16.7211289083307,-16.2884969971604,-15.8447291505241,
-15.3877487401422,-14.8854416604057,-14.324753871634,-13.6535866955644,
-12.9934640993466,-12.4964883604578,-12.0483237035111,-11.6296090727389,
-11.2356377822893,-10.8613594460262,-10.5019707399847,-10.1544621661979,
-9.81673865322679,-9.48210592337599,-9.139927555617,-8.78737535996752,-8.4222548129653,
-8.04134610423887,-7.63958558243783,-7.21382978582786,-6.736793357116,-6.19390127135216,
-5.38100439004339,-4.76356469669332,-4.242155869701,-3.76408927765093,-3.29357811794456,
-2.85696107896981,-2.42964534154269,-2.01054734961872,-1.59817708299292,
-1.19014873786834,-0.784123030483373,-0.381270022001637,0.),
 .UNSPECIFIED.);
#1701=B_SPLINE_CURVE_WITH_KNOTS('',3,(#13482,#13483,#13484,#13485,#13486,
#13487,#13488,#13489,#13490,#13491,#13492,#13493,#13494,#13495,#13496,#13497,
#13498,#13499,#13500,#13501,#13502,#13503,#13504,#13505,#13506,#13507,#13508,
#13509,#13510,#13511,#13512,#13513,#13514,#13515,#13516,#13517,#13518,#13519,
#13520,#13521,#13522,#13523,#13524,#13525,#13526,#13527,#13528,#13529,#13530,
#13531,#13532,#13533,#13534,#13535,#13536,#13537,#13538,#13539,#13540,#13541,
#13542,#13543,#13544,#13545,#13546,#13547,#13548,#13549,#13550,#13551),
 .UNSPECIFIED.,.F.,.F.,(4,3,3,3,3,3,3,3,3,3,3,3,3,3,3,3,3,3,3,3,3,3,3,4),
(-2.19478595126429,-2.1084666094199,-2.01995225307851,-1.9281324747393,
-1.83190984195997,-1.72522453695323,-1.56703729384682,-1.46539436646657,
-1.37380721856241,-1.28794426740226,-1.20744775068962,-1.13198226627152,
-1.06070338112421,-0.986211288843461,-0.907118443294129,-0.821319254595191,
-0.726643849328609,-0.606435489642331,-0.467953258734129,-0.363148718118019,
-0.269805043646961,-0.179431954200058,-0.0897159771000292,0.),
 .UNSPECIFIED.);
#1702=B_SPLINE_CURVE_WITH_KNOTS('',3,(#13555,#13556,#13557,#13558,#13559,
#13560,#13561,#13562,#13563,#13564,#13565,#13566,#13567,#13568,#13569,#13570,
#13571,#13572,#13573,#13574,#13575,#13576,#13577,#13578,#13579,#13580,#13581,
#13582,#13583,#13584,#13585,#13586,#13587,#13588,#13589,#13590,#13591,#13592,
#13593,#13594,#13595,#13596,#13597,#13598,#13599,#13600,#13601,#13602,#13603,
#13604,#13605,#13606,#13607,#13608,#13609,#13610,#13611,#13612,#13613,#13614,
#13615,#13616,#13617,#13618,#13619,#13620,#13621,#13622,#13623,#13624),
 .UNSPECIFIED.,.F.,.F.,(4,3,3,3,3,3,3,3,3,3,3,3,3,3,3,3,3,3,3,3,3,3,3,4),
(-2.19478595214799,-2.10846661032196,-2.01995225411065,-1.92813247575669,
-1.83190984294373,-1.72522453795805,-1.56703730039611,-1.46539437194307,
-1.37380722369663,-1.28794427221559,-1.20744775520211,-1.13198227050198,
-1.06070338543613,-0.986211293335221,-0.907118448055341,-0.82131925976555,
-0.726643855180977,-0.606435498848449,-0.467953263059972,-0.36314872187019,
-0.269805047211127,-0.179431957621894,-0.0897159788109471,0.),
 .UNSPECIFIED.);
#1703=B_SPLINE_CURVE_WITH_KNOTS('',3,(#13970,#13971,#13972,#13973,#13974,
#13975,#13976,#13977,#13978,#13979),.UNSPECIFIED.,.F.,.F.,(4,3,3,4),(-4.09293042013064,
-3.88591134337535,-2.91443350753151,-2.06863817490914),.UNSPECIFIED.);
#1704=B_SPLINE_CURVE_WITH_KNOTS('',3,(#13982,#13983,#13984,#13985,#13986,
#13987,#13988),.UNSPECIFIED.,.F.,.F.,(4,3,4),(0.,0.97147783584383,1.11730040836828),
 .UNSPECIFIED.);
#1705=B_SPLINE_CURVE_WITH_KNOTS('',3,(#13993,#13994,#13995,#13996,#13997,
#13998,#13999,#14000,#14001,#14002,#14003,#14004,#14005,#14006,#14007,#14008,
#14009,#14010,#14011,#14012,#14013,#14014),.UNSPECIFIED.,.F.,.F.,(4,3,3,
3,3,3,3,4),(-10.3761157273102,-9.71477835843839,-8.74330052259454,-7.77182268675071,
-6.80034485090687,-5.82886701506303,-4.85738917921919,-4.09293042013064),
 .UNSPECIFIED.);
#1706=B_SPLINE_CURVE_WITH_KNOTS('',3,(#14015,#14016,#14017,#14018,#14019,
#14020,#14021,#14022,#14023,#14024,#14025,#14026,#14027,#14028,#14029,#14030,
#14031,#14032,#14033,#14034,#14035,#14036),.UNSPECIFIED.,.F.,.F.,(4,3,3,
3,3,3,3,4),(1.11730040836828,1.94295567168767,2.91443350753151,3.88591134337535,
4.85738917921919,5.82886701506303,6.80034485090686,7.40048571554787),
 .UNSPECIFIED.);
#1707=B_SPLINE_CURVE_WITH_KNOTS('',3,(#14041,#14042,#14043,#14044,#14045,
#14046,#14047,#14048,#14049,#14050,#14051,#14052,#14053,#14054,#14055,#14056,
#14057,#14058,#14059,#14060,#14061,#14062,#14063,#14064,#14065),
 .UNSPECIFIED.,.F.,.F.,(4,3,3,3,3,3,3,3,4),(-16.6593010344898,-16.5151232093453,
-15.5436453735014,-14.5721675376576,-13.6006897018137,-12.6292118659699,
-11.6577340301261,-10.6862561942822,-10.3761157273102),.UNSPECIFIED.);
#1708=B_SPLINE_CURVE_WITH_KNOTS('',3,(#14066,#14067,#14068,#14069,#14070,
#14071,#14072,#14073,#14074,#14075,#14076,#14077,#14078,#14079,#14080,#14081,
#14082,#14083,#14084,#14085,#14086,#14087,#14088,#14089,#14090),
 .UNSPECIFIED.,.F.,.F.,(4,3,3,3,3,3,3,3,4),(7.40048571554787,7.77182268675071,
8.74330052259455,9.71477835843838,10.6862561942822,11.6577340301261,12.6292118659699,
13.6006897018137,13.6836710227275),.UNSPECIFIED.);
#1709=B_SPLINE_CURVE_WITH_KNOTS('',3,(#14095,#14096,#14097,#14098,#14099,
#14100,#14101,#14102,#14103,#14104,#14105,#14106,#14107,#14108,#14109,#14110,
#14111,#14112,#14113,#14114,#14115,#14116),.UNSPECIFIED.,.F.,.F.,(4,3,3,
3,3,3,3,4),(-22.9424863416694,-22.3439902244083,-21.3725123885645,-20.4010345527206,
-19.4295567168768,-18.4580788810329,-17.4866010451891,-16.6593010344898),
 .UNSPECIFIED.);
#1710=B_SPLINE_CURVE_WITH_KNOTS('',3,(#14117,#14118,#14119,#14120,#14121,
#14122,#14123,#14124,#14125,#14126,#14127,#14128,#14129,#14130,#14131,#14132,
#14133,#14134,#14135,#14136,#14137,#14138),.UNSPECIFIED.,.F.,.F.,(4,3,3,
3,3,3,3,4),(13.6836710227275,14.5721675376576,15.5436453735014,16.5151232093453,
17.4866010451891,18.4580788810329,19.4295567168768,19.966856329907),
 .UNSPECIFIED.);
#1711=B_SPLINE_CURVE_WITH_KNOTS('',3,(#14144,#14145,#14146,#14147,#14148,
#14149),.UNSPECIFIED.,.F.,.F.,(4,1,1,4),(34.5575191894877,34.9305009080705,
35.9019787439143,36.7477740765367),.UNSPECIFIED.);
#1712=B_SPLINE_CURVE_WITH_KNOTS('',3,(#14152,#14153,#14154,#14155),
 .UNSPECIFIED.,.F.,.F.,(4,4),(34.5575191894877,35.5088569560286),
 .UNSPECIFIED.);
#1713=B_SPLINE_CURVE_WITH_KNOTS('',3,(#14160,#14161,#14162,#14163,#14164,
#14165,#14166,#14167,#14168,#14169),.UNSPECIFIED.,.F.,.F.,(4,1,1,1,1,1,
1,4),(28.2743338823081,29.1016338930074,30.0731117288513,31.0445895646951,
32.0160674005389,32.9875452363828,33.9590230722266,34.5575191894877),
 .UNSPECIFIED.);
#1714=B_SPLINE_CURVE_WITH_KNOTS('',3,(#14170,#14171,#14172,#14173,#14174,
#14175,#14176,#14177,#14178,#14179,#14180),.UNSPECIFIED.,.F.,.F.,(4,1,1,
1,1,1,1,1,4),(28.2743338823081,28.7085121051217,29.6799899409656,30.6514677768094,
31.6229456126532,32.5944234484971,33.5659012843409,34.5373791201848,34.5575191894877),
 .UNSPECIFIED.);
#1715=B_SPLINE_CURVE_WITH_KNOTS('',3,(#14185,#14186,#14187,#14188,#14189,
#14190,#14191,#14192,#14193,#14194,#14195),.UNSPECIFIED.,.F.,.F.,(4,1,1,
1,1,1,1,1,4),(21.9911485751286,22.3012890421005,23.2727668779444,24.2442447137882,
25.2157225496321,26.1872003854759,27.1586782213197,28.1301560571636,28.2743338823081),
 .UNSPECIFIED.);
#1716=B_SPLINE_CURVE_WITH_KNOTS('',3,(#14196,#14197,#14198,#14199,#14200,
#14201,#14202,#14203,#14204,#14205),.UNSPECIFIED.,.F.,.F.,(4,1,1,1,1,1,
1,4),(21.9911485751286,22.8796450900587,23.8511229259025,24.8226007617464,
25.7940785975902,26.765556433434,27.7370342692779,28.2743338823081),
 .UNSPECIFIED.);
#1717=B_SPLINE_CURVE_WITH_KNOTS('',3,(#14210,#14211,#14212,#14213,#14214,
#14215,#14216,#14217,#14218,#14219),.UNSPECIFIED.,.F.,.F.,(4,1,1,1,1,1,
1,4),(15.707963267949,16.4724220270375,17.4438998628814,18.4153776987252,
19.386855534569,20.3583333704129,21.3298112062567,21.9911485751286),
 .UNSPECIFIED.);
#1718=B_SPLINE_CURVE_WITH_KNOTS('',3,(#14220,#14221,#14222,#14223,#14224,
#14225,#14226,#14227,#14228,#14229,#14230),.UNSPECIFIED.,.F.,.F.,(4,1,1,
1,1,1,1,1,4),(15.707963267949,16.0793002391518,17.0507780749956,18.0222559108395,
18.9937337466833,19.9652115825272,20.936689418371,21.9081672542148,21.9911485751286),
 .UNSPECIFIED.);
#1719=B_SPLINE_CURVE_WITH_KNOTS('',3,(#14381,#14382,#14383,#14384,#14385,
#14386,#14387,#14388,#14389,#14390,#14391,#14392,#14393,#14394,#14395,#14396,
#14397,#14398,#14399,#14400,#14401,#14402,#14403,#14404,#14405,#14406,#14407,
#14408,#14409,#14410,#14411,#14412,#14413,#14414,#14415,#14416,#14417,#14418,
#14419,#14420,#14421,#14422,#14423,#14424,#14425,#14426,#14427,#14428,#14429,
#14430,#14431,#14432,#14433,#14434,#14435,#14436,#14437,#14438,#14439,#14440,
#14441,#14442,#14443,#14444,#14445,#14446,#14447,#14448,#14449,#14450,#14451,
#14452,#14453,#14454,#14455,#14456,#14457,#14458,#14459,#14460,#14461,#14462,
#14463,#14464,#14465,#14466,#14467,#14468,#14469,#14470,#14471,#14472,#14473,
#14474,#14475,#14476,#14477),.UNSPECIFIED.,.F.,.F.,(4,3,3,3,3,3,3,3,3,3,
3,3,3,3,3,3,3,3,3,3,3,3,3,3,3,3,3,3,3,3,3,3,4),(0.,0.0289134684149346,0.0370182253047556,
0.0663371684734721,0.0966760956503541,0.112087201475956,0.116529424170571,
0.14525448137235,0.173920703218254,0.202119916915135,0.21548600053681,0.220046317962163,
0.223890456063033,0.251505153614781,0.278688885323883,0.305109703981023,
0.309048585888528,0.319281684116718,0.32449554816957,0.329011633697097,
0.355660571500258,0.382744678545498,0.405598377144595,0.417333494749605,
0.423330620765022,0.428179506482105,0.454485957409178,0.479682665156725,
0.488027326258137,0.494545295424639,0.519813717342755,0.544368022630607,
0.555272788399367),.UNSPECIFIED.);
#1720=B_SPLINE_CURVE_WITH_KNOTS('',3,(#14478,#14479,#14480,#14481,#14482,
#14483,#14484,#14485,#14486,#14487,#14488,#14489,#14490,#14491,#14492,#14493,
#14494,#14495,#14496),.UNSPECIFIED.,.F.,.F.,(4,3,3,3,3,3,4),(19.966856329907,
20.4010345527206,21.3725123885645,22.3439902244083,23.3154680602521,24.286945896096,
25.1327412287182),.UNSPECIFIED.);
#1721=B_SPLINE_CURVE_WITH_KNOTS('',3,(#14498,#14499,#14500,#14501,#14502,
#14503,#14504,#14505,#14506,#14507,#14508,#14509,#14510,#14511,#14512,#14513,
#14514,#14515,#14516,#14517,#14518,#14519,#14520,#14521,#14522,#14523,#14524,
#14525,#14526,#14527,#14528,#14529,#14530,#14531,#14532,#14533,#14534,#14535,
#14536,#14537,#14538,#14539,#14540,#14541,#14542,#14543,#14544,#14545,#14546,
#14547,#14548,#14549,#14550,#14551,#14552,#14553,#14554,#14555,#14556,#14557,
#14558,#14559,#14560,#14561,#14562,#14563,#14564,#14565,#14566,#14567,#14568,
#14569,#14570,#14571,#14572,#14573,#14574,#14575,#14576,#14577,#14578,#14579,
#14580,#14581,#14582,#14583,#14584,#14585),.UNSPECIFIED.,.F.,.F.,(4,3,3,
3,3,3,3,3,3,3,3,3,3,3,3,3,3,3,3,3,3,3,3,3,3,3,3,3,3,4),(-0.555272788399511,
-0.529497937075908,-0.524885881107698,-0.499934544917716,-0.491778007413045,
-0.486296508337081,-0.459918259664398,-0.4368372920758,-0.428376015509014,
-0.422069429849315,-0.395549092522815,-0.368556182431635,-0.345234766562631,
-0.327682338856878,-0.322163785049328,-0.29426030235684,-0.275270518955616,
-0.248206199636557,-0.232693312159272,-0.223261294607437,-0.217830116406068,
-0.189932360905337,-0.161485775577561,-0.132777963743398,-0.116180718275474,
-0.1117735421436,-0.0823417767032424,-0.0528041302240449,-0.0238037659854248,
0.),.UNSPECIFIED.);
#1722=B_SPLINE_CURVE_WITH_KNOTS('',3,(#14586,#14587,#14588,#14589,#14590,
#14591,#14592,#14593,#14594),.UNSPECIFIED.,.F.,.F.,(4,1,1,1,1,1,4),(10.3761157273102,
11.2219110599326,12.1933888957764,13.1648667316203,14.1363445674641,15.107822403308,
15.707963267949),.UNSPECIFIED.);
#1723=B_SPLINE_CURVE_WITH_KNOTS('',3,(#14598,#14599,#14600,#14601,#14602,
#14603,#14604,#14605),.UNSPECIFIED.,.F.,.F.,(4,1,1,1,1,4),(11.6150328478183,
12.5865106836622,13.557988519506,14.5294663553498,15.5009441911937,15.707963267949),
 .UNSPECIFIED.);
#1724=B_SPLINE_CURVE_WITH_KNOTS('',3,(#14731,#14732,#14733,#14734,#14735,
#14736,#14737,#14738,#14739,#14740,#14741,#14742,#14743,#14744,#14745,#14746,
#14747,#14748,#14749,#14750,#14751,#14752,#14753,#14754,#14755,#14756,#14757,
#14758,#14759,#14760,#14761,#14762,#14763,#14764,#14765,#14766,#14767,#14768,
#14769,#14770,#14771,#14772,#14773,#14774,#14775,#14776,#14777,#14778,#14779,
#14780,#14781,#14782,#14783,#14784,#14785,#14786,#14787,#14788,#14789,#14790,
#14791,#14792,#14793,#14794,#14795,#14796,#14797,#14798,#14799,#14800,#14801,
#14802,#14803,#14804,#14805,#14806,#14807,#14808,#14809,#14810,#14811,#14812,
#14813,#14814,#14815,#14816,#14817,#14818,#14819,#14820,#14821,#14822,#14823,
#14824),.UNSPECIFIED.,.F.,.F.,(4,3,3,3,3,3,3,3,3,3,3,3,3,3,3,3,3,3,3,3,
3,3,3,3,3,3,3,3,3,3,3,4),(0.,0.0257452797019138,0.0302926396612943,0.0550064677611037,
0.0802953717744296,0.0883806345526743,0.0931212427242013,0.0966774941137409,
0.122555562500171,0.148972494910927,0.175629783220168,0.188887974052549,
0.195056198179021,0.222443517013692,0.250722775110121,0.279002033206549,
0.288834859739027,0.294289936710545,0.298468218947284,0.325287809101363,
0.353720005260529,0.378598176899799,0.391619114960701,0.39803006108856,
0.403822176425986,0.432575165662545,0.462617718840581,0.472249298692263,
0.479347903299591,0.508903921153924,0.53810127108331,0.552745378374688),
 .UNSPECIFIED.);
#1725=B_SPLINE_CURVE_WITH_KNOTS('',3,(#14825,#14826,#14827,#14828,#14829,
#14830,#14831,#14832,#14833,#14834,#14835,#14836,#14837,#14838,#14839,#14840,
#14841,#14842,#14843,#14844,#14845,#14846,#14847,#14848,#14849,#14850,#14851,
#14852,#14853,#14854,#14855,#14856,#14857,#14858,#14859,#14860,#14861,#14862,
#14863,#14864,#14865,#14866,#14867,#14868,#14869,#14870,#14871,#14872,#14873,
#14874,#14875,#14876,#14877,#14878,#14879,#14880,#14881,#14882,#14883,#14884,
#14885,#14886,#14887,#14888,#14889,#14890,#14891,#14892,#14893,#14894,#14895,
#14896,#14897,#14898,#14899,#14900,#14901,#14902,#14903,#14904,#14905,#14906,
#14907,#14908,#14909,#14910,#14911,#14912,#14913,#14914,#14915,#14916,#14917,
#14918),.UNSPECIFIED.,.F.,.F.,(4,3,3,3,3,3,3,3,3,3,3,3,3,3,3,3,3,3,3,3,
3,3,3,3,3,3,3,3,3,3,3,4),(-0.55274537837526,-0.524049832891576,-0.51591837618999,
-0.486420577001181,-0.478768795121588,-0.472095776861062,-0.443075054884355,
-0.418362990352866,-0.407551462120339,-0.401208937505763,-0.396666389981577,
-0.368365081703522,-0.340283769809061,-0.316557462014907,-0.29876273116929,
-0.294593847965854,-0.290330569409853,-0.263514845134901,-0.245378538632442,
-0.217967555535978,-0.20434458331498,-0.193554027445878,-0.189416949444569,
-0.162808879817292,-0.136210932937312,-0.110017026461224,-0.0942769961029297,
-0.0901953988643624,-0.0646579011145818,-0.0395187088990965,-0.0151629078015031,
0.),.UNSPECIFIED.);
#1726=B_SPLINE_CURVE_WITH_KNOTS('',3,(#14919,#14920,#14921,#14922,#14923,
#14924,#14925,#14926,#14927,#14928,#14929,#14930,#14931,#14932,#14933,#14934),
 .UNSPECIFIED.,.F.,.F.,(4,3,3,3,3,4),(-27.2013794036275,-26.2299015677836,
-25.2584237319398,-24.286945896096,-23.3154680602521,-22.9424863416694),
 .UNSPECIFIED.);
#1727=LINE('',#8583,#2188);
#1728=LINE('',#8604,#2189);
#1729=LINE('',#8658,#2190);
#1730=LINE('',#8706,#2191);
#1731=LINE('',#8745,#2192);
#1732=LINE('',#8766,#2193);
#1733=LINE('',#8820,#2194);
#1734=LINE('',#8868,#2195);
#1735=LINE('',#8907,#2196);
#1736=LINE('',#8928,#2197);
#1737=LINE('',#8982,#2198);
#1738=LINE('',#9030,#2199);
#1739=LINE('',#9069,#2200);
#1740=LINE('',#9093,#2201);
#1741=LINE('',#9118,#2202);
#1742=LINE('',#9143,#2203);
#1743=LINE('',#9160,#2204);
#1744=LINE('',#9184,#2205);
#1745=LINE('',#9209,#2206);
#1746=LINE('',#9234,#2207);
#1747=LINE('',#9251,#2208);
#1748=LINE('',#9275,#2209);
#1749=LINE('',#9300,#2210);
#1750=LINE('',#9325,#2211);
#1751=LINE('',#11391,#2212);
#1752=LINE('',#11393,#2213);
#1753=LINE('',#11395,#2214);
#1754=LINE('',#11396,#2215);
#1755=LINE('',#11399,#2216);
#1756=LINE('',#11401,#2217);
#1757=LINE('',#11402,#2218);
#1758=LINE('',#11405,#2219);
#1759=LINE('',#11407,#2220);
#1760=LINE('',#11408,#2221);
#1761=LINE('',#11410,#2222);
#1762=LINE('',#11411,#2223);
#1763=LINE('',#11416,#2224);
#1764=LINE('',#11418,#2225);
#1765=LINE('',#11420,#2226);
#1766=LINE('',#11421,#2227);
#1767=LINE('',#11424,#2228);
#1768=LINE('',#11426,#2229);
#1769=LINE('',#11427,#2230);
#1770=LINE('',#11430,#2231);
#1771=LINE('',#11432,#2232);
#1772=LINE('',#11433,#2233);
#1773=LINE('',#11435,#2234);
#1774=LINE('',#11436,#2235);
#1775=LINE('',#11441,#2236);
#1776=LINE('',#11443,#2237);
#1777=LINE('',#11445,#2238);
#1778=LINE('',#11446,#2239);
#1779=LINE('',#11449,#2240);
#1780=LINE('',#11451,#2241);
#1781=LINE('',#11452,#2242);
#1782=LINE('',#11455,#2243);
#1783=LINE('',#11457,#2244);
#1784=LINE('',#11458,#2245);
#1785=LINE('',#11460,#2246);
#1786=LINE('',#11461,#2247);
#1787=LINE('',#11466,#2248);
#1788=LINE('',#11468,#2249);
#1789=LINE('',#11470,#2250);
#1790=LINE('',#11471,#2251);
#1791=LINE('',#11474,#2252);
#1792=LINE('',#11476,#2253);
#1793=LINE('',#11477,#2254);
#1794=LINE('',#11480,#2255);
#1795=LINE('',#11482,#2256);
#1796=LINE('',#11483,#2257);
#1797=LINE('',#11485,#2258);
#1798=LINE('',#11486,#2259);
#1799=LINE('',#11491,#2260);
#1800=LINE('',#11493,#2261);
#1801=LINE('',#11495,#2262);
#1802=LINE('',#11496,#2263);
#1803=LINE('',#11499,#2264);
#1804=LINE('',#11501,#2265);
#1805=LINE('',#11502,#2266);
#1806=LINE('',#11505,#2267);
#1807=LINE('',#11507,#2268);
#1808=LINE('',#11508,#2269);
#1809=LINE('',#11512,#2270);
#1810=LINE('',#11514,#2271);
#1811=LINE('',#11516,#2272);
#1812=LINE('',#11517,#2273);
#1813=LINE('',#11520,#2274);
#1814=LINE('',#11522,#2275);
#1815=LINE('',#11523,#2276);
#1816=LINE('',#11526,#2277);
#1817=LINE('',#11528,#2278);
#1818=LINE('',#11529,#2279);
#1819=LINE('',#11531,#2280);
#1820=LINE('',#11532,#2281);
#1821=LINE('',#11537,#2282);
#1822=LINE('',#11543,#2283);
#1823=LINE('',#11548,#2284);
#1824=LINE('',#11550,#2285);
#1825=LINE('',#11552,#2286);
#1826=LINE('',#11553,#2287);
#1827=LINE('',#11556,#2288);
#1828=LINE('',#11558,#2289);
#1829=LINE('',#11559,#2290);
#1830=LINE('',#11562,#2291);
#1831=LINE('',#11563,#2292);
#1832=LINE('',#11566,#2293);
#1833=LINE('',#11567,#2294);
#1834=LINE('',#11572,#2295);
#1835=LINE('',#11578,#2296);
#1836=LINE('',#11583,#2297);
#1837=LINE('',#11585,#2298);
#1838=LINE('',#11587,#2299);
#1839=LINE('',#11588,#2300);
#1840=LINE('',#11591,#2301);
#1841=LINE('',#11593,#2302);
#1842=LINE('',#11594,#2303);
#1843=LINE('',#11597,#2304);
#1844=LINE('',#11598,#2305);
#1845=LINE('',#11601,#2306);
#1846=LINE('',#11602,#2307);
#1847=LINE('',#11607,#2308);
#1848=LINE('',#11613,#2309);
#1849=LINE('',#11618,#2310);
#1850=LINE('',#11620,#2311);
#1851=LINE('',#11622,#2312);
#1852=LINE('',#11623,#2313);
#1853=LINE('',#11626,#2314);
#1854=LINE('',#11628,#2315);
#1855=LINE('',#11629,#2316);
#1856=LINE('',#11634,#2317);
#1857=LINE('',#11640,#2318);
#1858=LINE('',#11645,#2319);
#1859=LINE('',#11647,#2320);
#1860=LINE('',#11649,#2321);
#1861=LINE('',#11650,#2322);
#1862=LINE('',#11653,#2323);
#1863=LINE('',#11655,#2324);
#1864=LINE('',#11656,#2325);
#1865=LINE('',#11660,#2326);
#1866=LINE('',#11662,#2327);
#1867=LINE('',#11663,#2328);
#1868=LINE('',#11664,#2329);
#1869=LINE('',#11666,#2330);
#1870=LINE('',#11668,#2331);
#1871=LINE('',#11669,#2332);
#1872=LINE('',#11673,#2333);
#1873=LINE('',#11675,#2334);
#1874=LINE('',#11677,#2335);
#1875=LINE('',#11678,#2336);
#1876=LINE('',#11680,#2337);
#1877=LINE('',#11681,#2338);
#1878=LINE('',#11686,#2339);
#1879=LINE('',#11692,#2340);
#1880=LINE('',#11696,#2341);
#1881=LINE('',#11697,#2342);
#1882=LINE('',#11699,#2343);
#1883=LINE('',#11700,#2344);
#1884=LINE('',#11703,#2345);
#1885=LINE('',#11704,#2346);
#1886=LINE('',#11706,#2347);
#1887=LINE('',#11709,#2348);
#1888=LINE('',#11711,#2349);
#1889=LINE('',#11712,#2350);
#1890=LINE('',#11715,#2351);
#1891=LINE('',#11716,#2352);
#1892=LINE('',#11718,#2353);
#1893=LINE('',#11719,#2354);
#1894=LINE('',#11722,#2355);
#1895=LINE('',#11724,#2356);
#1896=LINE('',#11725,#2357);
#1897=LINE('',#11728,#2358);
#1898=LINE('',#11730,#2359);
#1899=LINE('',#11731,#2360);
#1900=LINE('',#11733,#2361);
#1901=LINE('',#11734,#2362);
#1902=LINE('',#11736,#2363);
#1903=LINE('',#11741,#2364);
#1904=LINE('',#11747,#2365);
#1905=LINE('',#11753,#2366);
#1906=LINE('',#11759,#2367);
#1907=LINE('',#11762,#2368);
#1908=LINE('',#11763,#2369);
#1909=LINE('',#11770,#2370);
#1910=LINE('',#11772,#2371);
#1911=LINE('',#11774,#2372);
#1912=LINE('',#11775,#2373);
#1913=LINE('',#11778,#2374);
#1914=LINE('',#11780,#2375);
#1915=LINE('',#11781,#2376);
#1916=LINE('',#11784,#2377);
#1917=LINE('',#11786,#2378);
#1918=LINE('',#11787,#2379);
#1919=LINE('',#11790,#2380);
#1920=LINE('',#11792,#2381);
#1921=LINE('',#11794,#2382);
#1922=LINE('',#11796,#2383);
#1923=LINE('',#11797,#2384);
#1924=LINE('',#11799,#2385);
#1925=LINE('',#11802,#2386);
#1926=LINE('',#11804,#2387);
#1927=LINE('',#11806,#2388);
#1928=LINE('',#11807,#2389);
#1929=LINE('',#11810,#2390);
#1930=LINE('',#11812,#2391);
#1931=LINE('',#11813,#2392);
#1932=LINE('',#11816,#2393);
#1933=LINE('',#11817,#2394);
#1934=LINE('',#11820,#2395);
#1935=LINE('',#11821,#2396);
#1936=LINE('',#11823,#2397);
#1937=LINE('',#11826,#2398);
#1938=LINE('',#11828,#2399);
#1939=LINE('',#11829,#2400);
#1940=LINE('',#11832,#2401);
#1941=LINE('',#11833,#2402);
#1942=LINE('',#11836,#2403);
#1943=LINE('',#11837,#2404);
#1944=LINE('',#11839,#2405);
#1945=LINE('',#11845,#2406);
#1946=LINE('',#11851,#2407);
#1947=LINE('',#11857,#2408);
#1948=LINE('',#11863,#2409);
#1949=LINE('',#11869,#2410);
#1950=LINE('',#11875,#2411);
#1951=LINE('',#11881,#2412);
#1952=LINE('',#11887,#2413);
#1953=LINE('',#11893,#2414);
#1954=LINE('',#11899,#2415);
#1955=LINE('',#11905,#2416);
#1956=LINE('',#11911,#2417);
#1957=LINE('',#11917,#2418);
#1958=LINE('',#11923,#2419);
#1959=LINE('',#11929,#2420);
#1960=LINE('',#11935,#2421);
#1961=LINE('',#11941,#2422);
#1962=LINE('',#11947,#2423);
#1963=LINE('',#11953,#2424);
#1964=LINE('',#11959,#2425);
#1965=LINE('',#11965,#2426);
#1966=LINE('',#11971,#2427);
#1967=LINE('',#11977,#2428);
#1968=LINE('',#11983,#2429);
#1969=LINE('',#11989,#2430);
#1970=LINE('',#11995,#2431);
#1971=LINE('',#12001,#2432);
#1972=LINE('',#12007,#2433);
#1973=LINE('',#12013,#2434);
#1974=LINE('',#12019,#2435);
#1975=LINE('',#12025,#2436);
#1976=LINE('',#12031,#2437);
#1977=LINE('',#12037,#2438);
#1978=LINE('',#12043,#2439);
#1979=LINE('',#12049,#2440);
#1980=LINE('',#12055,#2441);
#1981=LINE('',#12061,#2442);
#1982=LINE('',#12067,#2443);
#1983=LINE('',#12073,#2444);
#1984=LINE('',#12079,#2445);
#1985=LINE('',#12085,#2446);
#1986=LINE('',#12091,#2447);
#1987=LINE('',#12097,#2448);
#1988=LINE('',#12103,#2449);
#1989=LINE('',#12109,#2450);
#1990=LINE('',#12115,#2451);
#1991=LINE('',#12121,#2452);
#1992=LINE('',#12127,#2453);
#1993=LINE('',#12133,#2454);
#1994=LINE('',#12139,#2455);
#1995=LINE('',#12145,#2456);
#1996=LINE('',#12151,#2457);
#1997=LINE('',#12157,#2458);
#1998=LINE('',#12163,#2459);
#1999=LINE('',#12169,#2460);
#2000=LINE('',#12175,#2461);
#2001=LINE('',#12181,#2462);
#2002=LINE('',#12187,#2463);
#2003=LINE('',#12193,#2464);
#2004=LINE('',#12199,#2465);
#2005=LINE('',#12205,#2466);
#2006=LINE('',#12211,#2467);
#2007=LINE('',#12217,#2468);
#2008=LINE('',#12223,#2469);
#2009=LINE('',#12229,#2470);
#2010=LINE('',#12235,#2471);
#2011=LINE('',#12241,#2472);
#2012=LINE('',#12247,#2473);
#2013=LINE('',#12253,#2474);
#2014=LINE('',#12259,#2475);
#2015=LINE('',#12265,#2476);
#2016=LINE('',#12271,#2477);
#2017=LINE('',#12277,#2478);
#2018=LINE('',#12283,#2479);
#2019=LINE('',#12289,#2480);
#2020=LINE('',#12295,#2481);
#2021=LINE('',#12301,#2482);
#2022=LINE('',#12307,#2483);
#2023=LINE('',#12313,#2484);
#2024=LINE('',#12319,#2485);
#2025=LINE('',#12325,#2486);
#2026=LINE('',#12331,#2487);
#2027=LINE('',#12337,#2488);
#2028=LINE('',#12343,#2489);
#2029=LINE('',#12349,#2490);
#2030=LINE('',#12355,#2491);
#2031=LINE('',#12361,#2492);
#2032=LINE('',#12367,#2493);
#2033=LINE('',#12373,#2494);
#2034=LINE('',#12379,#2495);
#2035=LINE('',#12385,#2496);
#2036=LINE('',#12391,#2497);
#2037=LINE('',#12397,#2498);
#2038=LINE('',#12403,#2499);
#2039=LINE('',#12409,#2500);
#2040=LINE('',#12415,#2501);
#2041=LINE('',#12421,#2502);
#2042=LINE('',#12427,#2503);
#2043=LINE('',#12433,#2504);
#2044=LINE('',#12439,#2505);
#2045=LINE('',#12682,#2506);
#2046=LINE('',#12684,#2507);
#2047=LINE('',#12695,#2508);
#2048=LINE('',#12696,#2509);
#2049=LINE('',#12781,#2510);
#2050=LINE('',#12783,#2511);
#2051=LINE('',#12868,#2512);
#2052=LINE('',#12870,#2513);
#2053=LINE('',#12880,#2514);
#2054=LINE('',#12881,#2515);
#2055=LINE('',#12893,#2516);
#2056=LINE('',#12895,#2517);
#2057=LINE('',#12897,#2518);
#2058=LINE('',#12898,#2519);
#2059=LINE('',#13034,#2520);
#2060=LINE('',#13036,#2521);
#2061=LINE('',#13038,#2522);
#2062=LINE('',#13040,#2523);
#2063=LINE('',#13042,#2524);
#2064=LINE('',#13044,#2525);
#2065=LINE('',#13046,#2526);
#2066=LINE('',#13048,#2527);
#2067=LINE('',#13050,#2528);
#2068=LINE('',#13052,#2529);
#2069=LINE('',#13054,#2530);
#2070=LINE('',#13056,#2531);
#2071=LINE('',#13057,#2532);
#2072=LINE('',#13188,#2533);
#2073=LINE('',#13190,#2534);
#2074=LINE('',#13192,#2535);
#2075=LINE('',#13193,#2536);
#2076=LINE('',#13210,#2537);
#2077=LINE('',#13213,#2538);
#2078=LINE('',#13215,#2539);
#2079=LINE('',#13217,#2540);
#2080=LINE('',#13219,#2541);
#2081=LINE('',#13221,#2542);
#2082=LINE('',#13223,#2543);
#2083=LINE('',#13225,#2544);
#2084=LINE('',#13227,#2545);
#2085=LINE('',#13229,#2546);
#2086=LINE('',#13231,#2547);
#2087=LINE('',#13233,#2548);
#2088=LINE('',#13235,#2549);
#2089=LINE('',#13237,#2550);
#2090=LINE('',#13239,#2551);
#2091=LINE('',#13241,#2552);
#2092=LINE('',#13243,#2553);
#2093=LINE('',#13245,#2554);
#2094=LINE('',#13246,#2555);
#2095=LINE('',#13253,#2556);
#2096=LINE('',#13311,#2557);
#2097=LINE('',#13478,#2558);
#2098=LINE('',#13480,#2559);
#2099=LINE('',#13553,#2560);
#2100=LINE('',#13626,#2561);
#2101=LINE('',#13627,#2562);
#2102=LINE('',#13659,#2563);
#2103=LINE('',#13676,#2564);
#2104=LINE('',#13679,#2565);
#2105=LINE('',#13680,#2566);
#2106=LINE('',#13683,#2567);
#2107=LINE('',#13685,#2568);
#2108=LINE('',#13687,#2569);
#2109=LINE('',#13689,#2570);
#2110=LINE('',#13691,#2571);
#2111=LINE('',#13692,#2572);
#2112=LINE('',#13724,#2573);
#2113=LINE('',#13742,#2574);
#2114=LINE('',#13744,#2575);
#2115=LINE('',#13745,#2576);
#2116=LINE('',#13748,#2577);
#2117=LINE('',#13749,#2578);
#2118=LINE('',#13752,#2579);
#2119=LINE('',#13754,#2580);
#2120=LINE('',#13755,#2581);
#2121=LINE('',#13758,#2582);
#2122=LINE('',#13759,#2583);
#2123=LINE('',#13761,#2584);
#2124=LINE('',#13764,#2585);
#2125=LINE('',#13765,#2586);
#2126=LINE('',#13768,#2587);
#2127=LINE('',#13770,#2588);
#2128=LINE('',#13771,#2589);
#2129=LINE('',#13774,#2590);
#2130=LINE('',#13775,#2591);
#2131=LINE('',#13778,#2592);
#2132=LINE('',#13780,#2593);
#2133=LINE('',#13781,#2594);
#2134=LINE('',#13784,#2595);
#2135=LINE('',#13785,#2596);
#2136=LINE('',#13787,#2597);
#2137=LINE('',#13790,#2598);
#2138=LINE('',#13791,#2599);
#2139=LINE('',#13794,#2600);
#2140=LINE('',#13796,#2601);
#2141=LINE('',#13797,#2602);
#2142=LINE('',#13800,#2603);
#2143=LINE('',#13801,#2604);
#2144=LINE('',#13803,#2605);
#2145=LINE('',#13806,#2606);
#2146=LINE('',#13807,#2607);
#2147=LINE('',#13810,#2608);
#2148=LINE('',#13811,#2609);
#2149=LINE('',#13814,#2610);
#2150=LINE('',#13816,#2611);
#2151=LINE('',#13817,#2612);
#2152=LINE('',#13849,#2613);
#2153=LINE('',#13866,#2614);
#2154=LINE('',#13867,#2615);
#2155=LINE('',#13870,#2616);
#2156=LINE('',#13873,#2617);
#2157=LINE('',#13875,#2618);
#2158=LINE('',#13876,#2619);
#2159=LINE('',#13878,#2620);
#2160=LINE('',#13925,#2621);
#2161=LINE('',#13946,#2622);
#2162=LINE('',#13947,#2623);
#2163=LINE('',#13949,#2624);
#2164=LINE('',#13954,#2625);
#2165=LINE('',#13959,#2626);
#2166=LINE('',#13962,#2627);
#2167=LINE('',#13968,#2628);
#2168=LINE('',#13992,#2629);
#2169=LINE('',#14040,#2630);
#2170=LINE('',#14094,#2631);
#2171=LINE('',#14142,#2632);
#2172=LINE('',#14159,#2633);
#2173=LINE('',#14184,#2634);
#2174=LINE('',#14209,#2635);
#2175=LINE('',#14234,#2636);
#2176=LINE('',#14236,#2637);
#2177=LINE('',#14238,#2638);
#2178=LINE('',#14239,#2639);
#2179=LINE('',#14242,#2640);
#2180=LINE('',#14244,#2641);
#2181=LINE('',#14245,#2642);
#2182=LINE('',#14248,#2643);
#2183=LINE('',#14250,#2644);
#2184=LINE('',#14251,#2645);
#2185=LINE('',#14253,#2646);
#2186=LINE('',#14254,#2647);
#2187=LINE('',#14942,#2648);
#2188=VECTOR('',#6962,3.00000000000001);
#2189=VECTOR('',#6967,3.00000000000001);
#2190=VECTOR('',#6970,3.00000000000001);
#2191=VECTOR('',#6973,3.00000000000001);
#2192=VECTOR('',#6978,3.00000000000001);
#2193=VECTOR('',#6983,3.00000000000001);
#2194=VECTOR('',#6986,3.00000000000001);
#2195=VECTOR('',#6989,3.00000000000001);
#2196=VECTOR('',#6994,3.);
#2197=VECTOR('',#6999,3.);
#2198=VECTOR('',#7002,3.);
#2199=VECTOR('',#7005,3.);
#2200=VECTOR('',#7010,3.0735);
#2201=VECTOR('',#7015,3.0735);
#2202=VECTOR('',#7018,3.0735);
#2203=VECTOR('',#7021,3.0735);
#2204=VECTOR('',#7026,3.07349999999996);
#2205=VECTOR('',#7031,3.07349999999996);
#2206=VECTOR('',#7034,3.07349999999996);
#2207=VECTOR('',#7037,3.07349999999996);
#2208=VECTOR('',#7042,3.07349999999996);
#2209=VECTOR('',#7047,3.07349999999996);
#2210=VECTOR('',#7050,3.07349999999996);
#2211=VECTOR('',#7053,3.07349999999996);
#2212=VECTOR('',#7076,10.);
#2213=VECTOR('',#7077,10.);
#2214=VECTOR('',#7078,10.);
#2215=VECTOR('',#7079,10.);
#2216=VECTOR('',#7082,10.);
#2217=VECTOR('',#7083,10.);
#2218=VECTOR('',#7084,10.);
#2219=VECTOR('',#7087,10.);
#2220=VECTOR('',#7088,10.);
#2221=VECTOR('',#7089,10.);
#2222=VECTOR('',#7092,10.);
#2223=VECTOR('',#7093,10.);
#2224=VECTOR('',#7098,10.);
#2225=VECTOR('',#7099,10.);
#2226=VECTOR('',#7100,10.);
#2227=VECTOR('',#7101,10.);
#2228=VECTOR('',#7104,10.);
#2229=VECTOR('',#7105,10.);
#2230=VECTOR('',#7106,10.);
#2231=VECTOR('',#7109,10.);
#2232=VECTOR('',#7110,10.);
#2233=VECTOR('',#7111,10.);
#2234=VECTOR('',#7114,10.);
#2235=VECTOR('',#7115,10.);
#2236=VECTOR('',#7120,10.);
#2237=VECTOR('',#7121,10.);
#2238=VECTOR('',#7122,10.);
#2239=VECTOR('',#7123,10.);
#2240=VECTOR('',#7126,10.);
#2241=VECTOR('',#7127,10.);
#2242=VECTOR('',#7128,10.);
#2243=VECTOR('',#7131,10.);
#2244=VECTOR('',#7132,10.);
#2245=VECTOR('',#7133,10.);
#2246=VECTOR('',#7136,10.);
#2247=VECTOR('',#7137,10.);
#2248=VECTOR('',#7142,10.);
#2249=VECTOR('',#7143,10.);
#2250=VECTOR('',#7144,10.);
#2251=VECTOR('',#7145,10.);
#2252=VECTOR('',#7148,10.);
#2253=VECTOR('',#7149,10.);
#2254=VECTOR('',#7150,10.);
#2255=VECTOR('',#7153,10.);
#2256=VECTOR('',#7154,10.);
#2257=VECTOR('',#7155,10.);
#2258=VECTOR('',#7158,10.);
#2259=VECTOR('',#7159,10.);
#2260=VECTOR('',#7164,10.);
#2261=VECTOR('',#7165,10.);
#2262=VECTOR('',#7166,10.);
#2263=VECTOR('',#7167,10.);
#2264=VECTOR('',#7170,10.);
#2265=VECTOR('',#7171,10.);
#2266=VECTOR('',#7172,10.);
#2267=VECTOR('',#7175,10.);
#2268=VECTOR('',#7176,10.);
#2269=VECTOR('',#7177,10.);
#2270=VECTOR('',#7180,10.);
#2271=VECTOR('',#7181,10.);
#2272=VECTOR('',#7182,10.);
#2273=VECTOR('',#7183,10.);
#2274=VECTOR('',#7186,10.);
#2275=VECTOR('',#7187,10.);
#2276=VECTOR('',#7188,10.);
#2277=VECTOR('',#7191,10.);
#2278=VECTOR('',#7192,10.);
#2279=VECTOR('',#7193,10.);
#2280=VECTOR('',#7196,10.);
#2281=VECTOR('',#7197,10.);
#2282=VECTOR('',#7202,1.5);
#2283=VECTOR('',#7209,1.5);
#2284=VECTOR('',#7214,10.);
#2285=VECTOR('',#7215,10.);
#2286=VECTOR('',#7216,10.);
#2287=VECTOR('',#7217,10.);
#2288=VECTOR('',#7220,10.);
#2289=VECTOR('',#7221,10.);
#2290=VECTOR('',#7222,10.);
#2291=VECTOR('',#7225,10.);
#2292=VECTOR('',#7226,10.);
#2293=VECTOR('',#7229,10.);
#2294=VECTOR('',#7230,10.);
#2295=VECTOR('',#7235,1.5);
#2296=VECTOR('',#7242,1.5);
#2297=VECTOR('',#7247,10.);
#2298=VECTOR('',#7248,10.);
#2299=VECTOR('',#7249,10.);
#2300=VECTOR('',#7250,10.);
#2301=VECTOR('',#7253,10.);
#2302=VECTOR('',#7254,10.);
#2303=VECTOR('',#7255,10.);
#2304=VECTOR('',#7258,10.);
#2305=VECTOR('',#7259,10.);
#2306=VECTOR('',#7262,10.);
#2307=VECTOR('',#7263,10.);
#2308=VECTOR('',#7268,1.5);
#2309=VECTOR('',#7275,1.5);
#2310=VECTOR('',#7280,10.);
#2311=VECTOR('',#7281,10.);
#2312=VECTOR('',#7282,10.);
#2313=VECTOR('',#7283,10.);
#2314=VECTOR('',#7286,10.);
#2315=VECTOR('',#7287,10.);
#2316=VECTOR('',#7288,10.);
#2317=VECTOR('',#7293,1.5);
#2318=VECTOR('',#7300,1.5);
#2319=VECTOR('',#7305,10.);
#2320=VECTOR('',#7306,10.);
#2321=VECTOR('',#7307,10.);
#2322=VECTOR('',#7308,10.);
#2323=VECTOR('',#7311,10.);
#2324=VECTOR('',#7312,10.);
#2325=VECTOR('',#7313,10.);
#2326=VECTOR('',#7316,10.);
#2327=VECTOR('',#7317,10.);
#2328=VECTOR('',#7318,10.);
#2329=VECTOR('',#7319,10.);
#2330=VECTOR('',#7320,10.);
#2331=VECTOR('',#7321,10.);
#2332=VECTOR('',#7322,10.);
#2333=VECTOR('',#7325,10.);
#2334=VECTOR('',#7326,10.);
#2335=VECTOR('',#7327,10.);
#2336=VECTOR('',#7328,10.);
#2337=VECTOR('',#7329,10.);
#2338=VECTOR('',#7330,10.);
#2339=VECTOR('',#7335,1.99999999999999);
#2340=VECTOR('',#7342,1.75000000000001);
#2341=VECTOR('',#7347,10.);
#2342=VECTOR('',#7348,10.);
#2343=VECTOR('',#7351,10.);
#2344=VECTOR('',#7352,10.);
#2345=VECTOR('',#7355,10.);
#2346=VECTOR('',#7356,10.);
#2347=VECTOR('',#7359,10.);
#2348=VECTOR('',#7362,10.);
#2349=VECTOR('',#7363,10.);
#2350=VECTOR('',#7364,10.);
#2351=VECTOR('',#7367,10.);
#2352=VECTOR('',#7368,10.);
#2353=VECTOR('',#7369,10.);
#2354=VECTOR('',#7370,10.);
#2355=VECTOR('',#7373,10.);
#2356=VECTOR('',#7374,10.);
#2357=VECTOR('',#7375,10.);
#2358=VECTOR('',#7378,10.);
#2359=VECTOR('',#7379,10.);
#2360=VECTOR('',#7380,10.);
#2361=VECTOR('',#7383,10.);
#2362=VECTOR('',#7384,10.);
#2363=VECTOR('',#7387,10.);
#2364=VECTOR('',#7392,1.75000000000001);
#2365=VECTOR('',#7399,1.99999999999999);
#2366=VECTOR('',#7406,1.75000000000001);
#2367=VECTOR('',#7413,1.74999999999997);
#2368=VECTOR('',#7418,10.);
#2369=VECTOR('',#7419,10.);
#2370=VECTOR('',#7428,10.);
#2371=VECTOR('',#7429,10.);
#2372=VECTOR('',#7430,10.);
#2373=VECTOR('',#7431,10.);
#2374=VECTOR('',#7434,10.);
#2375=VECTOR('',#7435,10.);
#2376=VECTOR('',#7436,10.);
#2377=VECTOR('',#7439,10.);
#2378=VECTOR('',#7440,10.);
#2379=VECTOR('',#7441,10.);
#2380=VECTOR('',#7444,10.);
#2381=VECTOR('',#7445,10.);
#2382=VECTOR('',#7446,10.);
#2383=VECTOR('',#7447,10.);
#2384=VECTOR('',#7448,10.);
#2385=VECTOR('',#7451,10.);
#2386=VECTOR('',#7452,10.);
#2387=VECTOR('',#7453,10.);
#2388=VECTOR('',#7454,10.);
#2389=VECTOR('',#7455,10.);
#2390=VECTOR('',#7458,10.);
#2391=VECTOR('',#7459,10.);
#2392=VECTOR('',#7460,10.);
#2393=VECTOR('',#7463,10.);
#2394=VECTOR('',#7464,10.);
#2395=VECTOR('',#7467,10.);
#2396=VECTOR('',#7468,10.);
#2397=VECTOR('',#7471,10.);
#2398=VECTOR('',#7474,10.);
#2399=VECTOR('',#7475,10.);
#2400=VECTOR('',#7476,10.);
#2401=VECTOR('',#7479,10.);
#2402=VECTOR('',#7480,10.);
#2403=VECTOR('',#7483,10.);
#2404=VECTOR('',#7484,10.);
#2405=VECTOR('',#7487,10.);
#2406=VECTOR('',#7494,0.999999999999996);
#2407=VECTOR('',#7501,0.999999999999996);
#2408=VECTOR('',#7508,0.999999999999996);
#2409=VECTOR('',#7515,0.999999999999996);
#2410=VECTOR('',#7522,0.999999999999996);
#2411=VECTOR('',#7529,0.999999999999996);
#2412=VECTOR('',#7536,0.999999999999996);
#2413=VECTOR('',#7543,0.999999999999996);
#2414=VECTOR('',#7550,0.999999999999996);
#2415=VECTOR('',#7557,0.999999999999996);
#2416=VECTOR('',#7564,0.999999999999996);
#2417=VECTOR('',#7571,0.999999999999996);
#2418=VECTOR('',#7578,1.00000000000001);
#2419=VECTOR('',#7585,1.00000000000001);
#2420=VECTOR('',#7592,1.00000000000001);
#2421=VECTOR('',#7599,1.00000000000001);
#2422=VECTOR('',#7606,1.00000000000001);
#2423=VECTOR('',#7613,1.00000000000001);
#2424=VECTOR('',#7620,1.00000000000001);
#2425=VECTOR('',#7627,1.00000000000001);
#2426=VECTOR('',#7634,1.00000000000001);
#2427=VECTOR('',#7641,1.00000000000001);
#2428=VECTOR('',#7648,1.00000000000001);
#2429=VECTOR('',#7655,1.00000000000001);
#2430=VECTOR('',#7662,1.00000000000001);
#2431=VECTOR('',#7669,1.00000000000001);
#2432=VECTOR('',#7676,1.00000000000001);
#2433=VECTOR('',#7683,1.00000000000001);
#2434=VECTOR('',#7690,1.00000000000001);
#2435=VECTOR('',#7697,1.00000000000001);
#2436=VECTOR('',#7704,1.00000000000001);
#2437=VECTOR('',#7711,1.00000000000001);
#2438=VECTOR('',#7718,1.00000000000001);
#2439=VECTOR('',#7725,1.00000000000001);
#2440=VECTOR('',#7732,1.00000000000001);
#2441=VECTOR('',#7739,1.00000000000001);
#2442=VECTOR('',#7746,1.00000000000001);
#2443=VECTOR('',#7753,0.999999999999996);
#2444=VECTOR('',#7760,0.999999999999996);
#2445=VECTOR('',#7767,0.999999999999996);
#2446=VECTOR('',#7774,0.999999999999996);
#2447=VECTOR('',#7781,0.999999999999996);
#2448=VECTOR('',#7788,0.999999999999996);
#2449=VECTOR('',#7795,0.999999999999996);
#2450=VECTOR('',#7802,0.999999999999996);
#2451=VECTOR('',#7809,0.999999999999996);
#2452=VECTOR('',#7816,0.999999999999996);
#2453=VECTOR('',#7823,0.999999999999996);
#2454=VECTOR('',#7830,0.999999999999996);
#2455=VECTOR('',#7837,0.999999999999996);
#2456=VECTOR('',#7844,0.999999999999996);
#2457=VECTOR('',#7851,0.999999999999996);
#2458=VECTOR('',#7858,0.999999999999996);
#2459=VECTOR('',#7865,0.999999999999996);
#2460=VECTOR('',#7872,0.999999999999996);
#2461=VECTOR('',#7879,0.999999999999996);
#2462=VECTOR('',#7886,0.999999999999996);
#2463=VECTOR('',#7893,0.999999999999996);
#2464=VECTOR('',#7900,0.999999999999996);
#2465=VECTOR('',#7907,0.999999999999996);
#2466=VECTOR('',#7914,0.999999999999996);
#2467=VECTOR('',#7921,0.999999999999996);
#2468=VECTOR('',#7928,1.00000000000001);
#2469=VECTOR('',#7935,1.00000000000001);
#2470=VECTOR('',#7942,1.00000000000001);
#2471=VECTOR('',#7949,1.00000000000001);
#2472=VECTOR('',#7956,1.00000000000001);
#2473=VECTOR('',#7963,1.00000000000001);
#2474=VECTOR('',#7970,1.00000000000001);
#2475=VECTOR('',#7977,1.00000000000001);
#2476=VECTOR('',#7984,1.00000000000001);
#2477=VECTOR('',#7991,1.00000000000001);
#2478=VECTOR('',#7998,1.00000000000001);
#2479=VECTOR('',#8005,1.00000000000001);
#2480=VECTOR('',#8012,1.00000000000001);
#2481=VECTOR('',#8019,1.00000000000001);
#2482=VECTOR('',#8026,1.00000000000001);
#2483=VECTOR('',#8033,1.00000000000001);
#2484=VECTOR('',#8040,1.00000000000001);
#2485=VECTOR('',#8047,1.00000000000001);
#2486=VECTOR('',#8054,1.00000000000001);
#2487=VECTOR('',#8061,1.00000000000001);
#2488=VECTOR('',#8068,1.00000000000001);
#2489=VECTOR('',#8075,1.00000000000001);
#2490=VECTOR('',#8082,1.00000000000001);
#2491=VECTOR('',#8089,1.00000000000001);
#2492=VECTOR('',#8096,1.00000000000001);
#2493=VECTOR('',#8103,0.999999999999996);
#2494=VECTOR('',#8110,0.999999999999996);
#2495=VECTOR('',#8117,0.999999999999996);
#2496=VECTOR('',#8124,0.999999999999996);
#2497=VECTOR('',#8131,0.999999999999996);
#2498=VECTOR('',#8138,0.999999999999996);
#2499=VECTOR('',#8145,0.999999999999996);
#2500=VECTOR('',#8152,0.999999999999996);
#2501=VECTOR('',#8159,0.999999999999996);
#2502=VECTOR('',#8166,0.999999999999996);
#2503=VECTOR('',#8173,0.999999999999996);
#2504=VECTOR('',#8180,0.999999999999996);
#2505=VECTOR('',#8187,0.999999999999996);
#2506=VECTOR('',#8202,10.);
#2507=VECTOR('',#8205,10.);
#2508=VECTOR('',#8218,10.);
#2509=VECTOR('',#8219,10.);
#2510=VECTOR('',#8236,10.);
#2511=VECTOR('',#8239,10.);
#2512=VECTOR('',#8256,10.);
#2513=VECTOR('',#8259,10.);
#2514=VECTOR('',#8272,10.);
#2515=VECTOR('',#8273,10.);
#2516=VECTOR('',#8284,10.);
#2517=VECTOR('',#8285,10.);
#2518=VECTOR('',#8286,10.);
#2519=VECTOR('',#8287,10.);
#2520=VECTOR('',#8290,10.);
#2521=VECTOR('',#8291,10.);
#2522=VECTOR('',#8292,10.);
#2523=VECTOR('',#8293,10.);
#2524=VECTOR('',#8294,10.);
#2525=VECTOR('',#8295,10.);
#2526=VECTOR('',#8296,10.);
#2527=VECTOR('',#8297,10.);
#2528=VECTOR('',#8298,10.);
#2529=VECTOR('',#8299,10.);
#2530=VECTOR('',#8300,10.);
#2531=VECTOR('',#8301,10.);
#2532=VECTOR('',#8302,10.);
#2533=VECTOR('',#8305,10.);
#2534=VECTOR('',#8306,10.);
#2535=VECTOR('',#8307,10.);
#2536=VECTOR('',#8308,10.);
#2537=VECTOR('',#8335,10.);
#2538=VECTOR('',#8338,10.);
#2539=VECTOR('',#8339,10.);
#2540=VECTOR('',#8340,10.);
#2541=VECTOR('',#8341,10.);
#2542=VECTOR('',#8342,10.);
#2543=VECTOR('',#8343,10.);
#2544=VECTOR('',#8344,10.);
#2545=VECTOR('',#8345,10.);
#2546=VECTOR('',#8346,10.);
#2547=VECTOR('',#8347,10.);
#2548=VECTOR('',#8348,10.);
#2549=VECTOR('',#8349,10.);
#2550=VECTOR('',#8350,10.);
#2551=VECTOR('',#8351,10.);
#2552=VECTOR('',#8352,10.);
#2553=VECTOR('',#8353,10.);
#2554=VECTOR('',#8354,10.);
#2555=VECTOR('',#8355,10.);
#2556=VECTOR('',#8356,10.);
#2557=VECTOR('',#8361,10.);
#2558=VECTOR('',#8364,10.);
#2559=VECTOR('',#8365,10.);
#2560=VECTOR('',#8366,10.);
#2561=VECTOR('',#8367,10.);
#2562=VECTOR('',#8368,10.);
#2563=VECTOR('',#8369,10.);
#2564=VECTOR('',#8370,10.);
#2565=VECTOR('',#8373,10.);
#2566=VECTOR('',#8374,10.);
#2567=VECTOR('',#8377,10.);
#2568=VECTOR('',#8378,10.);
#2569=VECTOR('',#8379,10.);
#2570=VECTOR('',#8380,10.);
#2571=VECTOR('',#8381,10.);
#2572=VECTOR('',#8382,10.);
#2573=VECTOR('',#8383,10.);
#2574=VECTOR('',#8386,10.);
#2575=VECTOR('',#8387,10.);
#2576=VECTOR('',#8388,10.);
#2577=VECTOR('',#8391,10.);
#2578=VECTOR('',#8392,10.);
#2579=VECTOR('',#8395,10.);
#2580=VECTOR('',#8396,10.);
#2581=VECTOR('',#8397,10.);
#2582=VECTOR('',#8400,10.);
#2583=VECTOR('',#8401,10.);
#2584=VECTOR('',#8404,10.);
#2585=VECTOR('',#8407,10.);
#2586=VECTOR('',#8408,10.);
#2587=VECTOR('',#8411,10.);
#2588=VECTOR('',#8412,10.);
#2589=VECTOR('',#8413,10.);
#2590=VECTOR('',#8416,10.);
#2591=VECTOR('',#8417,10.);
#2592=VECTOR('',#8420,10.);
#2593=VECTOR('',#8421,10.);
#2594=VECTOR('',#8422,10.);
#2595=VECTOR('',#8425,10.);
#2596=VECTOR('',#8426,10.);
#2597=VECTOR('',#8429,10.);
#2598=VECTOR('',#8432,10.);
#2599=VECTOR('',#8433,10.);
#2600=VECTOR('',#8436,10.);
#2601=VECTOR('',#8437,10.);
#2602=VECTOR('',#8438,10.);
#2603=VECTOR('',#8441,10.);
#2604=VECTOR('',#8442,10.);
#2605=VECTOR('',#8445,10.);
#2606=VECTOR('',#8448,10.);
#2607=VECTOR('',#8449,10.);
#2608=VECTOR('',#8452,10.);
#2609=VECTOR('',#8453,10.);
#2610=VECTOR('',#8456,10.);
#2611=VECTOR('',#8457,10.);
#2612=VECTOR('',#8458,10.);
#2613=VECTOR('',#8459,10.);
#2614=VECTOR('',#8462,10.);
#2615=VECTOR('',#8463,10.);
#2616=VECTOR('',#8466,3.50000000000001);
#2617=VECTOR('',#8471,10.);
#2618=VECTOR('',#8474,10.);
#2619=VECTOR('',#8475,10.);
#2620=VECTOR('',#8478,10.);
#2621=VECTOR('',#8479,10.);
#2622=VECTOR('',#8482,10.);
#2623=VECTOR('',#8483,10.);
#2624=VECTOR('',#8486,10.);
#2625=VECTOR('',#8491,3.5);
#2626=VECTOR('',#8500,10.);
#2627=VECTOR('',#8503,3.50000000000001);
#2628=VECTOR('',#8510,3.00000000000001);
#2629=VECTOR('',#8515,3.00000000000001);
#2630=VECTOR('',#8518,3.00000000000001);
#2631=VECTOR('',#8521,3.00000000000001);
#2632=VECTOR('',#8524,2.37175000000001);
#2633=VECTOR('',#8529,2.37175000000001);
#2634=VECTOR('',#8532,2.37175000000001);
#2635=VECTOR('',#8535,2.37175000000001);
#2636=VECTOR('',#8538,10.);
#2637=VECTOR('',#8539,10.);
#2638=VECTOR('',#8540,10.);
#2639=VECTOR('',#8541,10.);
#2640=VECTOR('',#8544,10.);
#2641=VECTOR('',#8545,10.);
#2642=VECTOR('',#8546,10.);
#2643=VECTOR('',#8549,10.);
#2644=VECTOR('',#8550,10.);
#2645=VECTOR('',#8551,10.);
#2646=VECTOR('',#8554,10.);
#2647=VECTOR('',#8555,10.);
#2648=VECTOR('',#8572,3.99999999999999);
#2649=VERTEX_POINT('',#8581);
#2650=VERTEX_POINT('',#8582);
#2651=VERTEX_POINT('',#8584);
#2652=VERTEX_POINT('',#8589);
#2653=VERTEX_POINT('',#8602);
#2654=VERTEX_POINT('',#8603);
#2655=VERTEX_POINT('',#8656);
#2656=VERTEX_POINT('',#8657);
#2657=VERTEX_POINT('',#8704);
#2658=VERTEX_POINT('',#8705);
#2659=VERTEX_POINT('',#8707);
#2660=VERTEX_POINT('',#8721);
#2661=VERTEX_POINT('',#8743);
#2662=VERTEX_POINT('',#8744);
#2663=VERTEX_POINT('',#8746);
#2664=VERTEX_POINT('',#8751);
#2665=VERTEX_POINT('',#8764);
#2666=VERTEX_POINT('',#8765);
#2667=VERTEX_POINT('',#8818);
#2668=VERTEX_POINT('',#8819);
#2669=VERTEX_POINT('',#8866);
#2670=VERTEX_POINT('',#8867);
#2671=VERTEX_POINT('',#8869);
#2672=VERTEX_POINT('',#8883);
#2673=VERTEX_POINT('',#8905);
#2674=VERTEX_POINT('',#8906);
#2675=VERTEX_POINT('',#8908);
#2676=VERTEX_POINT('',#8913);
#2677=VERTEX_POINT('',#8926);
#2678=VERTEX_POINT('',#8927);
#2679=VERTEX_POINT('',#8980);
#2680=VERTEX_POINT('',#8981);
#2681=VERTEX_POINT('',#9028);
#2682=VERTEX_POINT('',#9029);
#2683=VERTEX_POINT('',#9031);
#2684=VERTEX_POINT('',#9045);
#2685=VERTEX_POINT('',#9067);
#2686=VERTEX_POINT('',#9068);
#2687=VERTEX_POINT('',#9070);
#2688=VERTEX_POINT('',#9079);
#2689=VERTEX_POINT('',#9091);
#2690=VERTEX_POINT('',#9092);
#2691=VERTEX_POINT('',#9116);
#2692=VERTEX_POINT('',#9117);
#2693=VERTEX_POINT('',#9141);
#2694=VERTEX_POINT('',#9142);
#2695=VERTEX_POINT('',#9144);
#2696=VERTEX_POINT('',#9150);
#2697=VERTEX_POINT('',#9158);
#2698=VERTEX_POINT('',#9159);
#2699=VERTEX_POINT('',#9161);
#2700=VERTEX_POINT('',#9170);
#2701=VERTEX_POINT('',#9182);
#2702=VERTEX_POINT('',#9183);
#2703=VERTEX_POINT('',#9207);
#2704=VERTEX_POINT('',#9208);
#2705=VERTEX_POINT('',#9232);
#2706=VERTEX_POINT('',#9233);
#2707=VERTEX_POINT('',#9235);
#2708=VERTEX_POINT('',#9241);
#2709=VERTEX_POINT('',#9249);
#2710=VERTEX_POINT('',#9250);
#2711=VERTEX_POINT('',#9252);
#2712=VERTEX_POINT('',#9261);
#2713=VERTEX_POINT('',#9273);
#2714=VERTEX_POINT('',#9274);
#2715=VERTEX_POINT('',#9298);
#2716=VERTEX_POINT('',#9299);
#2717=VERTEX_POINT('',#9323);
#2718=VERTEX_POINT('',#9324);
#2719=VERTEX_POINT('',#9326);
#2720=VERTEX_POINT('',#9332);
#2721=VERTEX_POINT('',#11389);
#2722=VERTEX_POINT('',#11390);
#2723=VERTEX_POINT('',#11392);
#2724=VERTEX_POINT('',#11394);
#2725=VERTEX_POINT('',#11398);
#2726=VERTEX_POINT('',#11400);
#2727=VERTEX_POINT('',#11404);
#2728=VERTEX_POINT('',#11406);
#2729=VERTEX_POINT('',#11414);
#2730=VERTEX_POINT('',#11415);
#2731=VERTEX_POINT('',#11417);
#2732=VERTEX_POINT('',#11419);
#2733=VERTEX_POINT('',#11423);
#2734=VERTEX_POINT('',#11425);
#2735=VERTEX_POINT('',#11429);
#2736=VERTEX_POINT('',#11431);
#2737=VERTEX_POINT('',#11439);
#2738=VERTEX_POINT('',#11440);
#2739=VERTEX_POINT('',#11442);
#2740=VERTEX_POINT('',#11444);
#2741=VERTEX_POINT('',#11448);
#2742=VERTEX_POINT('',#11450);
#2743=VERTEX_POINT('',#11454);
#2744=VERTEX_POINT('',#11456);
#2745=VERTEX_POINT('',#11464);
#2746=VERTEX_POINT('',#11465);
#2747=VERTEX_POINT('',#11467);
#2748=VERTEX_POINT('',#11469);
#2749=VERTEX_POINT('',#11473);
#2750=VERTEX_POINT('',#11475);
#2751=VERTEX_POINT('',#11479);
#2752=VERTEX_POINT('',#11481);
#2753=VERTEX_POINT('',#11489);
#2754=VERTEX_POINT('',#11490);
#2755=VERTEX_POINT('',#11492);
#2756=VERTEX_POINT('',#11494);
#2757=VERTEX_POINT('',#11498);
#2758=VERTEX_POINT('',#11500);
#2759=VERTEX_POINT('',#11504);
#2760=VERTEX_POINT('',#11506);
#2761=VERTEX_POINT('',#11510);
#2762=VERTEX_POINT('',#11511);
#2763=VERTEX_POINT('',#11513);
#2764=VERTEX_POINT('',#11515);
#2765=VERTEX_POINT('',#11519);
#2766=VERTEX_POINT('',#11521);
#2767=VERTEX_POINT('',#11525);
#2768=VERTEX_POINT('',#11527);
#2769=VERTEX_POINT('',#11534);
#2770=VERTEX_POINT('',#11536);
#2771=VERTEX_POINT('',#11540);
#2772=VERTEX_POINT('',#11542);
#2773=VERTEX_POINT('',#11546);
#2774=VERTEX_POINT('',#11547);
#2775=VERTEX_POINT('',#11549);
#2776=VERTEX_POINT('',#11551);
#2777=VERTEX_POINT('',#11555);
#2778=VERTEX_POINT('',#11557);
#2779=VERTEX_POINT('',#11561);
#2780=VERTEX_POINT('',#11565);
#2781=VERTEX_POINT('',#11569);
#2782=VERTEX_POINT('',#11571);
#2783=VERTEX_POINT('',#11575);
#2784=VERTEX_POINT('',#11577);
#2785=VERTEX_POINT('',#11581);
#2786=VERTEX_POINT('',#11582);
#2787=VERTEX_POINT('',#11584);
#2788=VERTEX_POINT('',#11586);
#2789=VERTEX_POINT('',#11590);
#2790=VERTEX_POINT('',#11592);
#2791=VERTEX_POINT('',#11596);
#2792=VERTEX_POINT('',#11600);
#2793=VERTEX_POINT('',#11604);
#2794=VERTEX_POINT('',#11606);
#2795=VERTEX_POINT('',#11610);
#2796=VERTEX_POINT('',#11612);
#2797=VERTEX_POINT('',#11616);
#2798=VERTEX_POINT('',#11617);
#2799=VERTEX_POINT('',#11619);
#2800=VERTEX_POINT('',#11621);
#2801=VERTEX_POINT('',#11625);
#2802=VERTEX_POINT('',#11627);
#2803=VERTEX_POINT('',#11631);
#2804=VERTEX_POINT('',#11633);
#2805=VERTEX_POINT('',#11637);
#2806=VERTEX_POINT('',#11639);
#2807=VERTEX_POINT('',#11643);
#2808=VERTEX_POINT('',#11644);
#2809=VERTEX_POINT('',#11646);
#2810=VERTEX_POINT('',#11648);
#2811=VERTEX_POINT('',#11652);
#2812=VERTEX_POINT('',#11654);
#2813=VERTEX_POINT('',#11658);
#2814=VERTEX_POINT('',#11659);
#2815=VERTEX_POINT('',#11661);
#2816=VERTEX_POINT('',#11665);
#2817=VERTEX_POINT('',#11667);
#2818=VERTEX_POINT('',#11671);
#2819=VERTEX_POINT('',#11672);
#2820=VERTEX_POINT('',#11674);
#2821=VERTEX_POINT('',#11676);
#2822=VERTEX_POINT('',#11679);
#2823=VERTEX_POINT('',#11683);
#2824=VERTEX_POINT('',#11685);
#2825=VERTEX_POINT('',#11689);
#2826=VERTEX_POINT('',#11691);
#2827=VERTEX_POINT('',#11695);
#2828=VERTEX_POINT('',#11702);
#2829=VERTEX_POINT('',#11708);
#2830=VERTEX_POINT('',#11710);
#2831=VERTEX_POINT('',#11714);
#2832=VERTEX_POINT('',#11717);
#2833=VERTEX_POINT('',#11721);
#2834=VERTEX_POINT('',#11723);
#2835=VERTEX_POINT('',#11727);
#2836=VERTEX_POINT('',#11729);
#2837=VERTEX_POINT('',#11738);
#2838=VERTEX_POINT('',#11740);
#2839=VERTEX_POINT('',#11744);
#2840=VERTEX_POINT('',#11746);
#2841=VERTEX_POINT('',#11750);
#2842=VERTEX_POINT('',#11752);
#2843=VERTEX_POINT('',#11756);
#2844=VERTEX_POINT('',#11758);
#2845=VERTEX_POINT('',#11768);
#2846=VERTEX_POINT('',#11769);
#2847=VERTEX_POINT('',#11771);
#2848=VERTEX_POINT('',#11773);
#2849=VERTEX_POINT('',#11777);
#2850=VERTEX_POINT('',#11779);
#2851=VERTEX_POINT('',#11783);
#2852=VERTEX_POINT('',#11785);
#2853=VERTEX_POINT('',#11789);
#2854=VERTEX_POINT('',#11791);
#2855=VERTEX_POINT('',#11793);
#2856=VERTEX_POINT('',#11795);
#2857=VERTEX_POINT('',#11800);
#2858=VERTEX_POINT('',#11801);
#2859=VERTEX_POINT('',#11803);
#2860=VERTEX_POINT('',#11805);
#2861=VERTEX_POINT('',#11809);
#2862=VERTEX_POINT('',#11811);
#2863=VERTEX_POINT('',#11815);
#2864=VERTEX_POINT('',#11819);
#2865=VERTEX_POINT('',#11825);
#2866=VERTEX_POINT('',#11827);
#2867=VERTEX_POINT('',#11831);
#2868=VERTEX_POINT('',#11835);
#2869=VERTEX_POINT('',#11842);
#2870=VERTEX_POINT('',#11844);
#2871=VERTEX_POINT('',#11848);
#2872=VERTEX_POINT('',#11850);
#2873=VERTEX_POINT('',#11854);
#2874=VERTEX_POINT('',#11856);
#2875=VERTEX_POINT('',#11860);
#2876=VERTEX_POINT('',#11862);
#2877=VERTEX_POINT('',#11866);
#2878=VERTEX_POINT('',#11868);
#2879=VERTEX_POINT('',#11872);
#2880=VERTEX_POINT('',#11874);
#2881=VERTEX_POINT('',#11878);
#2882=VERTEX_POINT('',#11880);
#2883=VERTEX_POINT('',#11884);
#2884=VERTEX_POINT('',#11886);
#2885=VERTEX_POINT('',#11890);
#2886=VERTEX_POINT('',#11892);
#2887=VERTEX_POINT('',#11896);
#2888=VERTEX_POINT('',#11898);
#2889=VERTEX_POINT('',#11902);
#2890=VERTEX_POINT('',#11904);
#2891=VERTEX_POINT('',#11908);
#2892=VERTEX_POINT('',#11910);
#2893=VERTEX_POINT('',#11914);
#2894=VERTEX_POINT('',#11916);
#2895=VERTEX_POINT('',#11920);
#2896=VERTEX_POINT('',#11922);
#2897=VERTEX_POINT('',#11926);
#2898=VERTEX_POINT('',#11928);
#2899=VERTEX_POINT('',#11932);
#2900=VERTEX_POINT('',#11934);
#2901=VERTEX_POINT('',#11938);
#2902=VERTEX_POINT('',#11940);
#2903=VERTEX_POINT('',#11944);
#2904=VERTEX_POINT('',#11946);
#2905=VERTEX_POINT('',#11950);
#2906=VERTEX_POINT('',#11952);
#2907=VERTEX_POINT('',#11956);
#2908=VERTEX_POINT('',#11958);
#2909=VERTEX_POINT('',#11962);
#2910=VERTEX_POINT('',#11964);
#2911=VERTEX_POINT('',#11968);
#2912=VERTEX_POINT('',#11970);
#2913=VERTEX_POINT('',#11974);
#2914=VERTEX_POINT('',#11976);
#2915=VERTEX_POINT('',#11980);
#2916=VERTEX_POINT('',#11982);
#2917=VERTEX_POINT('',#11986);
#2918=VERTEX_POINT('',#11988);
#2919=VERTEX_POINT('',#11992);
#2920=VERTEX_POINT('',#11994);
#2921=VERTEX_POINT('',#11998);
#2922=VERTEX_POINT('',#12000);
#2923=VERTEX_POINT('',#12004);
#2924=VERTEX_POINT('',#12006);
#2925=VERTEX_POINT('',#12010);
#2926=VERTEX_POINT('',#12012);
#2927=VERTEX_POINT('',#12016);
#2928=VERTEX_POINT('',#12018);
#2929=VERTEX_POINT('',#12022);
#2930=VERTEX_POINT('',#12024);
#2931=VERTEX_POINT('',#12028);
#2932=VERTEX_POINT('',#12030);
#2933=VERTEX_POINT('',#12034);
#2934=VERTEX_POINT('',#12036);
#2935=VERTEX_POINT('',#12040);
#2936=VERTEX_POINT('',#12042);
#2937=VERTEX_POINT('',#12046);
#2938=VERTEX_POINT('',#12048);
#2939=VERTEX_POINT('',#12052);
#2940=VERTEX_POINT('',#12054);
#2941=VERTEX_POINT('',#12058);
#2942=VERTEX_POINT('',#12060);
#2943=VERTEX_POINT('',#12064);
#2944=VERTEX_POINT('',#12066);
#2945=VERTEX_POINT('',#12070);
#2946=VERTEX_POINT('',#12072);
#2947=VERTEX_POINT('',#12076);
#2948=VERTEX_POINT('',#12078);
#2949=VERTEX_POINT('',#12082);
#2950=VERTEX_POINT('',#12084);
#2951=VERTEX_POINT('',#12088);
#2952=VERTEX_POINT('',#12090);
#2953=VERTEX_POINT('',#12094);
#2954=VERTEX_POINT('',#12096);
#2955=VERTEX_POINT('',#12100);
#2956=VERTEX_POINT('',#12102);
#2957=VERTEX_POINT('',#12106);
#2958=VERTEX_POINT('',#12108);
#2959=VERTEX_POINT('',#12112);
#2960=VERTEX_POINT('',#12114);
#2961=VERTEX_POINT('',#12118);
#2962=VERTEX_POINT('',#12120);
#2963=VERTEX_POINT('',#12124);
#2964=VERTEX_POINT('',#12126);
#2965=VERTEX_POINT('',#12130);
#2966=VERTEX_POINT('',#12132);
#2967=VERTEX_POINT('',#12136);
#2968=VERTEX_POINT('',#12138);
#2969=VERTEX_POINT('',#12142);
#2970=VERTEX_POINT('',#12144);
#2971=VERTEX_POINT('',#12148);
#2972=VERTEX_POINT('',#12150);
#2973=VERTEX_POINT('',#12154);
#2974=VERTEX_POINT('',#12156);
#2975=VERTEX_POINT('',#12160);
#2976=VERTEX_POINT('',#12162);
#2977=VERTEX_POINT('',#12166);
#2978=VERTEX_POINT('',#12168);
#2979=VERTEX_POINT('',#12172);
#2980=VERTEX_POINT('',#12174);
#2981=VERTEX_POINT('',#12178);
#2982=VERTEX_POINT('',#12180);
#2983=VERTEX_POINT('',#12184);
#2984=VERTEX_POINT('',#12186);
#2985=VERTEX_POINT('',#12190);
#2986=VERTEX_POINT('',#12192);
#2987=VERTEX_POINT('',#12196);
#2988=VERTEX_POINT('',#12198);
#2989=VERTEX_POINT('',#12202);
#2990=VERTEX_POINT('',#12204);
#2991=VERTEX_POINT('',#12208);
#2992=VERTEX_POINT('',#12210);
#2993=VERTEX_POINT('',#12214);
#2994=VERTEX_POINT('',#12216);
#2995=VERTEX_POINT('',#12220);
#2996=VERTEX_POINT('',#12222);
#2997=VERTEX_POINT('',#12226);
#2998=VERTEX_POINT('',#12228);
#2999=VERTEX_POINT('',#12232);
#3000=VERTEX_POINT('',#12234);
#3001=VERTEX_POINT('',#12238);
#3002=VERTEX_POINT('',#12240);
#3003=VERTEX_POINT('',#12244);
#3004=VERTEX_POINT('',#12246);
#3005=VERTEX_POINT('',#12250);
#3006=VERTEX_POINT('',#12252);
#3007=VERTEX_POINT('',#12256);
#3008=VERTEX_POINT('',#12258);
#3009=VERTEX_POINT('',#12262);
#3010=VERTEX_POINT('',#12264);
#3011=VERTEX_POINT('',#12268);
#3012=VERTEX_POINT('',#12270);
#3013=VERTEX_POINT('',#12274);
#3014=VERTEX_POINT('',#12276);
#3015=VERTEX_POINT('',#12280);
#3016=VERTEX_POINT('',#12282);
#3017=VERTEX_POINT('',#12286);
#3018=VERTEX_POINT('',#12288);
#3019=VERTEX_POINT('',#12292);
#3020=VERTEX_POINT('',#12294);
#3021=VERTEX_POINT('',#12298);
#3022=VERTEX_POINT('',#12300);
#3023=VERTEX_POINT('',#12304);
#3024=VERTEX_POINT('',#12306);
#3025=VERTEX_POINT('',#12310);
#3026=VERTEX_POINT('',#12312);
#3027=VERTEX_POINT('',#12316);
#3028=VERTEX_POINT('',#12318);
#3029=VERTEX_POINT('',#12322);
#3030=VERTEX_POINT('',#12324);
#3031=VERTEX_POINT('',#12328);
#3032=VERTEX_POINT('',#12330);
#3033=VERTEX_POINT('',#12334);
#3034=VERTEX_POINT('',#12336);
#3035=VERTEX_POINT('',#12340);
#3036=VERTEX_POINT('',#12342);
#3037=VERTEX_POINT('',#12346);
#3038=VERTEX_POINT('',#12348);
#3039=VERTEX_POINT('',#12352);
#3040=VERTEX_POINT('',#12354);
#3041=VERTEX_POINT('',#12358);
#3042=VERTEX_POINT('',#12360);
#3043=VERTEX_POINT('',#12364);
#3044=VERTEX_POINT('',#12366);
#3045=VERTEX_POINT('',#12370);
#3046=VERTEX_POINT('',#12372);
#3047=VERTEX_POINT('',#12376);
#3048=VERTEX_POINT('',#12378);
#3049=VERTEX_POINT('',#12382);
#3050=VERTEX_POINT('',#12384);
#3051=VERTEX_POINT('',#12388);
#3052=VERTEX_POINT('',#12390);
#3053=VERTEX_POINT('',#12394);
#3054=VERTEX_POINT('',#12396);
#3055=VERTEX_POINT('',#12400);
#3056=VERTEX_POINT('',#12402);
#3057=VERTEX_POINT('',#12406);
#3058=VERTEX_POINT('',#12408);
#3059=VERTEX_POINT('',#12412);
#3060=VERTEX_POINT('',#12414);
#3061=VERTEX_POINT('',#12418);
#3062=VERTEX_POINT('',#12420);
#3063=VERTEX_POINT('',#12424);
#3064=VERTEX_POINT('',#12426);
#3065=VERTEX_POINT('',#12430);
#3066=VERTEX_POINT('',#12432);
#3067=VERTEX_POINT('',#12436);
#3068=VERTEX_POINT('',#12438);
#3069=VERTEX_POINT('',#12461);
#3070=VERTEX_POINT('',#12462);
#3071=VERTEX_POINT('',#12464);
#3072=VERTEX_POINT('',#12469);
#3073=VERTEX_POINT('',#12595);
#3074=VERTEX_POINT('',#12620);
#3075=VERTEX_POINT('',#12666);
#3076=VERTEX_POINT('',#12671);
#3077=VERTEX_POINT('',#12678);
#3078=VERTEX_POINT('',#12679);
#3079=VERTEX_POINT('',#12681);
#3080=VERTEX_POINT('',#12686);
#3081=VERTEX_POINT('',#12687);
#3082=VERTEX_POINT('',#12692);
#3083=VERTEX_POINT('',#12693);
#3084=VERTEX_POINT('',#12749);
#3085=VERTEX_POINT('',#12751);
#3086=VERTEX_POINT('',#12762);
#3087=VERTEX_POINT('',#12777);
#3088=VERTEX_POINT('',#12778);
#3089=VERTEX_POINT('',#12780);
#3090=VERTEX_POINT('',#12836);
#3091=VERTEX_POINT('',#12838);
#3092=VERTEX_POINT('',#12849);
#3093=VERTEX_POINT('',#12864);
#3094=VERTEX_POINT('',#12865);
#3095=VERTEX_POINT('',#12867);
#3096=VERTEX_POINT('',#12872);
#3097=VERTEX_POINT('',#12873);
#3098=VERTEX_POINT('',#12878);
#3099=VERTEX_POINT('',#12887);
#3100=VERTEX_POINT('',#12892);
#3101=VERTEX_POINT('',#12894);
#3102=VERTEX_POINT('',#12896);
#3103=VERTEX_POINT('',#12923);
#3104=VERTEX_POINT('',#12968);
#3105=VERTEX_POINT('',#13012);
#3106=VERTEX_POINT('',#13028);
#3107=VERTEX_POINT('',#13033);
#3108=VERTEX_POINT('',#13035);
#3109=VERTEX_POINT('',#13037);
#3110=VERTEX_POINT('',#13039);
#3111=VERTEX_POINT('',#13041);
#3112=VERTEX_POINT('',#13043);
#3113=VERTEX_POINT('',#13045);
#3114=VERTEX_POINT('',#13047);
#3115=VERTEX_POINT('',#13049);
#3116=VERTEX_POINT('',#13051);
#3117=VERTEX_POINT('',#13053);
#3118=VERTEX_POINT('',#13055);
#3119=VERTEX_POINT('',#13082);
#3120=VERTEX_POINT('',#13127);
#3121=VERTEX_POINT('',#13171);
#3122=VERTEX_POINT('',#13187);
#3123=VERTEX_POINT('',#13189);
#3124=VERTEX_POINT('',#13191);
#3125=VERTEX_POINT('',#13199);
#3126=VERTEX_POINT('',#13205);
#3127=VERTEX_POINT('',#13208);
#3128=VERTEX_POINT('',#13212);
#3129=VERTEX_POINT('',#13214);
#3130=VERTEX_POINT('',#13216);
#3131=VERTEX_POINT('',#13218);
#3132=VERTEX_POINT('',#13220);
#3133=VERTEX_POINT('',#13222);
#3134=VERTEX_POINT('',#13224);
#3135=VERTEX_POINT('',#13226);
#3136=VERTEX_POINT('',#13228);
#3137=VERTEX_POINT('',#13230);
#3138=VERTEX_POINT('',#13232);
#3139=VERTEX_POINT('',#13234);
#3140=VERTEX_POINT('',#13236);
#3141=VERTEX_POINT('',#13238);
#3142=VERTEX_POINT('',#13240);
#3143=VERTEX_POINT('',#13242);
#3144=VERTEX_POINT('',#13244);
#3145=VERTEX_POINT('',#13247);
#3146=VERTEX_POINT('',#13252);
#3147=VERTEX_POINT('',#13280);
#3148=VERTEX_POINT('',#13304);
#3149=VERTEX_POINT('',#13332);
#3150=VERTEX_POINT('',#13345);
#3151=VERTEX_POINT('',#13346);
#3152=VERTEX_POINT('',#13477);
#3153=VERTEX_POINT('',#13479);
#3154=VERTEX_POINT('',#13481);
#3155=VERTEX_POINT('',#13552);
#3156=VERTEX_POINT('',#13554);
#3157=VERTEX_POINT('',#13625);
#3158=VERTEX_POINT('',#13658);
#3159=VERTEX_POINT('',#13660);
#3160=VERTEX_POINT('',#13678);
#3161=VERTEX_POINT('',#13682);
#3162=VERTEX_POINT('',#13684);
#3163=VERTEX_POINT('',#13686);
#3164=VERTEX_POINT('',#13688);
#3165=VERTEX_POINT('',#13690);
#3166=VERTEX_POINT('',#13723);
#3167=VERTEX_POINT('',#13741);
#3168=VERTEX_POINT('',#13743);
#3169=VERTEX_POINT('',#13747);
#3170=VERTEX_POINT('',#13751);
#3171=VERTEX_POINT('',#13753);
#3172=VERTEX_POINT('',#13757);
#3173=VERTEX_POINT('',#13763);
#3174=VERTEX_POINT('',#13767);
#3175=VERTEX_POINT('',#13769);
#3176=VERTEX_POINT('',#13773);
#3177=VERTEX_POINT('',#13777);
#3178=VERTEX_POINT('',#13779);
#3179=VERTEX_POINT('',#13783);
#3180=VERTEX_POINT('',#13789);
#3181=VERTEX_POINT('',#13793);
#3182=VERTEX_POINT('',#13795);
#3183=VERTEX_POINT('',#13799);
#3184=VERTEX_POINT('',#13805);
#3185=VERTEX_POINT('',#13809);
#3186=VERTEX_POINT('',#13813);
#3187=VERTEX_POINT('',#13815);
#3188=VERTEX_POINT('',#13848);
#3189=VERTEX_POINT('',#13869);
#3190=VERTEX_POINT('',#13909);
#3191=VERTEX_POINT('',#13945);
#3192=VERTEX_POINT('',#13951);
#3193=VERTEX_POINT('',#13953);
#3194=VERTEX_POINT('',#13961);
#3195=VERTEX_POINT('',#13966);
#3196=VERTEX_POINT('',#13967);
#3197=VERTEX_POINT('',#13969);
#3198=VERTEX_POINT('',#13980);
#3199=VERTEX_POINT('',#13990);
#3200=VERTEX_POINT('',#13991);
#3201=VERTEX_POINT('',#14038);
#3202=VERTEX_POINT('',#14039);
#3203=VERTEX_POINT('',#14092);
#3204=VERTEX_POINT('',#14093);
#3205=VERTEX_POINT('',#14140);
#3206=VERTEX_POINT('',#14141);
#3207=VERTEX_POINT('',#14143);
#3208=VERTEX_POINT('',#14150);
#3209=VERTEX_POINT('',#14157);
#3210=VERTEX_POINT('',#14158);
#3211=VERTEX_POINT('',#14182);
#3212=VERTEX_POINT('',#14183);
#3213=VERTEX_POINT('',#14207);
#3214=VERTEX_POINT('',#14208);
#3215=VERTEX_POINT('',#14232);
#3216=VERTEX_POINT('',#14233);
#3217=VERTEX_POINT('',#14235);
#3218=VERTEX_POINT('',#14237);
#3219=VERTEX_POINT('',#14241);
#3220=VERTEX_POINT('',#14243);
#3221=VERTEX_POINT('',#14247);
#3222=VERTEX_POINT('',#14249);
#3223=VERTEX_POINT('',#14380);
#3224=VERTEX_POINT('',#14497);
#3225=VERTEX_POINT('',#14596);
#3226=VERTEX_POINT('',#14730);
#3227=VERTEX_POINT('',#14939);
#3228=VERTEX_POINT('',#14941);
#3229=EDGE_CURVE('',#2649,#2650,#1727,.T.);
#3230=EDGE_CURVE('',#2650,#2651,#1600,.T.);
#3231=EDGE_CURVE('',#2651,#2652,#1314,.T.);
#3232=EDGE_CURVE('',#2652,#2649,#1601,.T.);
#3233=EDGE_CURVE('',#2653,#2654,#1728,.T.);
#3234=EDGE_CURVE('',#2654,#2650,#1602,.T.);
#3235=EDGE_CURVE('',#2649,#2653,#1603,.T.);
#3236=EDGE_CURVE('',#2655,#2656,#1729,.T.);
#3237=EDGE_CURVE('',#2656,#2654,#1604,.T.);
#3238=EDGE_CURVE('',#2653,#2655,#1605,.T.);
#3239=EDGE_CURVE('',#2657,#2658,#1730,.T.);
#3240=EDGE_CURVE('',#2657,#2659,#1606,.T.);
#3241=EDGE_CURVE('',#2660,#2659,#1315,.F.);
#3242=EDGE_CURVE('',#2660,#2658,#1607,.T.);
#3243=EDGE_CURVE('',#2661,#2662,#1731,.T.);
#3244=EDGE_CURVE('',#2662,#2663,#1608,.T.);
#3245=EDGE_CURVE('',#2663,#2664,#1316,.T.);
#3246=EDGE_CURVE('',#2664,#2661,#1609,.T.);
#3247=EDGE_CURVE('',#2665,#2666,#1732,.T.);
#3248=EDGE_CURVE('',#2666,#2662,#1610,.T.);
#3249=EDGE_CURVE('',#2661,#2665,#1611,.T.);
#3250=EDGE_CURVE('',#2667,#2668,#1733,.T.);
#3251=EDGE_CURVE('',#2668,#2666,#1612,.T.);
#3252=EDGE_CURVE('',#2665,#2667,#1613,.T.);
#3253=EDGE_CURVE('',#2669,#2670,#1734,.T.);
#3254=EDGE_CURVE('',#2669,#2671,#1614,.T.);
#3255=EDGE_CURVE('',#2672,#2671,#1317,.F.);
#3256=EDGE_CURVE('',#2672,#2670,#1615,.T.);
#3257=EDGE_CURVE('',#2673,#2674,#1735,.T.);
#3258=EDGE_CURVE('',#2674,#2675,#1616,.T.);
#3259=EDGE_CURVE('',#2675,#2676,#1318,.T.);
#3260=EDGE_CURVE('',#2676,#2673,#1617,.T.);
#3261=EDGE_CURVE('',#2677,#2678,#1736,.T.);
#3262=EDGE_CURVE('',#2678,#2674,#1618,.T.);
#3263=EDGE_CURVE('',#2673,#2677,#1619,.T.);
#3264=EDGE_CURVE('',#2679,#2680,#1737,.T.);
#3265=EDGE_CURVE('',#2680,#2678,#1620,.T.);
#3266=EDGE_CURVE('',#2677,#2679,#1621,.T.);
#3267=EDGE_CURVE('',#2681,#2682,#1738,.T.);
#3268=EDGE_CURVE('',#2681,#2683,#1622,.T.);
#3269=EDGE_CURVE('',#2684,#2683,#1319,.F.);
#3270=EDGE_CURVE('',#2684,#2682,#1623,.T.);
#3271=EDGE_CURVE('',#2685,#2686,#1739,.T.);
#3272=EDGE_CURVE('',#2686,#2687,#1624,.T.);
#3273=EDGE_CURVE('',#2688,#2687,#1320,.T.);
#3274=EDGE_CURVE('',#2685,#2688,#1625,.T.);
#3275=EDGE_CURVE('',#2689,#2690,#1740,.T.);
#3276=EDGE_CURVE('',#2690,#2686,#1626,.T.);
#3277=EDGE_CURVE('',#2689,#2685,#1627,.T.);
#3278=EDGE_CURVE('',#2691,#2692,#1741,.T.);
#3279=EDGE_CURVE('',#2692,#2690,#1628,.T.);
#3280=EDGE_CURVE('',#2691,#2689,#1629,.T.);
#3281=EDGE_CURVE('',#2693,#2694,#1742,.T.);
#3282=EDGE_CURVE('',#2695,#2693,#1630,.T.);
#3283=EDGE_CURVE('',#2696,#2695,#1321,.T.);
#3284=EDGE_CURVE('',#2696,#2694,#1631,.T.);
#3285=EDGE_CURVE('',#2697,#2698,#1743,.T.);
#3286=EDGE_CURVE('',#2698,#2699,#1632,.T.);
#3287=EDGE_CURVE('',#2700,#2699,#1322,.T.);
#3288=EDGE_CURVE('',#2697,#2700,#1633,.T.);
#3289=EDGE_CURVE('',#2701,#2702,#1744,.T.);
#3290=EDGE_CURVE('',#2702,#2698,#1634,.T.);
#3291=EDGE_CURVE('',#2701,#2697,#1635,.T.);
#3292=EDGE_CURVE('',#2703,#2704,#1745,.T.);
#3293=EDGE_CURVE('',#2704,#2702,#1636,.T.);
#3294=EDGE_CURVE('',#2703,#2701,#1637,.T.);
#3295=EDGE_CURVE('',#2705,#2706,#1746,.T.);
#3296=EDGE_CURVE('',#2707,#2705,#1638,.T.);
#3297=EDGE_CURVE('',#2708,#2707,#1323,.T.);
#3298=EDGE_CURVE('',#2708,#2706,#1639,.T.);
#3299=EDGE_CURVE('',#2709,#2710,#1747,.T.);
#3300=EDGE_CURVE('',#2710,#2711,#1640,.T.);
#3301=EDGE_CURVE('',#2712,#2711,#1324,.T.);
#3302=EDGE_CURVE('',#2709,#2712,#1641,.T.);
#3303=EDGE_CURVE('',#2713,#2714,#1748,.T.);
#3304=EDGE_CURVE('',#2714,#2710,#1642,.T.);
#3305=EDGE_CURVE('',#2713,#2709,#1643,.T.);
#3306=EDGE_CURVE('',#2715,#2716,#1749,.T.);
#3307=EDGE_CURVE('',#2716,#2714,#1644,.T.);
#3308=EDGE_CURVE('',#2715,#2713,#1645,.T.);
#3309=EDGE_CURVE('',#2717,#2718,#1750,.T.);
#3310=EDGE_CURVE('',#2719,#2717,#1646,.T.);
#3311=EDGE_CURVE('',#2720,#2719,#1325,.T.);
#3312=EDGE_CURVE('',#2720,#2718,#1647,.T.);
#3313=EDGE_CURVE('',#2718,#2716,#1648,.T.);
#3314=EDGE_CURVE('',#2717,#2715,#1649,.T.);
#3315=EDGE_CURVE('',#2711,#2652,#1650,.T.);
#3316=EDGE_CURVE('',#2659,#2720,#1651,.T.);
#3317=EDGE_CURVE('',#2655,#2657,#1652,.T.);
#3318=EDGE_CURVE('',#2651,#2712,#1653,.T.);
#3319=EDGE_CURVE('',#2658,#2656,#1654,.T.);
#3320=EDGE_CURVE('',#2719,#2660,#1655,.T.);
#3321=EDGE_CURVE('',#2706,#2704,#1656,.T.);
#3322=EDGE_CURVE('',#2705,#2703,#1657,.T.);
#3323=EDGE_CURVE('',#2699,#2664,#1658,.T.);
#3324=EDGE_CURVE('',#2671,#2708,#1659,.T.);
#3325=EDGE_CURVE('',#2667,#2669,#1660,.T.);
#3326=EDGE_CURVE('',#2663,#2700,#1661,.T.);
#3327=EDGE_CURVE('',#2670,#2668,#1662,.T.);
#3328=EDGE_CURVE('',#2707,#2672,#1663,.T.);
#3329=EDGE_CURVE('',#2694,#2692,#1664,.T.);
#3330=EDGE_CURVE('',#2693,#2691,#1665,.T.);
#3331=EDGE_CURVE('',#2687,#2676,#1666,.T.);
#3332=EDGE_CURVE('',#2683,#2696,#1667,.T.);
#3333=EDGE_CURVE('',#2679,#2681,#1668,.T.);
#3334=EDGE_CURVE('',#2675,#2688,#1669,.T.);
#3335=EDGE_CURVE('',#2682,#2680,#1670,.T.);
#3336=EDGE_CURVE('',#2695,#2684,#1671,.T.);
#3337=EDGE_CURVE('',#2721,#2722,#1751,.T.);
#3338=EDGE_CURVE('',#2721,#2723,#1752,.T.);
#3339=EDGE_CURVE('',#2723,#2724,#1753,.T.);
#3340=EDGE_CURVE('',#2722,#2724,#1754,.T.);
#3341=EDGE_CURVE('',#2725,#2721,#1755,.T.);
#3342=EDGE_CURVE('',#2725,#2726,#1756,.T.);
#3343=EDGE_CURVE('',#2726,#2723,#1757,.T.);
#3344=EDGE_CURVE('',#2727,#2725,#1758,.T.);
#3345=EDGE_CURVE('',#2727,#2728,#1759,.T.);
#3346=EDGE_CURVE('',#2728,#2726,#1760,.T.);
#3347=EDGE_CURVE('',#2722,#2727,#1761,.T.);
#3348=EDGE_CURVE('',#2724,#2728,#1762,.T.);
#3349=EDGE_CURVE('',#2729,#2730,#1763,.T.);
#3350=EDGE_CURVE('',#2729,#2731,#1764,.T.);
#3351=EDGE_CURVE('',#2731,#2732,#1765,.T.);
#3352=EDGE_CURVE('',#2730,#2732,#1766,.T.);
#3353=EDGE_CURVE('',#2733,#2729,#1767,.T.);
#3354=EDGE_CURVE('',#2733,#2734,#1768,.T.);
#3355=EDGE_CURVE('',#2734,#2731,#1769,.T.);
#3356=EDGE_CURVE('',#2735,#2733,#1770,.T.);
#3357=EDGE_CURVE('',#2735,#2736,#1771,.T.);
#3358=EDGE_CURVE('',#2736,#2734,#1772,.T.);
#3359=EDGE_CURVE('',#2730,#2735,#1773,.T.);
#3360=EDGE_CURVE('',#2732,#2736,#1774,.T.);
#3361=EDGE_CURVE('',#2737,#2738,#1775,.T.);
#3362=EDGE_CURVE('',#2737,#2739,#1776,.T.);
#3363=EDGE_CURVE('',#2739,#2740,#1777,.T.);
#3364=EDGE_CURVE('',#2738,#2740,#1778,.T.);
#3365=EDGE_CURVE('',#2741,#2737,#1779,.T.);
#3366=EDGE_CURVE('',#2741,#2742,#1780,.T.);
#3367=EDGE_CURVE('',#2742,#2739,#1781,.T.);
#3368=EDGE_CURVE('',#2743,#2741,#1782,.T.);
#3369=EDGE_CURVE('',#2743,#2744,#1783,.T.);
#3370=EDGE_CURVE('',#2744,#2742,#1784,.T.);
#3371=EDGE_CURVE('',#2738,#2743,#1785,.T.);
#3372=EDGE_CURVE('',#2740,#2744,#1786,.T.);
#3373=EDGE_CURVE('',#2745,#2746,#1787,.T.);
#3374=EDGE_CURVE('',#2745,#2747,#1788,.T.);
#3375=EDGE_CURVE('',#2747,#2748,#1789,.T.);
#3376=EDGE_CURVE('',#2746,#2748,#1790,.T.);
#3377=EDGE_CURVE('',#2749,#2745,#1791,.T.);
#3378=EDGE_CURVE('',#2749,#2750,#1792,.T.);
#3379=EDGE_CURVE('',#2750,#2747,#1793,.T.);
#3380=EDGE_CURVE('',#2751,#2749,#1794,.T.);
#3381=EDGE_CURVE('',#2751,#2752,#1795,.T.);
#3382=EDGE_CURVE('',#2752,#2750,#1796,.T.);
#3383=EDGE_CURVE('',#2746,#2751,#1797,.T.);
#3384=EDGE_CURVE('',#2748,#2752,#1798,.T.);
#3385=EDGE_CURVE('',#2753,#2754,#1799,.T.);
#3386=EDGE_CURVE('',#2753,#2755,#1800,.T.);
#3387=EDGE_CURVE('',#2756,#2755,#1801,.T.);
#3388=EDGE_CURVE('',#2754,#2756,#1802,.T.);
#3389=EDGE_CURVE('',#2754,#2757,#1803,.T.);
#3390=EDGE_CURVE('',#2758,#2756,#1804,.T.);
#3391=EDGE_CURVE('',#2757,#2758,#1805,.T.);
#3392=EDGE_CURVE('',#2757,#2759,#1806,.T.);
#3393=EDGE_CURVE('',#2760,#2758,#1807,.T.);
#3394=EDGE_CURVE('',#2759,#2760,#1808,.T.);
#3395=EDGE_CURVE('',#2761,#2762,#1809,.T.);
#3396=EDGE_CURVE('',#2761,#2763,#1810,.T.);
#3397=EDGE_CURVE('',#2764,#2763,#1811,.T.);
#3398=EDGE_CURVE('',#2762,#2764,#1812,.T.);
#3399=EDGE_CURVE('',#2762,#2765,#1813,.T.);
#3400=EDGE_CURVE('',#2766,#2764,#1814,.T.);
#3401=EDGE_CURVE('',#2765,#2766,#1815,.T.);
#3402=EDGE_CURVE('',#2765,#2767,#1816,.T.);
#3403=EDGE_CURVE('',#2768,#2766,#1817,.T.);
#3404=EDGE_CURVE('',#2767,#2768,#1818,.T.);
#3405=EDGE_CURVE('',#2755,#2768,#1819,.T.);
#3406=EDGE_CURVE('',#2763,#2760,#1820,.T.);
#3407=EDGE_CURVE('',#2769,#2769,#1326,.T.);
#3408=EDGE_CURVE('',#2769,#2770,#1821,.T.);
#3409=EDGE_CURVE('',#2770,#2770,#1327,.T.);
#3410=EDGE_CURVE('',#2771,#2771,#1328,.T.);
#3411=EDGE_CURVE('',#2771,#2772,#1822,.T.);
#3412=EDGE_CURVE('',#2772,#2772,#1329,.T.);
#3413=EDGE_CURVE('',#2773,#2774,#1823,.T.);
#3414=EDGE_CURVE('',#2775,#2774,#1824,.T.);
#3415=EDGE_CURVE('',#2776,#2775,#1825,.T.);
#3416=EDGE_CURVE('',#2773,#2776,#1826,.T.);
#3417=EDGE_CURVE('',#2776,#2777,#1827,.T.);
#3418=EDGE_CURVE('',#2778,#2777,#1828,.T.);
#3419=EDGE_CURVE('',#2773,#2778,#1829,.T.);
#3420=EDGE_CURVE('',#2775,#2779,#1830,.T.);
#3421=EDGE_CURVE('',#2777,#2779,#1831,.T.);
#3422=EDGE_CURVE('',#2774,#2780,#1832,.T.);
#3423=EDGE_CURVE('',#2779,#2780,#1833,.T.);
#3424=EDGE_CURVE('',#2781,#2781,#1330,.T.);
#3425=EDGE_CURVE('',#2781,#2782,#1834,.T.);
#3426=EDGE_CURVE('',#2782,#2782,#1331,.T.);
#3427=EDGE_CURVE('',#2783,#2783,#1332,.T.);
#3428=EDGE_CURVE('',#2783,#2784,#1835,.T.);
#3429=EDGE_CURVE('',#2784,#2784,#1333,.T.);
#3430=EDGE_CURVE('',#2785,#2786,#1836,.T.);
#3431=EDGE_CURVE('',#2787,#2786,#1837,.T.);
#3432=EDGE_CURVE('',#2788,#2787,#1838,.T.);
#3433=EDGE_CURVE('',#2785,#2788,#1839,.T.);
#3434=EDGE_CURVE('',#2788,#2789,#1840,.T.);
#3435=EDGE_CURVE('',#2790,#2789,#1841,.T.);
#3436=EDGE_CURVE('',#2785,#2790,#1842,.T.);
#3437=EDGE_CURVE('',#2787,#2791,#1843,.T.);
#3438=EDGE_CURVE('',#2789,#2791,#1844,.T.);
#3439=EDGE_CURVE('',#2786,#2792,#1845,.T.);
#3440=EDGE_CURVE('',#2791,#2792,#1846,.T.);
#3441=EDGE_CURVE('',#2793,#2793,#1334,.T.);
#3442=EDGE_CURVE('',#2793,#2794,#1847,.T.);
#3443=EDGE_CURVE('',#2794,#2794,#1335,.T.);
#3444=EDGE_CURVE('',#2795,#2795,#1336,.T.);
#3445=EDGE_CURVE('',#2795,#2796,#1848,.T.);
#3446=EDGE_CURVE('',#2796,#2796,#1337,.T.);
#3447=EDGE_CURVE('',#2797,#2798,#1849,.T.);
#3448=EDGE_CURVE('',#2797,#2799,#1850,.T.);
#3449=EDGE_CURVE('',#2800,#2799,#1851,.T.);
#3450=EDGE_CURVE('',#2798,#2800,#1852,.T.);
#3451=EDGE_CURVE('',#2799,#2801,#1853,.T.);
#3452=EDGE_CURVE('',#2802,#2801,#1854,.T.);
#3453=EDGE_CURVE('',#2800,#2802,#1855,.T.);
#3454=EDGE_CURVE('',#2803,#2803,#1338,.T.);
#3455=EDGE_CURVE('',#2803,#2804,#1856,.T.);
#3456=EDGE_CURVE('',#2804,#2804,#1339,.T.);
#3457=EDGE_CURVE('',#2805,#2805,#1340,.T.);
#3458=EDGE_CURVE('',#2805,#2806,#1857,.T.);
#3459=EDGE_CURVE('',#2806,#2806,#1341,.T.);
#3460=EDGE_CURVE('',#2807,#2808,#1858,.T.);
#3461=EDGE_CURVE('',#2809,#2807,#1859,.T.);
#3462=EDGE_CURVE('',#2809,#2810,#1860,.T.);
#3463=EDGE_CURVE('',#2808,#2810,#1861,.T.);
#3464=EDGE_CURVE('',#2807,#2811,#1862,.T.);
#3465=EDGE_CURVE('',#2812,#2811,#1863,.T.);
#3466=EDGE_CURVE('',#2809,#2812,#1864,.T.);
#3467=EDGE_CURVE('',#2813,#2814,#1865,.T.);
#3468=EDGE_CURVE('',#2813,#2815,#1866,.T.);
#3469=EDGE_CURVE('',#2780,#2815,#1867,.T.);
#3470=EDGE_CURVE('',#2801,#2778,#1868,.T.);
#3471=EDGE_CURVE('',#2797,#2816,#1869,.T.);
#3472=EDGE_CURVE('',#2817,#2816,#1870,.T.);
#3473=EDGE_CURVE('',#2814,#2817,#1871,.T.);
#3474=EDGE_CURVE('',#2818,#2819,#1872,.T.);
#3475=EDGE_CURVE('',#2818,#2820,#1873,.T.);
#3476=EDGE_CURVE('',#2821,#2820,#1874,.T.);
#3477=EDGE_CURVE('',#2810,#2821,#1875,.T.);
#3478=EDGE_CURVE('',#2822,#2812,#1876,.T.);
#3479=EDGE_CURVE('',#2819,#2822,#1877,.T.);
#3480=EDGE_CURVE('',#2823,#2823,#1342,.T.);
#3481=EDGE_CURVE('',#2823,#2824,#1878,.T.);
#3482=EDGE_CURVE('',#2824,#2824,#1343,.T.);
#3483=EDGE_CURVE('',#2825,#2825,#1344,.T.);
#3484=EDGE_CURVE('',#2825,#2826,#1879,.T.);
#3485=EDGE_CURVE('',#2826,#2826,#1345,.T.);
#3486=EDGE_CURVE('',#2808,#2827,#1880,.T.);
#3487=EDGE_CURVE('',#2811,#2827,#1881,.T.);
#3488=EDGE_CURVE('',#2819,#2813,#1882,.T.);
#3489=EDGE_CURVE('',#2815,#2822,#1883,.T.);
#3490=EDGE_CURVE('',#2828,#2802,#1884,.T.);
#3491=EDGE_CURVE('',#2798,#2828,#1885,.T.);
#3492=EDGE_CURVE('',#2816,#2828,#1886,.T.);
#3493=EDGE_CURVE('',#2814,#2829,#1887,.T.);
#3494=EDGE_CURVE('',#2830,#2817,#1888,.T.);
#3495=EDGE_CURVE('',#2829,#2830,#1889,.T.);
#3496=EDGE_CURVE('',#2829,#2831,#1890,.T.);
#3497=EDGE_CURVE('',#2792,#2830,#1891,.T.);
#3498=EDGE_CURVE('',#2832,#2790,#1892,.T.);
#3499=EDGE_CURVE('',#2831,#2832,#1893,.T.);
#3500=EDGE_CURVE('',#2831,#2833,#1894,.T.);
#3501=EDGE_CURVE('',#2834,#2832,#1895,.T.);
#3502=EDGE_CURVE('',#2833,#2834,#1896,.T.);
#3503=EDGE_CURVE('',#2833,#2835,#1897,.T.);
#3504=EDGE_CURVE('',#2836,#2834,#1898,.T.);
#3505=EDGE_CURVE('',#2835,#2836,#1899,.T.);
#3506=EDGE_CURVE('',#2835,#2818,#1900,.T.);
#3507=EDGE_CURVE('',#2820,#2836,#1901,.T.);
#3508=EDGE_CURVE('',#2827,#2821,#1902,.T.);
#3509=EDGE_CURVE('',#2837,#2837,#1346,.T.);
#3510=EDGE_CURVE('',#2837,#2838,#1903,.T.);
#3511=EDGE_CURVE('',#2838,#2838,#1347,.T.);
#3512=EDGE_CURVE('',#2839,#2839,#1348,.T.);
#3513=EDGE_CURVE('',#2839,#2840,#1904,.T.);
#3514=EDGE_CURVE('',#2840,#2840,#1349,.T.);
#3515=EDGE_CURVE('',#2841,#2841,#1350,.T.);
#3516=EDGE_CURVE('',#2841,#2842,#1905,.T.);
#3517=EDGE_CURVE('',#2842,#2842,#1351,.T.);
#3518=EDGE_CURVE('',#2843,#2843,#1352,.T.);
#3519=EDGE_CURVE('',#2843,#2844,#1906,.T.);
#3520=EDGE_CURVE('',#2844,#2844,#1353,.T.);
#3521=EDGE_CURVE('',#2759,#2753,#1907,.T.);
#3522=EDGE_CURVE('',#2767,#2761,#1908,.T.);
#3523=EDGE_CURVE('',#2845,#2846,#1909,.T.);
#3524=EDGE_CURVE('',#2845,#2847,#1910,.T.);
#3525=EDGE_CURVE('',#2848,#2847,#1911,.T.);
#3526=EDGE_CURVE('',#2846,#2848,#1912,.T.);
#3527=EDGE_CURVE('',#2846,#2849,#1913,.T.);
#3528=EDGE_CURVE('',#2850,#2848,#1914,.T.);
#3529=EDGE_CURVE('',#2849,#2850,#1915,.T.);
#3530=EDGE_CURVE('',#2849,#2851,#1916,.T.);
#3531=EDGE_CURVE('',#2852,#2850,#1917,.T.);
#3532=EDGE_CURVE('',#2851,#2852,#1918,.T.);
#3533=EDGE_CURVE('',#2853,#2852,#1919,.T.);
#3534=EDGE_CURVE('',#2847,#2854,#1920,.T.);
#3535=EDGE_CURVE('',#2854,#2855,#1921,.T.);
#3536=EDGE_CURVE('',#2855,#2856,#1922,.T.);
#3537=EDGE_CURVE('',#2856,#2853,#1923,.T.);
#3538=EDGE_CURVE('',#2851,#2845,#1924,.T.);
#3539=EDGE_CURVE('',#2857,#2858,#1925,.T.);
#3540=EDGE_CURVE('',#2859,#2857,#1926,.T.);
#3541=EDGE_CURVE('',#2860,#2859,#1927,.T.);
#3542=EDGE_CURVE('',#2858,#2860,#1928,.T.);
#3543=EDGE_CURVE('',#2857,#2861,#1929,.T.);
#3544=EDGE_CURVE('',#2862,#2861,#1930,.T.);
#3545=EDGE_CURVE('',#2859,#2862,#1931,.T.);
#3546=EDGE_CURVE('',#2863,#2862,#1932,.T.);
#3547=EDGE_CURVE('',#2860,#2863,#1933,.T.);
#3548=EDGE_CURVE('',#2864,#2863,#1934,.T.);
#3549=EDGE_CURVE('',#2858,#2864,#1935,.T.);
#3550=EDGE_CURVE('',#2861,#2864,#1936,.T.);
#3551=EDGE_CURVE('',#2865,#2854,#1937,.T.);
#3552=EDGE_CURVE('',#2866,#2865,#1938,.T.);
#3553=EDGE_CURVE('',#2855,#2866,#1939,.T.);
#3554=EDGE_CURVE('',#2867,#2866,#1940,.T.);
#3555=EDGE_CURVE('',#2856,#2867,#1941,.T.);
#3556=EDGE_CURVE('',#2868,#2867,#1942,.T.);
#3557=EDGE_CURVE('',#2853,#2868,#1943,.T.);
#3558=EDGE_CURVE('',#2865,#2868,#1944,.T.);
#3559=EDGE_CURVE('',#2869,#2869,#1354,.T.);
#3560=EDGE_CURVE('',#2869,#2870,#1945,.T.);
#3561=EDGE_CURVE('',#2870,#2870,#1355,.T.);
#3562=EDGE_CURVE('',#2871,#2871,#1356,.T.);
#3563=EDGE_CURVE('',#2871,#2872,#1946,.T.);
#3564=EDGE_CURVE('',#2872,#2872,#1357,.T.);
#3565=EDGE_CURVE('',#2873,#2873,#1358,.T.);
#3566=EDGE_CURVE('',#2873,#2874,#1947,.T.);
#3567=EDGE_CURVE('',#2874,#2874,#1359,.T.);
#3568=EDGE_CURVE('',#2875,#2875,#1360,.T.);
#3569=EDGE_CURVE('',#2875,#2876,#1948,.T.);
#3570=EDGE_CURVE('',#2876,#2876,#1361,.T.);
#3571=EDGE_CURVE('',#2877,#2877,#1362,.T.);
#3572=EDGE_CURVE('',#2877,#2878,#1949,.T.);
#3573=EDGE_CURVE('',#2878,#2878,#1363,.T.);
#3574=EDGE_CURVE('',#2879,#2879,#1364,.T.);
#3575=EDGE_CURVE('',#2879,#2880,#1950,.T.);
#3576=EDGE_CURVE('',#2880,#2880,#1365,.T.);
#3577=EDGE_CURVE('',#2881,#2881,#1366,.T.);
#3578=EDGE_CURVE('',#2881,#2882,#1951,.T.);
#3579=EDGE_CURVE('',#2882,#2882,#1367,.T.);
#3580=EDGE_CURVE('',#2883,#2883,#1368,.T.);
#3581=EDGE_CURVE('',#2883,#2884,#1952,.T.);
#3582=EDGE_CURVE('',#2884,#2884,#1369,.T.);
#3583=EDGE_CURVE('',#2885,#2885,#1370,.T.);
#3584=EDGE_CURVE('',#2885,#2886,#1953,.T.);
#3585=EDGE_CURVE('',#2886,#2886,#1371,.T.);
#3586=EDGE_CURVE('',#2887,#2887,#1372,.T.);
#3587=EDGE_CURVE('',#2887,#2888,#1954,.T.);
#3588=EDGE_CURVE('',#2888,#2888,#1373,.T.);
#3589=EDGE_CURVE('',#2889,#2889,#1374,.T.);
#3590=EDGE_CURVE('',#2889,#2890,#1955,.T.);
#3591=EDGE_CURVE('',#2890,#2890,#1375,.T.);
#3592=EDGE_CURVE('',#2891,#2891,#1376,.T.);
#3593=EDGE_CURVE('',#2891,#2892,#1956,.T.);
#3594=EDGE_CURVE('',#2892,#2892,#1377,.T.);
#3595=EDGE_CURVE('',#2893,#2893,#1378,.T.);
#3596=EDGE_CURVE('',#2893,#2894,#1957,.T.);
#3597=EDGE_CURVE('',#2894,#2894,#1379,.T.);
#3598=EDGE_CURVE('',#2895,#2895,#1380,.T.);
#3599=EDGE_CURVE('',#2895,#2896,#1958,.T.);
#3600=EDGE_CURVE('',#2896,#2896,#1381,.T.);
#3601=EDGE_CURVE('',#2897,#2897,#1382,.T.);
#3602=EDGE_CURVE('',#2897,#2898,#1959,.T.);
#3603=EDGE_CURVE('',#2898,#2898,#1383,.T.);
#3604=EDGE_CURVE('',#2899,#2899,#1384,.T.);
#3605=EDGE_CURVE('',#2899,#2900,#1960,.T.);
#3606=EDGE_CURVE('',#2900,#2900,#1385,.T.);
#3607=EDGE_CURVE('',#2901,#2901,#1386,.T.);
#3608=EDGE_CURVE('',#2901,#2902,#1961,.T.);
#3609=EDGE_CURVE('',#2902,#2902,#1387,.T.);
#3610=EDGE_CURVE('',#2903,#2903,#1388,.T.);
#3611=EDGE_CURVE('',#2903,#2904,#1962,.T.);
#3612=EDGE_CURVE('',#2904,#2904,#1389,.T.);
#3613=EDGE_CURVE('',#2905,#2905,#1390,.T.);
#3614=EDGE_CURVE('',#2905,#2906,#1963,.T.);
#3615=EDGE_CURVE('',#2906,#2906,#1391,.T.);
#3616=EDGE_CURVE('',#2907,#2907,#1392,.T.);
#3617=EDGE_CURVE('',#2907,#2908,#1964,.T.);
#3618=EDGE_CURVE('',#2908,#2908,#1393,.T.);
#3619=EDGE_CURVE('',#2909,#2909,#1394,.T.);
#3620=EDGE_CURVE('',#2909,#2910,#1965,.T.);
#3621=EDGE_CURVE('',#2910,#2910,#1395,.T.);
#3622=EDGE_CURVE('',#2911,#2911,#1396,.T.);
#3623=EDGE_CURVE('',#2911,#2912,#1966,.T.);
#3624=EDGE_CURVE('',#2912,#2912,#1397,.T.);
#3625=EDGE_CURVE('',#2913,#2913,#1398,.T.);
#3626=EDGE_CURVE('',#2913,#2914,#1967,.T.);
#3627=EDGE_CURVE('',#2914,#2914,#1399,.T.);
#3628=EDGE_CURVE('',#2915,#2915,#1400,.T.);
#3629=EDGE_CURVE('',#2915,#2916,#1968,.T.);
#3630=EDGE_CURVE('',#2916,#2916,#1401,.T.);
#3631=EDGE_CURVE('',#2917,#2917,#1402,.T.);
#3632=EDGE_CURVE('',#2917,#2918,#1969,.T.);
#3633=EDGE_CURVE('',#2918,#2918,#1403,.T.);
#3634=EDGE_CURVE('',#2919,#2919,#1404,.T.);
#3635=EDGE_CURVE('',#2919,#2920,#1970,.T.);
#3636=EDGE_CURVE('',#2920,#2920,#1405,.T.);
#3637=EDGE_CURVE('',#2921,#2921,#1406,.T.);
#3638=EDGE_CURVE('',#2921,#2922,#1971,.T.);
#3639=EDGE_CURVE('',#2922,#2922,#1407,.T.);
#3640=EDGE_CURVE('',#2923,#2923,#1408,.T.);
#3641=EDGE_CURVE('',#2923,#2924,#1972,.T.);
#3642=EDGE_CURVE('',#2924,#2924,#1409,.T.);
#3643=EDGE_CURVE('',#2925,#2925,#1410,.T.);
#3644=EDGE_CURVE('',#2925,#2926,#1973,.T.);
#3645=EDGE_CURVE('',#2926,#2926,#1411,.T.);
#3646=EDGE_CURVE('',#2927,#2927,#1412,.T.);
#3647=EDGE_CURVE('',#2927,#2928,#1974,.T.);
#3648=EDGE_CURVE('',#2928,#2928,#1413,.T.);
#3649=EDGE_CURVE('',#2929,#2929,#1414,.T.);
#3650=EDGE_CURVE('',#2929,#2930,#1975,.T.);
#3651=EDGE_CURVE('',#2930,#2930,#1415,.T.);
#3652=EDGE_CURVE('',#2931,#2931,#1416,.T.);
#3653=EDGE_CURVE('',#2931,#2932,#1976,.T.);
#3654=EDGE_CURVE('',#2932,#2932,#1417,.T.);
#3655=EDGE_CURVE('',#2933,#2933,#1418,.T.);
#3656=EDGE_CURVE('',#2933,#2934,#1977,.T.);
#3657=EDGE_CURVE('',#2934,#2934,#1419,.T.);
#3658=EDGE_CURVE('',#2935,#2935,#1420,.T.);
#3659=EDGE_CURVE('',#2935,#2936,#1978,.T.);
#3660=EDGE_CURVE('',#2936,#2936,#1421,.T.);
#3661=EDGE_CURVE('',#2937,#2937,#1422,.T.);
#3662=EDGE_CURVE('',#2937,#2938,#1979,.T.);
#3663=EDGE_CURVE('',#2938,#2938,#1423,.T.);
#3664=EDGE_CURVE('',#2939,#2939,#1424,.T.);
#3665=EDGE_CURVE('',#2939,#2940,#1980,.T.);
#3666=EDGE_CURVE('',#2940,#2940,#1425,.T.);
#3667=EDGE_CURVE('',#2941,#2941,#1426,.T.);
#3668=EDGE_CURVE('',#2941,#2942,#1981,.T.);
#3669=EDGE_CURVE('',#2942,#2942,#1427,.T.);
#3670=EDGE_CURVE('',#2943,#2943,#1428,.T.);
#3671=EDGE_CURVE('',#2943,#2944,#1982,.T.);
#3672=EDGE_CURVE('',#2944,#2944,#1429,.T.);
#3673=EDGE_CURVE('',#2945,#2945,#1430,.T.);
#3674=EDGE_CURVE('',#2945,#2946,#1983,.T.);
#3675=EDGE_CURVE('',#2946,#2946,#1431,.T.);
#3676=EDGE_CURVE('',#2947,#2947,#1432,.T.);
#3677=EDGE_CURVE('',#2947,#2948,#1984,.T.);
#3678=EDGE_CURVE('',#2948,#2948,#1433,.T.);
#3679=EDGE_CURVE('',#2949,#2949,#1434,.T.);
#3680=EDGE_CURVE('',#2949,#2950,#1985,.T.);
#3681=EDGE_CURVE('',#2950,#2950,#1435,.T.);
#3682=EDGE_CURVE('',#2951,#2951,#1436,.T.);
#3683=EDGE_CURVE('',#2951,#2952,#1986,.T.);
#3684=EDGE_CURVE('',#2952,#2952,#1437,.T.);
#3685=EDGE_CURVE('',#2953,#2953,#1438,.T.);
#3686=EDGE_CURVE('',#2953,#2954,#1987,.T.);
#3687=EDGE_CURVE('',#2954,#2954,#1439,.T.);
#3688=EDGE_CURVE('',#2955,#2955,#1440,.T.);
#3689=EDGE_CURVE('',#2955,#2956,#1988,.T.);
#3690=EDGE_CURVE('',#2956,#2956,#1441,.T.);
#3691=EDGE_CURVE('',#2957,#2957,#1442,.T.);
#3692=EDGE_CURVE('',#2957,#2958,#1989,.T.);
#3693=EDGE_CURVE('',#2958,#2958,#1443,.T.);
#3694=EDGE_CURVE('',#2959,#2959,#1444,.T.);
#3695=EDGE_CURVE('',#2959,#2960,#1990,.T.);
#3696=EDGE_CURVE('',#2960,#2960,#1445,.T.);
#3697=EDGE_CURVE('',#2961,#2961,#1446,.T.);
#3698=EDGE_CURVE('',#2961,#2962,#1991,.T.);
#3699=EDGE_CURVE('',#2962,#2962,#1447,.T.);
#3700=EDGE_CURVE('',#2963,#2963,#1448,.T.);
#3701=EDGE_CURVE('',#2963,#2964,#1992,.T.);
#3702=EDGE_CURVE('',#2964,#2964,#1449,.T.);
#3703=EDGE_CURVE('',#2965,#2965,#1450,.T.);
#3704=EDGE_CURVE('',#2965,#2966,#1993,.T.);
#3705=EDGE_CURVE('',#2966,#2966,#1451,.T.);
#3706=EDGE_CURVE('',#2967,#2967,#1452,.T.);
#3707=EDGE_CURVE('',#2967,#2968,#1994,.T.);
#3708=EDGE_CURVE('',#2968,#2968,#1453,.T.);
#3709=EDGE_CURVE('',#2969,#2969,#1454,.T.);
#3710=EDGE_CURVE('',#2969,#2970,#1995,.T.);
#3711=EDGE_CURVE('',#2970,#2970,#1455,.T.);
#3712=EDGE_CURVE('',#2971,#2971,#1456,.T.);
#3713=EDGE_CURVE('',#2971,#2972,#1996,.T.);
#3714=EDGE_CURVE('',#2972,#2972,#1457,.T.);
#3715=EDGE_CURVE('',#2973,#2973,#1458,.T.);
#3716=EDGE_CURVE('',#2973,#2974,#1997,.T.);
#3717=EDGE_CURVE('',#2974,#2974,#1459,.T.);
#3718=EDGE_CURVE('',#2975,#2975,#1460,.T.);
#3719=EDGE_CURVE('',#2975,#2976,#1998,.T.);
#3720=EDGE_CURVE('',#2976,#2976,#1461,.T.);
#3721=EDGE_CURVE('',#2977,#2977,#1462,.T.);
#3722=EDGE_CURVE('',#2977,#2978,#1999,.T.);
#3723=EDGE_CURVE('',#2978,#2978,#1463,.T.);
#3724=EDGE_CURVE('',#2979,#2979,#1464,.T.);
#3725=EDGE_CURVE('',#2979,#2980,#2000,.T.);
#3726=EDGE_CURVE('',#2980,#2980,#1465,.T.);
#3727=EDGE_CURVE('',#2981,#2981,#1466,.T.);
#3728=EDGE_CURVE('',#2981,#2982,#2001,.T.);
#3729=EDGE_CURVE('',#2982,#2982,#1467,.T.);
#3730=EDGE_CURVE('',#2983,#2983,#1468,.T.);
#3731=EDGE_CURVE('',#2983,#2984,#2002,.T.);
#3732=EDGE_CURVE('',#2984,#2984,#1469,.T.);
#3733=EDGE_CURVE('',#2985,#2985,#1470,.T.);
#3734=EDGE_CURVE('',#2985,#2986,#2003,.T.);
#3735=EDGE_CURVE('',#2986,#2986,#1471,.T.);
#3736=EDGE_CURVE('',#2987,#2987,#1472,.T.);
#3737=EDGE_CURVE('',#2987,#2988,#2004,.T.);
#3738=EDGE_CURVE('',#2988,#2988,#1473,.T.);
#3739=EDGE_CURVE('',#2989,#2989,#1474,.T.);
#3740=EDGE_CURVE('',#2989,#2990,#2005,.T.);
#3741=EDGE_CURVE('',#2990,#2990,#1475,.T.);
#3742=EDGE_CURVE('',#2991,#2991,#1476,.T.);
#3743=EDGE_CURVE('',#2991,#2992,#2006,.T.);
#3744=EDGE_CURVE('',#2992,#2992,#1477,.T.);
#3745=EDGE_CURVE('',#2993,#2993,#1478,.T.);
#3746=EDGE_CURVE('',#2993,#2994,#2007,.T.);
#3747=EDGE_CURVE('',#2994,#2994,#1479,.T.);
#3748=EDGE_CURVE('',#2995,#2995,#1480,.T.);
#3749=EDGE_CURVE('',#2995,#2996,#2008,.T.);
#3750=EDGE_CURVE('',#2996,#2996,#1481,.T.);
#3751=EDGE_CURVE('',#2997,#2997,#1482,.T.);
#3752=EDGE_CURVE('',#2997,#2998,#2009,.T.);
#3753=EDGE_CURVE('',#2998,#2998,#1483,.T.);
#3754=EDGE_CURVE('',#2999,#2999,#1484,.T.);
#3755=EDGE_CURVE('',#2999,#3000,#2010,.T.);
#3756=EDGE_CURVE('',#3000,#3000,#1485,.T.);
#3757=EDGE_CURVE('',#3001,#3001,#1486,.T.);
#3758=EDGE_CURVE('',#3001,#3002,#2011,.T.);
#3759=EDGE_CURVE('',#3002,#3002,#1487,.T.);
#3760=EDGE_CURVE('',#3003,#3003,#1488,.T.);
#3761=EDGE_CURVE('',#3003,#3004,#2012,.T.);
#3762=EDGE_CURVE('',#3004,#3004,#1489,.T.);
#3763=EDGE_CURVE('',#3005,#3005,#1490,.T.);
#3764=EDGE_CURVE('',#3005,#3006,#2013,.T.);
#3765=EDGE_CURVE('',#3006,#3006,#1491,.T.);
#3766=EDGE_CURVE('',#3007,#3007,#1492,.T.);
#3767=EDGE_CURVE('',#3007,#3008,#2014,.T.);
#3768=EDGE_CURVE('',#3008,#3008,#1493,.T.);
#3769=EDGE_CURVE('',#3009,#3009,#1494,.T.);
#3770=EDGE_CURVE('',#3009,#3010,#2015,.T.);
#3771=EDGE_CURVE('',#3010,#3010,#1495,.T.);
#3772=EDGE_CURVE('',#3011,#3011,#1496,.T.);
#3773=EDGE_CURVE('',#3011,#3012,#2016,.T.);
#3774=EDGE_CURVE('',#3012,#3012,#1497,.T.);
#3775=EDGE_CURVE('',#3013,#3013,#1498,.T.);
#3776=EDGE_CURVE('',#3013,#3014,#2017,.T.);
#3777=EDGE_CURVE('',#3014,#3014,#1499,.T.);
#3778=EDGE_CURVE('',#3015,#3015,#1500,.T.);
#3779=EDGE_CURVE('',#3015,#3016,#2018,.T.);
#3780=EDGE_CURVE('',#3016,#3016,#1501,.T.);
#3781=EDGE_CURVE('',#3017,#3017,#1502,.T.);
#3782=EDGE_CURVE('',#3017,#3018,#2019,.T.);
#3783=EDGE_CURVE('',#3018,#3018,#1503,.T.);
#3784=EDGE_CURVE('',#3019,#3019,#1504,.T.);
#3785=EDGE_CURVE('',#3019,#3020,#2020,.T.);
#3786=EDGE_CURVE('',#3020,#3020,#1505,.T.);
#3787=EDGE_CURVE('',#3021,#3021,#1506,.T.);
#3788=EDGE_CURVE('',#3021,#3022,#2021,.T.);
#3789=EDGE_CURVE('',#3022,#3022,#1507,.T.);
#3790=EDGE_CURVE('',#3023,#3023,#1508,.T.);
#3791=EDGE_CURVE('',#3023,#3024,#2022,.T.);
#3792=EDGE_CURVE('',#3024,#3024,#1509,.T.);
#3793=EDGE_CURVE('',#3025,#3025,#1510,.T.);
#3794=EDGE_CURVE('',#3025,#3026,#2023,.T.);
#3795=EDGE_CURVE('',#3026,#3026,#1511,.T.);
#3796=EDGE_CURVE('',#3027,#3027,#1512,.T.);
#3797=EDGE_CURVE('',#3027,#3028,#2024,.T.);
#3798=EDGE_CURVE('',#3028,#3028,#1513,.T.);
#3799=EDGE_CURVE('',#3029,#3029,#1514,.T.);
#3800=EDGE_CURVE('',#3029,#3030,#2025,.T.);
#3801=EDGE_CURVE('',#3030,#3030,#1515,.T.);
#3802=EDGE_CURVE('',#3031,#3031,#1516,.T.);
#3803=EDGE_CURVE('',#3031,#3032,#2026,.T.);
#3804=EDGE_CURVE('',#3032,#3032,#1517,.T.);
#3805=EDGE_CURVE('',#3033,#3033,#1518,.T.);
#3806=EDGE_CURVE('',#3033,#3034,#2027,.T.);
#3807=EDGE_CURVE('',#3034,#3034,#1519,.T.);
#3808=EDGE_CURVE('',#3035,#3035,#1520,.T.);
#3809=EDGE_CURVE('',#3035,#3036,#2028,.T.);
#3810=EDGE_CURVE('',#3036,#3036,#1521,.T.);
#3811=EDGE_CURVE('',#3037,#3037,#1522,.T.);
#3812=EDGE_CURVE('',#3037,#3038,#2029,.T.);
#3813=EDGE_CURVE('',#3038,#3038,#1523,.T.);
#3814=EDGE_CURVE('',#3039,#3039,#1524,.T.);
#3815=EDGE_CURVE('',#3039,#3040,#2030,.T.);
#3816=EDGE_CURVE('',#3040,#3040,#1525,.T.);
#3817=EDGE_CURVE('',#3041,#3041,#1526,.T.);
#3818=EDGE_CURVE('',#3041,#3042,#2031,.T.);
#3819=EDGE_CURVE('',#3042,#3042,#1527,.T.);
#3820=EDGE_CURVE('',#3043,#3043,#1528,.T.);
#3821=EDGE_CURVE('',#3043,#3044,#2032,.T.);
#3822=EDGE_CURVE('',#3044,#3044,#1529,.T.);
#3823=EDGE_CURVE('',#3045,#3045,#1530,.T.);
#3824=EDGE_CURVE('',#3045,#3046,#2033,.T.);
#3825=EDGE_CURVE('',#3046,#3046,#1531,.T.);
#3826=EDGE_CURVE('',#3047,#3047,#1532,.T.);
#3827=EDGE_CURVE('',#3047,#3048,#2034,.T.);
#3828=EDGE_CURVE('',#3048,#3048,#1533,.T.);
#3829=EDGE_CURVE('',#3049,#3049,#1534,.T.);
#3830=EDGE_CURVE('',#3049,#3050,#2035,.T.);
#3831=EDGE_CURVE('',#3050,#3050,#1535,.T.);
#3832=EDGE_CURVE('',#3051,#3051,#1536,.T.);
#3833=EDGE_CURVE('',#3051,#3052,#2036,.T.);
#3834=EDGE_CURVE('',#3052,#3052,#1537,.T.);
#3835=EDGE_CURVE('',#3053,#3053,#1538,.T.);
#3836=EDGE_CURVE('',#3053,#3054,#2037,.T.);
#3837=EDGE_CURVE('',#3054,#3054,#1539,.T.);
#3838=EDGE_CURVE('',#3055,#3055,#1540,.T.);
#3839=EDGE_CURVE('',#3055,#3056,#2038,.T.);
#3840=EDGE_CURVE('',#3056,#3056,#1541,.T.);
#3841=EDGE_CURVE('',#3057,#3057,#1542,.T.);
#3842=EDGE_CURVE('',#3057,#3058,#2039,.T.);
#3843=EDGE_CURVE('',#3058,#3058,#1543,.T.);
#3844=EDGE_CURVE('',#3059,#3059,#1544,.T.);
#3845=EDGE_CURVE('',#3059,#3060,#2040,.T.);
#3846=EDGE_CURVE('',#3060,#3060,#1545,.T.);
#3847=EDGE_CURVE('',#3061,#3061,#1546,.T.);
#3848=EDGE_CURVE('',#3061,#3062,#2041,.T.);
#3849=EDGE_CURVE('',#3062,#3062,#1547,.T.);
#3850=EDGE_CURVE('',#3063,#3063,#1548,.T.);
#3851=EDGE_CURVE('',#3063,#3064,#2042,.T.);
#3852=EDGE_CURVE('',#3064,#3064,#1549,.T.);
#3853=EDGE_CURVE('',#3065,#3065,#1550,.T.);
#3854=EDGE_CURVE('',#3065,#3066,#2043,.T.);
#3855=EDGE_CURVE('',#3066,#3066,#1551,.T.);
#3856=EDGE_CURVE('',#3067,#3067,#1552,.T.);
#3857=EDGE_CURVE('',#3067,#3068,#2044,.T.);
#3858=EDGE_CURVE('',#3068,#3068,#1553,.T.);
#3859=EDGE_CURVE('',#3069,#3070,#1554,.T.);
#3860=EDGE_CURVE('',#3070,#3071,#1672,.T.);
#3861=EDGE_CURVE('',#3071,#3072,#1555,.T.);
#3862=EDGE_CURVE('',#3072,#3069,#1673,.T.);
#3863=EDGE_CURVE('',#3071,#3073,#1674,.T.);
#3864=EDGE_CURVE('',#3073,#3074,#1556,.T.);
#3865=EDGE_CURVE('',#3074,#3072,#1675,.T.);
#3866=EDGE_CURVE('',#3073,#3075,#1676,.T.);
#3867=EDGE_CURVE('',#3075,#3076,#1557,.T.);
#3868=EDGE_CURVE('',#3076,#3074,#1677,.T.);
#3869=EDGE_CURVE('',#3077,#3078,#1558,.T.);
#3870=EDGE_CURVE('',#3078,#3079,#2045,.T.);
#3871=EDGE_CURVE('',#3079,#3075,#1559,.T.);
#3872=EDGE_CURVE('',#3075,#3077,#2046,.T.);
#3873=EDGE_CURVE('',#3080,#3081,#1560,.T.);
#3874=EDGE_CURVE('',#3081,#3078,#1561,.T.);
#3875=EDGE_CURVE('',#3077,#3080,#1562,.T.);
#3876=EDGE_CURVE('',#3082,#3083,#1563,.T.);
#3877=EDGE_CURVE('',#3083,#3081,#2047,.T.);
#3878=EDGE_CURVE('',#3080,#3082,#2048,.T.);
#3879=EDGE_CURVE('',#3079,#3076,#1564,.T.);
#3880=EDGE_CURVE('',#3084,#3082,#1565,.T.);
#3881=EDGE_CURVE('',#3082,#3085,#1678,.T.);
#3882=EDGE_CURVE('',#3085,#3086,#1566,.T.);
#3883=EDGE_CURVE('',#3086,#3084,#1679,.T.);
#3884=EDGE_CURVE('',#3084,#3083,#1567,.T.);
#3885=EDGE_CURVE('',#3087,#3088,#1568,.T.);
#3886=EDGE_CURVE('',#3088,#3089,#2049,.T.);
#3887=EDGE_CURVE('',#3089,#3085,#1569,.T.);
#3888=EDGE_CURVE('',#3085,#3087,#2050,.T.);
#3889=EDGE_CURVE('',#3089,#3086,#1570,.T.);
#3890=EDGE_CURVE('',#3090,#3087,#1571,.T.);
#3891=EDGE_CURVE('',#3087,#3091,#1680,.T.);
#3892=EDGE_CURVE('',#3091,#3092,#1572,.T.);
#3893=EDGE_CURVE('',#3092,#3090,#1681,.T.);
#3894=EDGE_CURVE('',#3090,#3088,#1573,.T.);
#3895=EDGE_CURVE('',#3093,#3094,#1574,.T.);
#3896=EDGE_CURVE('',#3094,#3095,#2051,.T.);
#3897=EDGE_CURVE('',#3095,#3091,#1575,.T.);
#3898=EDGE_CURVE('',#3091,#3093,#2052,.T.);
#3899=EDGE_CURVE('',#3096,#3097,#1576,.T.);
#3900=EDGE_CURVE('',#3097,#3094,#1577,.T.);
#3901=EDGE_CURVE('',#3093,#3096,#1578,.T.);
#3902=EDGE_CURVE('',#3070,#3098,#1579,.T.);
#3903=EDGE_CURVE('',#3098,#3097,#2053,.T.);
#3904=EDGE_CURVE('',#3096,#3070,#2054,.T.);
#3905=EDGE_CURVE('',#3095,#3092,#1580,.T.);
#3906=EDGE_CURVE('',#3069,#3098,#1581,.T.);
#3907=EDGE_CURVE('',#3099,#3083,#1682,.T.);
#3908=EDGE_CURVE('',#3100,#3099,#2055,.T.);
#3909=EDGE_CURVE('',#3101,#3100,#2056,.T.);
#3910=EDGE_CURVE('',#3102,#3101,#2057,.T.);
#3911=EDGE_CURVE('',#3081,#3102,#2058,.T.);
#3912=EDGE_CURVE('',#3084,#3103,#1683,.T.);
#3913=EDGE_CURVE('',#3099,#3103,#1684,.T.);
#3914=EDGE_CURVE('',#3104,#3086,#1685,.T.);
#3915=EDGE_CURVE('',#3103,#3104,#13,.T.);
#3916=EDGE_CURVE('',#3089,#3105,#1686,.T.);
#3917=EDGE_CURVE('',#3105,#3104,#1687,.F.);
#3918=EDGE_CURVE('',#3106,#3088,#1688,.T.);
#3919=EDGE_CURVE('',#3107,#3106,#2059,.T.);
#3920=EDGE_CURVE('',#3108,#3107,#2060,.T.);
#3921=EDGE_CURVE('',#3109,#3108,#2061,.T.);
#3922=EDGE_CURVE('',#3109,#3110,#2062,.T.);
#3923=EDGE_CURVE('',#3111,#3110,#2063,.T.);
#3924=EDGE_CURVE('',#3112,#3111,#2064,.T.);
#3925=EDGE_CURVE('',#3113,#3112,#2065,.T.);
#3926=EDGE_CURVE('',#3113,#3114,#2066,.T.);
#3927=EDGE_CURVE('',#3115,#3114,#2067,.T.);
#3928=EDGE_CURVE('',#3116,#3115,#2068,.T.);
#3929=EDGE_CURVE('',#3117,#3116,#2069,.T.);
#3930=EDGE_CURVE('',#3118,#3117,#2070,.T.);
#3931=EDGE_CURVE('',#3105,#3118,#2071,.T.);
#3932=EDGE_CURVE('',#3090,#3119,#1689,.T.);
#3933=EDGE_CURVE('',#3106,#3119,#1690,.T.);
#3934=EDGE_CURVE('',#3120,#3092,#1691,.T.);
#3935=EDGE_CURVE('',#3119,#3120,#14,.T.);
#3936=EDGE_CURVE('',#3095,#3121,#1692,.T.);
#3937=EDGE_CURVE('',#3121,#3120,#1693,.F.);
#3938=EDGE_CURVE('',#3122,#3094,#2072,.T.);
#3939=EDGE_CURVE('',#3123,#3122,#2073,.T.);
#3940=EDGE_CURVE('',#3124,#3123,#2074,.T.);
#3941=EDGE_CURVE('',#3121,#3124,#2075,.T.);
#3942=EDGE_CURVE('',#3107,#3124,#1582,.T.);
#3943=EDGE_CURVE('',#3123,#3108,#1583,.T.);
#3944=EDGE_CURVE('',#3125,#3125,#1584,.T.);
#3945=EDGE_CURVE('',#3100,#3118,#1585,.T.);
#3946=EDGE_CURVE('',#3117,#3101,#1586,.T.);
#3947=EDGE_CURVE('',#3126,#3126,#1587,.T.);
#3948=EDGE_CURVE('',#3102,#3127,#1588,.T.);
#3949=EDGE_CURVE('',#3127,#3078,#2076,.T.);
#3950=EDGE_CURVE('',#3128,#3127,#2077,.T.);
#3951=EDGE_CURVE('',#3128,#3129,#2078,.T.);
#3952=EDGE_CURVE('',#3130,#3129,#2079,.T.);
#3953=EDGE_CURVE('',#3131,#3130,#2080,.T.);
#3954=EDGE_CURVE('',#3132,#3131,#2081,.T.);
#3955=EDGE_CURVE('',#3132,#3133,#2082,.T.);
#3956=EDGE_CURVE('',#3134,#3133,#2083,.T.);
#3957=EDGE_CURVE('',#3135,#3134,#2084,.T.);
#3958=EDGE_CURVE('',#3136,#3135,#2085,.T.);
#3959=EDGE_CURVE('',#3136,#3137,#2086,.T.);
#3960=EDGE_CURVE('',#3138,#3137,#2087,.T.);
#3961=EDGE_CURVE('',#3139,#3138,#2088,.T.);
#3962=EDGE_CURVE('',#3140,#3139,#2089,.T.);
#3963=EDGE_CURVE('',#3140,#3141,#2090,.T.);
#3964=EDGE_CURVE('',#3142,#3141,#2091,.T.);
#3965=EDGE_CURVE('',#3143,#3142,#2092,.T.);
#3966=EDGE_CURVE('',#3144,#3143,#2093,.T.);
#3967=EDGE_CURVE('',#3097,#3144,#2094,.T.);
#3968=EDGE_CURVE('',#3145,#3098,#1694,.T.);
#3969=EDGE_CURVE('',#3146,#3145,#2095,.T.);
#3970=EDGE_CURVE('',#3079,#3146,#1695,.T.);
#3971=EDGE_CURVE('',#3144,#3122,#1589,.T.);
#3972=EDGE_CURVE('',#3146,#3147,#1696,.F.);
#3973=EDGE_CURVE('',#3147,#3076,#1697,.T.);
#3974=EDGE_CURVE('',#3148,#3147,#15,.T.);
#3975=EDGE_CURVE('',#3148,#3074,#2096,.T.);
#3976=EDGE_CURVE('',#3069,#3149,#1698,.T.);
#3977=EDGE_CURVE('',#3149,#3145,#1699,.F.);
#3978=EDGE_CURVE('',#3150,#3151,#1700,.T.);
#3979=EDGE_CURVE('',#3152,#3150,#2097,.T.);
#3980=EDGE_CURVE('',#3153,#3152,#2098,.T.);
#3981=EDGE_CURVE('',#3154,#3153,#1701,.T.);
#3982=EDGE_CURVE('',#3155,#3154,#2099,.T.);
#3983=EDGE_CURVE('',#3156,#3155,#1702,.T.);
#3984=EDGE_CURVE('',#3157,#3156,#2100,.T.);
#3985=EDGE_CURVE('',#3151,#3157,#2101,.T.);
#3986=EDGE_CURVE('',#3158,#3153,#2102,.T.);
#3987=EDGE_CURVE('',#3158,#3159,#16,.T.);
#3988=EDGE_CURVE('',#3159,#3154,#2103,.T.);
#3989=EDGE_CURVE('',#3160,#3152,#2104,.T.);
#3990=EDGE_CURVE('',#3160,#3158,#2105,.T.);
#3991=EDGE_CURVE('',#3161,#3150,#2106,.T.);
#3992=EDGE_CURVE('',#3161,#3162,#2107,.T.);
#3993=EDGE_CURVE('',#3162,#3163,#2108,.T.);
#3994=EDGE_CURVE('',#3163,#3164,#2109,.T.);
#3995=EDGE_CURVE('',#3165,#3164,#2110,.T.);
#3996=EDGE_CURVE('',#3165,#3160,#2111,.T.);
#3997=EDGE_CURVE('',#3166,#3151,#2112,.T.);
#3998=EDGE_CURVE('',#3161,#3166,#17,.T.);
#3999=EDGE_CURVE('',#3111,#3167,#2113,.T.);
#4000=EDGE_CURVE('',#3168,#3110,#2114,.T.);
#4001=EDGE_CURVE('',#3167,#3168,#2115,.T.);
#4002=EDGE_CURVE('',#3169,#3167,#2116,.T.);
#4003=EDGE_CURVE('',#3112,#3169,#2117,.T.);
#4004=EDGE_CURVE('',#3115,#3170,#2118,.T.);
#4005=EDGE_CURVE('',#3171,#3114,#2119,.T.);
#4006=EDGE_CURVE('',#3170,#3171,#2120,.T.);
#4007=EDGE_CURVE('',#3172,#3113,#2121,.T.);
#4008=EDGE_CURVE('',#3172,#3171,#2122,.T.);
#4009=EDGE_CURVE('',#3172,#3169,#2123,.T.);
#4010=EDGE_CURVE('',#3173,#3170,#2124,.T.);
#4011=EDGE_CURVE('',#3116,#3173,#2125,.T.);
#4012=EDGE_CURVE('',#3134,#3174,#2126,.T.);
#4013=EDGE_CURVE('',#3175,#3133,#2127,.T.);
#4014=EDGE_CURVE('',#3174,#3175,#2128,.T.);
#4015=EDGE_CURVE('',#3176,#3174,#2129,.T.);
#4016=EDGE_CURVE('',#3135,#3176,#2130,.T.);
#4017=EDGE_CURVE('',#3138,#3177,#2131,.T.);
#4018=EDGE_CURVE('',#3178,#3137,#2132,.T.);
#4019=EDGE_CURVE('',#3177,#3178,#2133,.T.);
#4020=EDGE_CURVE('',#3136,#3179,#2134,.T.);
#4021=EDGE_CURVE('',#3179,#3178,#2135,.T.);
#4022=EDGE_CURVE('',#3179,#3176,#2136,.T.);
#4023=EDGE_CURVE('',#3180,#3177,#2137,.T.);
#4024=EDGE_CURVE('',#3139,#3180,#2138,.T.);
#4025=EDGE_CURVE('',#3142,#3181,#2139,.T.);
#4026=EDGE_CURVE('',#3182,#3141,#2140,.T.);
#4027=EDGE_CURVE('',#3181,#3182,#2141,.T.);
#4028=EDGE_CURVE('',#3140,#3183,#2142,.T.);
#4029=EDGE_CURVE('',#3183,#3182,#2143,.T.);
#4030=EDGE_CURVE('',#3183,#3180,#2144,.T.);
#4031=EDGE_CURVE('',#3184,#3181,#2145,.T.);
#4032=EDGE_CURVE('',#3143,#3184,#2146,.T.);
#4033=EDGE_CURVE('',#3185,#3109,#2147,.T.);
#4034=EDGE_CURVE('',#3185,#3168,#2148,.T.);
#4035=EDGE_CURVE('',#3186,#3156,#2149,.T.);
#4036=EDGE_CURVE('',#3186,#3187,#2150,.T.);
#4037=EDGE_CURVE('',#3187,#3157,#2151,.T.);
#4038=EDGE_CURVE('',#3188,#3155,#2152,.T.);
#4039=EDGE_CURVE('',#3188,#3186,#18,.T.);
#4040=EDGE_CURVE('',#3159,#3173,#2153,.T.);
#4041=EDGE_CURVE('',#3185,#3188,#2154,.T.);
#4042=EDGE_CURVE('',#3125,#3189,#2155,.T.);
#4043=EDGE_CURVE('',#3189,#3189,#1590,.T.);
#4044=EDGE_CURVE('',#3187,#3184,#2156,.T.);
#4045=EDGE_CURVE('',#3164,#3129,#2157,.T.);
#4046=EDGE_CURVE('',#3130,#3163,#2158,.T.);
#4047=EDGE_CURVE('',#3131,#3162,#2159,.T.);
#4048=EDGE_CURVE('',#3190,#3148,#19,.T.);
#4049=EDGE_CURVE('',#3190,#3072,#2160,.T.);
#4050=EDGE_CURVE('',#3149,#3190,#20,.T.);
#4051=EDGE_CURVE('',#3191,#3175,#2161,.T.);
#4052=EDGE_CURVE('',#3191,#3166,#2162,.T.);
#4053=EDGE_CURVE('',#3132,#3191,#2163,.T.);
#4054=EDGE_CURVE('',#3192,#3192,#1591,.T.);
#4055=EDGE_CURVE('',#3192,#3193,#2164,.T.);
#4056=EDGE_CURVE('',#3193,#3193,#1592,.T.);
#4057=EDGE_CURVE('',#3128,#3165,#2165,.T.);
#4058=EDGE_CURVE('',#3126,#3194,#2166,.T.);
#4059=EDGE_CURVE('',#3194,#3194,#1593,.T.);
#4060=EDGE_CURVE('',#3195,#3196,#2167,.T.);
#4061=EDGE_CURVE('',#3195,#3197,#1703,.T.);
#4062=EDGE_CURVE('',#3198,#3197,#1594,.T.);
#4063=EDGE_CURVE('',#3198,#3196,#1704,.T.);
#4064=EDGE_CURVE('',#3199,#3200,#2168,.T.);
#4065=EDGE_CURVE('',#3199,#3195,#1705,.T.);
#4066=EDGE_CURVE('',#3196,#3200,#1706,.T.);
#4067=EDGE_CURVE('',#3201,#3202,#2169,.T.);
#4068=EDGE_CURVE('',#3201,#3199,#1707,.T.);
#4069=EDGE_CURVE('',#3200,#3202,#1708,.T.);
#4070=EDGE_CURVE('',#3203,#3204,#2170,.T.);
#4071=EDGE_CURVE('',#3203,#3201,#1709,.T.);
#4072=EDGE_CURVE('',#3202,#3204,#1710,.T.);
#4073=EDGE_CURVE('',#3205,#3206,#2171,.T.);
#4074=EDGE_CURVE('',#3205,#3207,#1711,.T.);
#4075=EDGE_CURVE('',#3208,#3207,#1595,.T.);
#4076=EDGE_CURVE('',#3206,#3208,#1712,.T.);
#4077=EDGE_CURVE('',#3209,#3210,#2172,.T.);
#4078=EDGE_CURVE('',#3209,#3205,#1713,.T.);
#4079=EDGE_CURVE('',#3210,#3206,#1714,.T.);
#4080=EDGE_CURVE('',#3211,#3212,#2173,.T.);
#4081=EDGE_CURVE('',#3211,#3209,#1715,.T.);
#4082=EDGE_CURVE('',#3212,#3210,#1716,.T.);
#4083=EDGE_CURVE('',#3213,#3214,#2174,.T.);
#4084=EDGE_CURVE('',#3213,#3211,#1717,.T.);
#4085=EDGE_CURVE('',#3214,#3212,#1718,.T.);
#4086=EDGE_CURVE('',#3215,#3216,#2175,.T.);
#4087=EDGE_CURVE('',#3215,#3217,#2176,.T.);
#4088=EDGE_CURVE('',#3217,#3218,#2177,.T.);
#4089=EDGE_CURVE('',#3216,#3218,#2178,.T.);
#4090=EDGE_CURVE('',#3219,#3215,#2179,.T.);
#4091=EDGE_CURVE('',#3219,#3220,#2180,.T.);
#4092=EDGE_CURVE('',#3220,#3217,#2181,.T.);
#4093=EDGE_CURVE('',#3221,#3219,#2182,.T.);
#4094=EDGE_CURVE('',#3221,#3222,#2183,.T.);
#4095=EDGE_CURVE('',#3222,#3220,#2184,.T.);
#4096=EDGE_CURVE('',#3216,#3221,#2185,.T.);
#4097=EDGE_CURVE('',#3218,#3222,#2186,.T.);
#4098=EDGE_CURVE('',#3223,#3208,#1719,.T.);
#4099=EDGE_CURVE('',#3204,#3223,#1720,.T.);
#4100=EDGE_CURVE('',#3224,#3198,#1721,.T.);
#4101=EDGE_CURVE('',#3224,#3214,#1722,.T.);
#4102=EDGE_CURVE('',#3225,#3224,#1596,.T.);
#4103=EDGE_CURVE('',#3225,#3213,#1723,.T.);
#4104=EDGE_CURVE('',#3207,#3226,#1724,.T.);
#4105=EDGE_CURVE('',#3197,#3225,#1725,.T.);
#4106=EDGE_CURVE('',#3226,#3203,#1726,.T.);
#4107=EDGE_CURVE('',#3226,#3223,#1597,.F.);
#4108=EDGE_CURVE('',#3227,#3227,#1598,.T.);
#4109=EDGE_CURVE('',#3227,#3228,#2187,.T.);
#4110=EDGE_CURVE('',#3228,#3228,#1599,.T.);
#4111=ORIENTED_EDGE('',*,*,#3229,.T.);
#4112=ORIENTED_EDGE('',*,*,#3230,.T.);
#4113=ORIENTED_EDGE('',*,*,#3231,.T.);
#4114=ORIENTED_EDGE('',*,*,#3232,.T.);
#4115=ORIENTED_EDGE('',*,*,#3233,.T.);
#4116=ORIENTED_EDGE('',*,*,#3234,.T.);
#4117=ORIENTED_EDGE('',*,*,#3229,.F.);
#4118=ORIENTED_EDGE('',*,*,#3235,.T.);
#4119=ORIENTED_EDGE('',*,*,#3236,.T.);
#4120=ORIENTED_EDGE('',*,*,#3237,.T.);
#4121=ORIENTED_EDGE('',*,*,#3233,.F.);
#4122=ORIENTED_EDGE('',*,*,#3238,.T.);
#4123=ORIENTED_EDGE('',*,*,#3239,.F.);
#4124=ORIENTED_EDGE('',*,*,#3240,.T.);
#4125=ORIENTED_EDGE('',*,*,#3241,.F.);
#4126=ORIENTED_EDGE('',*,*,#3242,.T.);
#4127=ORIENTED_EDGE('',*,*,#3243,.T.);
#4128=ORIENTED_EDGE('',*,*,#3244,.T.);
#4129=ORIENTED_EDGE('',*,*,#3245,.T.);
#4130=ORIENTED_EDGE('',*,*,#3246,.T.);
#4131=ORIENTED_EDGE('',*,*,#3247,.T.);
#4132=ORIENTED_EDGE('',*,*,#3248,.T.);
#4133=ORIENTED_EDGE('',*,*,#3243,.F.);
#4134=ORIENTED_EDGE('',*,*,#3249,.T.);
#4135=ORIENTED_EDGE('',*,*,#3250,.T.);
#4136=ORIENTED_EDGE('',*,*,#3251,.T.);
#4137=ORIENTED_EDGE('',*,*,#3247,.F.);
#4138=ORIENTED_EDGE('',*,*,#3252,.T.);
#4139=ORIENTED_EDGE('',*,*,#3253,.F.);
#4140=ORIENTED_EDGE('',*,*,#3254,.T.);
#4141=ORIENTED_EDGE('',*,*,#3255,.F.);
#4142=ORIENTED_EDGE('',*,*,#3256,.T.);
#4143=ORIENTED_EDGE('',*,*,#3257,.T.);
#4144=ORIENTED_EDGE('',*,*,#3258,.T.);
#4145=ORIENTED_EDGE('',*,*,#3259,.T.);
#4146=ORIENTED_EDGE('',*,*,#3260,.T.);
#4147=ORIENTED_EDGE('',*,*,#3261,.T.);
#4148=ORIENTED_EDGE('',*,*,#3262,.T.);
#4149=ORIENTED_EDGE('',*,*,#3257,.F.);
#4150=ORIENTED_EDGE('',*,*,#3263,.T.);
#4151=ORIENTED_EDGE('',*,*,#3264,.T.);
#4152=ORIENTED_EDGE('',*,*,#3265,.T.);
#4153=ORIENTED_EDGE('',*,*,#3261,.F.);
#4154=ORIENTED_EDGE('',*,*,#3266,.T.);
#4155=ORIENTED_EDGE('',*,*,#3267,.F.);
#4156=ORIENTED_EDGE('',*,*,#3268,.T.);
#4157=ORIENTED_EDGE('',*,*,#3269,.F.);
#4158=ORIENTED_EDGE('',*,*,#3270,.T.);
#4159=ORIENTED_EDGE('',*,*,#3271,.T.);
#4160=ORIENTED_EDGE('',*,*,#3272,.T.);
#4161=ORIENTED_EDGE('',*,*,#3273,.F.);
#4162=ORIENTED_EDGE('',*,*,#3274,.F.);
#4163=ORIENTED_EDGE('',*,*,#3275,.T.);
#4164=ORIENTED_EDGE('',*,*,#3276,.T.);
#4165=ORIENTED_EDGE('',*,*,#3271,.F.);
#4166=ORIENTED_EDGE('',*,*,#3277,.F.);
#4167=ORIENTED_EDGE('',*,*,#3278,.T.);
#4168=ORIENTED_EDGE('',*,*,#3279,.T.);
#4169=ORIENTED_EDGE('',*,*,#3275,.F.);
#4170=ORIENTED_EDGE('',*,*,#3280,.F.);
#4171=ORIENTED_EDGE('',*,*,#3281,.F.);
#4172=ORIENTED_EDGE('',*,*,#3282,.F.);
#4173=ORIENTED_EDGE('',*,*,#3283,.F.);
#4174=ORIENTED_EDGE('',*,*,#3284,.T.);
#4175=ORIENTED_EDGE('',*,*,#3285,.T.);
#4176=ORIENTED_EDGE('',*,*,#3286,.T.);
#4177=ORIENTED_EDGE('',*,*,#3287,.F.);
#4178=ORIENTED_EDGE('',*,*,#3288,.F.);
#4179=ORIENTED_EDGE('',*,*,#3289,.T.);
#4180=ORIENTED_EDGE('',*,*,#3290,.T.);
#4181=ORIENTED_EDGE('',*,*,#3285,.F.);
#4182=ORIENTED_EDGE('',*,*,#3291,.F.);
#4183=ORIENTED_EDGE('',*,*,#3292,.T.);
#4184=ORIENTED_EDGE('',*,*,#3293,.T.);
#4185=ORIENTED_EDGE('',*,*,#3289,.F.);
#4186=ORIENTED_EDGE('',*,*,#3294,.F.);
#4187=ORIENTED_EDGE('',*,*,#3295,.F.);
#4188=ORIENTED_EDGE('',*,*,#3296,.F.);
#4189=ORIENTED_EDGE('',*,*,#3297,.F.);
#4190=ORIENTED_EDGE('',*,*,#3298,.T.);
#4191=ORIENTED_EDGE('',*,*,#3299,.T.);
#4192=ORIENTED_EDGE('',*,*,#3300,.T.);
#4193=ORIENTED_EDGE('',*,*,#3301,.F.);
#4194=ORIENTED_EDGE('',*,*,#3302,.F.);
#4195=ORIENTED_EDGE('',*,*,#3303,.T.);
#4196=ORIENTED_EDGE('',*,*,#3304,.T.);
#4197=ORIENTED_EDGE('',*,*,#3299,.F.);
#4198=ORIENTED_EDGE('',*,*,#3305,.F.);
#4199=ORIENTED_EDGE('',*,*,#3306,.T.);
#4200=ORIENTED_EDGE('',*,*,#3307,.T.);
#4201=ORIENTED_EDGE('',*,*,#3303,.F.);
#4202=ORIENTED_EDGE('',*,*,#3308,.F.);
#4203=ORIENTED_EDGE('',*,*,#3309,.F.);
#4204=ORIENTED_EDGE('',*,*,#3310,.F.);
#4205=ORIENTED_EDGE('',*,*,#3311,.F.);
#4206=ORIENTED_EDGE('',*,*,#3312,.T.);
#4207=ORIENTED_EDGE('',*,*,#3309,.T.);
#4208=ORIENTED_EDGE('',*,*,#3313,.T.);
#4209=ORIENTED_EDGE('',*,*,#3306,.F.);
#4210=ORIENTED_EDGE('',*,*,#3314,.F.);
#4211=ORIENTED_EDGE('',*,*,#3315,.F.);
#4212=ORIENTED_EDGE('',*,*,#3300,.F.);
#4213=ORIENTED_EDGE('',*,*,#3304,.F.);
#4214=ORIENTED_EDGE('',*,*,#3307,.F.);
#4215=ORIENTED_EDGE('',*,*,#3313,.F.);
#4216=ORIENTED_EDGE('',*,*,#3312,.F.);
#4217=ORIENTED_EDGE('',*,*,#3316,.F.);
#4218=ORIENTED_EDGE('',*,*,#3240,.F.);
#4219=ORIENTED_EDGE('',*,*,#3317,.F.);
#4220=ORIENTED_EDGE('',*,*,#3238,.F.);
#4221=ORIENTED_EDGE('',*,*,#3235,.F.);
#4222=ORIENTED_EDGE('',*,*,#3232,.F.);
#4223=ORIENTED_EDGE('',*,*,#3318,.F.);
#4224=ORIENTED_EDGE('',*,*,#3230,.F.);
#4225=ORIENTED_EDGE('',*,*,#3234,.F.);
#4226=ORIENTED_EDGE('',*,*,#3237,.F.);
#4227=ORIENTED_EDGE('',*,*,#3319,.F.);
#4228=ORIENTED_EDGE('',*,*,#3242,.F.);
#4229=ORIENTED_EDGE('',*,*,#3320,.F.);
#4230=ORIENTED_EDGE('',*,*,#3310,.T.);
#4231=ORIENTED_EDGE('',*,*,#3314,.T.);
#4232=ORIENTED_EDGE('',*,*,#3308,.T.);
#4233=ORIENTED_EDGE('',*,*,#3305,.T.);
#4234=ORIENTED_EDGE('',*,*,#3302,.T.);
#4235=ORIENTED_EDGE('',*,*,#3295,.T.);
#4236=ORIENTED_EDGE('',*,*,#3321,.T.);
#4237=ORIENTED_EDGE('',*,*,#3292,.F.);
#4238=ORIENTED_EDGE('',*,*,#3322,.F.);
#4239=ORIENTED_EDGE('',*,*,#3323,.F.);
#4240=ORIENTED_EDGE('',*,*,#3286,.F.);
#4241=ORIENTED_EDGE('',*,*,#3290,.F.);
#4242=ORIENTED_EDGE('',*,*,#3293,.F.);
#4243=ORIENTED_EDGE('',*,*,#3321,.F.);
#4244=ORIENTED_EDGE('',*,*,#3298,.F.);
#4245=ORIENTED_EDGE('',*,*,#3324,.F.);
#4246=ORIENTED_EDGE('',*,*,#3254,.F.);
#4247=ORIENTED_EDGE('',*,*,#3325,.F.);
#4248=ORIENTED_EDGE('',*,*,#3252,.F.);
#4249=ORIENTED_EDGE('',*,*,#3249,.F.);
#4250=ORIENTED_EDGE('',*,*,#3246,.F.);
#4251=ORIENTED_EDGE('',*,*,#3326,.F.);
#4252=ORIENTED_EDGE('',*,*,#3244,.F.);
#4253=ORIENTED_EDGE('',*,*,#3248,.F.);
#4254=ORIENTED_EDGE('',*,*,#3251,.F.);
#4255=ORIENTED_EDGE('',*,*,#3327,.F.);
#4256=ORIENTED_EDGE('',*,*,#3256,.F.);
#4257=ORIENTED_EDGE('',*,*,#3328,.F.);
#4258=ORIENTED_EDGE('',*,*,#3296,.T.);
#4259=ORIENTED_EDGE('',*,*,#3322,.T.);
#4260=ORIENTED_EDGE('',*,*,#3294,.T.);
#4261=ORIENTED_EDGE('',*,*,#3291,.T.);
#4262=ORIENTED_EDGE('',*,*,#3288,.T.);
#4263=ORIENTED_EDGE('',*,*,#3281,.T.);
#4264=ORIENTED_EDGE('',*,*,#3329,.T.);
#4265=ORIENTED_EDGE('',*,*,#3278,.F.);
#4266=ORIENTED_EDGE('',*,*,#3330,.F.);
#4267=ORIENTED_EDGE('',*,*,#3331,.F.);
#4268=ORIENTED_EDGE('',*,*,#3272,.F.);
#4269=ORIENTED_EDGE('',*,*,#3276,.F.);
#4270=ORIENTED_EDGE('',*,*,#3279,.F.);
#4271=ORIENTED_EDGE('',*,*,#3329,.F.);
#4272=ORIENTED_EDGE('',*,*,#3284,.F.);
#4273=ORIENTED_EDGE('',*,*,#3332,.F.);
#4274=ORIENTED_EDGE('',*,*,#3268,.F.);
#4275=ORIENTED_EDGE('',*,*,#3333,.F.);
#4276=ORIENTED_EDGE('',*,*,#3266,.F.);
#4277=ORIENTED_EDGE('',*,*,#3263,.F.);
#4278=ORIENTED_EDGE('',*,*,#3260,.F.);
#4279=ORIENTED_EDGE('',*,*,#3334,.F.);
#4280=ORIENTED_EDGE('',*,*,#3258,.F.);
#4281=ORIENTED_EDGE('',*,*,#3262,.F.);
#4282=ORIENTED_EDGE('',*,*,#3265,.F.);
#4283=ORIENTED_EDGE('',*,*,#3335,.F.);
#4284=ORIENTED_EDGE('',*,*,#3270,.F.);
#4285=ORIENTED_EDGE('',*,*,#3336,.F.);
#4286=ORIENTED_EDGE('',*,*,#3282,.T.);
#4287=ORIENTED_EDGE('',*,*,#3330,.T.);
#4288=ORIENTED_EDGE('',*,*,#3280,.T.);
#4289=ORIENTED_EDGE('',*,*,#3277,.T.);
#4290=ORIENTED_EDGE('',*,*,#3274,.T.);
#4291=ORIENTED_EDGE('',*,*,#3267,.T.);
#4292=ORIENTED_EDGE('',*,*,#3335,.T.);
#4293=ORIENTED_EDGE('',*,*,#3264,.F.);
#4294=ORIENTED_EDGE('',*,*,#3333,.T.);
#4295=ORIENTED_EDGE('',*,*,#3334,.T.);
#4296=ORIENTED_EDGE('',*,*,#3273,.T.);
#4297=ORIENTED_EDGE('',*,*,#3331,.T.);
#4298=ORIENTED_EDGE('',*,*,#3259,.F.);
#4299=ORIENTED_EDGE('',*,*,#3253,.T.);
#4300=ORIENTED_EDGE('',*,*,#3327,.T.);
#4301=ORIENTED_EDGE('',*,*,#3250,.F.);
#4302=ORIENTED_EDGE('',*,*,#3325,.T.);
#4303=ORIENTED_EDGE('',*,*,#3326,.T.);
#4304=ORIENTED_EDGE('',*,*,#3287,.T.);
#4305=ORIENTED_EDGE('',*,*,#3323,.T.);
#4306=ORIENTED_EDGE('',*,*,#3245,.F.);
#4307=ORIENTED_EDGE('',*,*,#3239,.T.);
#4308=ORIENTED_EDGE('',*,*,#3319,.T.);
#4309=ORIENTED_EDGE('',*,*,#3236,.F.);
#4310=ORIENTED_EDGE('',*,*,#3317,.T.);
#4311=ORIENTED_EDGE('',*,*,#3318,.T.);
#4312=ORIENTED_EDGE('',*,*,#3301,.T.);
#4313=ORIENTED_EDGE('',*,*,#3315,.T.);
#4314=ORIENTED_EDGE('',*,*,#3231,.F.);
#4315=ORIENTED_EDGE('',*,*,#3337,.F.);
#4316=ORIENTED_EDGE('',*,*,#3338,.T.);
#4317=ORIENTED_EDGE('',*,*,#3339,.T.);
#4318=ORIENTED_EDGE('',*,*,#3340,.F.);
#4319=ORIENTED_EDGE('',*,*,#3341,.F.);
#4320=ORIENTED_EDGE('',*,*,#3342,.T.);
#4321=ORIENTED_EDGE('',*,*,#3343,.T.);
#4322=ORIENTED_EDGE('',*,*,#3338,.F.);
#4323=ORIENTED_EDGE('',*,*,#3344,.F.);
#4324=ORIENTED_EDGE('',*,*,#3345,.T.);
#4325=ORIENTED_EDGE('',*,*,#3346,.T.);
#4326=ORIENTED_EDGE('',*,*,#3342,.F.);
#4327=ORIENTED_EDGE('',*,*,#3347,.F.);
#4328=ORIENTED_EDGE('',*,*,#3340,.T.);
#4329=ORIENTED_EDGE('',*,*,#3348,.T.);
#4330=ORIENTED_EDGE('',*,*,#3345,.F.);
#4331=ORIENTED_EDGE('',*,*,#3348,.F.);
#4332=ORIENTED_EDGE('',*,*,#3339,.F.);
#4333=ORIENTED_EDGE('',*,*,#3343,.F.);
#4334=ORIENTED_EDGE('',*,*,#3346,.F.);
#4335=ORIENTED_EDGE('',*,*,#3349,.F.);
#4336=ORIENTED_EDGE('',*,*,#3350,.T.);
#4337=ORIENTED_EDGE('',*,*,#3351,.T.);
#4338=ORIENTED_EDGE('',*,*,#3352,.F.);
#4339=ORIENTED_EDGE('',*,*,#3353,.F.);
#4340=ORIENTED_EDGE('',*,*,#3354,.T.);
#4341=ORIENTED_EDGE('',*,*,#3355,.T.);
#4342=ORIENTED_EDGE('',*,*,#3350,.F.);
#4343=ORIENTED_EDGE('',*,*,#3356,.F.);
#4344=ORIENTED_EDGE('',*,*,#3357,.T.);
#4345=ORIENTED_EDGE('',*,*,#3358,.T.);
#4346=ORIENTED_EDGE('',*,*,#3354,.F.);
#4347=ORIENTED_EDGE('',*,*,#3359,.F.);
#4348=ORIENTED_EDGE('',*,*,#3352,.T.);
#4349=ORIENTED_EDGE('',*,*,#3360,.T.);
#4350=ORIENTED_EDGE('',*,*,#3357,.F.);
#4351=ORIENTED_EDGE('',*,*,#3360,.F.);
#4352=ORIENTED_EDGE('',*,*,#3351,.F.);
#4353=ORIENTED_EDGE('',*,*,#3355,.F.);
#4354=ORIENTED_EDGE('',*,*,#3358,.F.);
#4355=ORIENTED_EDGE('',*,*,#3361,.F.);
#4356=ORIENTED_EDGE('',*,*,#3362,.T.);
#4357=ORIENTED_EDGE('',*,*,#3363,.T.);
#4358=ORIENTED_EDGE('',*,*,#3364,.F.);
#4359=ORIENTED_EDGE('',*,*,#3365,.F.);
#4360=ORIENTED_EDGE('',*,*,#3366,.T.);
#4361=ORIENTED_EDGE('',*,*,#3367,.T.);
#4362=ORIENTED_EDGE('',*,*,#3362,.F.);
#4363=ORIENTED_EDGE('',*,*,#3368,.F.);
#4364=ORIENTED_EDGE('',*,*,#3369,.T.);
#4365=ORIENTED_EDGE('',*,*,#3370,.T.);
#4366=ORIENTED_EDGE('',*,*,#3366,.F.);
#4367=ORIENTED_EDGE('',*,*,#3371,.F.);
#4368=ORIENTED_EDGE('',*,*,#3364,.T.);
#4369=ORIENTED_EDGE('',*,*,#3372,.T.);
#4370=ORIENTED_EDGE('',*,*,#3369,.F.);
#4371=ORIENTED_EDGE('',*,*,#3372,.F.);
#4372=ORIENTED_EDGE('',*,*,#3363,.F.);
#4373=ORIENTED_EDGE('',*,*,#3367,.F.);
#4374=ORIENTED_EDGE('',*,*,#3370,.F.);
#4375=ORIENTED_EDGE('',*,*,#3373,.F.);
#4376=ORIENTED_EDGE('',*,*,#3374,.T.);
#4377=ORIENTED_EDGE('',*,*,#3375,.T.);
#4378=ORIENTED_EDGE('',*,*,#3376,.F.);
#4379=ORIENTED_EDGE('',*,*,#3377,.F.);
#4380=ORIENTED_EDGE('',*,*,#3378,.T.);
#4381=ORIENTED_EDGE('',*,*,#3379,.T.);
#4382=ORIENTED_EDGE('',*,*,#3374,.F.);
#4383=ORIENTED_EDGE('',*,*,#3380,.F.);
#4384=ORIENTED_EDGE('',*,*,#3381,.T.);
#4385=ORIENTED_EDGE('',*,*,#3382,.T.);
#4386=ORIENTED_EDGE('',*,*,#3378,.F.);
#4387=ORIENTED_EDGE('',*,*,#3383,.F.);
#4388=ORIENTED_EDGE('',*,*,#3376,.T.);
#4389=ORIENTED_EDGE('',*,*,#3384,.T.);
#4390=ORIENTED_EDGE('',*,*,#3381,.F.);
#4391=ORIENTED_EDGE('',*,*,#3384,.F.);
#4392=ORIENTED_EDGE('',*,*,#3375,.F.);
#4393=ORIENTED_EDGE('',*,*,#3379,.F.);
#4394=ORIENTED_EDGE('',*,*,#3382,.F.);
#4395=ORIENTED_EDGE('',*,*,#3385,.F.);
#4396=ORIENTED_EDGE('',*,*,#3386,.T.);
#4397=ORIENTED_EDGE('',*,*,#3387,.F.);
#4398=ORIENTED_EDGE('',*,*,#3388,.F.);
#4399=ORIENTED_EDGE('',*,*,#3389,.F.);
#4400=ORIENTED_EDGE('',*,*,#3388,.T.);
#4401=ORIENTED_EDGE('',*,*,#3390,.F.);
#4402=ORIENTED_EDGE('',*,*,#3391,.F.);
#4403=ORIENTED_EDGE('',*,*,#3392,.F.);
#4404=ORIENTED_EDGE('',*,*,#3391,.T.);
#4405=ORIENTED_EDGE('',*,*,#3393,.F.);
#4406=ORIENTED_EDGE('',*,*,#3394,.F.);
#4407=ORIENTED_EDGE('',*,*,#3395,.F.);
#4408=ORIENTED_EDGE('',*,*,#3396,.T.);
#4409=ORIENTED_EDGE('',*,*,#3397,.F.);
#4410=ORIENTED_EDGE('',*,*,#3398,.F.);
#4411=ORIENTED_EDGE('',*,*,#3399,.F.);
#4412=ORIENTED_EDGE('',*,*,#3398,.T.);
#4413=ORIENTED_EDGE('',*,*,#3400,.F.);
#4414=ORIENTED_EDGE('',*,*,#3401,.F.);
#4415=ORIENTED_EDGE('',*,*,#3402,.F.);
#4416=ORIENTED_EDGE('',*,*,#3401,.T.);
#4417=ORIENTED_EDGE('',*,*,#3403,.F.);
#4418=ORIENTED_EDGE('',*,*,#3404,.F.);
#4419=ORIENTED_EDGE('',*,*,#3405,.T.);
#4420=ORIENTED_EDGE('',*,*,#3403,.T.);
#4421=ORIENTED_EDGE('',*,*,#3400,.T.);
#4422=ORIENTED_EDGE('',*,*,#3397,.T.);
#4423=ORIENTED_EDGE('',*,*,#3406,.T.);
#4424=ORIENTED_EDGE('',*,*,#3393,.T.);
#4425=ORIENTED_EDGE('',*,*,#3390,.T.);
#4426=ORIENTED_EDGE('',*,*,#3387,.T.);
#4427=ORIENTED_EDGE('',*,*,#3407,.F.);
#4428=ORIENTED_EDGE('',*,*,#3408,.T.);
#4429=ORIENTED_EDGE('',*,*,#3409,.T.);
#4430=ORIENTED_EDGE('',*,*,#3408,.F.);
#4431=ORIENTED_EDGE('',*,*,#3410,.F.);
#4432=ORIENTED_EDGE('',*,*,#3411,.T.);
#4433=ORIENTED_EDGE('',*,*,#3412,.T.);
#4434=ORIENTED_EDGE('',*,*,#3411,.F.);
#4435=ORIENTED_EDGE('',*,*,#3413,.T.);
#4436=ORIENTED_EDGE('',*,*,#3414,.F.);
#4437=ORIENTED_EDGE('',*,*,#3415,.F.);
#4438=ORIENTED_EDGE('',*,*,#3416,.F.);
#4439=ORIENTED_EDGE('',*,*,#3410,.T.);
#4440=ORIENTED_EDGE('',*,*,#3407,.T.);
#4441=ORIENTED_EDGE('',*,*,#3416,.T.);
#4442=ORIENTED_EDGE('',*,*,#3417,.T.);
#4443=ORIENTED_EDGE('',*,*,#3418,.F.);
#4444=ORIENTED_EDGE('',*,*,#3419,.F.);
#4445=ORIENTED_EDGE('',*,*,#3415,.T.);
#4446=ORIENTED_EDGE('',*,*,#3420,.T.);
#4447=ORIENTED_EDGE('',*,*,#3421,.F.);
#4448=ORIENTED_EDGE('',*,*,#3417,.F.);
#4449=ORIENTED_EDGE('',*,*,#3414,.T.);
#4450=ORIENTED_EDGE('',*,*,#3422,.T.);
#4451=ORIENTED_EDGE('',*,*,#3423,.F.);
#4452=ORIENTED_EDGE('',*,*,#3420,.F.);
#4453=ORIENTED_EDGE('',*,*,#3424,.F.);
#4454=ORIENTED_EDGE('',*,*,#3425,.T.);
#4455=ORIENTED_EDGE('',*,*,#3426,.T.);
#4456=ORIENTED_EDGE('',*,*,#3425,.F.);
#4457=ORIENTED_EDGE('',*,*,#3427,.F.);
#4458=ORIENTED_EDGE('',*,*,#3428,.T.);
#4459=ORIENTED_EDGE('',*,*,#3429,.T.);
#4460=ORIENTED_EDGE('',*,*,#3428,.F.);
#4461=ORIENTED_EDGE('',*,*,#3430,.T.);
#4462=ORIENTED_EDGE('',*,*,#3431,.F.);
#4463=ORIENTED_EDGE('',*,*,#3432,.F.);
#4464=ORIENTED_EDGE('',*,*,#3433,.F.);
#4465=ORIENTED_EDGE('',*,*,#3427,.T.);
#4466=ORIENTED_EDGE('',*,*,#3424,.T.);
#4467=ORIENTED_EDGE('',*,*,#3433,.T.);
#4468=ORIENTED_EDGE('',*,*,#3434,.T.);
#4469=ORIENTED_EDGE('',*,*,#3435,.F.);
#4470=ORIENTED_EDGE('',*,*,#3436,.F.);
#4471=ORIENTED_EDGE('',*,*,#3432,.T.);
#4472=ORIENTED_EDGE('',*,*,#3437,.T.);
#4473=ORIENTED_EDGE('',*,*,#3438,.F.);
#4474=ORIENTED_EDGE('',*,*,#3434,.F.);
#4475=ORIENTED_EDGE('',*,*,#3431,.T.);
#4476=ORIENTED_EDGE('',*,*,#3439,.T.);
#4477=ORIENTED_EDGE('',*,*,#3440,.F.);
#4478=ORIENTED_EDGE('',*,*,#3437,.F.);
#4479=ORIENTED_EDGE('',*,*,#3441,.F.);
#4480=ORIENTED_EDGE('',*,*,#3442,.T.);
#4481=ORIENTED_EDGE('',*,*,#3443,.T.);
#4482=ORIENTED_EDGE('',*,*,#3442,.F.);
#4483=ORIENTED_EDGE('',*,*,#3444,.F.);
#4484=ORIENTED_EDGE('',*,*,#3445,.T.);
#4485=ORIENTED_EDGE('',*,*,#3446,.T.);
#4486=ORIENTED_EDGE('',*,*,#3445,.F.);
#4487=ORIENTED_EDGE('',*,*,#3447,.F.);
#4488=ORIENTED_EDGE('',*,*,#3448,.T.);
#4489=ORIENTED_EDGE('',*,*,#3449,.F.);
#4490=ORIENTED_EDGE('',*,*,#3450,.F.);
#4491=ORIENTED_EDGE('',*,*,#3444,.T.);
#4492=ORIENTED_EDGE('',*,*,#3441,.T.);
#4493=ORIENTED_EDGE('',*,*,#3449,.T.);
#4494=ORIENTED_EDGE('',*,*,#3451,.T.);
#4495=ORIENTED_EDGE('',*,*,#3452,.F.);
#4496=ORIENTED_EDGE('',*,*,#3453,.F.);
#4497=ORIENTED_EDGE('',*,*,#3454,.F.);
#4498=ORIENTED_EDGE('',*,*,#3455,.T.);
#4499=ORIENTED_EDGE('',*,*,#3456,.T.);
#4500=ORIENTED_EDGE('',*,*,#3455,.F.);
#4501=ORIENTED_EDGE('',*,*,#3457,.F.);
#4502=ORIENTED_EDGE('',*,*,#3458,.T.);
#4503=ORIENTED_EDGE('',*,*,#3459,.T.);
#4504=ORIENTED_EDGE('',*,*,#3458,.F.);
#4505=ORIENTED_EDGE('',*,*,#3460,.F.);
#4506=ORIENTED_EDGE('',*,*,#3461,.F.);
#4507=ORIENTED_EDGE('',*,*,#3462,.T.);
#4508=ORIENTED_EDGE('',*,*,#3463,.F.);
#4509=ORIENTED_EDGE('',*,*,#3457,.T.);
#4510=ORIENTED_EDGE('',*,*,#3454,.T.);
#4511=ORIENTED_EDGE('',*,*,#3461,.T.);
#4512=ORIENTED_EDGE('',*,*,#3464,.T.);
#4513=ORIENTED_EDGE('',*,*,#3465,.F.);
#4514=ORIENTED_EDGE('',*,*,#3466,.F.);
#4515=ORIENTED_EDGE('',*,*,#3467,.F.);
#4516=ORIENTED_EDGE('',*,*,#3468,.T.);
#4517=ORIENTED_EDGE('',*,*,#3469,.F.);
#4518=ORIENTED_EDGE('',*,*,#3422,.F.);
#4519=ORIENTED_EDGE('',*,*,#3413,.F.);
#4520=ORIENTED_EDGE('',*,*,#3419,.T.);
#4521=ORIENTED_EDGE('',*,*,#3470,.F.);
#4522=ORIENTED_EDGE('',*,*,#3451,.F.);
#4523=ORIENTED_EDGE('',*,*,#3448,.F.);
#4524=ORIENTED_EDGE('',*,*,#3471,.T.);
#4525=ORIENTED_EDGE('',*,*,#3472,.F.);
#4526=ORIENTED_EDGE('',*,*,#3473,.F.);
#4527=ORIENTED_EDGE('',*,*,#3474,.F.);
#4528=ORIENTED_EDGE('',*,*,#3475,.T.);
#4529=ORIENTED_EDGE('',*,*,#3476,.F.);
#4530=ORIENTED_EDGE('',*,*,#3477,.F.);
#4531=ORIENTED_EDGE('',*,*,#3462,.F.);
#4532=ORIENTED_EDGE('',*,*,#3466,.T.);
#4533=ORIENTED_EDGE('',*,*,#3478,.F.);
#4534=ORIENTED_EDGE('',*,*,#3479,.F.);
#4535=ORIENTED_EDGE('',*,*,#3480,.F.);
#4536=ORIENTED_EDGE('',*,*,#3481,.T.);
#4537=ORIENTED_EDGE('',*,*,#3482,.T.);
#4538=ORIENTED_EDGE('',*,*,#3481,.F.);
#4539=ORIENTED_EDGE('',*,*,#3483,.F.);
#4540=ORIENTED_EDGE('',*,*,#3484,.T.);
#4541=ORIENTED_EDGE('',*,*,#3485,.T.);
#4542=ORIENTED_EDGE('',*,*,#3484,.F.);
#4543=ORIENTED_EDGE('',*,*,#3460,.T.);
#4544=ORIENTED_EDGE('',*,*,#3486,.T.);
#4545=ORIENTED_EDGE('',*,*,#3487,.F.);
#4546=ORIENTED_EDGE('',*,*,#3464,.F.);
#4547=ORIENTED_EDGE('',*,*,#3488,.F.);
#4548=ORIENTED_EDGE('',*,*,#3479,.T.);
#4549=ORIENTED_EDGE('',*,*,#3489,.F.);
#4550=ORIENTED_EDGE('',*,*,#3468,.F.);
#4551=ORIENTED_EDGE('',*,*,#3450,.T.);
#4552=ORIENTED_EDGE('',*,*,#3453,.T.);
#4553=ORIENTED_EDGE('',*,*,#3490,.F.);
#4554=ORIENTED_EDGE('',*,*,#3491,.F.);
#4555=ORIENTED_EDGE('',*,*,#3447,.T.);
#4556=ORIENTED_EDGE('',*,*,#3491,.T.);
#4557=ORIENTED_EDGE('',*,*,#3492,.F.);
#4558=ORIENTED_EDGE('',*,*,#3471,.F.);
#4559=ORIENTED_EDGE('',*,*,#3493,.F.);
#4560=ORIENTED_EDGE('',*,*,#3473,.T.);
#4561=ORIENTED_EDGE('',*,*,#3494,.F.);
#4562=ORIENTED_EDGE('',*,*,#3495,.F.);
#4563=ORIENTED_EDGE('',*,*,#3496,.F.);
#4564=ORIENTED_EDGE('',*,*,#3495,.T.);
#4565=ORIENTED_EDGE('',*,*,#3497,.F.);
#4566=ORIENTED_EDGE('',*,*,#3439,.F.);
#4567=ORIENTED_EDGE('',*,*,#3430,.F.);
#4568=ORIENTED_EDGE('',*,*,#3436,.T.);
#4569=ORIENTED_EDGE('',*,*,#3498,.F.);
#4570=ORIENTED_EDGE('',*,*,#3499,.F.);
#4571=ORIENTED_EDGE('',*,*,#3500,.F.);
#4572=ORIENTED_EDGE('',*,*,#3499,.T.);
#4573=ORIENTED_EDGE('',*,*,#3501,.F.);
#4574=ORIENTED_EDGE('',*,*,#3502,.F.);
#4575=ORIENTED_EDGE('',*,*,#3503,.F.);
#4576=ORIENTED_EDGE('',*,*,#3502,.T.);
#4577=ORIENTED_EDGE('',*,*,#3504,.F.);
#4578=ORIENTED_EDGE('',*,*,#3505,.F.);
#4579=ORIENTED_EDGE('',*,*,#3506,.F.);
#4580=ORIENTED_EDGE('',*,*,#3505,.T.);
#4581=ORIENTED_EDGE('',*,*,#3507,.F.);
#4582=ORIENTED_EDGE('',*,*,#3475,.F.);
#4583=ORIENTED_EDGE('',*,*,#3463,.T.);
#4584=ORIENTED_EDGE('',*,*,#3477,.T.);
#4585=ORIENTED_EDGE('',*,*,#3508,.F.);
#4586=ORIENTED_EDGE('',*,*,#3486,.F.);
#4587=ORIENTED_EDGE('',*,*,#3509,.F.);
#4588=ORIENTED_EDGE('',*,*,#3510,.T.);
#4589=ORIENTED_EDGE('',*,*,#3511,.T.);
#4590=ORIENTED_EDGE('',*,*,#3510,.F.);
#4591=ORIENTED_EDGE('',*,*,#3512,.F.);
#4592=ORIENTED_EDGE('',*,*,#3513,.T.);
#4593=ORIENTED_EDGE('',*,*,#3514,.T.);
#4594=ORIENTED_EDGE('',*,*,#3513,.F.);
#4595=ORIENTED_EDGE('',*,*,#3515,.F.);
#4596=ORIENTED_EDGE('',*,*,#3516,.T.);
#4597=ORIENTED_EDGE('',*,*,#3517,.T.);
#4598=ORIENTED_EDGE('',*,*,#3516,.F.);
#4599=ORIENTED_EDGE('',*,*,#3518,.F.);
#4600=ORIENTED_EDGE('',*,*,#3519,.T.);
#4601=ORIENTED_EDGE('',*,*,#3520,.T.);
#4602=ORIENTED_EDGE('',*,*,#3519,.F.);
#4603=ORIENTED_EDGE('',*,*,#3521,.F.);
#4604=ORIENTED_EDGE('',*,*,#3394,.T.);
#4605=ORIENTED_EDGE('',*,*,#3406,.F.);
#4606=ORIENTED_EDGE('',*,*,#3396,.F.);
#4607=ORIENTED_EDGE('',*,*,#3522,.F.);
#4608=ORIENTED_EDGE('',*,*,#3404,.T.);
#4609=ORIENTED_EDGE('',*,*,#3405,.F.);
#4610=ORIENTED_EDGE('',*,*,#3386,.F.);
#4611=ORIENTED_EDGE('',*,*,#3522,.T.);
#4612=ORIENTED_EDGE('',*,*,#3395,.T.);
#4613=ORIENTED_EDGE('',*,*,#3399,.T.);
#4614=ORIENTED_EDGE('',*,*,#3402,.T.);
#4615=ORIENTED_EDGE('',*,*,#3518,.T.);
#4616=ORIENTED_EDGE('',*,*,#3515,.T.);
#4617=ORIENTED_EDGE('',*,*,#3512,.T.);
#4618=ORIENTED_EDGE('',*,*,#3509,.T.);
#4619=ORIENTED_EDGE('',*,*,#3508,.T.);
#4620=ORIENTED_EDGE('',*,*,#3476,.T.);
#4621=ORIENTED_EDGE('',*,*,#3507,.T.);
#4622=ORIENTED_EDGE('',*,*,#3504,.T.);
#4623=ORIENTED_EDGE('',*,*,#3501,.T.);
#4624=ORIENTED_EDGE('',*,*,#3498,.T.);
#4625=ORIENTED_EDGE('',*,*,#3435,.T.);
#4626=ORIENTED_EDGE('',*,*,#3438,.T.);
#4627=ORIENTED_EDGE('',*,*,#3440,.T.);
#4628=ORIENTED_EDGE('',*,*,#3497,.T.);
#4629=ORIENTED_EDGE('',*,*,#3494,.T.);
#4630=ORIENTED_EDGE('',*,*,#3472,.T.);
#4631=ORIENTED_EDGE('',*,*,#3492,.T.);
#4632=ORIENTED_EDGE('',*,*,#3490,.T.);
#4633=ORIENTED_EDGE('',*,*,#3452,.T.);
#4634=ORIENTED_EDGE('',*,*,#3470,.T.);
#4635=ORIENTED_EDGE('',*,*,#3418,.T.);
#4636=ORIENTED_EDGE('',*,*,#3421,.T.);
#4637=ORIENTED_EDGE('',*,*,#3423,.T.);
#4638=ORIENTED_EDGE('',*,*,#3469,.T.);
#4639=ORIENTED_EDGE('',*,*,#3489,.T.);
#4640=ORIENTED_EDGE('',*,*,#3478,.T.);
#4641=ORIENTED_EDGE('',*,*,#3465,.T.);
#4642=ORIENTED_EDGE('',*,*,#3487,.T.);
#4643=ORIENTED_EDGE('',*,*,#3483,.T.);
#4644=ORIENTED_EDGE('',*,*,#3480,.T.);
#4645=ORIENTED_EDGE('',*,*,#3467,.T.);
#4646=ORIENTED_EDGE('',*,*,#3493,.T.);
#4647=ORIENTED_EDGE('',*,*,#3496,.T.);
#4648=ORIENTED_EDGE('',*,*,#3500,.T.);
#4649=ORIENTED_EDGE('',*,*,#3503,.T.);
#4650=ORIENTED_EDGE('',*,*,#3506,.T.);
#4651=ORIENTED_EDGE('',*,*,#3474,.T.);
#4652=ORIENTED_EDGE('',*,*,#3488,.T.);
#4653=ORIENTED_EDGE('',*,*,#3521,.T.);
#4654=ORIENTED_EDGE('',*,*,#3385,.T.);
#4655=ORIENTED_EDGE('',*,*,#3389,.T.);
#4656=ORIENTED_EDGE('',*,*,#3392,.T.);
#4657=ORIENTED_EDGE('',*,*,#3328,.T.);
#4658=ORIENTED_EDGE('',*,*,#3255,.T.);
#4659=ORIENTED_EDGE('',*,*,#3324,.T.);
#4660=ORIENTED_EDGE('',*,*,#3297,.T.);
#4661=ORIENTED_EDGE('',*,*,#3520,.F.);
#4662=ORIENTED_EDGE('',*,*,#3517,.F.);
#4663=ORIENTED_EDGE('',*,*,#3514,.F.);
#4664=ORIENTED_EDGE('',*,*,#3511,.F.);
#4665=ORIENTED_EDGE('',*,*,#3485,.F.);
#4666=ORIENTED_EDGE('',*,*,#3482,.F.);
#4667=ORIENTED_EDGE('',*,*,#3459,.F.);
#4668=ORIENTED_EDGE('',*,*,#3456,.F.);
#4669=ORIENTED_EDGE('',*,*,#3446,.F.);
#4670=ORIENTED_EDGE('',*,*,#3443,.F.);
#4671=ORIENTED_EDGE('',*,*,#3429,.F.);
#4672=ORIENTED_EDGE('',*,*,#3426,.F.);
#4673=ORIENTED_EDGE('',*,*,#3412,.F.);
#4674=ORIENTED_EDGE('',*,*,#3409,.F.);
#4675=ORIENTED_EDGE('',*,*,#3373,.T.);
#4676=ORIENTED_EDGE('',*,*,#3383,.T.);
#4677=ORIENTED_EDGE('',*,*,#3380,.T.);
#4678=ORIENTED_EDGE('',*,*,#3377,.T.);
#4679=ORIENTED_EDGE('',*,*,#3361,.T.);
#4680=ORIENTED_EDGE('',*,*,#3371,.T.);
#4681=ORIENTED_EDGE('',*,*,#3368,.T.);
#4682=ORIENTED_EDGE('',*,*,#3365,.T.);
#4683=ORIENTED_EDGE('',*,*,#3349,.T.);
#4684=ORIENTED_EDGE('',*,*,#3359,.T.);
#4685=ORIENTED_EDGE('',*,*,#3356,.T.);
#4686=ORIENTED_EDGE('',*,*,#3353,.T.);
#4687=ORIENTED_EDGE('',*,*,#3337,.T.);
#4688=ORIENTED_EDGE('',*,*,#3347,.T.);
#4689=ORIENTED_EDGE('',*,*,#3344,.T.);
#4690=ORIENTED_EDGE('',*,*,#3341,.T.);
#4691=ORIENTED_EDGE('',*,*,#3336,.T.);
#4692=ORIENTED_EDGE('',*,*,#3269,.T.);
#4693=ORIENTED_EDGE('',*,*,#3332,.T.);
#4694=ORIENTED_EDGE('',*,*,#3283,.T.);
#4695=ORIENTED_EDGE('',*,*,#3320,.T.);
#4696=ORIENTED_EDGE('',*,*,#3241,.T.);
#4697=ORIENTED_EDGE('',*,*,#3316,.T.);
#4698=ORIENTED_EDGE('',*,*,#3311,.T.);
#4699=ORIENTED_EDGE('',*,*,#3523,.F.);
#4700=ORIENTED_EDGE('',*,*,#3524,.T.);
#4701=ORIENTED_EDGE('',*,*,#3525,.F.);
#4702=ORIENTED_EDGE('',*,*,#3526,.F.);
#4703=ORIENTED_EDGE('',*,*,#3527,.F.);
#4704=ORIENTED_EDGE('',*,*,#3526,.T.);
#4705=ORIENTED_EDGE('',*,*,#3528,.F.);
#4706=ORIENTED_EDGE('',*,*,#3529,.F.);
#4707=ORIENTED_EDGE('',*,*,#3530,.F.);
#4708=ORIENTED_EDGE('',*,*,#3529,.T.);
#4709=ORIENTED_EDGE('',*,*,#3531,.F.);
#4710=ORIENTED_EDGE('',*,*,#3532,.F.);
#4711=ORIENTED_EDGE('',*,*,#3533,.T.);
#4712=ORIENTED_EDGE('',*,*,#3531,.T.);
#4713=ORIENTED_EDGE('',*,*,#3528,.T.);
#4714=ORIENTED_EDGE('',*,*,#3525,.T.);
#4715=ORIENTED_EDGE('',*,*,#3534,.T.);
#4716=ORIENTED_EDGE('',*,*,#3535,.T.);
#4717=ORIENTED_EDGE('',*,*,#3536,.T.);
#4718=ORIENTED_EDGE('',*,*,#3537,.T.);
#4719=ORIENTED_EDGE('',*,*,#3523,.T.);
#4720=ORIENTED_EDGE('',*,*,#3527,.T.);
#4721=ORIENTED_EDGE('',*,*,#3530,.T.);
#4722=ORIENTED_EDGE('',*,*,#3538,.T.);
#4723=ORIENTED_EDGE('',*,*,#3539,.F.);
#4724=ORIENTED_EDGE('',*,*,#3540,.F.);
#4725=ORIENTED_EDGE('',*,*,#3541,.F.);
#4726=ORIENTED_EDGE('',*,*,#3542,.F.);
#4727=ORIENTED_EDGE('',*,*,#3540,.T.);
#4728=ORIENTED_EDGE('',*,*,#3543,.T.);
#4729=ORIENTED_EDGE('',*,*,#3544,.F.);
#4730=ORIENTED_EDGE('',*,*,#3545,.F.);
#4731=ORIENTED_EDGE('',*,*,#3541,.T.);
#4732=ORIENTED_EDGE('',*,*,#3545,.T.);
#4733=ORIENTED_EDGE('',*,*,#3546,.F.);
#4734=ORIENTED_EDGE('',*,*,#3547,.F.);
#4735=ORIENTED_EDGE('',*,*,#3542,.T.);
#4736=ORIENTED_EDGE('',*,*,#3547,.T.);
#4737=ORIENTED_EDGE('',*,*,#3548,.F.);
#4738=ORIENTED_EDGE('',*,*,#3549,.F.);
#4739=ORIENTED_EDGE('',*,*,#3539,.T.);
#4740=ORIENTED_EDGE('',*,*,#3549,.T.);
#4741=ORIENTED_EDGE('',*,*,#3550,.F.);
#4742=ORIENTED_EDGE('',*,*,#3543,.F.);
#4743=ORIENTED_EDGE('',*,*,#3551,.F.);
#4744=ORIENTED_EDGE('',*,*,#3552,.F.);
#4745=ORIENTED_EDGE('',*,*,#3553,.F.);
#4746=ORIENTED_EDGE('',*,*,#3535,.F.);
#4747=ORIENTED_EDGE('',*,*,#3553,.T.);
#4748=ORIENTED_EDGE('',*,*,#3554,.F.);
#4749=ORIENTED_EDGE('',*,*,#3555,.F.);
#4750=ORIENTED_EDGE('',*,*,#3536,.F.);
#4751=ORIENTED_EDGE('',*,*,#3555,.T.);
#4752=ORIENTED_EDGE('',*,*,#3556,.F.);
#4753=ORIENTED_EDGE('',*,*,#3557,.F.);
#4754=ORIENTED_EDGE('',*,*,#3537,.F.);
#4755=ORIENTED_EDGE('',*,*,#3557,.T.);
#4756=ORIENTED_EDGE('',*,*,#3558,.F.);
#4757=ORIENTED_EDGE('',*,*,#3551,.T.);
#4758=ORIENTED_EDGE('',*,*,#3534,.F.);
#4759=ORIENTED_EDGE('',*,*,#3524,.F.);
#4760=ORIENTED_EDGE('',*,*,#3538,.F.);
#4761=ORIENTED_EDGE('',*,*,#3532,.T.);
#4762=ORIENTED_EDGE('',*,*,#3533,.F.);
#4763=ORIENTED_EDGE('',*,*,#3558,.T.);
#4764=ORIENTED_EDGE('',*,*,#3556,.T.);
#4765=ORIENTED_EDGE('',*,*,#3554,.T.);
#4766=ORIENTED_EDGE('',*,*,#3552,.T.);
#4767=ORIENTED_EDGE('',*,*,#3550,.T.);
#4768=ORIENTED_EDGE('',*,*,#3548,.T.);
#4769=ORIENTED_EDGE('',*,*,#3546,.T.);
#4770=ORIENTED_EDGE('',*,*,#3544,.T.);
#4771=ORIENTED_EDGE('',*,*,#3559,.F.);
#4772=ORIENTED_EDGE('',*,*,#3560,.T.);
#4773=ORIENTED_EDGE('',*,*,#3561,.F.);
#4774=ORIENTED_EDGE('',*,*,#3560,.F.);
#4775=ORIENTED_EDGE('',*,*,#3562,.F.);
#4776=ORIENTED_EDGE('',*,*,#3563,.T.);
#4777=ORIENTED_EDGE('',*,*,#3564,.F.);
#4778=ORIENTED_EDGE('',*,*,#3563,.F.);
#4779=ORIENTED_EDGE('',*,*,#3565,.F.);
#4780=ORIENTED_EDGE('',*,*,#3566,.T.);
#4781=ORIENTED_EDGE('',*,*,#3567,.F.);
#4782=ORIENTED_EDGE('',*,*,#3566,.F.);
#4783=ORIENTED_EDGE('',*,*,#3568,.F.);
#4784=ORIENTED_EDGE('',*,*,#3569,.T.);
#4785=ORIENTED_EDGE('',*,*,#3570,.F.);
#4786=ORIENTED_EDGE('',*,*,#3569,.F.);
#4787=ORIENTED_EDGE('',*,*,#3571,.F.);
#4788=ORIENTED_EDGE('',*,*,#3572,.T.);
#4789=ORIENTED_EDGE('',*,*,#3573,.F.);
#4790=ORIENTED_EDGE('',*,*,#3572,.F.);
#4791=ORIENTED_EDGE('',*,*,#3574,.F.);
#4792=ORIENTED_EDGE('',*,*,#3575,.T.);
#4793=ORIENTED_EDGE('',*,*,#3576,.F.);
#4794=ORIENTED_EDGE('',*,*,#3575,.F.);
#4795=ORIENTED_EDGE('',*,*,#3577,.F.);
#4796=ORIENTED_EDGE('',*,*,#3578,.T.);
#4797=ORIENTED_EDGE('',*,*,#3579,.F.);
#4798=ORIENTED_EDGE('',*,*,#3578,.F.);
#4799=ORIENTED_EDGE('',*,*,#3580,.F.);
#4800=ORIENTED_EDGE('',*,*,#3581,.T.);
#4801=ORIENTED_EDGE('',*,*,#3582,.F.);
#4802=ORIENTED_EDGE('',*,*,#3581,.F.);
#4803=ORIENTED_EDGE('',*,*,#3583,.F.);
#4804=ORIENTED_EDGE('',*,*,#3584,.T.);
#4805=ORIENTED_EDGE('',*,*,#3585,.F.);
#4806=ORIENTED_EDGE('',*,*,#3584,.F.);
#4807=ORIENTED_EDGE('',*,*,#3586,.F.);
#4808=ORIENTED_EDGE('',*,*,#3587,.T.);
#4809=ORIENTED_EDGE('',*,*,#3588,.F.);
#4810=ORIENTED_EDGE('',*,*,#3587,.F.);
#4811=ORIENTED_EDGE('',*,*,#3589,.F.);
#4812=ORIENTED_EDGE('',*,*,#3590,.T.);
#4813=ORIENTED_EDGE('',*,*,#3591,.F.);
#4814=ORIENTED_EDGE('',*,*,#3590,.F.);
#4815=ORIENTED_EDGE('',*,*,#3592,.F.);
#4816=ORIENTED_EDGE('',*,*,#3593,.T.);
#4817=ORIENTED_EDGE('',*,*,#3594,.F.);
#4818=ORIENTED_EDGE('',*,*,#3593,.F.);
#4819=ORIENTED_EDGE('',*,*,#3595,.F.);
#4820=ORIENTED_EDGE('',*,*,#3596,.T.);
#4821=ORIENTED_EDGE('',*,*,#3597,.F.);
#4822=ORIENTED_EDGE('',*,*,#3596,.F.);
#4823=ORIENTED_EDGE('',*,*,#3598,.F.);
#4824=ORIENTED_EDGE('',*,*,#3599,.T.);
#4825=ORIENTED_EDGE('',*,*,#3600,.F.);
#4826=ORIENTED_EDGE('',*,*,#3599,.F.);
#4827=ORIENTED_EDGE('',*,*,#3601,.F.);
#4828=ORIENTED_EDGE('',*,*,#3602,.T.);
#4829=ORIENTED_EDGE('',*,*,#3603,.F.);
#4830=ORIENTED_EDGE('',*,*,#3602,.F.);
#4831=ORIENTED_EDGE('',*,*,#3604,.F.);
#4832=ORIENTED_EDGE('',*,*,#3605,.T.);
#4833=ORIENTED_EDGE('',*,*,#3606,.F.);
#4834=ORIENTED_EDGE('',*,*,#3605,.F.);
#4835=ORIENTED_EDGE('',*,*,#3607,.F.);
#4836=ORIENTED_EDGE('',*,*,#3608,.T.);
#4837=ORIENTED_EDGE('',*,*,#3609,.F.);
#4838=ORIENTED_EDGE('',*,*,#3608,.F.);
#4839=ORIENTED_EDGE('',*,*,#3610,.F.);
#4840=ORIENTED_EDGE('',*,*,#3611,.T.);
#4841=ORIENTED_EDGE('',*,*,#3612,.F.);
#4842=ORIENTED_EDGE('',*,*,#3611,.F.);
#4843=ORIENTED_EDGE('',*,*,#3613,.F.);
#4844=ORIENTED_EDGE('',*,*,#3614,.T.);
#4845=ORIENTED_EDGE('',*,*,#3615,.F.);
#4846=ORIENTED_EDGE('',*,*,#3614,.F.);
#4847=ORIENTED_EDGE('',*,*,#3616,.F.);
#4848=ORIENTED_EDGE('',*,*,#3617,.T.);
#4849=ORIENTED_EDGE('',*,*,#3618,.F.);
#4850=ORIENTED_EDGE('',*,*,#3617,.F.);
#4851=ORIENTED_EDGE('',*,*,#3619,.F.);
#4852=ORIENTED_EDGE('',*,*,#3620,.T.);
#4853=ORIENTED_EDGE('',*,*,#3621,.F.);
#4854=ORIENTED_EDGE('',*,*,#3620,.F.);
#4855=ORIENTED_EDGE('',*,*,#3622,.F.);
#4856=ORIENTED_EDGE('',*,*,#3623,.T.);
#4857=ORIENTED_EDGE('',*,*,#3624,.F.);
#4858=ORIENTED_EDGE('',*,*,#3623,.F.);
#4859=ORIENTED_EDGE('',*,*,#3625,.F.);
#4860=ORIENTED_EDGE('',*,*,#3626,.T.);
#4861=ORIENTED_EDGE('',*,*,#3627,.F.);
#4862=ORIENTED_EDGE('',*,*,#3626,.F.);
#4863=ORIENTED_EDGE('',*,*,#3628,.F.);
#4864=ORIENTED_EDGE('',*,*,#3629,.T.);
#4865=ORIENTED_EDGE('',*,*,#3630,.F.);
#4866=ORIENTED_EDGE('',*,*,#3629,.F.);
#4867=ORIENTED_EDGE('',*,*,#3631,.F.);
#4868=ORIENTED_EDGE('',*,*,#3632,.T.);
#4869=ORIENTED_EDGE('',*,*,#3633,.F.);
#4870=ORIENTED_EDGE('',*,*,#3632,.F.);
#4871=ORIENTED_EDGE('',*,*,#3634,.F.);
#4872=ORIENTED_EDGE('',*,*,#3635,.T.);
#4873=ORIENTED_EDGE('',*,*,#3636,.F.);
#4874=ORIENTED_EDGE('',*,*,#3635,.F.);
#4875=ORIENTED_EDGE('',*,*,#3637,.F.);
#4876=ORIENTED_EDGE('',*,*,#3638,.T.);
#4877=ORIENTED_EDGE('',*,*,#3639,.F.);
#4878=ORIENTED_EDGE('',*,*,#3638,.F.);
#4879=ORIENTED_EDGE('',*,*,#3640,.F.);
#4880=ORIENTED_EDGE('',*,*,#3641,.T.);
#4881=ORIENTED_EDGE('',*,*,#3642,.F.);
#4882=ORIENTED_EDGE('',*,*,#3641,.F.);
#4883=ORIENTED_EDGE('',*,*,#3643,.F.);
#4884=ORIENTED_EDGE('',*,*,#3644,.T.);
#4885=ORIENTED_EDGE('',*,*,#3645,.F.);
#4886=ORIENTED_EDGE('',*,*,#3644,.F.);
#4887=ORIENTED_EDGE('',*,*,#3646,.F.);
#4888=ORIENTED_EDGE('',*,*,#3647,.T.);
#4889=ORIENTED_EDGE('',*,*,#3648,.F.);
#4890=ORIENTED_EDGE('',*,*,#3647,.F.);
#4891=ORIENTED_EDGE('',*,*,#3649,.F.);
#4892=ORIENTED_EDGE('',*,*,#3650,.T.);
#4893=ORIENTED_EDGE('',*,*,#3651,.F.);
#4894=ORIENTED_EDGE('',*,*,#3650,.F.);
#4895=ORIENTED_EDGE('',*,*,#3652,.F.);
#4896=ORIENTED_EDGE('',*,*,#3653,.T.);
#4897=ORIENTED_EDGE('',*,*,#3654,.F.);
#4898=ORIENTED_EDGE('',*,*,#3653,.F.);
#4899=ORIENTED_EDGE('',*,*,#3655,.F.);
#4900=ORIENTED_EDGE('',*,*,#3656,.T.);
#4901=ORIENTED_EDGE('',*,*,#3657,.F.);
#4902=ORIENTED_EDGE('',*,*,#3656,.F.);
#4903=ORIENTED_EDGE('',*,*,#3658,.F.);
#4904=ORIENTED_EDGE('',*,*,#3659,.T.);
#4905=ORIENTED_EDGE('',*,*,#3660,.F.);
#4906=ORIENTED_EDGE('',*,*,#3659,.F.);
#4907=ORIENTED_EDGE('',*,*,#3661,.F.);
#4908=ORIENTED_EDGE('',*,*,#3662,.T.);
#4909=ORIENTED_EDGE('',*,*,#3663,.F.);
#4910=ORIENTED_EDGE('',*,*,#3662,.F.);
#4911=ORIENTED_EDGE('',*,*,#3664,.F.);
#4912=ORIENTED_EDGE('',*,*,#3665,.T.);
#4913=ORIENTED_EDGE('',*,*,#3666,.F.);
#4914=ORIENTED_EDGE('',*,*,#3665,.F.);
#4915=ORIENTED_EDGE('',*,*,#3667,.F.);
#4916=ORIENTED_EDGE('',*,*,#3668,.T.);
#4917=ORIENTED_EDGE('',*,*,#3669,.F.);
#4918=ORIENTED_EDGE('',*,*,#3668,.F.);
#4919=ORIENTED_EDGE('',*,*,#3670,.F.);
#4920=ORIENTED_EDGE('',*,*,#3671,.T.);
#4921=ORIENTED_EDGE('',*,*,#3672,.F.);
#4922=ORIENTED_EDGE('',*,*,#3671,.F.);
#4923=ORIENTED_EDGE('',*,*,#3673,.F.);
#4924=ORIENTED_EDGE('',*,*,#3674,.T.);
#4925=ORIENTED_EDGE('',*,*,#3675,.F.);
#4926=ORIENTED_EDGE('',*,*,#3674,.F.);
#4927=ORIENTED_EDGE('',*,*,#3676,.F.);
#4928=ORIENTED_EDGE('',*,*,#3677,.T.);
#4929=ORIENTED_EDGE('',*,*,#3678,.F.);
#4930=ORIENTED_EDGE('',*,*,#3677,.F.);
#4931=ORIENTED_EDGE('',*,*,#3679,.F.);
#4932=ORIENTED_EDGE('',*,*,#3680,.T.);
#4933=ORIENTED_EDGE('',*,*,#3681,.F.);
#4934=ORIENTED_EDGE('',*,*,#3680,.F.);
#4935=ORIENTED_EDGE('',*,*,#3682,.F.);
#4936=ORIENTED_EDGE('',*,*,#3683,.T.);
#4937=ORIENTED_EDGE('',*,*,#3684,.F.);
#4938=ORIENTED_EDGE('',*,*,#3683,.F.);
#4939=ORIENTED_EDGE('',*,*,#3685,.F.);
#4940=ORIENTED_EDGE('',*,*,#3686,.T.);
#4941=ORIENTED_EDGE('',*,*,#3687,.F.);
#4942=ORIENTED_EDGE('',*,*,#3686,.F.);
#4943=ORIENTED_EDGE('',*,*,#3688,.F.);
#4944=ORIENTED_EDGE('',*,*,#3689,.T.);
#4945=ORIENTED_EDGE('',*,*,#3690,.F.);
#4946=ORIENTED_EDGE('',*,*,#3689,.F.);
#4947=ORIENTED_EDGE('',*,*,#3691,.F.);
#4948=ORIENTED_EDGE('',*,*,#3692,.T.);
#4949=ORIENTED_EDGE('',*,*,#3693,.F.);
#4950=ORIENTED_EDGE('',*,*,#3692,.F.);
#4951=ORIENTED_EDGE('',*,*,#3694,.F.);
#4952=ORIENTED_EDGE('',*,*,#3695,.T.);
#4953=ORIENTED_EDGE('',*,*,#3696,.F.);
#4954=ORIENTED_EDGE('',*,*,#3695,.F.);
#4955=ORIENTED_EDGE('',*,*,#3697,.F.);
#4956=ORIENTED_EDGE('',*,*,#3698,.T.);
#4957=ORIENTED_EDGE('',*,*,#3699,.F.);
#4958=ORIENTED_EDGE('',*,*,#3698,.F.);
#4959=ORIENTED_EDGE('',*,*,#3700,.F.);
#4960=ORIENTED_EDGE('',*,*,#3701,.T.);
#4961=ORIENTED_EDGE('',*,*,#3702,.F.);
#4962=ORIENTED_EDGE('',*,*,#3701,.F.);
#4963=ORIENTED_EDGE('',*,*,#3703,.F.);
#4964=ORIENTED_EDGE('',*,*,#3704,.T.);
#4965=ORIENTED_EDGE('',*,*,#3705,.F.);
#4966=ORIENTED_EDGE('',*,*,#3704,.F.);
#4967=ORIENTED_EDGE('',*,*,#3706,.F.);
#4968=ORIENTED_EDGE('',*,*,#3707,.T.);
#4969=ORIENTED_EDGE('',*,*,#3708,.F.);
#4970=ORIENTED_EDGE('',*,*,#3707,.F.);
#4971=ORIENTED_EDGE('',*,*,#3709,.F.);
#4972=ORIENTED_EDGE('',*,*,#3710,.T.);
#4973=ORIENTED_EDGE('',*,*,#3711,.F.);
#4974=ORIENTED_EDGE('',*,*,#3710,.F.);
#4975=ORIENTED_EDGE('',*,*,#3712,.F.);
#4976=ORIENTED_EDGE('',*,*,#3713,.T.);
#4977=ORIENTED_EDGE('',*,*,#3714,.F.);
#4978=ORIENTED_EDGE('',*,*,#3713,.F.);
#4979=ORIENTED_EDGE('',*,*,#3715,.F.);
#4980=ORIENTED_EDGE('',*,*,#3716,.T.);
#4981=ORIENTED_EDGE('',*,*,#3717,.F.);
#4982=ORIENTED_EDGE('',*,*,#3716,.F.);
#4983=ORIENTED_EDGE('',*,*,#3718,.F.);
#4984=ORIENTED_EDGE('',*,*,#3719,.T.);
#4985=ORIENTED_EDGE('',*,*,#3720,.F.);
#4986=ORIENTED_EDGE('',*,*,#3719,.F.);
#4987=ORIENTED_EDGE('',*,*,#3721,.F.);
#4988=ORIENTED_EDGE('',*,*,#3722,.T.);
#4989=ORIENTED_EDGE('',*,*,#3723,.F.);
#4990=ORIENTED_EDGE('',*,*,#3722,.F.);
#4991=ORIENTED_EDGE('',*,*,#3724,.F.);
#4992=ORIENTED_EDGE('',*,*,#3725,.T.);
#4993=ORIENTED_EDGE('',*,*,#3726,.F.);
#4994=ORIENTED_EDGE('',*,*,#3725,.F.);
#4995=ORIENTED_EDGE('',*,*,#3727,.F.);
#4996=ORIENTED_EDGE('',*,*,#3728,.T.);
#4997=ORIENTED_EDGE('',*,*,#3729,.F.);
#4998=ORIENTED_EDGE('',*,*,#3728,.F.);
#4999=ORIENTED_EDGE('',*,*,#3730,.F.);
#5000=ORIENTED_EDGE('',*,*,#3731,.T.);
#5001=ORIENTED_EDGE('',*,*,#3732,.F.);
#5002=ORIENTED_EDGE('',*,*,#3731,.F.);
#5003=ORIENTED_EDGE('',*,*,#3733,.F.);
#5004=ORIENTED_EDGE('',*,*,#3734,.T.);
#5005=ORIENTED_EDGE('',*,*,#3735,.F.);
#5006=ORIENTED_EDGE('',*,*,#3734,.F.);
#5007=ORIENTED_EDGE('',*,*,#3736,.F.);
#5008=ORIENTED_EDGE('',*,*,#3737,.T.);
#5009=ORIENTED_EDGE('',*,*,#3738,.F.);
#5010=ORIENTED_EDGE('',*,*,#3737,.F.);
#5011=ORIENTED_EDGE('',*,*,#3739,.F.);
#5012=ORIENTED_EDGE('',*,*,#3740,.T.);
#5013=ORIENTED_EDGE('',*,*,#3741,.F.);
#5014=ORIENTED_EDGE('',*,*,#3740,.F.);
#5015=ORIENTED_EDGE('',*,*,#3742,.F.);
#5016=ORIENTED_EDGE('',*,*,#3743,.T.);
#5017=ORIENTED_EDGE('',*,*,#3744,.F.);
#5018=ORIENTED_EDGE('',*,*,#3743,.F.);
#5019=ORIENTED_EDGE('',*,*,#3745,.F.);
#5020=ORIENTED_EDGE('',*,*,#3746,.T.);
#5021=ORIENTED_EDGE('',*,*,#3747,.F.);
#5022=ORIENTED_EDGE('',*,*,#3746,.F.);
#5023=ORIENTED_EDGE('',*,*,#3748,.F.);
#5024=ORIENTED_EDGE('',*,*,#3749,.T.);
#5025=ORIENTED_EDGE('',*,*,#3750,.F.);
#5026=ORIENTED_EDGE('',*,*,#3749,.F.);
#5027=ORIENTED_EDGE('',*,*,#3751,.F.);
#5028=ORIENTED_EDGE('',*,*,#3752,.T.);
#5029=ORIENTED_EDGE('',*,*,#3753,.F.);
#5030=ORIENTED_EDGE('',*,*,#3752,.F.);
#5031=ORIENTED_EDGE('',*,*,#3754,.F.);
#5032=ORIENTED_EDGE('',*,*,#3755,.T.);
#5033=ORIENTED_EDGE('',*,*,#3756,.F.);
#5034=ORIENTED_EDGE('',*,*,#3755,.F.);
#5035=ORIENTED_EDGE('',*,*,#3757,.F.);
#5036=ORIENTED_EDGE('',*,*,#3758,.T.);
#5037=ORIENTED_EDGE('',*,*,#3759,.F.);
#5038=ORIENTED_EDGE('',*,*,#3758,.F.);
#5039=ORIENTED_EDGE('',*,*,#3760,.F.);
#5040=ORIENTED_EDGE('',*,*,#3761,.T.);
#5041=ORIENTED_EDGE('',*,*,#3762,.F.);
#5042=ORIENTED_EDGE('',*,*,#3761,.F.);
#5043=ORIENTED_EDGE('',*,*,#3763,.F.);
#5044=ORIENTED_EDGE('',*,*,#3764,.T.);
#5045=ORIENTED_EDGE('',*,*,#3765,.F.);
#5046=ORIENTED_EDGE('',*,*,#3764,.F.);
#5047=ORIENTED_EDGE('',*,*,#3766,.F.);
#5048=ORIENTED_EDGE('',*,*,#3767,.T.);
#5049=ORIENTED_EDGE('',*,*,#3768,.F.);
#5050=ORIENTED_EDGE('',*,*,#3767,.F.);
#5051=ORIENTED_EDGE('',*,*,#3769,.F.);
#5052=ORIENTED_EDGE('',*,*,#3770,.T.);
#5053=ORIENTED_EDGE('',*,*,#3771,.F.);
#5054=ORIENTED_EDGE('',*,*,#3770,.F.);
#5055=ORIENTED_EDGE('',*,*,#3772,.F.);
#5056=ORIENTED_EDGE('',*,*,#3773,.T.);
#5057=ORIENTED_EDGE('',*,*,#3774,.F.);
#5058=ORIENTED_EDGE('',*,*,#3773,.F.);
#5059=ORIENTED_EDGE('',*,*,#3775,.F.);
#5060=ORIENTED_EDGE('',*,*,#3776,.T.);
#5061=ORIENTED_EDGE('',*,*,#3777,.F.);
#5062=ORIENTED_EDGE('',*,*,#3776,.F.);
#5063=ORIENTED_EDGE('',*,*,#3778,.F.);
#5064=ORIENTED_EDGE('',*,*,#3779,.T.);
#5065=ORIENTED_EDGE('',*,*,#3780,.F.);
#5066=ORIENTED_EDGE('',*,*,#3779,.F.);
#5067=ORIENTED_EDGE('',*,*,#3781,.F.);
#5068=ORIENTED_EDGE('',*,*,#3782,.T.);
#5069=ORIENTED_EDGE('',*,*,#3783,.F.);
#5070=ORIENTED_EDGE('',*,*,#3782,.F.);
#5071=ORIENTED_EDGE('',*,*,#3784,.F.);
#5072=ORIENTED_EDGE('',*,*,#3785,.T.);
#5073=ORIENTED_EDGE('',*,*,#3786,.F.);
#5074=ORIENTED_EDGE('',*,*,#3785,.F.);
#5075=ORIENTED_EDGE('',*,*,#3787,.F.);
#5076=ORIENTED_EDGE('',*,*,#3788,.T.);
#5077=ORIENTED_EDGE('',*,*,#3789,.F.);
#5078=ORIENTED_EDGE('',*,*,#3788,.F.);
#5079=ORIENTED_EDGE('',*,*,#3790,.F.);
#5080=ORIENTED_EDGE('',*,*,#3791,.T.);
#5081=ORIENTED_EDGE('',*,*,#3792,.F.);
#5082=ORIENTED_EDGE('',*,*,#3791,.F.);
#5083=ORIENTED_EDGE('',*,*,#3793,.F.);
#5084=ORIENTED_EDGE('',*,*,#3794,.T.);
#5085=ORIENTED_EDGE('',*,*,#3795,.F.);
#5086=ORIENTED_EDGE('',*,*,#3794,.F.);
#5087=ORIENTED_EDGE('',*,*,#3796,.F.);
#5088=ORIENTED_EDGE('',*,*,#3797,.T.);
#5089=ORIENTED_EDGE('',*,*,#3798,.F.);
#5090=ORIENTED_EDGE('',*,*,#3797,.F.);
#5091=ORIENTED_EDGE('',*,*,#3799,.F.);
#5092=ORIENTED_EDGE('',*,*,#3800,.T.);
#5093=ORIENTED_EDGE('',*,*,#3801,.F.);
#5094=ORIENTED_EDGE('',*,*,#3800,.F.);
#5095=ORIENTED_EDGE('',*,*,#3802,.F.);
#5096=ORIENTED_EDGE('',*,*,#3803,.T.);
#5097=ORIENTED_EDGE('',*,*,#3804,.F.);
#5098=ORIENTED_EDGE('',*,*,#3803,.F.);
#5099=ORIENTED_EDGE('',*,*,#3805,.F.);
#5100=ORIENTED_EDGE('',*,*,#3806,.T.);
#5101=ORIENTED_EDGE('',*,*,#3807,.F.);
#5102=ORIENTED_EDGE('',*,*,#3806,.F.);
#5103=ORIENTED_EDGE('',*,*,#3808,.F.);
#5104=ORIENTED_EDGE('',*,*,#3809,.T.);
#5105=ORIENTED_EDGE('',*,*,#3810,.F.);
#5106=ORIENTED_EDGE('',*,*,#3809,.F.);
#5107=ORIENTED_EDGE('',*,*,#3811,.F.);
#5108=ORIENTED_EDGE('',*,*,#3812,.T.);
#5109=ORIENTED_EDGE('',*,*,#3813,.F.);
#5110=ORIENTED_EDGE('',*,*,#3812,.F.);
#5111=ORIENTED_EDGE('',*,*,#3814,.F.);
#5112=ORIENTED_EDGE('',*,*,#3815,.T.);
#5113=ORIENTED_EDGE('',*,*,#3816,.F.);
#5114=ORIENTED_EDGE('',*,*,#3815,.F.);
#5115=ORIENTED_EDGE('',*,*,#3817,.F.);
#5116=ORIENTED_EDGE('',*,*,#3818,.T.);
#5117=ORIENTED_EDGE('',*,*,#3819,.F.);
#5118=ORIENTED_EDGE('',*,*,#3818,.F.);
#5119=ORIENTED_EDGE('',*,*,#3820,.F.);
#5120=ORIENTED_EDGE('',*,*,#3821,.T.);
#5121=ORIENTED_EDGE('',*,*,#3822,.F.);
#5122=ORIENTED_EDGE('',*,*,#3821,.F.);
#5123=ORIENTED_EDGE('',*,*,#3823,.F.);
#5124=ORIENTED_EDGE('',*,*,#3824,.T.);
#5125=ORIENTED_EDGE('',*,*,#3825,.F.);
#5126=ORIENTED_EDGE('',*,*,#3824,.F.);
#5127=ORIENTED_EDGE('',*,*,#3826,.F.);
#5128=ORIENTED_EDGE('',*,*,#3827,.T.);
#5129=ORIENTED_EDGE('',*,*,#3828,.F.);
#5130=ORIENTED_EDGE('',*,*,#3827,.F.);
#5131=ORIENTED_EDGE('',*,*,#3829,.F.);
#5132=ORIENTED_EDGE('',*,*,#3830,.T.);
#5133=ORIENTED_EDGE('',*,*,#3831,.F.);
#5134=ORIENTED_EDGE('',*,*,#3830,.F.);
#5135=ORIENTED_EDGE('',*,*,#3832,.F.);
#5136=ORIENTED_EDGE('',*,*,#3833,.T.);
#5137=ORIENTED_EDGE('',*,*,#3834,.F.);
#5138=ORIENTED_EDGE('',*,*,#3833,.F.);
#5139=ORIENTED_EDGE('',*,*,#3835,.F.);
#5140=ORIENTED_EDGE('',*,*,#3836,.T.);
#5141=ORIENTED_EDGE('',*,*,#3837,.F.);
#5142=ORIENTED_EDGE('',*,*,#3836,.F.);
#5143=ORIENTED_EDGE('',*,*,#3838,.F.);
#5144=ORIENTED_EDGE('',*,*,#3839,.T.);
#5145=ORIENTED_EDGE('',*,*,#3840,.F.);
#5146=ORIENTED_EDGE('',*,*,#3839,.F.);
#5147=ORIENTED_EDGE('',*,*,#3841,.F.);
#5148=ORIENTED_EDGE('',*,*,#3842,.T.);
#5149=ORIENTED_EDGE('',*,*,#3843,.F.);
#5150=ORIENTED_EDGE('',*,*,#3842,.F.);
#5151=ORIENTED_EDGE('',*,*,#3844,.F.);
#5152=ORIENTED_EDGE('',*,*,#3845,.T.);
#5153=ORIENTED_EDGE('',*,*,#3846,.F.);
#5154=ORIENTED_EDGE('',*,*,#3845,.F.);
#5155=ORIENTED_EDGE('',*,*,#3847,.F.);
#5156=ORIENTED_EDGE('',*,*,#3848,.T.);
#5157=ORIENTED_EDGE('',*,*,#3849,.F.);
#5158=ORIENTED_EDGE('',*,*,#3848,.F.);
#5159=ORIENTED_EDGE('',*,*,#3850,.F.);
#5160=ORIENTED_EDGE('',*,*,#3851,.T.);
#5161=ORIENTED_EDGE('',*,*,#3852,.F.);
#5162=ORIENTED_EDGE('',*,*,#3851,.F.);
#5163=ORIENTED_EDGE('',*,*,#3853,.F.);
#5164=ORIENTED_EDGE('',*,*,#3854,.T.);
#5165=ORIENTED_EDGE('',*,*,#3855,.F.);
#5166=ORIENTED_EDGE('',*,*,#3854,.F.);
#5167=ORIENTED_EDGE('',*,*,#3856,.F.);
#5168=ORIENTED_EDGE('',*,*,#3857,.T.);
#5169=ORIENTED_EDGE('',*,*,#3858,.F.);
#5170=ORIENTED_EDGE('',*,*,#3857,.F.);
#5171=ORIENTED_EDGE('',*,*,#3859,.T.);
#5172=ORIENTED_EDGE('',*,*,#3860,.T.);
#5173=ORIENTED_EDGE('',*,*,#3861,.T.);
#5174=ORIENTED_EDGE('',*,*,#3862,.T.);
#5175=ORIENTED_EDGE('',*,*,#3861,.F.);
#5176=ORIENTED_EDGE('',*,*,#3863,.T.);
#5177=ORIENTED_EDGE('',*,*,#3864,.T.);
#5178=ORIENTED_EDGE('',*,*,#3865,.T.);
#5179=ORIENTED_EDGE('',*,*,#3864,.F.);
#5180=ORIENTED_EDGE('',*,*,#3866,.T.);
#5181=ORIENTED_EDGE('',*,*,#3867,.T.);
#5182=ORIENTED_EDGE('',*,*,#3868,.T.);
#5183=ORIENTED_EDGE('',*,*,#3869,.T.);
#5184=ORIENTED_EDGE('',*,*,#3870,.T.);
#5185=ORIENTED_EDGE('',*,*,#3871,.T.);
#5186=ORIENTED_EDGE('',*,*,#3872,.T.);
#5187=ORIENTED_EDGE('',*,*,#3873,.T.);
#5188=ORIENTED_EDGE('',*,*,#3874,.T.);
#5189=ORIENTED_EDGE('',*,*,#3869,.F.);
#5190=ORIENTED_EDGE('',*,*,#3875,.T.);
#5191=ORIENTED_EDGE('',*,*,#3876,.T.);
#5192=ORIENTED_EDGE('',*,*,#3877,.T.);
#5193=ORIENTED_EDGE('',*,*,#3873,.F.);
#5194=ORIENTED_EDGE('',*,*,#3878,.T.);
#5195=ORIENTED_EDGE('',*,*,#3871,.F.);
#5196=ORIENTED_EDGE('',*,*,#3879,.T.);
#5197=ORIENTED_EDGE('',*,*,#3867,.F.);
#5198=ORIENTED_EDGE('',*,*,#3880,.T.);
#5199=ORIENTED_EDGE('',*,*,#3881,.T.);
#5200=ORIENTED_EDGE('',*,*,#3882,.T.);
#5201=ORIENTED_EDGE('',*,*,#3883,.T.);
#5202=ORIENTED_EDGE('',*,*,#3880,.F.);
#5203=ORIENTED_EDGE('',*,*,#3884,.T.);
#5204=ORIENTED_EDGE('',*,*,#3876,.F.);
#5205=ORIENTED_EDGE('',*,*,#3885,.T.);
#5206=ORIENTED_EDGE('',*,*,#3886,.T.);
#5207=ORIENTED_EDGE('',*,*,#3887,.T.);
#5208=ORIENTED_EDGE('',*,*,#3888,.T.);
#5209=ORIENTED_EDGE('',*,*,#3887,.F.);
#5210=ORIENTED_EDGE('',*,*,#3889,.T.);
#5211=ORIENTED_EDGE('',*,*,#3882,.F.);
#5212=ORIENTED_EDGE('',*,*,#3890,.T.);
#5213=ORIENTED_EDGE('',*,*,#3891,.T.);
#5214=ORIENTED_EDGE('',*,*,#3892,.T.);
#5215=ORIENTED_EDGE('',*,*,#3893,.T.);
#5216=ORIENTED_EDGE('',*,*,#3890,.F.);
#5217=ORIENTED_EDGE('',*,*,#3894,.T.);
#5218=ORIENTED_EDGE('',*,*,#3885,.F.);
#5219=ORIENTED_EDGE('',*,*,#3895,.T.);
#5220=ORIENTED_EDGE('',*,*,#3896,.T.);
#5221=ORIENTED_EDGE('',*,*,#3897,.T.);
#5222=ORIENTED_EDGE('',*,*,#3898,.T.);
#5223=ORIENTED_EDGE('',*,*,#3899,.T.);
#5224=ORIENTED_EDGE('',*,*,#3900,.T.);
#5225=ORIENTED_EDGE('',*,*,#3895,.F.);
#5226=ORIENTED_EDGE('',*,*,#3901,.T.);
#5227=ORIENTED_EDGE('',*,*,#3902,.T.);
#5228=ORIENTED_EDGE('',*,*,#3903,.T.);
#5229=ORIENTED_EDGE('',*,*,#3899,.F.);
#5230=ORIENTED_EDGE('',*,*,#3904,.T.);
#5231=ORIENTED_EDGE('',*,*,#3897,.F.);
#5232=ORIENTED_EDGE('',*,*,#3905,.T.);
#5233=ORIENTED_EDGE('',*,*,#3892,.F.);
#5234=ORIENTED_EDGE('',*,*,#3859,.F.);
#5235=ORIENTED_EDGE('',*,*,#3906,.T.);
#5236=ORIENTED_EDGE('',*,*,#3902,.F.);
#5237=ORIENTED_EDGE('',*,*,#3877,.F.);
#5238=ORIENTED_EDGE('',*,*,#3907,.F.);
#5239=ORIENTED_EDGE('',*,*,#3908,.F.);
#5240=ORIENTED_EDGE('',*,*,#3909,.F.);
#5241=ORIENTED_EDGE('',*,*,#3910,.F.);
#5242=ORIENTED_EDGE('',*,*,#3911,.F.);
#5243=ORIENTED_EDGE('',*,*,#3884,.F.);
#5244=ORIENTED_EDGE('',*,*,#3912,.T.);
#5245=ORIENTED_EDGE('',*,*,#3913,.F.);
#5246=ORIENTED_EDGE('',*,*,#3907,.T.);
#5247=ORIENTED_EDGE('',*,*,#3883,.F.);
#5248=ORIENTED_EDGE('',*,*,#3914,.F.);
#5249=ORIENTED_EDGE('',*,*,#3915,.F.);
#5250=ORIENTED_EDGE('',*,*,#3912,.F.);
#5251=ORIENTED_EDGE('',*,*,#3889,.F.);
#5252=ORIENTED_EDGE('',*,*,#3916,.T.);
#5253=ORIENTED_EDGE('',*,*,#3917,.T.);
#5254=ORIENTED_EDGE('',*,*,#3914,.T.);
#5255=ORIENTED_EDGE('',*,*,#3886,.F.);
#5256=ORIENTED_EDGE('',*,*,#3918,.F.);
#5257=ORIENTED_EDGE('',*,*,#3919,.F.);
#5258=ORIENTED_EDGE('',*,*,#3920,.F.);
#5259=ORIENTED_EDGE('',*,*,#3921,.F.);
#5260=ORIENTED_EDGE('',*,*,#3922,.T.);
#5261=ORIENTED_EDGE('',*,*,#3923,.F.);
#5262=ORIENTED_EDGE('',*,*,#3924,.F.);
#5263=ORIENTED_EDGE('',*,*,#3925,.F.);
#5264=ORIENTED_EDGE('',*,*,#3926,.T.);
#5265=ORIENTED_EDGE('',*,*,#3927,.F.);
#5266=ORIENTED_EDGE('',*,*,#3928,.F.);
#5267=ORIENTED_EDGE('',*,*,#3929,.F.);
#5268=ORIENTED_EDGE('',*,*,#3930,.F.);
#5269=ORIENTED_EDGE('',*,*,#3931,.F.);
#5270=ORIENTED_EDGE('',*,*,#3916,.F.);
#5271=ORIENTED_EDGE('',*,*,#3894,.F.);
#5272=ORIENTED_EDGE('',*,*,#3932,.T.);
#5273=ORIENTED_EDGE('',*,*,#3933,.F.);
#5274=ORIENTED_EDGE('',*,*,#3918,.T.);
#5275=ORIENTED_EDGE('',*,*,#3893,.F.);
#5276=ORIENTED_EDGE('',*,*,#3934,.F.);
#5277=ORIENTED_EDGE('',*,*,#3935,.F.);
#5278=ORIENTED_EDGE('',*,*,#3932,.F.);
#5279=ORIENTED_EDGE('',*,*,#3905,.F.);
#5280=ORIENTED_EDGE('',*,*,#3936,.T.);
#5281=ORIENTED_EDGE('',*,*,#3937,.T.);
#5282=ORIENTED_EDGE('',*,*,#3934,.T.);
#5283=ORIENTED_EDGE('',*,*,#3896,.F.);
#5284=ORIENTED_EDGE('',*,*,#3938,.F.);
#5285=ORIENTED_EDGE('',*,*,#3939,.F.);
#5286=ORIENTED_EDGE('',*,*,#3940,.F.);
#5287=ORIENTED_EDGE('',*,*,#3941,.F.);
#5288=ORIENTED_EDGE('',*,*,#3936,.F.);
#5289=ORIENTED_EDGE('',*,*,#3860,.F.);
#5290=ORIENTED_EDGE('',*,*,#3904,.F.);
#5291=ORIENTED_EDGE('',*,*,#3901,.F.);
#5292=ORIENTED_EDGE('',*,*,#3898,.F.);
#5293=ORIENTED_EDGE('',*,*,#3891,.F.);
#5294=ORIENTED_EDGE('',*,*,#3888,.F.);
#5295=ORIENTED_EDGE('',*,*,#3881,.F.);
#5296=ORIENTED_EDGE('',*,*,#3878,.F.);
#5297=ORIENTED_EDGE('',*,*,#3875,.F.);
#5298=ORIENTED_EDGE('',*,*,#3872,.F.);
#5299=ORIENTED_EDGE('',*,*,#3866,.F.);
#5300=ORIENTED_EDGE('',*,*,#3863,.F.);
#5301=ORIENTED_EDGE('',*,*,#3856,.T.);
#5302=ORIENTED_EDGE('',*,*,#3853,.T.);
#5303=ORIENTED_EDGE('',*,*,#3850,.T.);
#5304=ORIENTED_EDGE('',*,*,#3847,.T.);
#5305=ORIENTED_EDGE('',*,*,#3844,.T.);
#5306=ORIENTED_EDGE('',*,*,#3841,.T.);
#5307=ORIENTED_EDGE('',*,*,#3838,.T.);
#5308=ORIENTED_EDGE('',*,*,#3835,.T.);
#5309=ORIENTED_EDGE('',*,*,#3832,.T.);
#5310=ORIENTED_EDGE('',*,*,#3829,.T.);
#5311=ORIENTED_EDGE('',*,*,#3826,.T.);
#5312=ORIENTED_EDGE('',*,*,#3823,.T.);
#5313=ORIENTED_EDGE('',*,*,#3820,.T.);
#5314=ORIENTED_EDGE('',*,*,#3817,.T.);
#5315=ORIENTED_EDGE('',*,*,#3814,.T.);
#5316=ORIENTED_EDGE('',*,*,#3811,.T.);
#5317=ORIENTED_EDGE('',*,*,#3808,.T.);
#5318=ORIENTED_EDGE('',*,*,#3805,.T.);
#5319=ORIENTED_EDGE('',*,*,#3802,.T.);
#5320=ORIENTED_EDGE('',*,*,#3799,.T.);
#5321=ORIENTED_EDGE('',*,*,#3796,.T.);
#5322=ORIENTED_EDGE('',*,*,#3793,.T.);
#5323=ORIENTED_EDGE('',*,*,#3790,.T.);
#5324=ORIENTED_EDGE('',*,*,#3787,.T.);
#5325=ORIENTED_EDGE('',*,*,#3784,.T.);
#5326=ORIENTED_EDGE('',*,*,#3781,.T.);
#5327=ORIENTED_EDGE('',*,*,#3778,.T.);
#5328=ORIENTED_EDGE('',*,*,#3775,.T.);
#5329=ORIENTED_EDGE('',*,*,#3772,.T.);
#5330=ORIENTED_EDGE('',*,*,#3769,.T.);
#5331=ORIENTED_EDGE('',*,*,#3766,.T.);
#5332=ORIENTED_EDGE('',*,*,#3763,.T.);
#5333=ORIENTED_EDGE('',*,*,#3760,.T.);
#5334=ORIENTED_EDGE('',*,*,#3757,.T.);
#5335=ORIENTED_EDGE('',*,*,#3754,.T.);
#5336=ORIENTED_EDGE('',*,*,#3751,.T.);
#5337=ORIENTED_EDGE('',*,*,#3748,.T.);
#5338=ORIENTED_EDGE('',*,*,#3745,.T.);
#5339=ORIENTED_EDGE('',*,*,#3742,.T.);
#5340=ORIENTED_EDGE('',*,*,#3739,.T.);
#5341=ORIENTED_EDGE('',*,*,#3736,.T.);
#5342=ORIENTED_EDGE('',*,*,#3733,.T.);
#5343=ORIENTED_EDGE('',*,*,#3730,.T.);
#5344=ORIENTED_EDGE('',*,*,#3727,.T.);
#5345=ORIENTED_EDGE('',*,*,#3724,.T.);
#5346=ORIENTED_EDGE('',*,*,#3721,.T.);
#5347=ORIENTED_EDGE('',*,*,#3718,.T.);
#5348=ORIENTED_EDGE('',*,*,#3715,.T.);
#5349=ORIENTED_EDGE('',*,*,#3712,.T.);
#5350=ORIENTED_EDGE('',*,*,#3709,.T.);
#5351=ORIENTED_EDGE('',*,*,#3706,.T.);
#5352=ORIENTED_EDGE('',*,*,#3703,.T.);
#5353=ORIENTED_EDGE('',*,*,#3700,.T.);
#5354=ORIENTED_EDGE('',*,*,#3697,.T.);
#5355=ORIENTED_EDGE('',*,*,#3694,.T.);
#5356=ORIENTED_EDGE('',*,*,#3691,.T.);
#5357=ORIENTED_EDGE('',*,*,#3688,.T.);
#5358=ORIENTED_EDGE('',*,*,#3685,.T.);
#5359=ORIENTED_EDGE('',*,*,#3682,.T.);
#5360=ORIENTED_EDGE('',*,*,#3679,.T.);
#5361=ORIENTED_EDGE('',*,*,#3676,.T.);
#5362=ORIENTED_EDGE('',*,*,#3673,.T.);
#5363=ORIENTED_EDGE('',*,*,#3670,.T.);
#5364=ORIENTED_EDGE('',*,*,#3667,.T.);
#5365=ORIENTED_EDGE('',*,*,#3664,.T.);
#5366=ORIENTED_EDGE('',*,*,#3661,.T.);
#5367=ORIENTED_EDGE('',*,*,#3658,.T.);
#5368=ORIENTED_EDGE('',*,*,#3655,.T.);
#5369=ORIENTED_EDGE('',*,*,#3652,.T.);
#5370=ORIENTED_EDGE('',*,*,#3649,.T.);
#5371=ORIENTED_EDGE('',*,*,#3646,.T.);
#5372=ORIENTED_EDGE('',*,*,#3643,.T.);
#5373=ORIENTED_EDGE('',*,*,#3640,.T.);
#5374=ORIENTED_EDGE('',*,*,#3637,.T.);
#5375=ORIENTED_EDGE('',*,*,#3634,.T.);
#5376=ORIENTED_EDGE('',*,*,#3631,.T.);
#5377=ORIENTED_EDGE('',*,*,#3628,.T.);
#5378=ORIENTED_EDGE('',*,*,#3625,.T.);
#5379=ORIENTED_EDGE('',*,*,#3622,.T.);
#5380=ORIENTED_EDGE('',*,*,#3619,.T.);
#5381=ORIENTED_EDGE('',*,*,#3616,.T.);
#5382=ORIENTED_EDGE('',*,*,#3613,.T.);
#5383=ORIENTED_EDGE('',*,*,#3610,.T.);
#5384=ORIENTED_EDGE('',*,*,#3607,.T.);
#5385=ORIENTED_EDGE('',*,*,#3604,.T.);
#5386=ORIENTED_EDGE('',*,*,#3601,.T.);
#5387=ORIENTED_EDGE('',*,*,#3598,.T.);
#5388=ORIENTED_EDGE('',*,*,#3595,.T.);
#5389=ORIENTED_EDGE('',*,*,#3592,.T.);
#5390=ORIENTED_EDGE('',*,*,#3589,.T.);
#5391=ORIENTED_EDGE('',*,*,#3586,.T.);
#5392=ORIENTED_EDGE('',*,*,#3583,.T.);
#5393=ORIENTED_EDGE('',*,*,#3580,.T.);
#5394=ORIENTED_EDGE('',*,*,#3577,.T.);
#5395=ORIENTED_EDGE('',*,*,#3574,.T.);
#5396=ORIENTED_EDGE('',*,*,#3571,.T.);
#5397=ORIENTED_EDGE('',*,*,#3568,.T.);
#5398=ORIENTED_EDGE('',*,*,#3565,.T.);
#5399=ORIENTED_EDGE('',*,*,#3562,.T.);
#5400=ORIENTED_EDGE('',*,*,#3559,.T.);
#5401=ORIENTED_EDGE('',*,*,#3942,.T.);
#5402=ORIENTED_EDGE('',*,*,#3940,.T.);
#5403=ORIENTED_EDGE('',*,*,#3943,.T.);
#5404=ORIENTED_EDGE('',*,*,#3920,.T.);
#5405=ORIENTED_EDGE('',*,*,#3942,.F.);
#5406=ORIENTED_EDGE('',*,*,#3919,.T.);
#5407=ORIENTED_EDGE('',*,*,#3933,.T.);
#5408=ORIENTED_EDGE('',*,*,#3935,.T.);
#5409=ORIENTED_EDGE('',*,*,#3937,.F.);
#5410=ORIENTED_EDGE('',*,*,#3941,.T.);
#5411=ORIENTED_EDGE('',*,*,#3944,.T.);
#5412=ORIENTED_EDGE('',*,*,#3945,.T.);
#5413=ORIENTED_EDGE('',*,*,#3930,.T.);
#5414=ORIENTED_EDGE('',*,*,#3946,.T.);
#5415=ORIENTED_EDGE('',*,*,#3909,.T.);
#5416=ORIENTED_EDGE('',*,*,#3945,.F.);
#5417=ORIENTED_EDGE('',*,*,#3908,.T.);
#5418=ORIENTED_EDGE('',*,*,#3913,.T.);
#5419=ORIENTED_EDGE('',*,*,#3915,.T.);
#5420=ORIENTED_EDGE('',*,*,#3917,.F.);
#5421=ORIENTED_EDGE('',*,*,#3931,.T.);
#5422=ORIENTED_EDGE('',*,*,#3947,.T.);
#5423=ORIENTED_EDGE('',*,*,#3874,.F.);
#5424=ORIENTED_EDGE('',*,*,#3911,.T.);
#5425=ORIENTED_EDGE('',*,*,#3948,.T.);
#5426=ORIENTED_EDGE('',*,*,#3949,.T.);
#5427=ORIENTED_EDGE('',*,*,#3870,.F.);
#5428=ORIENTED_EDGE('',*,*,#3949,.F.);
#5429=ORIENTED_EDGE('',*,*,#3950,.F.);
#5430=ORIENTED_EDGE('',*,*,#3951,.T.);
#5431=ORIENTED_EDGE('',*,*,#3952,.F.);
#5432=ORIENTED_EDGE('',*,*,#3953,.F.);
#5433=ORIENTED_EDGE('',*,*,#3954,.F.);
#5434=ORIENTED_EDGE('',*,*,#3955,.T.);
#5435=ORIENTED_EDGE('',*,*,#3956,.F.);
#5436=ORIENTED_EDGE('',*,*,#3957,.F.);
#5437=ORIENTED_EDGE('',*,*,#3958,.F.);
#5438=ORIENTED_EDGE('',*,*,#3959,.T.);
#5439=ORIENTED_EDGE('',*,*,#3960,.F.);
#5440=ORIENTED_EDGE('',*,*,#3961,.F.);
#5441=ORIENTED_EDGE('',*,*,#3962,.F.);
#5442=ORIENTED_EDGE('',*,*,#3963,.T.);
#5443=ORIENTED_EDGE('',*,*,#3964,.F.);
#5444=ORIENTED_EDGE('',*,*,#3965,.F.);
#5445=ORIENTED_EDGE('',*,*,#3966,.F.);
#5446=ORIENTED_EDGE('',*,*,#3967,.F.);
#5447=ORIENTED_EDGE('',*,*,#3903,.F.);
#5448=ORIENTED_EDGE('',*,*,#3968,.F.);
#5449=ORIENTED_EDGE('',*,*,#3969,.F.);
#5450=ORIENTED_EDGE('',*,*,#3970,.F.);
#5451=ORIENTED_EDGE('',*,*,#3900,.F.);
#5452=ORIENTED_EDGE('',*,*,#3967,.T.);
#5453=ORIENTED_EDGE('',*,*,#3971,.T.);
#5454=ORIENTED_EDGE('',*,*,#3938,.T.);
#5455=ORIENTED_EDGE('',*,*,#3879,.F.);
#5456=ORIENTED_EDGE('',*,*,#3970,.T.);
#5457=ORIENTED_EDGE('',*,*,#3972,.T.);
#5458=ORIENTED_EDGE('',*,*,#3973,.T.);
#5459=ORIENTED_EDGE('',*,*,#3868,.F.);
#5460=ORIENTED_EDGE('',*,*,#3973,.F.);
#5461=ORIENTED_EDGE('',*,*,#3974,.F.);
#5462=ORIENTED_EDGE('',*,*,#3975,.T.);
#5463=ORIENTED_EDGE('',*,*,#3906,.F.);
#5464=ORIENTED_EDGE('',*,*,#3976,.T.);
#5465=ORIENTED_EDGE('',*,*,#3977,.T.);
#5466=ORIENTED_EDGE('',*,*,#3968,.T.);
#5467=ORIENTED_EDGE('',*,*,#3978,.F.);
#5468=ORIENTED_EDGE('',*,*,#3979,.F.);
#5469=ORIENTED_EDGE('',*,*,#3980,.F.);
#5470=ORIENTED_EDGE('',*,*,#3981,.F.);
#5471=ORIENTED_EDGE('',*,*,#3982,.F.);
#5472=ORIENTED_EDGE('',*,*,#3983,.F.);
#5473=ORIENTED_EDGE('',*,*,#3984,.F.);
#5474=ORIENTED_EDGE('',*,*,#3985,.F.);
#5475=ORIENTED_EDGE('',*,*,#3858,.T.);
#5476=ORIENTED_EDGE('',*,*,#3855,.T.);
#5477=ORIENTED_EDGE('',*,*,#3852,.T.);
#5478=ORIENTED_EDGE('',*,*,#3849,.T.);
#5479=ORIENTED_EDGE('',*,*,#3846,.T.);
#5480=ORIENTED_EDGE('',*,*,#3843,.T.);
#5481=ORIENTED_EDGE('',*,*,#3840,.T.);
#5482=ORIENTED_EDGE('',*,*,#3837,.T.);
#5483=ORIENTED_EDGE('',*,*,#3834,.T.);
#5484=ORIENTED_EDGE('',*,*,#3831,.T.);
#5485=ORIENTED_EDGE('',*,*,#3828,.T.);
#5486=ORIENTED_EDGE('',*,*,#3825,.T.);
#5487=ORIENTED_EDGE('',*,*,#3822,.T.);
#5488=ORIENTED_EDGE('',*,*,#3819,.T.);
#5489=ORIENTED_EDGE('',*,*,#3816,.T.);
#5490=ORIENTED_EDGE('',*,*,#3813,.T.);
#5491=ORIENTED_EDGE('',*,*,#3810,.T.);
#5492=ORIENTED_EDGE('',*,*,#3807,.T.);
#5493=ORIENTED_EDGE('',*,*,#3804,.T.);
#5494=ORIENTED_EDGE('',*,*,#3801,.T.);
#5495=ORIENTED_EDGE('',*,*,#3798,.T.);
#5496=ORIENTED_EDGE('',*,*,#3795,.T.);
#5497=ORIENTED_EDGE('',*,*,#3792,.T.);
#5498=ORIENTED_EDGE('',*,*,#3789,.T.);
#5499=ORIENTED_EDGE('',*,*,#3786,.T.);
#5500=ORIENTED_EDGE('',*,*,#3783,.T.);
#5501=ORIENTED_EDGE('',*,*,#3780,.T.);
#5502=ORIENTED_EDGE('',*,*,#3777,.T.);
#5503=ORIENTED_EDGE('',*,*,#3774,.T.);
#5504=ORIENTED_EDGE('',*,*,#3771,.T.);
#5505=ORIENTED_EDGE('',*,*,#3768,.T.);
#5506=ORIENTED_EDGE('',*,*,#3765,.T.);
#5507=ORIENTED_EDGE('',*,*,#3762,.T.);
#5508=ORIENTED_EDGE('',*,*,#3759,.T.);
#5509=ORIENTED_EDGE('',*,*,#3756,.T.);
#5510=ORIENTED_EDGE('',*,*,#3753,.T.);
#5511=ORIENTED_EDGE('',*,*,#3750,.T.);
#5512=ORIENTED_EDGE('',*,*,#3747,.T.);
#5513=ORIENTED_EDGE('',*,*,#3744,.T.);
#5514=ORIENTED_EDGE('',*,*,#3741,.T.);
#5515=ORIENTED_EDGE('',*,*,#3738,.T.);
#5516=ORIENTED_EDGE('',*,*,#3735,.T.);
#5517=ORIENTED_EDGE('',*,*,#3732,.T.);
#5518=ORIENTED_EDGE('',*,*,#3729,.T.);
#5519=ORIENTED_EDGE('',*,*,#3726,.T.);
#5520=ORIENTED_EDGE('',*,*,#3723,.T.);
#5521=ORIENTED_EDGE('',*,*,#3720,.T.);
#5522=ORIENTED_EDGE('',*,*,#3717,.T.);
#5523=ORIENTED_EDGE('',*,*,#3714,.T.);
#5524=ORIENTED_EDGE('',*,*,#3711,.T.);
#5525=ORIENTED_EDGE('',*,*,#3708,.T.);
#5526=ORIENTED_EDGE('',*,*,#3705,.T.);
#5527=ORIENTED_EDGE('',*,*,#3702,.T.);
#5528=ORIENTED_EDGE('',*,*,#3699,.T.);
#5529=ORIENTED_EDGE('',*,*,#3696,.T.);
#5530=ORIENTED_EDGE('',*,*,#3693,.T.);
#5531=ORIENTED_EDGE('',*,*,#3690,.T.);
#5532=ORIENTED_EDGE('',*,*,#3687,.T.);
#5533=ORIENTED_EDGE('',*,*,#3684,.T.);
#5534=ORIENTED_EDGE('',*,*,#3681,.T.);
#5535=ORIENTED_EDGE('',*,*,#3678,.T.);
#5536=ORIENTED_EDGE('',*,*,#3675,.T.);
#5537=ORIENTED_EDGE('',*,*,#3672,.T.);
#5538=ORIENTED_EDGE('',*,*,#3669,.T.);
#5539=ORIENTED_EDGE('',*,*,#3666,.T.);
#5540=ORIENTED_EDGE('',*,*,#3663,.T.);
#5541=ORIENTED_EDGE('',*,*,#3660,.T.);
#5542=ORIENTED_EDGE('',*,*,#3657,.T.);
#5543=ORIENTED_EDGE('',*,*,#3654,.T.);
#5544=ORIENTED_EDGE('',*,*,#3651,.T.);
#5545=ORIENTED_EDGE('',*,*,#3648,.T.);
#5546=ORIENTED_EDGE('',*,*,#3645,.T.);
#5547=ORIENTED_EDGE('',*,*,#3642,.T.);
#5548=ORIENTED_EDGE('',*,*,#3639,.T.);
#5549=ORIENTED_EDGE('',*,*,#3636,.T.);
#5550=ORIENTED_EDGE('',*,*,#3633,.T.);
#5551=ORIENTED_EDGE('',*,*,#3630,.T.);
#5552=ORIENTED_EDGE('',*,*,#3627,.T.);
#5553=ORIENTED_EDGE('',*,*,#3624,.T.);
#5554=ORIENTED_EDGE('',*,*,#3621,.T.);
#5555=ORIENTED_EDGE('',*,*,#3618,.T.);
#5556=ORIENTED_EDGE('',*,*,#3615,.T.);
#5557=ORIENTED_EDGE('',*,*,#3612,.T.);
#5558=ORIENTED_EDGE('',*,*,#3609,.T.);
#5559=ORIENTED_EDGE('',*,*,#3606,.T.);
#5560=ORIENTED_EDGE('',*,*,#3603,.T.);
#5561=ORIENTED_EDGE('',*,*,#3600,.T.);
#5562=ORIENTED_EDGE('',*,*,#3597,.T.);
#5563=ORIENTED_EDGE('',*,*,#3594,.T.);
#5564=ORIENTED_EDGE('',*,*,#3591,.T.);
#5565=ORIENTED_EDGE('',*,*,#3588,.T.);
#5566=ORIENTED_EDGE('',*,*,#3585,.T.);
#5567=ORIENTED_EDGE('',*,*,#3582,.T.);
#5568=ORIENTED_EDGE('',*,*,#3579,.T.);
#5569=ORIENTED_EDGE('',*,*,#3576,.T.);
#5570=ORIENTED_EDGE('',*,*,#3573,.T.);
#5571=ORIENTED_EDGE('',*,*,#3570,.T.);
#5572=ORIENTED_EDGE('',*,*,#3567,.T.);
#5573=ORIENTED_EDGE('',*,*,#3564,.T.);
#5574=ORIENTED_EDGE('',*,*,#3561,.T.);
#5575=ORIENTED_EDGE('',*,*,#3981,.T.);
#5576=ORIENTED_EDGE('',*,*,#3986,.F.);
#5577=ORIENTED_EDGE('',*,*,#3987,.T.);
#5578=ORIENTED_EDGE('',*,*,#3988,.T.);
#5579=ORIENTED_EDGE('',*,*,#3980,.T.);
#5580=ORIENTED_EDGE('',*,*,#3989,.F.);
#5581=ORIENTED_EDGE('',*,*,#3990,.T.);
#5582=ORIENTED_EDGE('',*,*,#3986,.T.);
#5583=ORIENTED_EDGE('',*,*,#3979,.T.);
#5584=ORIENTED_EDGE('',*,*,#3991,.F.);
#5585=ORIENTED_EDGE('',*,*,#3992,.T.);
#5586=ORIENTED_EDGE('',*,*,#3993,.T.);
#5587=ORIENTED_EDGE('',*,*,#3994,.T.);
#5588=ORIENTED_EDGE('',*,*,#3995,.F.);
#5589=ORIENTED_EDGE('',*,*,#3996,.T.);
#5590=ORIENTED_EDGE('',*,*,#3989,.T.);
#5591=ORIENTED_EDGE('',*,*,#3978,.T.);
#5592=ORIENTED_EDGE('',*,*,#3997,.F.);
#5593=ORIENTED_EDGE('',*,*,#3998,.F.);
#5594=ORIENTED_EDGE('',*,*,#3991,.T.);
#5595=ORIENTED_EDGE('',*,*,#3999,.F.);
#5596=ORIENTED_EDGE('',*,*,#3923,.T.);
#5597=ORIENTED_EDGE('',*,*,#4000,.F.);
#5598=ORIENTED_EDGE('',*,*,#4001,.F.);
#5599=ORIENTED_EDGE('',*,*,#3999,.T.);
#5600=ORIENTED_EDGE('',*,*,#4002,.F.);
#5601=ORIENTED_EDGE('',*,*,#4003,.F.);
#5602=ORIENTED_EDGE('',*,*,#3924,.T.);
#5603=ORIENTED_EDGE('',*,*,#4004,.F.);
#5604=ORIENTED_EDGE('',*,*,#3927,.T.);
#5605=ORIENTED_EDGE('',*,*,#4005,.F.);
#5606=ORIENTED_EDGE('',*,*,#4006,.F.);
#5607=ORIENTED_EDGE('',*,*,#4005,.T.);
#5608=ORIENTED_EDGE('',*,*,#3926,.F.);
#5609=ORIENTED_EDGE('',*,*,#4007,.F.);
#5610=ORIENTED_EDGE('',*,*,#4008,.T.);
#5611=ORIENTED_EDGE('',*,*,#4009,.F.);
#5612=ORIENTED_EDGE('',*,*,#4007,.T.);
#5613=ORIENTED_EDGE('',*,*,#3925,.T.);
#5614=ORIENTED_EDGE('',*,*,#4003,.T.);
#5615=ORIENTED_EDGE('',*,*,#4004,.T.);
#5616=ORIENTED_EDGE('',*,*,#4010,.F.);
#5617=ORIENTED_EDGE('',*,*,#4011,.F.);
#5618=ORIENTED_EDGE('',*,*,#3928,.T.);
#5619=ORIENTED_EDGE('',*,*,#4012,.F.);
#5620=ORIENTED_EDGE('',*,*,#3956,.T.);
#5621=ORIENTED_EDGE('',*,*,#4013,.F.);
#5622=ORIENTED_EDGE('',*,*,#4014,.F.);
#5623=ORIENTED_EDGE('',*,*,#4012,.T.);
#5624=ORIENTED_EDGE('',*,*,#4015,.F.);
#5625=ORIENTED_EDGE('',*,*,#4016,.F.);
#5626=ORIENTED_EDGE('',*,*,#3957,.T.);
#5627=ORIENTED_EDGE('',*,*,#4017,.F.);
#5628=ORIENTED_EDGE('',*,*,#3960,.T.);
#5629=ORIENTED_EDGE('',*,*,#4018,.F.);
#5630=ORIENTED_EDGE('',*,*,#4019,.F.);
#5631=ORIENTED_EDGE('',*,*,#4018,.T.);
#5632=ORIENTED_EDGE('',*,*,#3959,.F.);
#5633=ORIENTED_EDGE('',*,*,#4020,.T.);
#5634=ORIENTED_EDGE('',*,*,#4021,.T.);
#5635=ORIENTED_EDGE('',*,*,#4020,.F.);
#5636=ORIENTED_EDGE('',*,*,#3958,.T.);
#5637=ORIENTED_EDGE('',*,*,#4016,.T.);
#5638=ORIENTED_EDGE('',*,*,#4022,.F.);
#5639=ORIENTED_EDGE('',*,*,#4017,.T.);
#5640=ORIENTED_EDGE('',*,*,#4023,.F.);
#5641=ORIENTED_EDGE('',*,*,#4024,.F.);
#5642=ORIENTED_EDGE('',*,*,#3961,.T.);
#5643=ORIENTED_EDGE('',*,*,#4025,.F.);
#5644=ORIENTED_EDGE('',*,*,#3964,.T.);
#5645=ORIENTED_EDGE('',*,*,#4026,.F.);
#5646=ORIENTED_EDGE('',*,*,#4027,.F.);
#5647=ORIENTED_EDGE('',*,*,#4026,.T.);
#5648=ORIENTED_EDGE('',*,*,#3963,.F.);
#5649=ORIENTED_EDGE('',*,*,#4028,.T.);
#5650=ORIENTED_EDGE('',*,*,#4029,.T.);
#5651=ORIENTED_EDGE('',*,*,#3962,.T.);
#5652=ORIENTED_EDGE('',*,*,#4024,.T.);
#5653=ORIENTED_EDGE('',*,*,#4030,.F.);
#5654=ORIENTED_EDGE('',*,*,#4028,.F.);
#5655=ORIENTED_EDGE('',*,*,#4025,.T.);
#5656=ORIENTED_EDGE('',*,*,#4031,.F.);
#5657=ORIENTED_EDGE('',*,*,#4032,.F.);
#5658=ORIENTED_EDGE('',*,*,#3965,.T.);
#5659=ORIENTED_EDGE('',*,*,#4000,.T.);
#5660=ORIENTED_EDGE('',*,*,#3922,.F.);
#5661=ORIENTED_EDGE('',*,*,#4033,.F.);
#5662=ORIENTED_EDGE('',*,*,#4034,.T.);
#5663=ORIENTED_EDGE('',*,*,#3984,.T.);
#5664=ORIENTED_EDGE('',*,*,#4035,.F.);
#5665=ORIENTED_EDGE('',*,*,#4036,.T.);
#5666=ORIENTED_EDGE('',*,*,#4037,.T.);
#5667=ORIENTED_EDGE('',*,*,#3983,.T.);
#5668=ORIENTED_EDGE('',*,*,#4038,.F.);
#5669=ORIENTED_EDGE('',*,*,#4039,.T.);
#5670=ORIENTED_EDGE('',*,*,#4035,.T.);
#5671=ORIENTED_EDGE('',*,*,#3982,.T.);
#5672=ORIENTED_EDGE('',*,*,#3988,.F.);
#5673=ORIENTED_EDGE('',*,*,#4040,.T.);
#5674=ORIENTED_EDGE('',*,*,#4010,.T.);
#5675=ORIENTED_EDGE('',*,*,#4006,.T.);
#5676=ORIENTED_EDGE('',*,*,#4008,.F.);
#5677=ORIENTED_EDGE('',*,*,#4009,.T.);
#5678=ORIENTED_EDGE('',*,*,#4002,.T.);
#5679=ORIENTED_EDGE('',*,*,#4001,.T.);
#5680=ORIENTED_EDGE('',*,*,#4034,.F.);
#5681=ORIENTED_EDGE('',*,*,#4041,.T.);
#5682=ORIENTED_EDGE('',*,*,#4038,.T.);
#5683=ORIENTED_EDGE('',*,*,#3944,.F.);
#5684=ORIENTED_EDGE('',*,*,#4042,.T.);
#5685=ORIENTED_EDGE('',*,*,#4043,.T.);
#5686=ORIENTED_EDGE('',*,*,#4042,.F.);
#5687=ORIENTED_EDGE('',*,*,#3943,.F.);
#5688=ORIENTED_EDGE('',*,*,#3939,.T.);
#5689=ORIENTED_EDGE('',*,*,#3971,.F.);
#5690=ORIENTED_EDGE('',*,*,#3966,.T.);
#5691=ORIENTED_EDGE('',*,*,#4032,.T.);
#5692=ORIENTED_EDGE('',*,*,#4044,.F.);
#5693=ORIENTED_EDGE('',*,*,#4036,.F.);
#5694=ORIENTED_EDGE('',*,*,#4039,.F.);
#5695=ORIENTED_EDGE('',*,*,#4041,.F.);
#5696=ORIENTED_EDGE('',*,*,#4033,.T.);
#5697=ORIENTED_EDGE('',*,*,#3921,.T.);
#5698=ORIENTED_EDGE('',*,*,#4043,.F.);
#5699=ORIENTED_EDGE('',*,*,#3952,.T.);
#5700=ORIENTED_EDGE('',*,*,#4045,.F.);
#5701=ORIENTED_EDGE('',*,*,#3994,.F.);
#5702=ORIENTED_EDGE('',*,*,#4046,.F.);
#5703=ORIENTED_EDGE('',*,*,#4046,.T.);
#5704=ORIENTED_EDGE('',*,*,#3993,.F.);
#5705=ORIENTED_EDGE('',*,*,#4047,.F.);
#5706=ORIENTED_EDGE('',*,*,#3953,.T.);
#5707=ORIENTED_EDGE('',*,*,#3865,.F.);
#5708=ORIENTED_EDGE('',*,*,#3975,.F.);
#5709=ORIENTED_EDGE('',*,*,#4048,.F.);
#5710=ORIENTED_EDGE('',*,*,#4049,.T.);
#5711=ORIENTED_EDGE('',*,*,#3862,.F.);
#5712=ORIENTED_EDGE('',*,*,#4049,.F.);
#5713=ORIENTED_EDGE('',*,*,#4050,.F.);
#5714=ORIENTED_EDGE('',*,*,#3976,.F.);
#5715=ORIENTED_EDGE('',*,*,#3985,.T.);
#5716=ORIENTED_EDGE('',*,*,#4037,.F.);
#5717=ORIENTED_EDGE('',*,*,#4044,.T.);
#5718=ORIENTED_EDGE('',*,*,#4031,.T.);
#5719=ORIENTED_EDGE('',*,*,#4027,.T.);
#5720=ORIENTED_EDGE('',*,*,#4029,.F.);
#5721=ORIENTED_EDGE('',*,*,#4030,.T.);
#5722=ORIENTED_EDGE('',*,*,#4023,.T.);
#5723=ORIENTED_EDGE('',*,*,#4019,.T.);
#5724=ORIENTED_EDGE('',*,*,#4021,.F.);
#5725=ORIENTED_EDGE('',*,*,#4022,.T.);
#5726=ORIENTED_EDGE('',*,*,#4015,.T.);
#5727=ORIENTED_EDGE('',*,*,#4014,.T.);
#5728=ORIENTED_EDGE('',*,*,#4051,.F.);
#5729=ORIENTED_EDGE('',*,*,#4052,.T.);
#5730=ORIENTED_EDGE('',*,*,#3997,.T.);
#5731=ORIENTED_EDGE('',*,*,#4013,.T.);
#5732=ORIENTED_EDGE('',*,*,#3955,.F.);
#5733=ORIENTED_EDGE('',*,*,#4053,.T.);
#5734=ORIENTED_EDGE('',*,*,#4051,.T.);
#5735=ORIENTED_EDGE('',*,*,#4054,.F.);
#5736=ORIENTED_EDGE('',*,*,#4055,.T.);
#5737=ORIENTED_EDGE('',*,*,#4056,.T.);
#5738=ORIENTED_EDGE('',*,*,#4055,.F.);
#5739=ORIENTED_EDGE('',*,*,#3969,.T.);
#5740=ORIENTED_EDGE('',*,*,#3977,.F.);
#5741=ORIENTED_EDGE('',*,*,#4050,.T.);
#5742=ORIENTED_EDGE('',*,*,#4048,.T.);
#5743=ORIENTED_EDGE('',*,*,#3974,.T.);
#5744=ORIENTED_EDGE('',*,*,#3972,.F.);
#5745=ORIENTED_EDGE('',*,*,#4054,.T.);
#5746=ORIENTED_EDGE('',*,*,#3954,.T.);
#5747=ORIENTED_EDGE('',*,*,#4047,.T.);
#5748=ORIENTED_EDGE('',*,*,#3992,.F.);
#5749=ORIENTED_EDGE('',*,*,#3998,.T.);
#5750=ORIENTED_EDGE('',*,*,#4052,.F.);
#5751=ORIENTED_EDGE('',*,*,#4053,.F.);
#5752=ORIENTED_EDGE('',*,*,#4056,.F.);
#5753=ORIENTED_EDGE('',*,*,#4045,.T.);
#5754=ORIENTED_EDGE('',*,*,#3951,.F.);
#5755=ORIENTED_EDGE('',*,*,#4057,.T.);
#5756=ORIENTED_EDGE('',*,*,#3995,.T.);
#5757=ORIENTED_EDGE('',*,*,#3947,.F.);
#5758=ORIENTED_EDGE('',*,*,#4058,.T.);
#5759=ORIENTED_EDGE('',*,*,#4059,.T.);
#5760=ORIENTED_EDGE('',*,*,#4058,.F.);
#5761=ORIENTED_EDGE('',*,*,#3946,.F.);
#5762=ORIENTED_EDGE('',*,*,#3929,.T.);
#5763=ORIENTED_EDGE('',*,*,#4011,.T.);
#5764=ORIENTED_EDGE('',*,*,#4040,.F.);
#5765=ORIENTED_EDGE('',*,*,#3987,.F.);
#5766=ORIENTED_EDGE('',*,*,#3990,.F.);
#5767=ORIENTED_EDGE('',*,*,#3996,.F.);
#5768=ORIENTED_EDGE('',*,*,#4057,.F.);
#5769=ORIENTED_EDGE('',*,*,#3950,.T.);
#5770=ORIENTED_EDGE('',*,*,#3948,.F.);
#5771=ORIENTED_EDGE('',*,*,#3910,.T.);
#5772=ORIENTED_EDGE('',*,*,#4059,.F.);
#5773=ORIENTED_EDGE('',*,*,#4060,.F.);
#5774=ORIENTED_EDGE('',*,*,#4061,.T.);
#5775=ORIENTED_EDGE('',*,*,#4062,.F.);
#5776=ORIENTED_EDGE('',*,*,#4063,.T.);
#5777=ORIENTED_EDGE('',*,*,#4064,.F.);
#5778=ORIENTED_EDGE('',*,*,#4065,.T.);
#5779=ORIENTED_EDGE('',*,*,#4060,.T.);
#5780=ORIENTED_EDGE('',*,*,#4066,.T.);
#5781=ORIENTED_EDGE('',*,*,#4067,.F.);
#5782=ORIENTED_EDGE('',*,*,#4068,.T.);
#5783=ORIENTED_EDGE('',*,*,#4064,.T.);
#5784=ORIENTED_EDGE('',*,*,#4069,.T.);
#5785=ORIENTED_EDGE('',*,*,#4070,.F.);
#5786=ORIENTED_EDGE('',*,*,#4071,.T.);
#5787=ORIENTED_EDGE('',*,*,#4067,.T.);
#5788=ORIENTED_EDGE('',*,*,#4072,.T.);
#5789=ORIENTED_EDGE('',*,*,#4073,.F.);
#5790=ORIENTED_EDGE('',*,*,#4074,.T.);
#5791=ORIENTED_EDGE('',*,*,#4075,.F.);
#5792=ORIENTED_EDGE('',*,*,#4076,.F.);
#5793=ORIENTED_EDGE('',*,*,#4077,.F.);
#5794=ORIENTED_EDGE('',*,*,#4078,.T.);
#5795=ORIENTED_EDGE('',*,*,#4073,.T.);
#5796=ORIENTED_EDGE('',*,*,#4079,.F.);
#5797=ORIENTED_EDGE('',*,*,#4080,.F.);
#5798=ORIENTED_EDGE('',*,*,#4081,.T.);
#5799=ORIENTED_EDGE('',*,*,#4077,.T.);
#5800=ORIENTED_EDGE('',*,*,#4082,.F.);
#5801=ORIENTED_EDGE('',*,*,#4083,.F.);
#5802=ORIENTED_EDGE('',*,*,#4084,.T.);
#5803=ORIENTED_EDGE('',*,*,#4080,.T.);
#5804=ORIENTED_EDGE('',*,*,#4085,.F.);
#5805=ORIENTED_EDGE('',*,*,#4086,.F.);
#5806=ORIENTED_EDGE('',*,*,#4087,.T.);
#5807=ORIENTED_EDGE('',*,*,#4088,.T.);
#5808=ORIENTED_EDGE('',*,*,#4089,.F.);
#5809=ORIENTED_EDGE('',*,*,#4090,.F.);
#5810=ORIENTED_EDGE('',*,*,#4091,.T.);
#5811=ORIENTED_EDGE('',*,*,#4092,.T.);
#5812=ORIENTED_EDGE('',*,*,#4087,.F.);
#5813=ORIENTED_EDGE('',*,*,#4093,.F.);
#5814=ORIENTED_EDGE('',*,*,#4094,.T.);
#5815=ORIENTED_EDGE('',*,*,#4095,.T.);
#5816=ORIENTED_EDGE('',*,*,#4091,.F.);
#5817=ORIENTED_EDGE('',*,*,#4096,.F.);
#5818=ORIENTED_EDGE('',*,*,#4089,.T.);
#5819=ORIENTED_EDGE('',*,*,#4097,.T.);
#5820=ORIENTED_EDGE('',*,*,#4094,.F.);
#5821=ORIENTED_EDGE('',*,*,#4097,.F.);
#5822=ORIENTED_EDGE('',*,*,#4088,.F.);
#5823=ORIENTED_EDGE('',*,*,#4092,.F.);
#5824=ORIENTED_EDGE('',*,*,#4095,.F.);
#5825=ORIENTED_EDGE('',*,*,#4098,.F.);
#5826=ORIENTED_EDGE('',*,*,#4099,.F.);
#5827=ORIENTED_EDGE('',*,*,#4072,.F.);
#5828=ORIENTED_EDGE('',*,*,#4069,.F.);
#5829=ORIENTED_EDGE('',*,*,#4066,.F.);
#5830=ORIENTED_EDGE('',*,*,#4063,.F.);
#5831=ORIENTED_EDGE('',*,*,#4100,.F.);
#5832=ORIENTED_EDGE('',*,*,#4101,.T.);
#5833=ORIENTED_EDGE('',*,*,#4085,.T.);
#5834=ORIENTED_EDGE('',*,*,#4082,.T.);
#5835=ORIENTED_EDGE('',*,*,#4079,.T.);
#5836=ORIENTED_EDGE('',*,*,#4076,.T.);
#5837=ORIENTED_EDGE('',*,*,#4083,.T.);
#5838=ORIENTED_EDGE('',*,*,#4101,.F.);
#5839=ORIENTED_EDGE('',*,*,#4102,.F.);
#5840=ORIENTED_EDGE('',*,*,#4103,.T.);
#5841=ORIENTED_EDGE('',*,*,#4104,.F.);
#5842=ORIENTED_EDGE('',*,*,#4074,.F.);
#5843=ORIENTED_EDGE('',*,*,#4078,.F.);
#5844=ORIENTED_EDGE('',*,*,#4081,.F.);
#5845=ORIENTED_EDGE('',*,*,#4084,.F.);
#5846=ORIENTED_EDGE('',*,*,#4103,.F.);
#5847=ORIENTED_EDGE('',*,*,#4105,.F.);
#5848=ORIENTED_EDGE('',*,*,#4061,.F.);
#5849=ORIENTED_EDGE('',*,*,#4065,.F.);
#5850=ORIENTED_EDGE('',*,*,#4068,.F.);
#5851=ORIENTED_EDGE('',*,*,#4071,.F.);
#5852=ORIENTED_EDGE('',*,*,#4106,.F.);
#5853=ORIENTED_EDGE('',*,*,#4070,.T.);
#5854=ORIENTED_EDGE('',*,*,#4099,.T.);
#5855=ORIENTED_EDGE('',*,*,#4107,.F.);
#5856=ORIENTED_EDGE('',*,*,#4106,.T.);
#5857=ORIENTED_EDGE('',*,*,#4104,.T.);
#5858=ORIENTED_EDGE('',*,*,#4107,.T.);
#5859=ORIENTED_EDGE('',*,*,#4098,.T.);
#5860=ORIENTED_EDGE('',*,*,#4075,.T.);
#5861=ORIENTED_EDGE('',*,*,#4108,.F.);
#5862=ORIENTED_EDGE('',*,*,#4109,.T.);
#5863=ORIENTED_EDGE('',*,*,#4110,.T.);
#5864=ORIENTED_EDGE('',*,*,#4109,.F.);
#5865=ORIENTED_EDGE('',*,*,#4108,.T.);
#5866=ORIENTED_EDGE('',*,*,#4062,.T.);
#5867=ORIENTED_EDGE('',*,*,#4105,.T.);
#5868=ORIENTED_EDGE('',*,*,#4102,.T.);
#5869=ORIENTED_EDGE('',*,*,#4100,.T.);
#5870=ORIENTED_EDGE('',*,*,#4110,.F.);
#5871=ORIENTED_EDGE('',*,*,#4086,.T.);
#5872=ORIENTED_EDGE('',*,*,#4096,.T.);
#5873=ORIENTED_EDGE('',*,*,#4093,.T.);
#5874=ORIENTED_EDGE('',*,*,#4090,.T.);
#5875=CYLINDRICAL_SURFACE('',#6379,2.5175);
#5876=CYLINDRICAL_SURFACE('',#6381,2.5175);
#5877=CYLINDRICAL_SURFACE('',#6382,2.5175);
#5878=CYLINDRICAL_SURFACE('',#6383,2.5175);
#5879=CYLINDRICAL_SURFACE('',#6385,2.5175);
#5880=CYLINDRICAL_SURFACE('',#6387,2.5175);
#5881=CYLINDRICAL_SURFACE('',#6388,2.5175);
#5882=CYLINDRICAL_SURFACE('',#6389,2.5175);
#5883=CYLINDRICAL_SURFACE('',#6391,2.5175);
#5884=CYLINDRICAL_SURFACE('',#6393,2.5175);
#5885=CYLINDRICAL_SURFACE('',#6394,2.5175);
#5886=CYLINDRICAL_SURFACE('',#6395,2.5175);
#5887=CYLINDRICAL_SURFACE('',#6397,3.0735);
#5888=CYLINDRICAL_SURFACE('',#6399,3.0735);
#5889=CYLINDRICAL_SURFACE('',#6400,3.0735);
#5890=CYLINDRICAL_SURFACE('',#6401,3.0735);
#5891=CYLINDRICAL_SURFACE('',#6403,3.07349999999996);
#5892=CYLINDRICAL_SURFACE('',#6405,3.07349999999996);
#5893=CYLINDRICAL_SURFACE('',#6406,3.07349999999996);
#5894=CYLINDRICAL_SURFACE('',#6407,3.07349999999996);
#5895=CYLINDRICAL_SURFACE('',#6409,3.07349999999996);
#5896=CYLINDRICAL_SURFACE('',#6411,3.07349999999996);
#5897=CYLINDRICAL_SURFACE('',#6412,3.07349999999996);
#5898=CYLINDRICAL_SURFACE('',#6413,3.07349999999996);
#5899=CYLINDRICAL_SURFACE('',#6415,3.07349999999996);
#5900=CYLINDRICAL_SURFACE('',#6416,3.07349999999996);
#5901=CYLINDRICAL_SURFACE('',#6417,3.0735);
#5902=CYLINDRICAL_SURFACE('',#6418,2.5175);
#5903=CYLINDRICAL_SURFACE('',#6420,2.5175);
#5904=CYLINDRICAL_SURFACE('',#6422,2.5175);
#5905=CYLINDRICAL_SURFACE('',#6451,1.5);
#5906=CYLINDRICAL_SURFACE('',#6454,1.5);
#5907=CYLINDRICAL_SURFACE('',#6461,1.5);
#5908=CYLINDRICAL_SURFACE('',#6464,1.5);
#5909=CYLINDRICAL_SURFACE('',#6471,1.5);
#5910=CYLINDRICAL_SURFACE('',#6474,1.5);
#5911=CYLINDRICAL_SURFACE('',#6479,1.5);
#5912=CYLINDRICAL_SURFACE('',#6482,1.5);
#5913=CYLINDRICAL_SURFACE('',#6489,1.99999999999999);
#5914=CYLINDRICAL_SURFACE('',#6492,1.75000000000001);
#5915=CYLINDRICAL_SURFACE('',#6505,1.75000000000001);
#5916=CYLINDRICAL_SURFACE('',#6508,1.99999999999999);
#5917=CYLINDRICAL_SURFACE('',#6511,1.75000000000001);
#5918=CYLINDRICAL_SURFACE('',#6514,1.74999999999997);
#5919=CYLINDRICAL_SURFACE('',#6535,0.999999999999996);
#5920=CYLINDRICAL_SURFACE('',#6538,0.999999999999996);
#5921=CYLINDRICAL_SURFACE('',#6541,0.999999999999996);
#5922=CYLINDRICAL_SURFACE('',#6544,0.999999999999996);
#5923=CYLINDRICAL_SURFACE('',#6547,0.999999999999996);
#5924=CYLINDRICAL_SURFACE('',#6550,0.999999999999996);
#5925=CYLINDRICAL_SURFACE('',#6553,0.999999999999996);
#5926=CYLINDRICAL_SURFACE('',#6556,0.999999999999996);
#5927=CYLINDRICAL_SURFACE('',#6559,0.999999999999996);
#5928=CYLINDRICAL_SURFACE('',#6562,0.999999999999996);
#5929=CYLINDRICAL_SURFACE('',#6565,0.999999999999996);
#5930=CYLINDRICAL_SURFACE('',#6568,0.999999999999996);
#5931=CYLINDRICAL_SURFACE('',#6571,1.00000000000001);
#5932=CYLINDRICAL_SURFACE('',#6574,1.00000000000001);
#5933=CYLINDRICAL_SURFACE('',#6577,1.00000000000001);
#5934=CYLINDRICAL_SURFACE('',#6580,1.00000000000001);
#5935=CYLINDRICAL_SURFACE('',#6583,1.00000000000001);
#5936=CYLINDRICAL_SURFACE('',#6586,1.00000000000001);
#5937=CYLINDRICAL_SURFACE('',#6589,1.00000000000001);
#5938=CYLINDRICAL_SURFACE('',#6592,1.00000000000001);
#5939=CYLINDRICAL_SURFACE('',#6595,1.00000000000001);
#5940=CYLINDRICAL_SURFACE('',#6598,1.00000000000001);
#5941=CYLINDRICAL_SURFACE('',#6601,1.00000000000001);
#5942=CYLINDRICAL_SURFACE('',#6604,1.00000000000001);
#5943=CYLINDRICAL_SURFACE('',#6607,1.00000000000001);
#5944=CYLINDRICAL_SURFACE('',#6610,1.00000000000001);
#5945=CYLINDRICAL_SURFACE('',#6613,1.00000000000001);
#5946=CYLINDRICAL_SURFACE('',#6616,1.00000000000001);
#5947=CYLINDRICAL_SURFACE('',#6619,1.00000000000001);
#5948=CYLINDRICAL_SURFACE('',#6622,1.00000000000001);
#5949=CYLINDRICAL_SURFACE('',#6625,1.00000000000001);
#5950=CYLINDRICAL_SURFACE('',#6628,1.00000000000001);
#5951=CYLINDRICAL_SURFACE('',#6631,1.00000000000001);
#5952=CYLINDRICAL_SURFACE('',#6634,1.00000000000001);
#5953=CYLINDRICAL_SURFACE('',#6637,1.00000000000001);
#5954=CYLINDRICAL_SURFACE('',#6640,1.00000000000001);
#5955=CYLINDRICAL_SURFACE('',#6643,1.00000000000001);
#5956=CYLINDRICAL_SURFACE('',#6646,0.999999999999996);
#5957=CYLINDRICAL_SURFACE('',#6649,0.999999999999996);
#5958=CYLINDRICAL_SURFACE('',#6652,0.999999999999996);
#5959=CYLINDRICAL_SURFACE('',#6655,0.999999999999996);
#5960=CYLINDRICAL_SURFACE('',#6658,0.999999999999996);
#5961=CYLINDRICAL_SURFACE('',#6661,0.999999999999996);
#5962=CYLINDRICAL_SURFACE('',#6664,0.999999999999996);
#5963=CYLINDRICAL_SURFACE('',#6667,0.999999999999996);
#5964=CYLINDRICAL_SURFACE('',#6670,0.999999999999996);
#5965=CYLINDRICAL_SURFACE('',#6673,0.999999999999996);
#5966=CYLINDRICAL_SURFACE('',#6676,0.999999999999996);
#5967=CYLINDRICAL_SURFACE('',#6679,0.999999999999996);
#5968=CYLINDRICAL_SURFACE('',#6682,0.999999999999996);
#5969=CYLINDRICAL_SURFACE('',#6685,0.999999999999996);
#5970=CYLINDRICAL_SURFACE('',#6688,0.999999999999996);
#5971=CYLINDRICAL_SURFACE('',#6691,0.999999999999996);
#5972=CYLINDRICAL_SURFACE('',#6694,0.999999999999996);
#5973=CYLINDRICAL_SURFACE('',#6697,0.999999999999996);
#5974=CYLINDRICAL_SURFACE('',#6700,0.999999999999996);
#5975=CYLINDRICAL_SURFACE('',#6703,0.999999999999996);
#5976=CYLINDRICAL_SURFACE('',#6706,0.999999999999996);
#5977=CYLINDRICAL_SURFACE('',#6709,0.999999999999996);
#5978=CYLINDRICAL_SURFACE('',#6712,0.999999999999996);
#5979=CYLINDRICAL_SURFACE('',#6715,0.999999999999996);
#5980=CYLINDRICAL_SURFACE('',#6718,0.999999999999996);
#5981=CYLINDRICAL_SURFACE('',#6721,1.00000000000001);
#5982=CYLINDRICAL_SURFACE('',#6724,1.00000000000001);
#5983=CYLINDRICAL_SURFACE('',#6727,1.00000000000001);
#5984=CYLINDRICAL_SURFACE('',#6730,1.00000000000001);
#5985=CYLINDRICAL_SURFACE('',#6733,1.00000000000001);
#5986=CYLINDRICAL_SURFACE('',#6736,1.00000000000001);
#5987=CYLINDRICAL_SURFACE('',#6739,1.00000000000001);
#5988=CYLINDRICAL_SURFACE('',#6742,1.00000000000001);
#5989=CYLINDRICAL_SURFACE('',#6745,1.00000000000001);
#5990=CYLINDRICAL_SURFACE('',#6748,1.00000000000001);
#5991=CYLINDRICAL_SURFACE('',#6751,1.00000000000001);
#5992=CYLINDRICAL_SURFACE('',#6754,1.00000000000001);
#5993=CYLINDRICAL_SURFACE('',#6757,1.00000000000001);
#5994=CYLINDRICAL_SURFACE('',#6760,1.00000000000001);
#5995=CYLINDRICAL_SURFACE('',#6763,1.00000000000001);
#5996=CYLINDRICAL_SURFACE('',#6766,1.00000000000001);
#5997=CYLINDRICAL_SURFACE('',#6769,1.00000000000001);
#5998=CYLINDRICAL_SURFACE('',#6772,1.00000000000001);
#5999=CYLINDRICAL_SURFACE('',#6775,1.00000000000001);
#6000=CYLINDRICAL_SURFACE('',#6778,1.00000000000001);
#6001=CYLINDRICAL_SURFACE('',#6781,1.00000000000001);
#6002=CYLINDRICAL_SURFACE('',#6784,1.00000000000001);
#6003=CYLINDRICAL_SURFACE('',#6787,1.00000000000001);
#6004=CYLINDRICAL_SURFACE('',#6790,1.00000000000001);
#6005=CYLINDRICAL_SURFACE('',#6793,1.00000000000001);
#6006=CYLINDRICAL_SURFACE('',#6796,0.999999999999996);
#6007=CYLINDRICAL_SURFACE('',#6799,0.999999999999996);
#6008=CYLINDRICAL_SURFACE('',#6802,0.999999999999996);
#6009=CYLINDRICAL_SURFACE('',#6805,0.999999999999996);
#6010=CYLINDRICAL_SURFACE('',#6808,0.999999999999996);
#6011=CYLINDRICAL_SURFACE('',#6811,0.999999999999996);
#6012=CYLINDRICAL_SURFACE('',#6814,0.999999999999996);
#6013=CYLINDRICAL_SURFACE('',#6817,0.999999999999996);
#6014=CYLINDRICAL_SURFACE('',#6820,0.999999999999996);
#6015=CYLINDRICAL_SURFACE('',#6823,0.999999999999996);
#6016=CYLINDRICAL_SURFACE('',#6826,0.999999999999996);
#6017=CYLINDRICAL_SURFACE('',#6829,0.999999999999996);
#6018=CYLINDRICAL_SURFACE('',#6832,0.999999999999996);
#6019=CYLINDRICAL_SURFACE('',#6839,2.);
#6020=CYLINDRICAL_SURFACE('',#6846,2.);
#6021=CYLINDRICAL_SURFACE('',#6854,2.);
#6022=CYLINDRICAL_SURFACE('',#6863,2.);
#6023=CYLINDRICAL_SURFACE('',#6870,2.);
#6024=CYLINDRICAL_SURFACE('',#6880,5.);
#6025=CYLINDRICAL_SURFACE('',#6885,5.);
#6026=CYLINDRICAL_SURFACE('',#6890,5.);
#6027=CYLINDRICAL_SURFACE('',#6893,5.);
#6028=CYLINDRICAL_SURFACE('',#6917,3.50000000000001);
#6029=CYLINDRICAL_SURFACE('',#6924,3.5);
#6030=CYLINDRICAL_SURFACE('',#6930,3.50000000000001);
#6031=CYLINDRICAL_SURFACE('',#6933,2.942);
#6032=CYLINDRICAL_SURFACE('',#6935,2.942);
#6033=CYLINDRICAL_SURFACE('',#6936,2.942);
#6034=CYLINDRICAL_SURFACE('',#6937,2.942);
#6035=CYLINDRICAL_SURFACE('',#6938,2.37175000000001);
#6036=CYLINDRICAL_SURFACE('',#6940,2.37175000000001);
#6037=CYLINDRICAL_SURFACE('',#6941,2.37175000000001);
#6038=CYLINDRICAL_SURFACE('',#6942,2.37175000000001);
#6039=CYLINDRICAL_SURFACE('',#6948,2.37175000000001);
#6040=CYLINDRICAL_SURFACE('',#6950,2.942);
#6041=CYLINDRICAL_SURFACE('',#6953,3.99999999999999);
#6042=ADVANCED_FACE('',(#428),#5875,.F.);
#6043=ADVANCED_FACE('',(#429),#5876,.F.);
#6044=ADVANCED_FACE('',(#430),#5877,.F.);
#6045=ADVANCED_FACE('',(#431),#5878,.F.);
#6046=ADVANCED_FACE('',(#432),#5879,.F.);
#6047=ADVANCED_FACE('',(#433),#5880,.F.);
#6048=ADVANCED_FACE('',(#434),#5881,.F.);
#6049=ADVANCED_FACE('',(#435),#5882,.F.);
#6050=ADVANCED_FACE('',(#436),#5883,.F.);
#6051=ADVANCED_FACE('',(#437),#5884,.F.);
#6052=ADVANCED_FACE('',(#438),#5885,.F.);
#6053=ADVANCED_FACE('',(#439),#5886,.F.);
#6054=ADVANCED_FACE('',(#440),#5887,.F.);
#6055=ADVANCED_FACE('',(#441),#5888,.F.);
#6056=ADVANCED_FACE('',(#442),#5889,.F.);
#6057=ADVANCED_FACE('',(#443),#5890,.F.);
#6058=ADVANCED_FACE('',(#444),#5891,.F.);
#6059=ADVANCED_FACE('',(#445),#5892,.F.);
#6060=ADVANCED_FACE('',(#446),#5893,.F.);
#6061=ADVANCED_FACE('',(#447),#5894,.F.);
#6062=ADVANCED_FACE('',(#448),#5895,.F.);
#6063=ADVANCED_FACE('',(#449),#5896,.F.);
#6064=ADVANCED_FACE('',(#450),#5897,.F.);
#6065=ADVANCED_FACE('',(#451),#5898,.F.);
#6066=ADVANCED_FACE('',(#452),#5899,.F.);
#6067=ADVANCED_FACE('',(#453),#409,.F.);
#6068=ADVANCED_FACE('',(#454),#410,.F.);
#6069=ADVANCED_FACE('',(#455),#5900,.F.);
#6070=ADVANCED_FACE('',(#456),#411,.F.);
#6071=ADVANCED_FACE('',(#457),#412,.F.);
#6072=ADVANCED_FACE('',(#458),#5901,.F.);
#6073=ADVANCED_FACE('',(#459),#413,.F.);
#6074=ADVANCED_FACE('',(#460),#414,.F.);
#6075=ADVANCED_FACE('',(#461),#5902,.F.);
#6076=ADVANCED_FACE('',(#462),#291,.T.);
#6077=ADVANCED_FACE('',(#463),#5903,.F.);
#6078=ADVANCED_FACE('',(#464),#292,.T.);
#6079=ADVANCED_FACE('',(#465),#5904,.F.);
#6080=ADVANCED_FACE('',(#466),#293,.T.);
#6081=ADVANCED_FACE('',(#467),#294,.F.);
#6082=ADVANCED_FACE('',(#468),#295,.F.);
#6083=ADVANCED_FACE('',(#469),#296,.F.);
#6084=ADVANCED_FACE('',(#470),#297,.F.);
#6085=ADVANCED_FACE('',(#471),#298,.F.);
#6086=ADVANCED_FACE('',(#472),#299,.F.);
#6087=ADVANCED_FACE('',(#473),#300,.F.);
#6088=ADVANCED_FACE('',(#474),#301,.F.);
#6089=ADVANCED_FACE('',(#475),#302,.F.);
#6090=ADVANCED_FACE('',(#476),#303,.F.);
#6091=ADVANCED_FACE('',(#477),#304,.F.);
#6092=ADVANCED_FACE('',(#478),#305,.F.);
#6093=ADVANCED_FACE('',(#479),#306,.F.);
#6094=ADVANCED_FACE('',(#480),#307,.F.);
#6095=ADVANCED_FACE('',(#481),#308,.F.);
#6096=ADVANCED_FACE('',(#482),#309,.F.);
#6097=ADVANCED_FACE('',(#483),#310,.F.);
#6098=ADVANCED_FACE('',(#484),#311,.F.);
#6099=ADVANCED_FACE('',(#485),#312,.F.);
#6100=ADVANCED_FACE('',(#486),#313,.F.);
#6101=ADVANCED_FACE('',(#487),#314,.T.);
#6102=ADVANCED_FACE('',(#488),#315,.T.);
#6103=ADVANCED_FACE('',(#489),#316,.T.);
#6104=ADVANCED_FACE('',(#490),#317,.T.);
#6105=ADVANCED_FACE('',(#491),#318,.T.);
#6106=ADVANCED_FACE('',(#492),#319,.T.);
#6107=ADVANCED_FACE('',(#493),#320,.T.);
#6108=ADVANCED_FACE('',(#494),#5905,.F.);
#6109=ADVANCED_FACE('',(#495),#5906,.F.);
#6110=ADVANCED_FACE('',(#496,#45,#46),#321,.T.);
#6111=ADVANCED_FACE('',(#497),#322,.T.);
#6112=ADVANCED_FACE('',(#498),#323,.T.);
#6113=ADVANCED_FACE('',(#499),#324,.T.);
#6114=ADVANCED_FACE('',(#500),#5907,.F.);
#6115=ADVANCED_FACE('',(#501),#5908,.F.);
#6116=ADVANCED_FACE('',(#502,#47,#48),#325,.T.);
#6117=ADVANCED_FACE('',(#503),#326,.T.);
#6118=ADVANCED_FACE('',(#504),#327,.T.);
#6119=ADVANCED_FACE('',(#505),#328,.T.);
#6120=ADVANCED_FACE('',(#506),#5909,.F.);
#6121=ADVANCED_FACE('',(#507),#5910,.F.);
#6122=ADVANCED_FACE('',(#508,#49,#50),#329,.T.);
#6123=ADVANCED_FACE('',(#509),#330,.T.);
#6124=ADVANCED_FACE('',(#510),#5911,.F.);
#6125=ADVANCED_FACE('',(#511),#5912,.F.);
#6126=ADVANCED_FACE('',(#512,#51,#52),#331,.T.);
#6127=ADVANCED_FACE('',(#513),#332,.T.);
#6128=ADVANCED_FACE('',(#514),#333,.T.);
#6129=ADVANCED_FACE('',(#515),#334,.T.);
#6130=ADVANCED_FACE('',(#516),#5913,.F.);
#6131=ADVANCED_FACE('',(#517),#5914,.F.);
#6132=ADVANCED_FACE('',(#518),#335,.T.);
#6133=ADVANCED_FACE('',(#519),#336,.T.);
#6134=ADVANCED_FACE('',(#520),#337,.T.);
#6135=ADVANCED_FACE('',(#521),#338,.T.);
#6136=ADVANCED_FACE('',(#522),#339,.T.);
#6137=ADVANCED_FACE('',(#523),#340,.T.);
#6138=ADVANCED_FACE('',(#524),#341,.T.);
#6139=ADVANCED_FACE('',(#525),#342,.T.);
#6140=ADVANCED_FACE('',(#526),#343,.T.);
#6141=ADVANCED_FACE('',(#527),#344,.T.);
#6142=ADVANCED_FACE('',(#528),#5915,.F.);
#6143=ADVANCED_FACE('',(#529),#5916,.F.);
#6144=ADVANCED_FACE('',(#530),#5917,.F.);
#6145=ADVANCED_FACE('',(#531),#5918,.F.);
#6146=ADVANCED_FACE('',(#532),#345,.T.);
#6147=ADVANCED_FACE('',(#533,#53,#54,#55,#56,#57,#58,#59),#346,.T.);
#6148=ADVANCED_FACE('',(#534),#347,.T.);
#6149=ADVANCED_FACE('',(#535,#60,#61,#62,#63,#64,#65,#66,#67,#68,#69,#70,
#71,#72,#73,#74,#75,#76,#77,#78,#79,#80),#348,.F.);
#6150=ADVANCED_FACE('',(#536),#349,.T.);
#6151=ADVANCED_FACE('',(#537),#350,.T.);
#6152=ADVANCED_FACE('',(#538),#351,.T.);
#6153=ADVANCED_FACE('',(#539),#352,.T.);
#6154=ADVANCED_FACE('',(#540,#81),#353,.F.);
#6155=ADVANCED_FACE('',(#541),#354,.T.);
#6156=ADVANCED_FACE('',(#542),#355,.T.);
#6157=ADVANCED_FACE('',(#543),#356,.T.);
#6158=ADVANCED_FACE('',(#544),#357,.T.);
#6159=ADVANCED_FACE('',(#545),#358,.T.);
#6160=ADVANCED_FACE('',(#546),#359,.T.);
#6161=ADVANCED_FACE('',(#547),#360,.T.);
#6162=ADVANCED_FACE('',(#548),#361,.T.);
#6163=ADVANCED_FACE('',(#549,#82),#362,.T.);
#6164=ADVANCED_FACE('',(#550),#5919,.F.);
#6165=ADVANCED_FACE('',(#551),#5920,.F.);
#6166=ADVANCED_FACE('',(#552),#5921,.F.);
#6167=ADVANCED_FACE('',(#553),#5922,.F.);
#6168=ADVANCED_FACE('',(#554),#5923,.F.);
#6169=ADVANCED_FACE('',(#555),#5924,.F.);
#6170=ADVANCED_FACE('',(#556),#5925,.F.);
#6171=ADVANCED_FACE('',(#557),#5926,.F.);
#6172=ADVANCED_FACE('',(#558),#5927,.F.);
#6173=ADVANCED_FACE('',(#559),#5928,.F.);
#6174=ADVANCED_FACE('',(#560),#5929,.F.);
#6175=ADVANCED_FACE('',(#561),#5930,.F.);
#6176=ADVANCED_FACE('',(#562),#5931,.F.);
#6177=ADVANCED_FACE('',(#563),#5932,.F.);
#6178=ADVANCED_FACE('',(#564),#5933,.F.);
#6179=ADVANCED_FACE('',(#565),#5934,.F.);
#6180=ADVANCED_FACE('',(#566),#5935,.F.);
#6181=ADVANCED_FACE('',(#567),#5936,.F.);
#6182=ADVANCED_FACE('',(#568),#5937,.F.);
#6183=ADVANCED_FACE('',(#569),#5938,.F.);
#6184=ADVANCED_FACE('',(#570),#5939,.F.);
#6185=ADVANCED_FACE('',(#571),#5940,.F.);
#6186=ADVANCED_FACE('',(#572),#5941,.F.);
#6187=ADVANCED_FACE('',(#573),#5942,.F.);
#6188=ADVANCED_FACE('',(#574),#5943,.F.);
#6189=ADVANCED_FACE('',(#575),#5944,.F.);
#6190=ADVANCED_FACE('',(#576),#5945,.F.);
#6191=ADVANCED_FACE('',(#577),#5946,.F.);
#6192=ADVANCED_FACE('',(#578),#5947,.F.);
#6193=ADVANCED_FACE('',(#579),#5948,.F.);
#6194=ADVANCED_FACE('',(#580),#5949,.F.);
#6195=ADVANCED_FACE('',(#581),#5950,.F.);
#6196=ADVANCED_FACE('',(#582),#5951,.F.);
#6197=ADVANCED_FACE('',(#583),#5952,.F.);
#6198=ADVANCED_FACE('',(#584),#5953,.F.);
#6199=ADVANCED_FACE('',(#585),#5954,.F.);
#6200=ADVANCED_FACE('',(#586),#5955,.F.);
#6201=ADVANCED_FACE('',(#587),#5956,.F.);
#6202=ADVANCED_FACE('',(#588),#5957,.F.);
#6203=ADVANCED_FACE('',(#589),#5958,.F.);
#6204=ADVANCED_FACE('',(#590),#5959,.F.);
#6205=ADVANCED_FACE('',(#591),#5960,.F.);
#6206=ADVANCED_FACE('',(#592),#5961,.F.);
#6207=ADVANCED_FACE('',(#593),#5962,.F.);
#6208=ADVANCED_FACE('',(#594),#5963,.F.);
#6209=ADVANCED_FACE('',(#595),#5964,.F.);
#6210=ADVANCED_FACE('',(#596),#5965,.F.);
#6211=ADVANCED_FACE('',(#597),#5966,.F.);
#6212=ADVANCED_FACE('',(#598),#5967,.F.);
#6213=ADVANCED_FACE('',(#599),#5968,.F.);
#6214=ADVANCED_FACE('',(#600),#5969,.F.);
#6215=ADVANCED_FACE('',(#601),#5970,.F.);
#6216=ADVANCED_FACE('',(#602),#5971,.F.);
#6217=ADVANCED_FACE('',(#603),#5972,.F.);
#6218=ADVANCED_FACE('',(#604),#5973,.F.);
#6219=ADVANCED_FACE('',(#605),#5974,.F.);
#6220=ADVANCED_FACE('',(#606),#5975,.F.);
#6221=ADVANCED_FACE('',(#607),#5976,.F.);
#6222=ADVANCED_FACE('',(#608),#5977,.F.);
#6223=ADVANCED_FACE('',(#609),#5978,.F.);
#6224=ADVANCED_FACE('',(#610),#5979,.F.);
#6225=ADVANCED_FACE('',(#611),#5980,.F.);
#6226=ADVANCED_FACE('',(#612),#5981,.F.);
#6227=ADVANCED_FACE('',(#613),#5982,.F.);
#6228=ADVANCED_FACE('',(#614),#5983,.F.);
#6229=ADVANCED_FACE('',(#615),#5984,.F.);
#6230=ADVANCED_FACE('',(#616),#5985,.F.);
#6231=ADVANCED_FACE('',(#617),#5986,.F.);
#6232=ADVANCED_FACE('',(#618),#5987,.F.);
#6233=ADVANCED_FACE('',(#619),#5988,.F.);
#6234=ADVANCED_FACE('',(#620),#5989,.F.);
#6235=ADVANCED_FACE('',(#621),#5990,.F.);
#6236=ADVANCED_FACE('',(#622),#5991,.F.);
#6237=ADVANCED_FACE('',(#623),#5992,.F.);
#6238=ADVANCED_FACE('',(#624),#5993,.F.);
#6239=ADVANCED_FACE('',(#625),#5994,.F.);
#6240=ADVANCED_FACE('',(#626),#5995,.F.);
#6241=ADVANCED_FACE('',(#627),#5996,.F.);
#6242=ADVANCED_FACE('',(#628),#5997,.F.);
#6243=ADVANCED_FACE('',(#629),#5998,.F.);
#6244=ADVANCED_FACE('',(#630),#5999,.F.);
#6245=ADVANCED_FACE('',(#631),#6000,.F.);
#6246=ADVANCED_FACE('',(#632),#6001,.F.);
#6247=ADVANCED_FACE('',(#633),#6002,.F.);
#6248=ADVANCED_FACE('',(#634),#6003,.F.);
#6249=ADVANCED_FACE('',(#635),#6004,.F.);
#6250=ADVANCED_FACE('',(#636),#6005,.F.);
#6251=ADVANCED_FACE('',(#637),#6006,.F.);
#6252=ADVANCED_FACE('',(#638),#6007,.F.);
#6253=ADVANCED_FACE('',(#639),#6008,.F.);
#6254=ADVANCED_FACE('',(#640),#6009,.F.);
#6255=ADVANCED_FACE('',(#641),#6010,.F.);
#6256=ADVANCED_FACE('',(#642),#6011,.F.);
#6257=ADVANCED_FACE('',(#643),#6012,.F.);
#6258=ADVANCED_FACE('',(#644),#6013,.F.);
#6259=ADVANCED_FACE('',(#645),#6014,.F.);
#6260=ADVANCED_FACE('',(#646),#6015,.F.);
#6261=ADVANCED_FACE('',(#647),#6016,.F.);
#6262=ADVANCED_FACE('',(#648),#6017,.F.);
#6263=ADVANCED_FACE('',(#649),#6018,.F.);
#6264=ADVANCED_FACE('',(#650),#415,.F.);
#6265=ADVANCED_FACE('',(#651),#416,.F.);
#6266=ADVANCED_FACE('',(#652),#417,.F.);
#6267=ADVANCED_FACE('',(#653),#6019,.T.);
#6268=ADVANCED_FACE('',(#654),#35,.T.);
#6269=ADVANCED_FACE('',(#655),#6020,.T.);
#6270=ADVANCED_FACE('',(#656),#29,.T.);
#6271=ADVANCED_FACE('',(#657),#418,.F.);
#6272=ADVANCED_FACE('',(#658),#30,.T.);
#6273=ADVANCED_FACE('',(#659),#6021,.T.);
#6274=ADVANCED_FACE('',(#660),#31,.T.);
#6275=ADVANCED_FACE('',(#661),#419,.F.);
#6276=ADVANCED_FACE('',(#662),#32,.T.);
#6277=ADVANCED_FACE('',(#663),#6022,.T.);
#6278=ADVANCED_FACE('',(#664),#36,.T.);
#6279=ADVANCED_FACE('',(#665),#6023,.T.);
#6280=ADVANCED_FACE('',(#666),#33,.T.);
#6281=ADVANCED_FACE('',(#667),#34,.T.);
#6282=ADVANCED_FACE('',(#668),#363,.T.);
#6283=ADVANCED_FACE('',(#669),#420,.F.);
#6284=ADVANCED_FACE('',(#670),#21,.T.);
#6285=ADVANCED_FACE('',(#671),#421,.F.);
#6286=ADVANCED_FACE('',(#672),#364,.T.);
#6287=ADVANCED_FACE('',(#673),#422,.F.);
#6288=ADVANCED_FACE('',(#674),#22,.T.);
#6289=ADVANCED_FACE('',(#675),#423,.F.);
#6290=ADVANCED_FACE('',(#676),#365,.T.);
#6291=ADVANCED_FACE('',(#677,#83,#84,#85,#86,#87,#88,#89,#90,#91,#92,#93,
#94,#95,#96,#97,#98,#99,#100,#101,#102,#103,#104,#105,#106,#107,#108,#109,
#110,#111,#112,#113,#114,#115,#116,#117,#118,#119,#120,#121,#122,#123,#124,
#125,#126,#127,#128,#129,#130,#131,#132,#133,#134,#135,#136,#137,#138,#139,
#140,#141,#142,#143,#144,#145,#146,#147,#148,#149,#150,#151,#152,#153,#154,
#155,#156,#157,#158,#159,#160,#161,#162,#163,#164,#165,#166,#167,#168,#169,
#170,#171,#172,#173,#174,#175,#176,#177,#178,#179,#180,#181,#182),#366,
 .T.);
#6292=ADVANCED_FACE('',(#678),#6024,.T.);
#6293=ADVANCED_FACE('',(#679,#183),#367,.T.);
#6294=ADVANCED_FACE('',(#680),#6025,.T.);
#6295=ADVANCED_FACE('',(#681,#184),#368,.T.);
#6296=ADVANCED_FACE('',(#682),#6026,.T.);
#6297=ADVANCED_FACE('',(#683),#369,.T.);
#6298=ADVANCED_FACE('',(#684),#6027,.T.);
#6299=ADVANCED_FACE('',(#685),#424,.F.);
#6300=ADVANCED_FACE('',(#686),#23,.T.);
#6301=ADVANCED_FACE('',(#687),#425,.F.);
#6302=ADVANCED_FACE('',(#688,#185,#186,#187,#188,#189,#190,#191,#192,#193,
#194,#195,#196,#197,#198,#199,#200,#201,#202,#203,#204,#205,#206,#207,#208,
#209,#210,#211,#212,#213,#214,#215,#216,#217,#218,#219,#220,#221,#222,#223,
#224,#225,#226,#227,#228,#229,#230,#231,#232,#233,#234,#235,#236,#237,#238,
#239,#240,#241,#242,#243,#244,#245,#246,#247,#248,#249,#250,#251,#252,#253,
#254,#255,#256,#257,#258,#259,#260,#261,#262,#263,#264,#265,#266,#267,#268,
#269,#270,#271,#272,#273,#274,#275,#276,#277,#278,#279,#280,#281,#282,#283,
#284),#370,.F.);
#6303=ADVANCED_FACE('',(#689),#24,.T.);
#6304=ADVANCED_FACE('',(#690),#371,.T.);
#6305=ADVANCED_FACE('',(#691),#372,.T.);
#6306=ADVANCED_FACE('',(#692),#25,.T.);
#6307=ADVANCED_FACE('',(#693),#373,.F.);
#6308=ADVANCED_FACE('',(#694),#374,.T.);
#6309=ADVANCED_FACE('',(#695),#375,.F.);
#6310=ADVANCED_FACE('',(#696),#376,.T.);
#6311=ADVANCED_FACE('',(#697),#377,.F.);
#6312=ADVANCED_FACE('',(#698),#378,.T.);
#6313=ADVANCED_FACE('',(#699),#379,.F.);
#6314=ADVANCED_FACE('',(#700),#380,.T.);
#6315=ADVANCED_FACE('',(#701),#381,.F.);
#6316=ADVANCED_FACE('',(#702),#382,.T.);
#6317=ADVANCED_FACE('',(#703),#383,.F.);
#6318=ADVANCED_FACE('',(#704),#384,.T.);
#6319=ADVANCED_FACE('',(#705),#385,.F.);
#6320=ADVANCED_FACE('',(#706),#386,.T.);
#6321=ADVANCED_FACE('',(#707),#387,.F.);
#6322=ADVANCED_FACE('',(#708),#388,.T.);
#6323=ADVANCED_FACE('',(#709),#389,.T.);
#6324=ADVANCED_FACE('',(#710),#390,.T.);
#6325=ADVANCED_FACE('',(#711),#26,.T.);
#6326=ADVANCED_FACE('',(#712),#391,.T.);
#6327=ADVANCED_FACE('',(#713),#6028,.F.);
#6328=ADVANCED_FACE('',(#714,#285),#392,.F.);
#6329=ADVANCED_FACE('',(#715),#393,.F.);
#6330=ADVANCED_FACE('',(#716),#394,.T.);
#6331=ADVANCED_FACE('',(#717),#27,.T.);
#6332=ADVANCED_FACE('',(#718),#28,.T.);
#6333=ADVANCED_FACE('',(#719),#395,.T.);
#6334=ADVANCED_FACE('',(#720),#396,.T.);
#6335=ADVANCED_FACE('',(#721),#6029,.F.);
#6336=ADVANCED_FACE('',(#722,#286),#397,.T.);
#6337=ADVANCED_FACE('',(#723,#287),#398,.F.);
#6338=ADVANCED_FACE('',(#724),#399,.T.);
#6339=ADVANCED_FACE('',(#725),#6030,.F.);
#6340=ADVANCED_FACE('',(#726,#288),#400,.F.);
#6341=ADVANCED_FACE('',(#727),#6031,.T.);
#6342=ADVANCED_FACE('',(#728),#6032,.T.);
#6343=ADVANCED_FACE('',(#729),#6033,.T.);
#6344=ADVANCED_FACE('',(#730),#6034,.T.);
#6345=ADVANCED_FACE('',(#731),#6035,.T.);
#6346=ADVANCED_FACE('',(#732),#6036,.T.);
#6347=ADVANCED_FACE('',(#733),#6037,.T.);
#6348=ADVANCED_FACE('',(#734),#6038,.T.);
#6349=ADVANCED_FACE('',(#735),#401,.F.);
#6350=ADVANCED_FACE('',(#736),#402,.F.);
#6351=ADVANCED_FACE('',(#737),#403,.F.);
#6352=ADVANCED_FACE('',(#738),#404,.F.);
#6353=ADVANCED_FACE('',(#739),#405,.F.);
#6354=ADVANCED_FACE('',(#740),#426,.F.);
#6355=ADVANCED_FACE('',(#741),#6039,.T.);
#6356=ADVANCED_FACE('',(#742),#427,.F.);
#6357=ADVANCED_FACE('',(#743),#6040,.T.);
#6358=ADVANCED_FACE('',(#744),#406,.T.);
#6359=ADVANCED_FACE('',(#745),#6041,.T.);
#6360=ADVANCED_FACE('',(#746,#289),#407,.T.);
#6361=ADVANCED_FACE('',(#747,#290),#408,.F.);
#6362=CLOSED_SHELL('',(#6042,#6043,#6044,#6045,#6046,#6047,#6048,#6049,
#6050,#6051,#6052,#6053,#6054,#6055,#6056,#6057,#6058,#6059,#6060,#6061,
#6062,#6063,#6064,#6065,#6066,#6067,#6068,#6069,#6070,#6071,#6072,#6073,
#6074,#6075,#6076,#6077,#6078,#6079,#6080,#6081,#6082,#6083,#6084,#6085,
#6086,#6087,#6088,#6089,#6090,#6091,#6092,#6093,#6094,#6095,#6096,#6097,
#6098,#6099,#6100,#6101,#6102,#6103,#6104,#6105,#6106,#6107,#6108,#6109,
#6110,#6111,#6112,#6113,#6114,#6115,#6116,#6117,#6118,#6119,#6120,#6121,
#6122,#6123,#6124,#6125,#6126,#6127,#6128,#6129,#6130,#6131,#6132,#6133,
#6134,#6135,#6136,#6137,#6138,#6139,#6140,#6141,#6142,#6143,#6144,#6145,
#6146,#6147,#6148,#6149));
#6363=CLOSED_SHELL('',(#6150,#6151,#6152,#6153,#6154,#6155,#6156,#6157,
#6158,#6159,#6160,#6161,#6162,#6163));
#6364=CLOSED_SHELL('',(#6164,#6165,#6166,#6167,#6168,#6169,#6170,#6171,
#6172,#6173,#6174,#6175,#6176,#6177,#6178,#6179,#6180,#6181,#6182,#6183,
#6184,#6185,#6186,#6187,#6188,#6189,#6190,#6191,#6192,#6193,#6194,#6195,
#6196,#6197,#6198,#6199,#6200,#6201,#6202,#6203,#6204,#6205,#6206,#6207,
#6208,#6209,#6210,#6211,#6212,#6213,#6214,#6215,#6216,#6217,#6218,#6219,
#6220,#6221,#6222,#6223,#6224,#6225,#6226,#6227,#6228,#6229,#6230,#6231,
#6232,#6233,#6234,#6235,#6236,#6237,#6238,#6239,#6240,#6241,#6242,#6243,
#6244,#6245,#6246,#6247,#6248,#6249,#6250,#6251,#6252,#6253,#6254,#6255,
#6256,#6257,#6258,#6259,#6260,#6261,#6262,#6263,#6264,#6265,#6266,#6267,
#6268,#6269,#6270,#6271,#6272,#6273,#6274,#6275,#6276,#6277,#6278,#6279,
#6280,#6281,#6282,#6283,#6284,#6285,#6286,#6287,#6288,#6289,#6290,#6291,
#6292,#6293,#6294,#6295,#6296,#6297,#6298,#6299,#6300,#6301,#6302,#6303,
#6304,#6305,#6306,#6307,#6308,#6309,#6310,#6311,#6312,#6313,#6314,#6315,
#6316,#6317,#6318,#6319,#6320,#6321,#6322,#6323,#6324,#6325,#6326,#6327,
#6328,#6329,#6330,#6331,#6332,#6333,#6334,#6335,#6336,#6337,#6338,#6339,
#6340));
#6365=CLOSED_SHELL('',(#6341,#6342,#6343,#6344,#6345,#6346,#6347,#6348,
#6349,#6350,#6351,#6352,#6353,#6354,#6355,#6356,#6357,#6358,#6359,#6360,
#6361));
#6366=DERIVED_UNIT_ELEMENT(#6368,1.);
#6367=DERIVED_UNIT_ELEMENT(#14951,-3.);
#6368=(
MASS_UNIT()
NAMED_UNIT(*)
SI_UNIT(.KILO.,.GRAM.)
);
#6369=DERIVED_UNIT((#6366,#6367));
#6370=MEASURE_REPRESENTATION_ITEM('density measure',
POSITIVE_RATIO_MEASURE(7850.),#6369);
#6371=PROPERTY_DEFINITION_REPRESENTATION(#6376,#6373);
#6372=PROPERTY_DEFINITION_REPRESENTATION(#6377,#6374);
#6373=REPRESENTATION('material name',(#6375),#14948);
#6374=REPRESENTATION('density',(#6370),#14948);
#6375=DESCRIPTIVE_REPRESENTATION_ITEM('Steel','Steel');
#6376=PROPERTY_DEFINITION('material property','material name',#14958);
#6377=PROPERTY_DEFINITION('material property','density of part',#14958);
#6378=AXIS2_PLACEMENT_3D('',#8579,#6958,#6959);
#6379=AXIS2_PLACEMENT_3D('',#8580,#6960,#6961);
#6380=AXIS2_PLACEMENT_3D('',#8590,#6963,#6964);
#6381=AXIS2_PLACEMENT_3D('',#8601,#6965,#6966);
#6382=AXIS2_PLACEMENT_3D('',#8655,#6968,#6969);
#6383=AXIS2_PLACEMENT_3D('',#8703,#6971,#6972);
#6384=AXIS2_PLACEMENT_3D('',#8722,#6974,#6975);
#6385=AXIS2_PLACEMENT_3D('',#8742,#6976,#6977);
#6386=AXIS2_PLACEMENT_3D('',#8752,#6979,#6980);
#6387=AXIS2_PLACEMENT_3D('',#8763,#6981,#6982);
#6388=AXIS2_PLACEMENT_3D('',#8817,#6984,#6985);
#6389=AXIS2_PLACEMENT_3D('',#8865,#6987,#6988);
#6390=AXIS2_PLACEMENT_3D('',#8884,#6990,#6991);
#6391=AXIS2_PLACEMENT_3D('',#8904,#6992,#6993);
#6392=AXIS2_PLACEMENT_3D('',#8914,#6995,#6996);
#6393=AXIS2_PLACEMENT_3D('',#8925,#6997,#6998);
#6394=AXIS2_PLACEMENT_3D('',#8979,#7000,#7001);
#6395=AXIS2_PLACEMENT_3D('',#9027,#7003,#7004);
#6396=AXIS2_PLACEMENT_3D('',#9046,#7006,#7007);
#6397=AXIS2_PLACEMENT_3D('',#9066,#7008,#7009);
#6398=AXIS2_PLACEMENT_3D('',#9080,#7011,#7012);
#6399=AXIS2_PLACEMENT_3D('',#9090,#7013,#7014);
#6400=AXIS2_PLACEMENT_3D('',#9115,#7016,#7017);
#6401=AXIS2_PLACEMENT_3D('',#9140,#7019,#7020);
#6402=AXIS2_PLACEMENT_3D('',#9151,#7022,#7023);
#6403=AXIS2_PLACEMENT_3D('',#9157,#7024,#7025);
#6404=AXIS2_PLACEMENT_3D('',#9171,#7027,#7028);
#6405=AXIS2_PLACEMENT_3D('',#9181,#7029,#7030);
#6406=AXIS2_PLACEMENT_3D('',#9206,#7032,#7033);
#6407=AXIS2_PLACEMENT_3D('',#9231,#7035,#7036);
#6408=AXIS2_PLACEMENT_3D('',#9242,#7038,#7039);
#6409=AXIS2_PLACEMENT_3D('',#9248,#7040,#7041);
#6410=AXIS2_PLACEMENT_3D('',#9262,#7043,#7044);
#6411=AXIS2_PLACEMENT_3D('',#9272,#7045,#7046);
#6412=AXIS2_PLACEMENT_3D('',#9297,#7048,#7049);
#6413=AXIS2_PLACEMENT_3D('',#9322,#7051,#7052);
#6414=AXIS2_PLACEMENT_3D('',#9333,#7054,#7055);
#6415=AXIS2_PLACEMENT_3D('',#9339,#7056,#7057);
#6416=AXIS2_PLACEMENT_3D('',#10020,#7058,#7059);
#6417=AXIS2_PLACEMENT_3D('',#10701,#7060,#7061);
#6418=AXIS2_PLACEMENT_3D('',#11382,#7062,#7063);
#6419=AXIS2_PLACEMENT_3D('',#11383,#7064,#7065);
#6420=AXIS2_PLACEMENT_3D('',#11384,#7066,#7067);
#6421=AXIS2_PLACEMENT_3D('',#11385,#7068,#7069);
#6422=AXIS2_PLACEMENT_3D('',#11386,#7070,#7071);
#6423=AXIS2_PLACEMENT_3D('',#11387,#7072,#7073);
#6424=AXIS2_PLACEMENT_3D('',#11388,#7074,#7075);
#6425=AXIS2_PLACEMENT_3D('',#11397,#7080,#7081);
#6426=AXIS2_PLACEMENT_3D('',#11403,#7085,#7086);
#6427=AXIS2_PLACEMENT_3D('',#11409,#7090,#7091);
#6428=AXIS2_PLACEMENT_3D('',#11412,#7094,#7095);
#6429=AXIS2_PLACEMENT_3D('',#11413,#7096,#7097);
#6430=AXIS2_PLACEMENT_3D('',#11422,#7102,#7103);
#6431=AXIS2_PLACEMENT_3D('',#11428,#7107,#7108);
#6432=AXIS2_PLACEMENT_3D('',#11434,#7112,#7113);
#6433=AXIS2_PLACEMENT_3D('',#11437,#7116,#7117);
#6434=AXIS2_PLACEMENT_3D('',#11438,#7118,#7119);
#6435=AXIS2_PLACEMENT_3D('',#11447,#7124,#7125);
#6436=AXIS2_PLACEMENT_3D('',#11453,#7129,#7130);
#6437=AXIS2_PLACEMENT_3D('',#11459,#7134,#7135);
#6438=AXIS2_PLACEMENT_3D('',#11462,#7138,#7139);
#6439=AXIS2_PLACEMENT_3D('',#11463,#7140,#7141);
#6440=AXIS2_PLACEMENT_3D('',#11472,#7146,#7147);
#6441=AXIS2_PLACEMENT_3D('',#11478,#7151,#7152);
#6442=AXIS2_PLACEMENT_3D('',#11484,#7156,#7157);
#6443=AXIS2_PLACEMENT_3D('',#11487,#7160,#7161);
#6444=AXIS2_PLACEMENT_3D('',#11488,#7162,#7163);
#6445=AXIS2_PLACEMENT_3D('',#11497,#7168,#7169);
#6446=AXIS2_PLACEMENT_3D('',#11503,#7173,#7174);
#6447=AXIS2_PLACEMENT_3D('',#11509,#7178,#7179);
#6448=AXIS2_PLACEMENT_3D('',#11518,#7184,#7185);
#6449=AXIS2_PLACEMENT_3D('',#11524,#7189,#7190);
#6450=AXIS2_PLACEMENT_3D('',#11530,#7194,#7195);
#6451=AXIS2_PLACEMENT_3D('',#11533,#7198,#7199);
#6452=AXIS2_PLACEMENT_3D('',#11535,#7200,#7201);
#6453=AXIS2_PLACEMENT_3D('',#11538,#7203,#7204);
#6454=AXIS2_PLACEMENT_3D('',#11539,#7205,#7206);
#6455=AXIS2_PLACEMENT_3D('',#11541,#7207,#7208);
#6456=AXIS2_PLACEMENT_3D('',#11544,#7210,#7211);
#6457=AXIS2_PLACEMENT_3D('',#11545,#7212,#7213);
#6458=AXIS2_PLACEMENT_3D('',#11554,#7218,#7219);
#6459=AXIS2_PLACEMENT_3D('',#11560,#7223,#7224);
#6460=AXIS2_PLACEMENT_3D('',#11564,#7227,#7228);
#6461=AXIS2_PLACEMENT_3D('',#11568,#7231,#7232);
#6462=AXIS2_PLACEMENT_3D('',#11570,#7233,#7234);
#6463=AXIS2_PLACEMENT_3D('',#11573,#7236,#7237);
#6464=AXIS2_PLACEMENT_3D('',#11574,#7238,#7239);
#6465=AXIS2_PLACEMENT_3D('',#11576,#7240,#7241);
#6466=AXIS2_PLACEMENT_3D('',#11579,#7243,#7244);
#6467=AXIS2_PLACEMENT_3D('',#11580,#7245,#7246);
#6468=AXIS2_PLACEMENT_3D('',#11589,#7251,#7252);
#6469=AXIS2_PLACEMENT_3D('',#11595,#7256,#7257);
#6470=AXIS2_PLACEMENT_3D('',#11599,#7260,#7261);
#6471=AXIS2_PLACEMENT_3D('',#11603,#7264,#7265);
#6472=AXIS2_PLACEMENT_3D('',#11605,#7266,#7267);
#6473=AXIS2_PLACEMENT_3D('',#11608,#7269,#7270);
#6474=AXIS2_PLACEMENT_3D('',#11609,#7271,#7272);
#6475=AXIS2_PLACEMENT_3D('',#11611,#7273,#7274);
#6476=AXIS2_PLACEMENT_3D('',#11614,#7276,#7277);
#6477=AXIS2_PLACEMENT_3D('',#11615,#7278,#7279);
#6478=AXIS2_PLACEMENT_3D('',#11624,#7284,#7285);
#6479=AXIS2_PLACEMENT_3D('',#11630,#7289,#7290);
#6480=AXIS2_PLACEMENT_3D('',#11632,#7291,#7292);
#6481=AXIS2_PLACEMENT_3D('',#11635,#7294,#7295);
#6482=AXIS2_PLACEMENT_3D('',#11636,#7296,#7297);
#6483=AXIS2_PLACEMENT_3D('',#11638,#7298,#7299);
#6484=AXIS2_PLACEMENT_3D('',#11641,#7301,#7302);
#6485=AXIS2_PLACEMENT_3D('',#11642,#7303,#7304);
#6486=AXIS2_PLACEMENT_3D('',#11651,#7309,#7310);
#6487=AXIS2_PLACEMENT_3D('',#11657,#7314,#7315);
#6488=AXIS2_PLACEMENT_3D('',#11670,#7323,#7324);
#6489=AXIS2_PLACEMENT_3D('',#11682,#7331,#7332);
#6490=AXIS2_PLACEMENT_3D('',#11684,#7333,#7334);
#6491=AXIS2_PLACEMENT_3D('',#11687,#7336,#7337);
#6492=AXIS2_PLACEMENT_3D('',#11688,#7338,#7339);
#6493=AXIS2_PLACEMENT_3D('',#11690,#7340,#7341);
#6494=AXIS2_PLACEMENT_3D('',#11693,#7343,#7344);
#6495=AXIS2_PLACEMENT_3D('',#11694,#7345,#7346);
#6496=AXIS2_PLACEMENT_3D('',#11698,#7349,#7350);
#6497=AXIS2_PLACEMENT_3D('',#11701,#7353,#7354);
#6498=AXIS2_PLACEMENT_3D('',#11705,#7357,#7358);
#6499=AXIS2_PLACEMENT_3D('',#11707,#7360,#7361);
#6500=AXIS2_PLACEMENT_3D('',#11713,#7365,#7366);
#6501=AXIS2_PLACEMENT_3D('',#11720,#7371,#7372);
#6502=AXIS2_PLACEMENT_3D('',#11726,#7376,#7377);
#6503=AXIS2_PLACEMENT_3D('',#11732,#7381,#7382);
#6504=AXIS2_PLACEMENT_3D('',#11735,#7385,#7386);
#6505=AXIS2_PLACEMENT_3D('',#11737,#7388,#7389);
#6506=AXIS2_PLACEMENT_3D('',#11739,#7390,#7391);
#6507=AXIS2_PLACEMENT_3D('',#11742,#7393,#7394);
#6508=AXIS2_PLACEMENT_3D('',#11743,#7395,#7396);
#6509=AXIS2_PLACEMENT_3D('',#11745,#7397,#7398);
#6510=AXIS2_PLACEMENT_3D('',#11748,#7400,#7401);
#6511=AXIS2_PLACEMENT_3D('',#11749,#7402,#7403);
#6512=AXIS2_PLACEMENT_3D('',#11751,#7404,#7405);
#6513=AXIS2_PLACEMENT_3D('',#11754,#7407,#7408);
#6514=AXIS2_PLACEMENT_3D('',#11755,#7409,#7410);
#6515=AXIS2_PLACEMENT_3D('',#11757,#7411,#7412);
#6516=AXIS2_PLACEMENT_3D('',#11760,#7414,#7415);
#6517=AXIS2_PLACEMENT_3D('',#11761,#7416,#7417);
#6518=AXIS2_PLACEMENT_3D('',#11764,#7420,#7421);
#6519=AXIS2_PLACEMENT_3D('',#11765,#7422,#7423);
#6520=AXIS2_PLACEMENT_3D('',#11766,#7424,#7425);
#6521=AXIS2_PLACEMENT_3D('',#11767,#7426,#7427);
#6522=AXIS2_PLACEMENT_3D('',#11776,#7432,#7433);
#6523=AXIS2_PLACEMENT_3D('',#11782,#7437,#7438);
#6524=AXIS2_PLACEMENT_3D('',#11788,#7442,#7443);
#6525=AXIS2_PLACEMENT_3D('',#11798,#7449,#7450);
#6526=AXIS2_PLACEMENT_3D('',#11808,#7456,#7457);
#6527=AXIS2_PLACEMENT_3D('',#11814,#7461,#7462);
#6528=AXIS2_PLACEMENT_3D('',#11818,#7465,#7466);
#6529=AXIS2_PLACEMENT_3D('',#11822,#7469,#7470);
#6530=AXIS2_PLACEMENT_3D('',#11824,#7472,#7473);
#6531=AXIS2_PLACEMENT_3D('',#11830,#7477,#7478);
#6532=AXIS2_PLACEMENT_3D('',#11834,#7481,#7482);
#6533=AXIS2_PLACEMENT_3D('',#11838,#7485,#7486);
#6534=AXIS2_PLACEMENT_3D('',#11840,#7488,#7489);
#6535=AXIS2_PLACEMENT_3D('',#11841,#7490,#7491);
#6536=AXIS2_PLACEMENT_3D('',#11843,#7492,#7493);
#6537=AXIS2_PLACEMENT_3D('',#11846,#7495,#7496);
#6538=AXIS2_PLACEMENT_3D('',#11847,#7497,#7498);
#6539=AXIS2_PLACEMENT_3D('',#11849,#7499,#7500);
#6540=AXIS2_PLACEMENT_3D('',#11852,#7502,#7503);
#6541=AXIS2_PLACEMENT_3D('',#11853,#7504,#7505);
#6542=AXIS2_PLACEMENT_3D('',#11855,#7506,#7507);
#6543=AXIS2_PLACEMENT_3D('',#11858,#7509,#7510);
#6544=AXIS2_PLACEMENT_3D('',#11859,#7511,#7512);
#6545=AXIS2_PLACEMENT_3D('',#11861,#7513,#7514);
#6546=AXIS2_PLACEMENT_3D('',#11864,#7516,#7517);
#6547=AXIS2_PLACEMENT_3D('',#11865,#7518,#7519);
#6548=AXIS2_PLACEMENT_3D('',#11867,#7520,#7521);
#6549=AXIS2_PLACEMENT_3D('',#11870,#7523,#7524);
#6550=AXIS2_PLACEMENT_3D('',#11871,#7525,#7526);
#6551=AXIS2_PLACEMENT_3D('',#11873,#7527,#7528);
#6552=AXIS2_PLACEMENT_3D('',#11876,#7530,#7531);
#6553=AXIS2_PLACEMENT_3D('',#11877,#7532,#7533);
#6554=AXIS2_PLACEMENT_3D('',#11879,#7534,#7535);
#6555=AXIS2_PLACEMENT_3D('',#11882,#7537,#7538);
#6556=AXIS2_PLACEMENT_3D('',#11883,#7539,#7540);
#6557=AXIS2_PLACEMENT_3D('',#11885,#7541,#7542);
#6558=AXIS2_PLACEMENT_3D('',#11888,#7544,#7545);
#6559=AXIS2_PLACEMENT_3D('',#11889,#7546,#7547);
#6560=AXIS2_PLACEMENT_3D('',#11891,#7548,#7549);
#6561=AXIS2_PLACEMENT_3D('',#11894,#7551,#7552);
#6562=AXIS2_PLACEMENT_3D('',#11895,#7553,#7554);
#6563=AXIS2_PLACEMENT_3D('',#11897,#7555,#7556);
#6564=AXIS2_PLACEMENT_3D('',#11900,#7558,#7559);
#6565=AXIS2_PLACEMENT_3D('',#11901,#7560,#7561);
#6566=AXIS2_PLACEMENT_3D('',#11903,#7562,#7563);
#6567=AXIS2_PLACEMENT_3D('',#11906,#7565,#7566);
#6568=AXIS2_PLACEMENT_3D('',#11907,#7567,#7568);
#6569=AXIS2_PLACEMENT_3D('',#11909,#7569,#7570);
#6570=AXIS2_PLACEMENT_3D('',#11912,#7572,#7573);
#6571=AXIS2_PLACEMENT_3D('',#11913,#7574,#7575);
#6572=AXIS2_PLACEMENT_3D('',#11915,#7576,#7577);
#6573=AXIS2_PLACEMENT_3D('',#11918,#7579,#7580);
#6574=AXIS2_PLACEMENT_3D('',#11919,#7581,#7582);
#6575=AXIS2_PLACEMENT_3D('',#11921,#7583,#7584);
#6576=AXIS2_PLACEMENT_3D('',#11924,#7586,#7587);
#6577=AXIS2_PLACEMENT_3D('',#11925,#7588,#7589);
#6578=AXIS2_PLACEMENT_3D('',#11927,#7590,#7591);
#6579=AXIS2_PLACEMENT_3D('',#11930,#7593,#7594);
#6580=AXIS2_PLACEMENT_3D('',#11931,#7595,#7596);
#6581=AXIS2_PLACEMENT_3D('',#11933,#7597,#7598);
#6582=AXIS2_PLACEMENT_3D('',#11936,#7600,#7601);
#6583=AXIS2_PLACEMENT_3D('',#11937,#7602,#7603);
#6584=AXIS2_PLACEMENT_3D('',#11939,#7604,#7605);
#6585=AXIS2_PLACEMENT_3D('',#11942,#7607,#7608);
#6586=AXIS2_PLACEMENT_3D('',#11943,#7609,#7610);
#6587=AXIS2_PLACEMENT_3D('',#11945,#7611,#7612);
#6588=AXIS2_PLACEMENT_3D('',#11948,#7614,#7615);
#6589=AXIS2_PLACEMENT_3D('',#11949,#7616,#7617);
#6590=AXIS2_PLACEMENT_3D('',#11951,#7618,#7619);
#6591=AXIS2_PLACEMENT_3D('',#11954,#7621,#7622);
#6592=AXIS2_PLACEMENT_3D('',#11955,#7623,#7624);
#6593=AXIS2_PLACEMENT_3D('',#11957,#7625,#7626);
#6594=AXIS2_PLACEMENT_3D('',#11960,#7628,#7629);
#6595=AXIS2_PLACEMENT_3D('',#11961,#7630,#7631);
#6596=AXIS2_PLACEMENT_3D('',#11963,#7632,#7633);
#6597=AXIS2_PLACEMENT_3D('',#11966,#7635,#7636);
#6598=AXIS2_PLACEMENT_3D('',#11967,#7637,#7638);
#6599=AXIS2_PLACEMENT_3D('',#11969,#7639,#7640);
#6600=AXIS2_PLACEMENT_3D('',#11972,#7642,#7643);
#6601=AXIS2_PLACEMENT_3D('',#11973,#7644,#7645);
#6602=AXIS2_PLACEMENT_3D('',#11975,#7646,#7647);
#6603=AXIS2_PLACEMENT_3D('',#11978,#7649,#7650);
#6604=AXIS2_PLACEMENT_3D('',#11979,#7651,#7652);
#6605=AXIS2_PLACEMENT_3D('',#11981,#7653,#7654);
#6606=AXIS2_PLACEMENT_3D('',#11984,#7656,#7657);
#6607=AXIS2_PLACEMENT_3D('',#11985,#7658,#7659);
#6608=AXIS2_PLACEMENT_3D('',#11987,#7660,#7661);
#6609=AXIS2_PLACEMENT_3D('',#11990,#7663,#7664);
#6610=AXIS2_PLACEMENT_3D('',#11991,#7665,#7666);
#6611=AXIS2_PLACEMENT_3D('',#11993,#7667,#7668);
#6612=AXIS2_PLACEMENT_3D('',#11996,#7670,#7671);
#6613=AXIS2_PLACEMENT_3D('',#11997,#7672,#7673);
#6614=AXIS2_PLACEMENT_3D('',#11999,#7674,#7675);
#6615=AXIS2_PLACEMENT_3D('',#12002,#7677,#7678);
#6616=AXIS2_PLACEMENT_3D('',#12003,#7679,#7680);
#6617=AXIS2_PLACEMENT_3D('',#12005,#7681,#7682);
#6618=AXIS2_PLACEMENT_3D('',#12008,#7684,#7685);
#6619=AXIS2_PLACEMENT_3D('',#12009,#7686,#7687);
#6620=AXIS2_PLACEMENT_3D('',#12011,#7688,#7689);
#6621=AXIS2_PLACEMENT_3D('',#12014,#7691,#7692);
#6622=AXIS2_PLACEMENT_3D('',#12015,#7693,#7694);
#6623=AXIS2_PLACEMENT_3D('',#12017,#7695,#7696);
#6624=AXIS2_PLACEMENT_3D('',#12020,#7698,#7699);
#6625=AXIS2_PLACEMENT_3D('',#12021,#7700,#7701);
#6626=AXIS2_PLACEMENT_3D('',#12023,#7702,#7703);
#6627=AXIS2_PLACEMENT_3D('',#12026,#7705,#7706);
#6628=AXIS2_PLACEMENT_3D('',#12027,#7707,#7708);
#6629=AXIS2_PLACEMENT_3D('',#12029,#7709,#7710);
#6630=AXIS2_PLACEMENT_3D('',#12032,#7712,#7713);
#6631=AXIS2_PLACEMENT_3D('',#12033,#7714,#7715);
#6632=AXIS2_PLACEMENT_3D('',#12035,#7716,#7717);
#6633=AXIS2_PLACEMENT_3D('',#12038,#7719,#7720);
#6634=AXIS2_PLACEMENT_3D('',#12039,#7721,#7722);
#6635=AXIS2_PLACEMENT_3D('',#12041,#7723,#7724);
#6636=AXIS2_PLACEMENT_3D('',#12044,#7726,#7727);
#6637=AXIS2_PLACEMENT_3D('',#12045,#7728,#7729);
#6638=AXIS2_PLACEMENT_3D('',#12047,#7730,#7731);
#6639=AXIS2_PLACEMENT_3D('',#12050,#7733,#7734);
#6640=AXIS2_PLACEMENT_3D('',#12051,#7735,#7736);
#6641=AXIS2_PLACEMENT_3D('',#12053,#7737,#7738);
#6642=AXIS2_PLACEMENT_3D('',#12056,#7740,#7741);
#6643=AXIS2_PLACEMENT_3D('',#12057,#7742,#7743);
#6644=AXIS2_PLACEMENT_3D('',#12059,#7744,#7745);
#6645=AXIS2_PLACEMENT_3D('',#12062,#7747,#7748);
#6646=AXIS2_PLACEMENT_3D('',#12063,#7749,#7750);
#6647=AXIS2_PLACEMENT_3D('',#12065,#7751,#7752);
#6648=AXIS2_PLACEMENT_3D('',#12068,#7754,#7755);
#6649=AXIS2_PLACEMENT_3D('',#12069,#7756,#7757);
#6650=AXIS2_PLACEMENT_3D('',#12071,#7758,#7759);
#6651=AXIS2_PLACEMENT_3D('',#12074,#7761,#7762);
#6652=AXIS2_PLACEMENT_3D('',#12075,#7763,#7764);
#6653=AXIS2_PLACEMENT_3D('',#12077,#7765,#7766);
#6654=AXIS2_PLACEMENT_3D('',#12080,#7768,#7769);
#6655=AXIS2_PLACEMENT_3D('',#12081,#7770,#7771);
#6656=AXIS2_PLACEMENT_3D('',#12083,#7772,#7773);
#6657=AXIS2_PLACEMENT_3D('',#12086,#7775,#7776);
#6658=AXIS2_PLACEMENT_3D('',#12087,#7777,#7778);
#6659=AXIS2_PLACEMENT_3D('',#12089,#7779,#7780);
#6660=AXIS2_PLACEMENT_3D('',#12092,#7782,#7783);
#6661=AXIS2_PLACEMENT_3D('',#12093,#7784,#7785);
#6662=AXIS2_PLACEMENT_3D('',#12095,#7786,#7787);
#6663=AXIS2_PLACEMENT_3D('',#12098,#7789,#7790);
#6664=AXIS2_PLACEMENT_3D('',#12099,#7791,#7792);
#6665=AXIS2_PLACEMENT_3D('',#12101,#7793,#7794);
#6666=AXIS2_PLACEMENT_3D('',#12104,#7796,#7797);
#6667=AXIS2_PLACEMENT_3D('',#12105,#7798,#7799);
#6668=AXIS2_PLACEMENT_3D('',#12107,#7800,#7801);
#6669=AXIS2_PLACEMENT_3D('',#12110,#7803,#7804);
#6670=AXIS2_PLACEMENT_3D('',#12111,#7805,#7806);
#6671=AXIS2_PLACEMENT_3D('',#12113,#7807,#7808);
#6672=AXIS2_PLACEMENT_3D('',#12116,#7810,#7811);
#6673=AXIS2_PLACEMENT_3D('',#12117,#7812,#7813);
#6674=AXIS2_PLACEMENT_3D('',#12119,#7814,#7815);
#6675=AXIS2_PLACEMENT_3D('',#12122,#7817,#7818);
#6676=AXIS2_PLACEMENT_3D('',#12123,#7819,#7820);
#6677=AXIS2_PLACEMENT_3D('',#12125,#7821,#7822);
#6678=AXIS2_PLACEMENT_3D('',#12128,#7824,#7825);
#6679=AXIS2_PLACEMENT_3D('',#12129,#7826,#7827);
#6680=AXIS2_PLACEMENT_3D('',#12131,#7828,#7829);
#6681=AXIS2_PLACEMENT_3D('',#12134,#7831,#7832);
#6682=AXIS2_PLACEMENT_3D('',#12135,#7833,#7834);
#6683=AXIS2_PLACEMENT_3D('',#12137,#7835,#7836);
#6684=AXIS2_PLACEMENT_3D('',#12140,#7838,#7839);
#6685=AXIS2_PLACEMENT_3D('',#12141,#7840,#7841);
#6686=AXIS2_PLACEMENT_3D('',#12143,#7842,#7843);
#6687=AXIS2_PLACEMENT_3D('',#12146,#7845,#7846);
#6688=AXIS2_PLACEMENT_3D('',#12147,#7847,#7848);
#6689=AXIS2_PLACEMENT_3D('',#12149,#7849,#7850);
#6690=AXIS2_PLACEMENT_3D('',#12152,#7852,#7853);
#6691=AXIS2_PLACEMENT_3D('',#12153,#7854,#7855);
#6692=AXIS2_PLACEMENT_3D('',#12155,#7856,#7857);
#6693=AXIS2_PLACEMENT_3D('',#12158,#7859,#7860);
#6694=AXIS2_PLACEMENT_3D('',#12159,#7861,#7862);
#6695=AXIS2_PLACEMENT_3D('',#12161,#7863,#7864);
#6696=AXIS2_PLACEMENT_3D('',#12164,#7866,#7867);
#6697=AXIS2_PLACEMENT_3D('',#12165,#7868,#7869);
#6698=AXIS2_PLACEMENT_3D('',#12167,#7870,#7871);
#6699=AXIS2_PLACEMENT_3D('',#12170,#7873,#7874);
#6700=AXIS2_PLACEMENT_3D('',#12171,#7875,#7876);
#6701=AXIS2_PLACEMENT_3D('',#12173,#7877,#7878);
#6702=AXIS2_PLACEMENT_3D('',#12176,#7880,#7881);
#6703=AXIS2_PLACEMENT_3D('',#12177,#7882,#7883);
#6704=AXIS2_PLACEMENT_3D('',#12179,#7884,#7885);
#6705=AXIS2_PLACEMENT_3D('',#12182,#7887,#7888);
#6706=AXIS2_PLACEMENT_3D('',#12183,#7889,#7890);
#6707=AXIS2_PLACEMENT_3D('',#12185,#7891,#7892);
#6708=AXIS2_PLACEMENT_3D('',#12188,#7894,#7895);
#6709=AXIS2_PLACEMENT_3D('',#12189,#7896,#7897);
#6710=AXIS2_PLACEMENT_3D('',#12191,#7898,#7899);
#6711=AXIS2_PLACEMENT_3D('',#12194,#7901,#7902);
#6712=AXIS2_PLACEMENT_3D('',#12195,#7903,#7904);
#6713=AXIS2_PLACEMENT_3D('',#12197,#7905,#7906);
#6714=AXIS2_PLACEMENT_3D('',#12200,#7908,#7909);
#6715=AXIS2_PLACEMENT_3D('',#12201,#7910,#7911);
#6716=AXIS2_PLACEMENT_3D('',#12203,#7912,#7913);
#6717=AXIS2_PLACEMENT_3D('',#12206,#7915,#7916);
#6718=AXIS2_PLACEMENT_3D('',#12207,#7917,#7918);
#6719=AXIS2_PLACEMENT_3D('',#12209,#7919,#7920);
#6720=AXIS2_PLACEMENT_3D('',#12212,#7922,#7923);
#6721=AXIS2_PLACEMENT_3D('',#12213,#7924,#7925);
#6722=AXIS2_PLACEMENT_3D('',#12215,#7926,#7927);
#6723=AXIS2_PLACEMENT_3D('',#12218,#7929,#7930);
#6724=AXIS2_PLACEMENT_3D('',#12219,#7931,#7932);
#6725=AXIS2_PLACEMENT_3D('',#12221,#7933,#7934);
#6726=AXIS2_PLACEMENT_3D('',#12224,#7936,#7937);
#6727=AXIS2_PLACEMENT_3D('',#12225,#7938,#7939);
#6728=AXIS2_PLACEMENT_3D('',#12227,#7940,#7941);
#6729=AXIS2_PLACEMENT_3D('',#12230,#7943,#7944);
#6730=AXIS2_PLACEMENT_3D('',#12231,#7945,#7946);
#6731=AXIS2_PLACEMENT_3D('',#12233,#7947,#7948);
#6732=AXIS2_PLACEMENT_3D('',#12236,#7950,#7951);
#6733=AXIS2_PLACEMENT_3D('',#12237,#7952,#7953);
#6734=AXIS2_PLACEMENT_3D('',#12239,#7954,#7955);
#6735=AXIS2_PLACEMENT_3D('',#12242,#7957,#7958);
#6736=AXIS2_PLACEMENT_3D('',#12243,#7959,#7960);
#6737=AXIS2_PLACEMENT_3D('',#12245,#7961,#7962);
#6738=AXIS2_PLACEMENT_3D('',#12248,#7964,#7965);
#6739=AXIS2_PLACEMENT_3D('',#12249,#7966,#7967);
#6740=AXIS2_PLACEMENT_3D('',#12251,#7968,#7969);
#6741=AXIS2_PLACEMENT_3D('',#12254,#7971,#7972);
#6742=AXIS2_PLACEMENT_3D('',#12255,#7973,#7974);
#6743=AXIS2_PLACEMENT_3D('',#12257,#7975,#7976);
#6744=AXIS2_PLACEMENT_3D('',#12260,#7978,#7979);
#6745=AXIS2_PLACEMENT_3D('',#12261,#7980,#7981);
#6746=AXIS2_PLACEMENT_3D('',#12263,#7982,#7983);
#6747=AXIS2_PLACEMENT_3D('',#12266,#7985,#7986);
#6748=AXIS2_PLACEMENT_3D('',#12267,#7987,#7988);
#6749=AXIS2_PLACEMENT_3D('',#12269,#7989,#7990);
#6750=AXIS2_PLACEMENT_3D('',#12272,#7992,#7993);
#6751=AXIS2_PLACEMENT_3D('',#12273,#7994,#7995);
#6752=AXIS2_PLACEMENT_3D('',#12275,#7996,#7997);
#6753=AXIS2_PLACEMENT_3D('',#12278,#7999,#8000);
#6754=AXIS2_PLACEMENT_3D('',#12279,#8001,#8002);
#6755=AXIS2_PLACEMENT_3D('',#12281,#8003,#8004);
#6756=AXIS2_PLACEMENT_3D('',#12284,#8006,#8007);
#6757=AXIS2_PLACEMENT_3D('',#12285,#8008,#8009);
#6758=AXIS2_PLACEMENT_3D('',#12287,#8010,#8011);
#6759=AXIS2_PLACEMENT_3D('',#12290,#8013,#8014);
#6760=AXIS2_PLACEMENT_3D('',#12291,#8015,#8016);
#6761=AXIS2_PLACEMENT_3D('',#12293,#8017,#8018);
#6762=AXIS2_PLACEMENT_3D('',#12296,#8020,#8021);
#6763=AXIS2_PLACEMENT_3D('',#12297,#8022,#8023);
#6764=AXIS2_PLACEMENT_3D('',#12299,#8024,#8025);
#6765=AXIS2_PLACEMENT_3D('',#12302,#8027,#8028);
#6766=AXIS2_PLACEMENT_3D('',#12303,#8029,#8030);
#6767=AXIS2_PLACEMENT_3D('',#12305,#8031,#8032);
#6768=AXIS2_PLACEMENT_3D('',#12308,#8034,#8035);
#6769=AXIS2_PLACEMENT_3D('',#12309,#8036,#8037);
#6770=AXIS2_PLACEMENT_3D('',#12311,#8038,#8039);
#6771=AXIS2_PLACEMENT_3D('',#12314,#8041,#8042);
#6772=AXIS2_PLACEMENT_3D('',#12315,#8043,#8044);
#6773=AXIS2_PLACEMENT_3D('',#12317,#8045,#8046);
#6774=AXIS2_PLACEMENT_3D('',#12320,#8048,#8049);
#6775=AXIS2_PLACEMENT_3D('',#12321,#8050,#8051);
#6776=AXIS2_PLACEMENT_3D('',#12323,#8052,#8053);
#6777=AXIS2_PLACEMENT_3D('',#12326,#8055,#8056);
#6778=AXIS2_PLACEMENT_3D('',#12327,#8057,#8058);
#6779=AXIS2_PLACEMENT_3D('',#12329,#8059,#8060);
#6780=AXIS2_PLACEMENT_3D('',#12332,#8062,#8063);
#6781=AXIS2_PLACEMENT_3D('',#12333,#8064,#8065);
#6782=AXIS2_PLACEMENT_3D('',#12335,#8066,#8067);
#6783=AXIS2_PLACEMENT_3D('',#12338,#8069,#8070);
#6784=AXIS2_PLACEMENT_3D('',#12339,#8071,#8072);
#6785=AXIS2_PLACEMENT_3D('',#12341,#8073,#8074);
#6786=AXIS2_PLACEMENT_3D('',#12344,#8076,#8077);
#6787=AXIS2_PLACEMENT_3D('',#12345,#8078,#8079);
#6788=AXIS2_PLACEMENT_3D('',#12347,#8080,#8081);
#6789=AXIS2_PLACEMENT_3D('',#12350,#8083,#8084);
#6790=AXIS2_PLACEMENT_3D('',#12351,#8085,#8086);
#6791=AXIS2_PLACEMENT_3D('',#12353,#8087,#8088);
#6792=AXIS2_PLACEMENT_3D('',#12356,#8090,#8091);
#6793=AXIS2_PLACEMENT_3D('',#12357,#8092,#8093);
#6794=AXIS2_PLACEMENT_3D('',#12359,#8094,#8095);
#6795=AXIS2_PLACEMENT_3D('',#12362,#8097,#8098);
#6796=AXIS2_PLACEMENT_3D('',#12363,#8099,#8100);
#6797=AXIS2_PLACEMENT_3D('',#12365,#8101,#8102);
#6798=AXIS2_PLACEMENT_3D('',#12368,#8104,#8105);
#6799=AXIS2_PLACEMENT_3D('',#12369,#8106,#8107);
#6800=AXIS2_PLACEMENT_3D('',#12371,#8108,#8109);
#6801=AXIS2_PLACEMENT_3D('',#12374,#8111,#8112);
#6802=AXIS2_PLACEMENT_3D('',#12375,#8113,#8114);
#6803=AXIS2_PLACEMENT_3D('',#12377,#8115,#8116);
#6804=AXIS2_PLACEMENT_3D('',#12380,#8118,#8119);
#6805=AXIS2_PLACEMENT_3D('',#12381,#8120,#8121);
#6806=AXIS2_PLACEMENT_3D('',#12383,#8122,#8123);
#6807=AXIS2_PLACEMENT_3D('',#12386,#8125,#8126);
#6808=AXIS2_PLACEMENT_3D('',#12387,#8127,#8128);
#6809=AXIS2_PLACEMENT_3D('',#12389,#8129,#8130);
#6810=AXIS2_PLACEMENT_3D('',#12392,#8132,#8133);
#6811=AXIS2_PLACEMENT_3D('',#12393,#8134,#8135);
#6812=AXIS2_PLACEMENT_3D('',#12395,#8136,#8137);
#6813=AXIS2_PLACEMENT_3D('',#12398,#8139,#8140);
#6814=AXIS2_PLACEMENT_3D('',#12399,#8141,#8142);
#6815=AXIS2_PLACEMENT_3D('',#12401,#8143,#8144);
#6816=AXIS2_PLACEMENT_3D('',#12404,#8146,#8147);
#6817=AXIS2_PLACEMENT_3D('',#12405,#8148,#8149);
#6818=AXIS2_PLACEMENT_3D('',#12407,#8150,#8151);
#6819=AXIS2_PLACEMENT_3D('',#12410,#8153,#8154);
#6820=AXIS2_PLACEMENT_3D('',#12411,#8155,#8156);
#6821=AXIS2_PLACEMENT_3D('',#12413,#8157,#8158);
#6822=AXIS2_PLACEMENT_3D('',#12416,#8160,#8161);
#6823=AXIS2_PLACEMENT_3D('',#12417,#8162,#8163);
#6824=AXIS2_PLACEMENT_3D('',#12419,#8164,#8165);
#6825=AXIS2_PLACEMENT_3D('',#12422,#8167,#8168);
#6826=AXIS2_PLACEMENT_3D('',#12423,#8169,#8170);
#6827=AXIS2_PLACEMENT_3D('',#12425,#8171,#8172);
#6828=AXIS2_PLACEMENT_3D('',#12428,#8174,#8175);
#6829=AXIS2_PLACEMENT_3D('',#12429,#8176,#8177);
#6830=AXIS2_PLACEMENT_3D('',#12431,#8178,#8179);
#6831=AXIS2_PLACEMENT_3D('',#12434,#8181,#8182);
#6832=AXIS2_PLACEMENT_3D('',#12435,#8183,#8184);
#6833=AXIS2_PLACEMENT_3D('',#12437,#8185,#8186);
#6834=AXIS2_PLACEMENT_3D('',#12440,#8188,#8189);
#6835=AXIS2_PLACEMENT_3D('',#12463,#8190,#8191);
#6836=AXIS2_PLACEMENT_3D('',#12470,#8192,#8193);
#6837=AXIS2_PLACEMENT_3D('',#12621,#8194,#8195);
#6838=AXIS2_PLACEMENT_3D('',#12672,#8196,#8197);
#6839=AXIS2_PLACEMENT_3D('',#12677,#8198,#8199);
#6840=AXIS2_PLACEMENT_3D('',#12680,#8200,#8201);
#6841=AXIS2_PLACEMENT_3D('',#12683,#8203,#8204);
#6842=AXIS2_PLACEMENT_3D('',#12685,#8206,#8207);
#6843=AXIS2_PLACEMENT_3D('',#12688,#8208,#8209);
#6844=AXIS2_PLACEMENT_3D('',#12689,#8210,#8211);
#6845=AXIS2_PLACEMENT_3D('',#12690,#8212,#8213);
#6846=AXIS2_PLACEMENT_3D('',#12691,#8214,#8215);
#6847=AXIS2_PLACEMENT_3D('',#12694,#8216,#8217);
#6848=AXIS2_PLACEMENT_3D('',#12697,#8220,#8221);
#6849=AXIS2_PLACEMENT_3D('',#12698,#8222,#8223);
#6850=AXIS2_PLACEMENT_3D('',#12750,#8224,#8225);
#6851=AXIS2_PLACEMENT_3D('',#12763,#8226,#8227);
#6852=AXIS2_PLACEMENT_3D('',#12774,#8228,#8229);
#6853=AXIS2_PLACEMENT_3D('',#12775,#8230,#8231);
#6854=AXIS2_PLACEMENT_3D('',#12776,#8232,#8233);
#6855=AXIS2_PLACEMENT_3D('',#12779,#8234,#8235);
#6856=AXIS2_PLACEMENT_3D('',#12782,#8237,#8238);
#6857=AXIS2_PLACEMENT_3D('',#12784,#8240,#8241);
#6858=AXIS2_PLACEMENT_3D('',#12785,#8242,#8243);
#6859=AXIS2_PLACEMENT_3D('',#12837,#8244,#8245);
#6860=AXIS2_PLACEMENT_3D('',#12850,#8246,#8247);
#6861=AXIS2_PLACEMENT_3D('',#12861,#8248,#8249);
#6862=AXIS2_PLACEMENT_3D('',#12862,#8250,#8251);
#6863=AXIS2_PLACEMENT_3D('',#12863,#8252,#8253);
#6864=AXIS2_PLACEMENT_3D('',#12866,#8254,#8255);
#6865=AXIS2_PLACEMENT_3D('',#12869,#8257,#8258);
#6866=AXIS2_PLACEMENT_3D('',#12871,#8260,#8261);
#6867=AXIS2_PLACEMENT_3D('',#12874,#8262,#8263);
#6868=AXIS2_PLACEMENT_3D('',#12875,#8264,#8265);
#6869=AXIS2_PLACEMENT_3D('',#12876,#8266,#8267);
#6870=AXIS2_PLACEMENT_3D('',#12877,#8268,#8269);
#6871=AXIS2_PLACEMENT_3D('',#12879,#8270,#8271);
#6872=AXIS2_PLACEMENT_3D('',#12882,#8274,#8275);
#6873=AXIS2_PLACEMENT_3D('',#12883,#8276,#8277);
#6874=AXIS2_PLACEMENT_3D('',#12884,#8278,#8279);
#6875=AXIS2_PLACEMENT_3D('',#12885,#8280,#8281);
#6876=AXIS2_PLACEMENT_3D('',#12886,#8282,#8283);
#6877=AXIS2_PLACEMENT_3D('',#13027,#8288,#8289);
#6878=AXIS2_PLACEMENT_3D('',#13186,#8303,#8304);
#6879=AXIS2_PLACEMENT_3D('',#13194,#8309,#8310);
#6880=AXIS2_PLACEMENT_3D('',#13195,#8311,#8312);
#6881=AXIS2_PLACEMENT_3D('',#13196,#8313,#8314);
#6882=AXIS2_PLACEMENT_3D('',#13197,#8315,#8316);
#6883=AXIS2_PLACEMENT_3D('',#13198,#8317,#8318);
#6884=AXIS2_PLACEMENT_3D('',#13200,#8319,#8320);
#6885=AXIS2_PLACEMENT_3D('',#13201,#8321,#8322);
#6886=AXIS2_PLACEMENT_3D('',#13202,#8323,#8324);
#6887=AXIS2_PLACEMENT_3D('',#13203,#8325,#8326);
#6888=AXIS2_PLACEMENT_3D('',#13204,#8327,#8328);
#6889=AXIS2_PLACEMENT_3D('',#13206,#8329,#8330);
#6890=AXIS2_PLACEMENT_3D('',#13207,#8331,#8332);
#6891=AXIS2_PLACEMENT_3D('',#13209,#8333,#8334);
#6892=AXIS2_PLACEMENT_3D('',#13211,#8336,#8337);
#6893=AXIS2_PLACEMENT_3D('',#13258,#8357,#8358);
#6894=AXIS2_PLACEMENT_3D('',#13259,#8359,#8360);
#6895=AXIS2_PLACEMENT_3D('',#13344,#8362,#8363);
#6896=AXIS2_PLACEMENT_3D('',#13677,#8371,#8372);
#6897=AXIS2_PLACEMENT_3D('',#13681,#8375,#8376);
#6898=AXIS2_PLACEMENT_3D('',#13740,#8384,#8385);
#6899=AXIS2_PLACEMENT_3D('',#13746,#8389,#8390);
#6900=AXIS2_PLACEMENT_3D('',#13750,#8393,#8394);
#6901=AXIS2_PLACEMENT_3D('',#13756,#8398,#8399);
#6902=AXIS2_PLACEMENT_3D('',#13760,#8402,#8403);
#6903=AXIS2_PLACEMENT_3D('',#13762,#8405,#8406);
#6904=AXIS2_PLACEMENT_3D('',#13766,#8409,#8410);
#6905=AXIS2_PLACEMENT_3D('',#13772,#8414,#8415);
#6906=AXIS2_PLACEMENT_3D('',#13776,#8418,#8419);
#6907=AXIS2_PLACEMENT_3D('',#13782,#8423,#8424);
#6908=AXIS2_PLACEMENT_3D('',#13786,#8427,#8428);
#6909=AXIS2_PLACEMENT_3D('',#13788,#8430,#8431);
#6910=AXIS2_PLACEMENT_3D('',#13792,#8434,#8435);
#6911=AXIS2_PLACEMENT_3D('',#13798,#8439,#8440);
#6912=AXIS2_PLACEMENT_3D('',#13802,#8443,#8444);
#6913=AXIS2_PLACEMENT_3D('',#13804,#8446,#8447);
#6914=AXIS2_PLACEMENT_3D('',#13808,#8450,#8451);
#6915=AXIS2_PLACEMENT_3D('',#13812,#8454,#8455);
#6916=AXIS2_PLACEMENT_3D('',#13865,#8460,#8461);
#6917=AXIS2_PLACEMENT_3D('',#13868,#8464,#8465);
#6918=AXIS2_PLACEMENT_3D('',#13871,#8467,#8468);
#6919=AXIS2_PLACEMENT_3D('',#13872,#8469,#8470);
#6920=AXIS2_PLACEMENT_3D('',#13874,#8472,#8473);
#6921=AXIS2_PLACEMENT_3D('',#13877,#8476,#8477);
#6922=AXIS2_PLACEMENT_3D('',#13944,#8480,#8481);
#6923=AXIS2_PLACEMENT_3D('',#13948,#8484,#8485);
#6924=AXIS2_PLACEMENT_3D('',#13950,#8487,#8488);
#6925=AXIS2_PLACEMENT_3D('',#13952,#8489,#8490);
#6926=AXIS2_PLACEMENT_3D('',#13955,#8492,#8493);
#6927=AXIS2_PLACEMENT_3D('',#13956,#8494,#8495);
#6928=AXIS2_PLACEMENT_3D('',#13957,#8496,#8497);
#6929=AXIS2_PLACEMENT_3D('',#13958,#8498,#8499);
#6930=AXIS2_PLACEMENT_3D('',#13960,#8501,#8502);
#6931=AXIS2_PLACEMENT_3D('',#13963,#8504,#8505);
#6932=AXIS2_PLACEMENT_3D('',#13964,#8506,#8507);
#6933=AXIS2_PLACEMENT_3D('',#13965,#8508,#8509);
#6934=AXIS2_PLACEMENT_3D('',#13981,#8511,#8512);
#6935=AXIS2_PLACEMENT_3D('',#13989,#8513,#8514);
#6936=AXIS2_PLACEMENT_3D('',#14037,#8516,#8517);
#6937=AXIS2_PLACEMENT_3D('',#14091,#8519,#8520);
#6938=AXIS2_PLACEMENT_3D('',#14139,#8522,#8523);
#6939=AXIS2_PLACEMENT_3D('',#14151,#8525,#8526);
#6940=AXIS2_PLACEMENT_3D('',#14156,#8527,#8528);
#6941=AXIS2_PLACEMENT_3D('',#14181,#8530,#8531);
#6942=AXIS2_PLACEMENT_3D('',#14206,#8533,#8534);
#6943=AXIS2_PLACEMENT_3D('',#14231,#8536,#8537);
#6944=AXIS2_PLACEMENT_3D('',#14240,#8542,#8543);
#6945=AXIS2_PLACEMENT_3D('',#14246,#8547,#8548);
#6946=AXIS2_PLACEMENT_3D('',#14252,#8552,#8553);
#6947=AXIS2_PLACEMENT_3D('',#14255,#8556,#8557);
#6948=AXIS2_PLACEMENT_3D('',#14595,#8558,#8559);
#6949=AXIS2_PLACEMENT_3D('',#14597,#8560,#8561);
#6950=AXIS2_PLACEMENT_3D('',#14935,#8562,#8563);
#6951=AXIS2_PLACEMENT_3D('',#14936,#8564,#8565);
#6952=AXIS2_PLACEMENT_3D('',#14937,#8566,#8567);
#6953=AXIS2_PLACEMENT_3D('',#14938,#8568,#8569);
#6954=AXIS2_PLACEMENT_3D('',#14940,#8570,#8571);
#6955=AXIS2_PLACEMENT_3D('',#14943,#8573,#8574);
#6956=AXIS2_PLACEMENT_3D('',#14944,#8575,#8576);
#6957=AXIS2_PLACEMENT_3D('',#14945,#8577,#8578);
#6958=DIRECTION('axis',(0.,0.,1.));
#6959=DIRECTION('refdir',(1.,0.,0.));
#6960=DIRECTION('center_axis',(0.,1.,0.));
#6961=DIRECTION('ref_axis',(-0.34689254622856,0.,0.93790487863699));
#6962=DIRECTION('',(0.,1.,0.));
#6963=DIRECTION('center_axis',(0.,1.,0.));
#6964=DIRECTION('ref_axis',(1.,0.,0.));
#6965=DIRECTION('center_axis',(0.,1.,0.));
#6966=DIRECTION('ref_axis',(1.,0.,0.));
#6967=DIRECTION('',(0.,1.,0.));
#6968=DIRECTION('center_axis',(0.,1.,0.));
#6969=DIRECTION('ref_axis',(1.,0.,0.));
#6970=DIRECTION('',(0.,1.,0.));
#6971=DIRECTION('center_axis',(0.,1.,0.));
#6972=DIRECTION('ref_axis',(0.938032729266986,0.,-0.346546676255781));
#6973=DIRECTION('',(0.,1.,0.));
#6974=DIRECTION('center_axis',(0.,-1.,0.));
#6975=DIRECTION('ref_axis',(1.,0.,0.));
#6976=DIRECTION('center_axis',(0.,1.,0.));
#6977=DIRECTION('ref_axis',(-0.346892462672545,0.,0.937904909540929));
#6978=DIRECTION('',(0.,1.,0.));
#6979=DIRECTION('center_axis',(0.,1.,0.));
#6980=DIRECTION('ref_axis',(1.,0.,0.));
#6981=DIRECTION('center_axis',(0.,1.,0.));
#6982=DIRECTION('ref_axis',(1.,0.,0.));
#6983=DIRECTION('',(0.,1.,0.));
#6984=DIRECTION('center_axis',(0.,1.,0.));
#6985=DIRECTION('ref_axis',(1.,0.,0.));
#6986=DIRECTION('',(0.,1.,0.));
#6987=DIRECTION('center_axis',(0.,1.,0.));
#6988=DIRECTION('ref_axis',(0.938032709123802,0.,-0.346546730779359));
#6989=DIRECTION('',(0.,1.,0.));
#6990=DIRECTION('center_axis',(0.,-1.,0.));
#6991=DIRECTION('ref_axis',(1.,0.,0.));
#6992=DIRECTION('center_axis',(0.,1.,0.));
#6993=DIRECTION('ref_axis',(-0.346785737621887,0.,0.93794437584648));
#6994=DIRECTION('',(0.,1.,0.));
#6995=DIRECTION('center_axis',(0.,1.,0.));
#6996=DIRECTION('ref_axis',(1.,0.,0.));
#6997=DIRECTION('center_axis',(0.,1.,0.));
#6998=DIRECTION('ref_axis',(1.,0.,0.));
#6999=DIRECTION('',(0.,1.,0.));
#7000=DIRECTION('center_axis',(0.,1.,0.));
#7001=DIRECTION('ref_axis',(1.,0.,0.));
#7002=DIRECTION('',(0.,1.,0.));
#7003=DIRECTION('center_axis',(0.,1.,0.));
#7004=DIRECTION('ref_axis',(0.938044533709176,0.,-0.346514722311094));
#7005=DIRECTION('',(0.,1.,0.));
#7006=DIRECTION('center_axis',(0.,-1.,0.));
#7007=DIRECTION('ref_axis',(1.,0.,0.));
#7008=DIRECTION('center_axis',(0.,1.,0.));
#7009=DIRECTION('ref_axis',(0.7931775289909,0.,0.608990482276932));
#7010=DIRECTION('',(1.22464679914735E-16,1.,6.92797982949378E-31));
#7011=DIRECTION('center_axis',(0.,-1.,0.));
#7012=DIRECTION('ref_axis',(1.,0.,5.77958952139336E-15));
#7013=DIRECTION('center_axis',(0.,1.,0.));
#7014=DIRECTION('ref_axis',(1.,0.,5.77958952139336E-15));
#7015=DIRECTION('',(1.22464679914735E-16,1.,6.92797982949378E-31));
#7016=DIRECTION('center_axis',(0.,1.,0.));
#7017=DIRECTION('ref_axis',(1.,0.,5.77958952139336E-15));
#7018=DIRECTION('',(1.22464679914735E-16,1.,6.92797982949378E-31));
#7019=DIRECTION('center_axis',(0.,1.,0.));
#7020=DIRECTION('ref_axis',(-0.608887273835797,0.,-0.79325676029947));
#7021=DIRECTION('',(1.22464679914735E-16,1.,6.92797982949378E-31));
#7022=DIRECTION('center_axis',(0.,1.,0.));
#7023=DIRECTION('ref_axis',(1.,0.,5.77958952139336E-15));
#7024=DIRECTION('center_axis',(0.,1.,0.));
#7025=DIRECTION('ref_axis',(0.793156810469873,0.,0.609017466092113));
#7026=DIRECTION('',(1.22464679914735E-16,1.,1.40059356372539E-30));
#7027=DIRECTION('center_axis',(0.,-1.,0.));
#7028=DIRECTION('ref_axis',(1.,0.,1.15591790427869E-14));
#7029=DIRECTION('center_axis',(0.,1.,0.));
#7030=DIRECTION('ref_axis',(1.,0.,1.15591790427869E-14));
#7031=DIRECTION('',(1.22464679914735E-16,1.,1.40059356372539E-30));
#7032=DIRECTION('center_axis',(0.,1.,0.));
#7033=DIRECTION('ref_axis',(1.,0.,1.15591790427869E-14));
#7034=DIRECTION('',(1.22464679914735E-16,1.,1.40059356372539E-30));
#7035=DIRECTION('center_axis',(0.,1.,0.));
#7036=DIRECTION('ref_axis',(-0.608914332949272,0.,-0.793235989557296));
#7037=DIRECTION('',(1.22464679914735E-16,1.,1.40059356372539E-30));
#7038=DIRECTION('center_axis',(0.,1.,0.));
#7039=DIRECTION('ref_axis',(1.,0.,1.15591790427869E-14));
#7040=DIRECTION('center_axis',(0.,1.,0.));
#7041=DIRECTION('ref_axis',(0.79315685350244,0.,0.609017410048439));
#7042=DIRECTION('',(1.22464679914735E-16,1.,6.92797982949387E-31));
#7043=DIRECTION('center_axis',(0.,-1.,0.));
#7044=DIRECTION('ref_axis',(1.,0.,5.77958952139344E-15));
#7045=DIRECTION('center_axis',(0.,1.,0.));
#7046=DIRECTION('ref_axis',(1.,0.,5.77958952139344E-15));
#7047=DIRECTION('',(1.22464679914735E-16,1.,6.92797982949387E-31));
#7048=DIRECTION('center_axis',(0.,1.,0.));
#7049=DIRECTION('ref_axis',(1.,0.,5.77958952139344E-15));
#7050=DIRECTION('',(1.22464679914735E-16,1.,6.92797982949387E-31));
#7051=DIRECTION('center_axis',(0.,1.,0.));
#7052=DIRECTION('ref_axis',(-0.608914449631302,0.,-0.793235899988275));
#7053=DIRECTION('',(1.22464679914735E-16,1.,6.92797982949387E-31));
#7054=DIRECTION('center_axis',(0.,1.,0.));
#7055=DIRECTION('ref_axis',(1.,0.,5.77958952139344E-15));
#7056=DIRECTION('center_axis',(0.,1.,0.));
#7057=DIRECTION('ref_axis',(1.,0.,5.77958952139344E-15));
#7058=DIRECTION('center_axis',(0.,1.,0.));
#7059=DIRECTION('ref_axis',(1.,0.,1.15591790427869E-14));
#7060=DIRECTION('center_axis',(0.,1.,0.));
#7061=DIRECTION('ref_axis',(1.,0.,5.77958952139336E-15));
#7062=DIRECTION('center_axis',(0.,1.,0.));
#7063=DIRECTION('ref_axis',(1.,0.,0.));
#7064=DIRECTION('center_axis',(0.,-1.,0.));
#7065=DIRECTION('ref_axis',(1.,0.,0.));
#7066=DIRECTION('center_axis',(0.,1.,0.));
#7067=DIRECTION('ref_axis',(1.,0.,0.));
#7068=DIRECTION('center_axis',(0.,-1.,0.));
#7069=DIRECTION('ref_axis',(1.,0.,0.));
#7070=DIRECTION('center_axis',(0.,1.,0.));
#7071=DIRECTION('ref_axis',(1.,0.,0.));
#7072=DIRECTION('center_axis',(0.,-1.,0.));
#7073=DIRECTION('ref_axis',(1.,0.,0.));
#7074=DIRECTION('center_axis',(1.,0.,0.));
#7075=DIRECTION('ref_axis',(0.,0.,-1.));
#7076=DIRECTION('',(0.,0.,-1.));
#7077=DIRECTION('',(0.,1.,0.));
#7078=DIRECTION('',(0.,0.,-1.));
#7079=DIRECTION('',(0.,1.,0.));
#7080=DIRECTION('center_axis',(0.,0.,1.));
#7081=DIRECTION('ref_axis',(1.,0.,0.));
#7082=DIRECTION('',(1.,0.,0.));
#7083=DIRECTION('',(0.,1.,0.));
#7084=DIRECTION('',(1.,0.,0.));
#7085=DIRECTION('center_axis',(-1.,0.,0.));
#7086=DIRECTION('ref_axis',(0.,0.,1.));
#7087=DIRECTION('',(0.,0.,1.));
#7088=DIRECTION('',(0.,1.,0.));
#7089=DIRECTION('',(0.,0.,1.));
#7090=DIRECTION('center_axis',(0.,0.,-1.));
#7091=DIRECTION('ref_axis',(-1.,0.,0.));
#7092=DIRECTION('',(-1.,0.,0.));
#7093=DIRECTION('',(-1.,0.,0.));
#7094=DIRECTION('center_axis',(0.,1.,0.));
#7095=DIRECTION('ref_axis',(0.,0.,1.));
#7096=DIRECTION('center_axis',(-1.,0.,-2.11471052309554E-16));
#7097=DIRECTION('ref_axis',(-2.11471052309554E-16,0.,1.));
#7098=DIRECTION('',(-2.11471052309554E-16,0.,1.));
#7099=DIRECTION('',(0.,1.,0.));
#7100=DIRECTION('',(-2.11471052309554E-16,0.,1.));
#7101=DIRECTION('',(0.,1.,0.));
#7102=DIRECTION('center_axis',(0.,0.,-1.));
#7103=DIRECTION('ref_axis',(-1.,0.,0.));
#7104=DIRECTION('',(-1.,0.,0.));
#7105=DIRECTION('',(0.,1.,0.));
#7106=DIRECTION('',(-1.,0.,0.));
#7107=DIRECTION('center_axis',(1.,0.,0.));
#7108=DIRECTION('ref_axis',(0.,0.,-1.));
#7109=DIRECTION('',(0.,0.,-1.));
#7110=DIRECTION('',(0.,1.,0.));
#7111=DIRECTION('',(0.,0.,-1.));
#7112=DIRECTION('center_axis',(-1.48029736616688E-16,0.,1.));
#7113=DIRECTION('ref_axis',(1.,0.,1.48029736616688E-16));
#7114=DIRECTION('',(1.,0.,1.48029736616688E-16));
#7115=DIRECTION('',(1.,0.,1.48029736616688E-16));
#7116=DIRECTION('center_axis',(0.,1.,0.));
#7117=DIRECTION('ref_axis',(0.,0.,1.));
#7118=DIRECTION('center_axis',(0.,0.,-1.));
#7119=DIRECTION('ref_axis',(-1.,0.,0.));
#7120=DIRECTION('',(-1.,0.,0.));
#7121=DIRECTION('',(0.,1.,0.));
#7122=DIRECTION('',(-1.,0.,0.));
#7123=DIRECTION('',(0.,1.,0.));
#7124=DIRECTION('center_axis',(1.,0.,0.));
#7125=DIRECTION('ref_axis',(0.,0.,-1.));
#7126=DIRECTION('',(0.,0.,-1.));
#7127=DIRECTION('',(0.,1.,0.));
#7128=DIRECTION('',(0.,0.,-1.));
#7129=DIRECTION('center_axis',(0.,0.,1.));
#7130=DIRECTION('ref_axis',(1.,0.,0.));
#7131=DIRECTION('',(1.,0.,0.));
#7132=DIRECTION('',(0.,1.,0.));
#7133=DIRECTION('',(1.,0.,0.));
#7134=DIRECTION('center_axis',(-1.,0.,0.));
#7135=DIRECTION('ref_axis',(0.,0.,1.));
#7136=DIRECTION('',(0.,0.,1.));
#7137=DIRECTION('',(0.,0.,1.));
#7138=DIRECTION('center_axis',(0.,1.,0.));
#7139=DIRECTION('ref_axis',(0.,0.,1.));
#7140=DIRECTION('center_axis',(1.,0.,0.));
#7141=DIRECTION('ref_axis',(0.,0.,-1.));
#7142=DIRECTION('',(0.,0.,-1.));
#7143=DIRECTION('',(0.,1.,0.));
#7144=DIRECTION('',(0.,0.,-1.));
#7145=DIRECTION('',(0.,1.,0.));
#7146=DIRECTION('center_axis',(0.,0.,1.));
#7147=DIRECTION('ref_axis',(1.,0.,0.));
#7148=DIRECTION('',(1.,0.,0.));
#7149=DIRECTION('',(0.,1.,0.));
#7150=DIRECTION('',(1.,0.,0.));
#7151=DIRECTION('center_axis',(-1.,0.,0.));
#7152=DIRECTION('ref_axis',(0.,0.,1.));
#7153=DIRECTION('',(0.,0.,1.));
#7154=DIRECTION('',(0.,1.,0.));
#7155=DIRECTION('',(0.,0.,1.));
#7156=DIRECTION('center_axis',(-1.93082265152201E-16,0.,-1.));
#7157=DIRECTION('ref_axis',(-1.,0.,1.93082265152201E-16));
#7158=DIRECTION('',(-1.,0.,1.93082265152201E-16));
#7159=DIRECTION('',(-1.,0.,1.93082265152201E-16));
#7160=DIRECTION('center_axis',(0.,1.,0.));
#7161=DIRECTION('ref_axis',(0.,0.,1.));
#7162=DIRECTION('center_axis',(-1.,0.,0.));
#7163=DIRECTION('ref_axis',(0.,0.,1.));
#7164=DIRECTION('',(0.,0.,-1.));
#7165=DIRECTION('',(0.,1.,0.));
#7166=DIRECTION('',(0.,0.,1.));
#7167=DIRECTION('',(0.,1.,0.));
#7168=DIRECTION('center_axis',(0.,0.,-1.));
#7169=DIRECTION('ref_axis',(-1.,0.,0.));
#7170=DIRECTION('',(1.,0.,0.));
#7171=DIRECTION('',(-1.,0.,0.));
#7172=DIRECTION('',(0.,1.,0.));
#7173=DIRECTION('center_axis',(1.,0.,1.43834561894757E-16));
#7174=DIRECTION('ref_axis',(1.43834561894757E-16,0.,-1.));
#7175=DIRECTION('',(-1.43834561894757E-16,0.,1.));
#7176=DIRECTION('',(1.43834561894757E-16,0.,-1.));
#7177=DIRECTION('',(0.,1.,0.));
#7178=DIRECTION('center_axis',(-1.,0.,0.));
#7179=DIRECTION('ref_axis',(0.,0.,1.));
#7180=DIRECTION('',(0.,0.,-1.));
#7181=DIRECTION('',(0.,1.,0.));
#7182=DIRECTION('',(0.,0.,1.));
#7183=DIRECTION('',(0.,1.,0.));
#7184=DIRECTION('center_axis',(0.,0.,1.));
#7185=DIRECTION('ref_axis',(1.,0.,0.));
#7186=DIRECTION('',(-1.,0.,0.));
#7187=DIRECTION('',(1.,0.,0.));
#7188=DIRECTION('',(0.,1.,0.));
#7189=DIRECTION('center_axis',(1.,0.,0.));
#7190=DIRECTION('ref_axis',(0.,0.,-1.));
#7191=DIRECTION('',(0.,0.,1.));
#7192=DIRECTION('',(0.,0.,-1.));
#7193=DIRECTION('',(0.,1.,0.));
#7194=DIRECTION('center_axis',(0.,1.,0.));
#7195=DIRECTION('ref_axis',(0.,0.,1.));
#7196=DIRECTION('',(1.,0.,0.));
#7197=DIRECTION('',(1.,0.,0.));
#7198=DIRECTION('center_axis',(0.,1.,0.));
#7199=DIRECTION('ref_axis',(1.,0.,0.));
#7200=DIRECTION('center_axis',(0.,-1.,0.));
#7201=DIRECTION('ref_axis',(1.,0.,0.));
#7202=DIRECTION('',(0.,-1.,0.));
#7203=DIRECTION('center_axis',(0.,-1.,0.));
#7204=DIRECTION('ref_axis',(1.,0.,0.));
#7205=DIRECTION('center_axis',(0.,1.,0.));
#7206=DIRECTION('ref_axis',(1.,0.,0.));
#7207=DIRECTION('center_axis',(0.,-1.,0.));
#7208=DIRECTION('ref_axis',(1.,0.,0.));
#7209=DIRECTION('',(0.,-1.,0.));
#7210=DIRECTION('center_axis',(0.,-1.,0.));
#7211=DIRECTION('ref_axis',(1.,0.,0.));
#7212=DIRECTION('center_axis',(0.,1.,0.));
#7213=DIRECTION('ref_axis',(1.,0.,0.));
#7214=DIRECTION('',(1.,0.,0.));
#7215=DIRECTION('',(0.,0.,1.));
#7216=DIRECTION('',(1.,0.,0.));
#7217=DIRECTION('',(0.,0.,-1.));
#7218=DIRECTION('center_axis',(1.,0.,0.));
#7219=DIRECTION('ref_axis',(0.,0.,-1.));
#7220=DIRECTION('',(0.,1.,0.));
#7221=DIRECTION('',(0.,0.,-1.));
#7222=DIRECTION('',(0.,1.,0.));
#7223=DIRECTION('center_axis',(0.,0.,1.));
#7224=DIRECTION('ref_axis',(1.,0.,0.));
#7225=DIRECTION('',(0.,1.,0.));
#7226=DIRECTION('',(1.,0.,0.));
#7227=DIRECTION('center_axis',(-1.,0.,0.));
#7228=DIRECTION('ref_axis',(0.,0.,1.));
#7229=DIRECTION('',(0.,1.,0.));
#7230=DIRECTION('',(0.,0.,1.));
#7231=DIRECTION('center_axis',(0.,1.,0.));
#7232=DIRECTION('ref_axis',(1.,0.,0.));
#7233=DIRECTION('center_axis',(0.,-1.,0.));
#7234=DIRECTION('ref_axis',(1.,0.,0.));
#7235=DIRECTION('',(0.,-1.,0.));
#7236=DIRECTION('center_axis',(0.,-1.,0.));
#7237=DIRECTION('ref_axis',(1.,0.,0.));
#7238=DIRECTION('center_axis',(0.,1.,0.));
#7239=DIRECTION('ref_axis',(1.,0.,0.));
#7240=DIRECTION('center_axis',(0.,-1.,0.));
#7241=DIRECTION('ref_axis',(1.,0.,0.));
#7242=DIRECTION('',(0.,-1.,0.));
#7243=DIRECTION('center_axis',(0.,-1.,0.));
#7244=DIRECTION('ref_axis',(1.,0.,0.));
#7245=DIRECTION('center_axis',(0.,1.,0.));
#7246=DIRECTION('ref_axis',(1.,0.,0.));
#7247=DIRECTION('',(-1.,0.,0.));
#7248=DIRECTION('',(0.,0.,-1.));
#7249=DIRECTION('',(-1.,0.,0.));
#7250=DIRECTION('',(1.33226762955019E-14,0.,1.));
#7251=DIRECTION('center_axis',(-1.,0.,1.33226762955019E-14));
#7252=DIRECTION('ref_axis',(1.33226762955019E-14,0.,1.));
#7253=DIRECTION('',(0.,1.,0.));
#7254=DIRECTION('',(1.33226762955019E-14,0.,1.));
#7255=DIRECTION('',(0.,1.,0.));
#7256=DIRECTION('center_axis',(0.,0.,-1.));
#7257=DIRECTION('ref_axis',(-1.,0.,0.));
#7258=DIRECTION('',(0.,1.,0.));
#7259=DIRECTION('',(-1.,0.,0.));
#7260=DIRECTION('center_axis',(1.,0.,0.));
#7261=DIRECTION('ref_axis',(0.,0.,-1.));
#7262=DIRECTION('',(0.,1.,0.));
#7263=DIRECTION('',(0.,0.,-1.));
#7264=DIRECTION('center_axis',(0.,1.,0.));
#7265=DIRECTION('ref_axis',(1.,0.,0.));
#7266=DIRECTION('center_axis',(0.,-1.,0.));
#7267=DIRECTION('ref_axis',(1.,0.,0.));
#7268=DIRECTION('',(0.,-1.,0.));
#7269=DIRECTION('center_axis',(0.,-1.,0.));
#7270=DIRECTION('ref_axis',(1.,0.,0.));
#7271=DIRECTION('center_axis',(0.,1.,0.));
#7272=DIRECTION('ref_axis',(1.,0.,0.));
#7273=DIRECTION('center_axis',(0.,-1.,0.));
#7274=DIRECTION('ref_axis',(1.,0.,0.));
#7275=DIRECTION('',(0.,-1.,0.));
#7276=DIRECTION('center_axis',(0.,-1.,0.));
#7277=DIRECTION('ref_axis',(1.,0.,0.));
#7278=DIRECTION('center_axis',(0.,1.,0.));
#7279=DIRECTION('ref_axis',(1.,0.,0.));
#7280=DIRECTION('',(0.,0.,-1.));
#7281=DIRECTION('',(1.,0.,0.));
#7282=DIRECTION('',(0.,0.,1.));
#7283=DIRECTION('',(1.,0.,0.));
#7284=DIRECTION('center_axis',(-1.,0.,0.));
#7285=DIRECTION('ref_axis',(0.,0.,1.));
#7286=DIRECTION('',(0.,1.,0.));
#7287=DIRECTION('',(0.,0.,1.));
#7288=DIRECTION('',(0.,1.,0.));
#7289=DIRECTION('center_axis',(0.,1.,0.));
#7290=DIRECTION('ref_axis',(1.,0.,0.));
#7291=DIRECTION('center_axis',(0.,-1.,0.));
#7292=DIRECTION('ref_axis',(1.,0.,0.));
#7293=DIRECTION('',(0.,-1.,0.));
#7294=DIRECTION('center_axis',(0.,-1.,0.));
#7295=DIRECTION('ref_axis',(1.,0.,0.));
#7296=DIRECTION('center_axis',(0.,1.,0.));
#7297=DIRECTION('ref_axis',(1.,0.,0.));
#7298=DIRECTION('center_axis',(0.,-1.,0.));
#7299=DIRECTION('ref_axis',(1.,0.,0.));
#7300=DIRECTION('',(0.,-1.,0.));
#7301=DIRECTION('center_axis',(0.,-1.,0.));
#7302=DIRECTION('ref_axis',(1.,0.,0.));
#7303=DIRECTION('center_axis',(0.,1.,0.));
#7304=DIRECTION('ref_axis',(1.,0.,0.));
#7305=DIRECTION('',(-1.,0.,4.73695157173401E-15));
#7306=DIRECTION('',(0.,0.,1.));
#7307=DIRECTION('',(-1.,0.,0.));
#7308=DIRECTION('',(1.33226762955018E-14,0.,-1.));
#7309=DIRECTION('center_axis',(-1.,0.,0.));
#7310=DIRECTION('ref_axis',(0.,0.,1.));
#7311=DIRECTION('',(0.,1.,0.));
#7312=DIRECTION('',(0.,0.,1.));
#7313=DIRECTION('',(0.,1.,0.));
#7314=DIRECTION('center_axis',(0.,0.,1.));
#7315=DIRECTION('ref_axis',(1.,0.,0.));
#7316=DIRECTION('',(-1.,0.,0.));
#7317=DIRECTION('',(0.,1.,0.));
#7318=DIRECTION('',(1.,0.,0.));
#7319=DIRECTION('',(1.,0.,0.));
#7320=DIRECTION('',(0.,1.,0.));
#7321=DIRECTION('',(1.,0.,0.));
#7322=DIRECTION('',(0.,1.,0.));
#7323=DIRECTION('center_axis',(0.,0.,-1.));
#7324=DIRECTION('ref_axis',(-1.,0.,0.));
#7325=DIRECTION('',(1.,0.,0.));
#7326=DIRECTION('',(0.,1.,0.));
#7327=DIRECTION('',(-1.,0.,0.));
#7328=DIRECTION('',(0.,1.,0.));
#7329=DIRECTION('',(-1.,0.,0.));
#7330=DIRECTION('',(0.,1.,0.));
#7331=DIRECTION('center_axis',(0.,1.,0.));
#7332=DIRECTION('ref_axis',(1.,0.,0.));
#7333=DIRECTION('center_axis',(0.,-1.,0.));
#7334=DIRECTION('ref_axis',(1.,0.,0.));
#7335=DIRECTION('',(0.,-1.,0.));
#7336=DIRECTION('center_axis',(0.,-1.,0.));
#7337=DIRECTION('ref_axis',(1.,0.,0.));
#7338=DIRECTION('center_axis',(0.,1.,0.));
#7339=DIRECTION('ref_axis',(1.,0.,0.));
#7340=DIRECTION('center_axis',(0.,-1.,0.));
#7341=DIRECTION('ref_axis',(1.,0.,0.));
#7342=DIRECTION('',(0.,-1.,0.));
#7343=DIRECTION('center_axis',(0.,-1.,0.));
#7344=DIRECTION('ref_axis',(1.,0.,0.));
#7345=DIRECTION('center_axis',(-4.73695157173401E-15,0.,-1.));
#7346=DIRECTION('ref_axis',(-1.,0.,4.73695157173401E-15));
#7347=DIRECTION('',(0.,1.,0.));
#7348=DIRECTION('',(-1.,0.,4.73695157173401E-15));
#7349=DIRECTION('center_axis',(-1.,0.,0.));
#7350=DIRECTION('ref_axis',(0.,0.,1.));
#7351=DIRECTION('',(0.,0.,-1.));
#7352=DIRECTION('',(0.,0.,1.));
#7353=DIRECTION('center_axis',(0.,0.,1.));
#7354=DIRECTION('ref_axis',(1.,0.,0.));
#7355=DIRECTION('',(1.,0.,0.));
#7356=DIRECTION('',(0.,1.,0.));
#7357=DIRECTION('center_axis',(1.,0.,0.));
#7358=DIRECTION('ref_axis',(0.,0.,-1.));
#7359=DIRECTION('',(0.,0.,-1.));
#7360=DIRECTION('center_axis',(1.,0.,0.));
#7361=DIRECTION('ref_axis',(0.,0.,-1.));
#7362=DIRECTION('',(0.,0.,1.));
#7363=DIRECTION('',(0.,0.,-1.));
#7364=DIRECTION('',(0.,1.,0.));
#7365=DIRECTION('center_axis',(0.,0.,-1.));
#7366=DIRECTION('ref_axis',(-1.,0.,0.));
#7367=DIRECTION('',(1.,0.,0.));
#7368=DIRECTION('',(-1.,0.,0.));
#7369=DIRECTION('',(-1.,0.,0.));
#7370=DIRECTION('',(0.,1.,0.));
#7371=DIRECTION('center_axis',(1.,0.,0.));
#7372=DIRECTION('ref_axis',(0.,0.,-1.));
#7373=DIRECTION('',(0.,0.,1.));
#7374=DIRECTION('',(0.,0.,-1.));
#7375=DIRECTION('',(0.,1.,0.));
#7376=DIRECTION('center_axis',(0.,0.,-1.));
#7377=DIRECTION('ref_axis',(-1.,0.,0.));
#7378=DIRECTION('',(1.,0.,0.));
#7379=DIRECTION('',(-1.,0.,0.));
#7380=DIRECTION('',(0.,1.,0.));
#7381=DIRECTION('center_axis',(-1.,0.,0.));
#7382=DIRECTION('ref_axis',(0.,0.,1.));
#7383=DIRECTION('',(0.,0.,-1.));
#7384=DIRECTION('',(0.,0.,1.));
#7385=DIRECTION('center_axis',(1.,0.,1.33226762955018E-14));
#7386=DIRECTION('ref_axis',(1.33226762955018E-14,0.,-1.));
#7387=DIRECTION('',(1.33226762955018E-14,0.,-1.));
#7388=DIRECTION('center_axis',(0.,1.,0.));
#7389=DIRECTION('ref_axis',(1.,0.,0.));
#7390=DIRECTION('center_axis',(0.,-1.,0.));
#7391=DIRECTION('ref_axis',(1.,0.,0.));
#7392=DIRECTION('',(0.,-1.,0.));
#7393=DIRECTION('center_axis',(0.,-1.,0.));
#7394=DIRECTION('ref_axis',(1.,0.,0.));
#7395=DIRECTION('center_axis',(0.,1.,0.));
#7396=DIRECTION('ref_axis',(1.,0.,0.));
#7397=DIRECTION('center_axis',(0.,-1.,0.));
#7398=DIRECTION('ref_axis',(1.,0.,0.));
#7399=DIRECTION('',(0.,-1.,0.));
#7400=DIRECTION('center_axis',(0.,-1.,0.));
#7401=DIRECTION('ref_axis',(1.,0.,0.));
#7402=DIRECTION('center_axis',(0.,1.,0.));
#7403=DIRECTION('ref_axis',(1.,0.,0.));
#7404=DIRECTION('center_axis',(0.,-1.,0.));
#7405=DIRECTION('ref_axis',(1.,0.,0.));
#7406=DIRECTION('',(0.,-1.,0.));
#7407=DIRECTION('center_axis',(0.,-1.,0.));
#7408=DIRECTION('ref_axis',(1.,0.,0.));
#7409=DIRECTION('center_axis',(0.,1.,0.));
#7410=DIRECTION('ref_axis',(1.,0.,0.));
#7411=DIRECTION('center_axis',(0.,-1.,0.));
#7412=DIRECTION('ref_axis',(1.,0.,0.));
#7413=DIRECTION('',(0.,-1.,0.));
#7414=DIRECTION('center_axis',(0.,-1.,0.));
#7415=DIRECTION('ref_axis',(1.,0.,0.));
#7416=DIRECTION('center_axis',(0.,0.,1.));
#7417=DIRECTION('ref_axis',(1.,0.,0.));
#7418=DIRECTION('',(-1.,0.,0.));
#7419=DIRECTION('',(1.,0.,0.));
#7420=DIRECTION('center_axis',(0.,1.,0.));
#7421=DIRECTION('ref_axis',(1.,0.,0.));
#7422=DIRECTION('center_axis',(0.,1.,0.));
#7423=DIRECTION('ref_axis',(0.,0.,1.));
#7424=DIRECTION('center_axis',(0.,1.,0.));
#7425=DIRECTION('ref_axis',(1.,0.,0.));
#7426=DIRECTION('center_axis',(-1.,0.,0.));
#7427=DIRECTION('ref_axis',(0.,0.,-1.));
#7428=DIRECTION('',(0.,0.,1.));
#7429=DIRECTION('',(0.,-1.,0.));
#7430=DIRECTION('',(0.,0.,-1.));
#7431=DIRECTION('',(0.,-1.,0.));
#7432=DIRECTION('center_axis',(0.,0.,-1.));
#7433=DIRECTION('ref_axis',(1.,0.,0.));
#7434=DIRECTION('',(-1.,0.,0.));
#7435=DIRECTION('',(1.,0.,0.));
#7436=DIRECTION('',(0.,-1.,0.));
#7437=DIRECTION('center_axis',(1.,0.,0.));
#7438=DIRECTION('ref_axis',(0.,0.,1.));
#7439=DIRECTION('',(0.,0.,-1.));
#7440=DIRECTION('',(0.,0.,1.));
#7441=DIRECTION('',(0.,-1.,0.));
#7442=DIRECTION('center_axis',(0.,-1.,0.));
#7443=DIRECTION('ref_axis',(0.,0.,-1.));
#7444=DIRECTION('',(1.,0.,4.0264088359739E-14));
#7445=DIRECTION('',(1.,0.,4.0264088359739E-14));
#7446=DIRECTION('',(6.43025100235472E-16,0.,1.));
#7447=DIRECTION('',(-1.,0.,4.01693493283043E-14));
#7448=DIRECTION('',(-6.43025100235385E-16,0.,-1.));
#7449=DIRECTION('center_axis',(0.,1.,0.));
#7450=DIRECTION('ref_axis',(1.,0.,0.));
#7451=DIRECTION('',(1.,0.,4.0264088359739E-14));
#7452=DIRECTION('',(-1.,0.,0.));
#7453=DIRECTION('',(3.62521803959262E-16,0.,1.));
#7454=DIRECTION('',(1.,0.,0.));
#7455=DIRECTION('',(0.,0.,-1.));
#7456=DIRECTION('center_axis',(-1.,0.,3.62521803959262E-16));
#7457=DIRECTION('ref_axis',(3.62521803959262E-16,0.,1.));
#7458=DIRECTION('',(0.,1.,0.));
#7459=DIRECTION('',(3.62521803959262E-16,0.,1.));
#7460=DIRECTION('',(0.,1.,0.));
#7461=DIRECTION('center_axis',(0.,0.,1.));
#7462=DIRECTION('ref_axis',(1.,0.,0.));
#7463=DIRECTION('',(1.,0.,0.));
#7464=DIRECTION('',(0.,1.,0.));
#7465=DIRECTION('center_axis',(1.,0.,0.));
#7466=DIRECTION('ref_axis',(0.,0.,-1.));
#7467=DIRECTION('',(0.,0.,-1.));
#7468=DIRECTION('',(0.,1.,0.));
#7469=DIRECTION('center_axis',(0.,0.,-1.));
#7470=DIRECTION('ref_axis',(-1.,0.,0.));
#7471=DIRECTION('',(-1.,0.,0.));
#7472=DIRECTION('center_axis',(1.,0.,-6.43025100235472E-16));
#7473=DIRECTION('ref_axis',(-6.43025100235472E-16,0.,-1.));
#7474=DIRECTION('',(0.,-1.,0.));
#7475=DIRECTION('',(-6.43025100235472E-16,0.,-1.));
#7476=DIRECTION('',(0.,1.,0.));
#7477=DIRECTION('center_axis',(4.01693493283043E-14,0.,1.));
#7478=DIRECTION('ref_axis',(1.,0.,-4.01693493283043E-14));
#7479=DIRECTION('',(1.,0.,-4.01693493283043E-14));
#7480=DIRECTION('',(0.,1.,0.));
#7481=DIRECTION('center_axis',(-1.,0.,6.43025100235385E-16));
#7482=DIRECTION('ref_axis',(6.43025100235385E-16,0.,1.));
#7483=DIRECTION('',(6.43025100235385E-16,0.,1.));
#7484=DIRECTION('',(0.,1.,0.));
#7485=DIRECTION('center_axis',(4.0264088359739E-14,0.,-1.));
#7486=DIRECTION('ref_axis',(-1.,0.,-4.0264088359739E-14));
#7487=DIRECTION('',(-1.,0.,-4.0264088359739E-14));
#7488=DIRECTION('center_axis',(0.,1.,0.));
#7489=DIRECTION('ref_axis',(0.,0.,1.));
#7490=DIRECTION('center_axis',(0.,1.,0.));
#7491=DIRECTION('ref_axis',(1.,0.,0.));
#7492=DIRECTION('center_axis',(0.,1.,0.));
#7493=DIRECTION('ref_axis',(1.,0.,0.));
#7494=DIRECTION('',(0.,1.,0.));
#7495=DIRECTION('center_axis',(0.,-1.,0.));
#7496=DIRECTION('ref_axis',(1.,0.,0.));
#7497=DIRECTION('center_axis',(0.,1.,0.));
#7498=DIRECTION('ref_axis',(1.,0.,0.));
#7499=DIRECTION('center_axis',(0.,1.,0.));
#7500=DIRECTION('ref_axis',(1.,0.,0.));
#7501=DIRECTION('',(0.,1.,0.));
#7502=DIRECTION('center_axis',(0.,-1.,0.));
#7503=DIRECTION('ref_axis',(1.,0.,0.));
#7504=DIRECTION('center_axis',(0.,1.,0.));
#7505=DIRECTION('ref_axis',(1.,0.,0.));
#7506=DIRECTION('center_axis',(0.,1.,0.));
#7507=DIRECTION('ref_axis',(1.,0.,0.));
#7508=DIRECTION('',(0.,1.,0.));
#7509=DIRECTION('center_axis',(0.,-1.,0.));
#7510=DIRECTION('ref_axis',(1.,0.,0.));
#7511=DIRECTION('center_axis',(0.,1.,0.));
#7512=DIRECTION('ref_axis',(1.,0.,0.));
#7513=DIRECTION('center_axis',(0.,1.,0.));
#7514=DIRECTION('ref_axis',(1.,0.,0.));
#7515=DIRECTION('',(0.,1.,0.));
#7516=DIRECTION('center_axis',(0.,-1.,0.));
#7517=DIRECTION('ref_axis',(1.,0.,0.));
#7518=DIRECTION('center_axis',(0.,1.,0.));
#7519=DIRECTION('ref_axis',(1.,0.,0.));
#7520=DIRECTION('center_axis',(0.,1.,0.));
#7521=DIRECTION('ref_axis',(1.,0.,0.));
#7522=DIRECTION('',(0.,1.,0.));
#7523=DIRECTION('center_axis',(0.,-1.,0.));
#7524=DIRECTION('ref_axis',(1.,0.,0.));
#7525=DIRECTION('center_axis',(0.,1.,0.));
#7526=DIRECTION('ref_axis',(1.,0.,0.));
#7527=DIRECTION('center_axis',(0.,1.,0.));
#7528=DIRECTION('ref_axis',(1.,0.,0.));
#7529=DIRECTION('',(0.,1.,0.));
#7530=DIRECTION('center_axis',(0.,-1.,0.));
#7531=DIRECTION('ref_axis',(1.,0.,0.));
#7532=DIRECTION('center_axis',(0.,1.,0.));
#7533=DIRECTION('ref_axis',(1.,0.,0.));
#7534=DIRECTION('center_axis',(0.,1.,0.));
#7535=DIRECTION('ref_axis',(1.,0.,0.));
#7536=DIRECTION('',(0.,1.,0.));
#7537=DIRECTION('center_axis',(0.,-1.,0.));
#7538=DIRECTION('ref_axis',(1.,0.,0.));
#7539=DIRECTION('center_axis',(0.,1.,0.));
#7540=DIRECTION('ref_axis',(1.,0.,0.));
#7541=DIRECTION('center_axis',(0.,1.,0.));
#7542=DIRECTION('ref_axis',(1.,0.,0.));
#7543=DIRECTION('',(0.,1.,0.));
#7544=DIRECTION('center_axis',(0.,-1.,0.));
#7545=DIRECTION('ref_axis',(1.,0.,0.));
#7546=DIRECTION('center_axis',(0.,1.,0.));
#7547=DIRECTION('ref_axis',(1.,0.,0.));
#7548=DIRECTION('center_axis',(0.,1.,0.));
#7549=DIRECTION('ref_axis',(1.,0.,0.));
#7550=DIRECTION('',(0.,1.,0.));
#7551=DIRECTION('center_axis',(0.,-1.,0.));
#7552=DIRECTION('ref_axis',(1.,0.,0.));
#7553=DIRECTION('center_axis',(0.,1.,0.));
#7554=DIRECTION('ref_axis',(1.,0.,0.));
#7555=DIRECTION('center_axis',(0.,1.,0.));
#7556=DIRECTION('ref_axis',(1.,0.,0.));
#7557=DIRECTION('',(0.,1.,0.));
#7558=DIRECTION('center_axis',(0.,-1.,0.));
#7559=DIRECTION('ref_axis',(1.,0.,0.));
#7560=DIRECTION('center_axis',(0.,1.,0.));
#7561=DIRECTION('ref_axis',(1.,0.,0.));
#7562=DIRECTION('center_axis',(0.,1.,0.));
#7563=DIRECTION('ref_axis',(1.,0.,0.));
#7564=DIRECTION('',(0.,1.,0.));
#7565=DIRECTION('center_axis',(0.,-1.,0.));
#7566=DIRECTION('ref_axis',(1.,0.,0.));
#7567=DIRECTION('center_axis',(0.,1.,0.));
#7568=DIRECTION('ref_axis',(1.,0.,0.));
#7569=DIRECTION('center_axis',(0.,1.,0.));
#7570=DIRECTION('ref_axis',(1.,0.,0.));
#7571=DIRECTION('',(0.,1.,0.));
#7572=DIRECTION('center_axis',(0.,-1.,0.));
#7573=DIRECTION('ref_axis',(1.,0.,0.));
#7574=DIRECTION('center_axis',(0.,1.,0.));
#7575=DIRECTION('ref_axis',(1.,0.,0.));
#7576=DIRECTION('center_axis',(0.,1.,0.));
#7577=DIRECTION('ref_axis',(1.,0.,0.));
#7578=DIRECTION('',(0.,1.,0.));
#7579=DIRECTION('center_axis',(0.,-1.,0.));
#7580=DIRECTION('ref_axis',(1.,0.,0.));
#7581=DIRECTION('center_axis',(0.,1.,0.));
#7582=DIRECTION('ref_axis',(1.,0.,0.));
#7583=DIRECTION('center_axis',(0.,1.,0.));
#7584=DIRECTION('ref_axis',(1.,0.,0.));
#7585=DIRECTION('',(0.,1.,0.));
#7586=DIRECTION('center_axis',(0.,-1.,0.));
#7587=DIRECTION('ref_axis',(1.,0.,0.));
#7588=DIRECTION('center_axis',(0.,1.,0.));
#7589=DIRECTION('ref_axis',(1.,0.,0.));
#7590=DIRECTION('center_axis',(0.,1.,0.));
#7591=DIRECTION('ref_axis',(1.,0.,0.));
#7592=DIRECTION('',(0.,1.,0.));
#7593=DIRECTION('center_axis',(0.,-1.,0.));
#7594=DIRECTION('ref_axis',(1.,0.,0.));
#7595=DIRECTION('center_axis',(0.,1.,0.));
#7596=DIRECTION('ref_axis',(1.,0.,0.));
#7597=DIRECTION('center_axis',(0.,1.,0.));
#7598=DIRECTION('ref_axis',(1.,0.,0.));
#7599=DIRECTION('',(0.,1.,0.));
#7600=DIRECTION('center_axis',(0.,-1.,0.));
#7601=DIRECTION('ref_axis',(1.,0.,0.));
#7602=DIRECTION('center_axis',(0.,1.,0.));
#7603=DIRECTION('ref_axis',(1.,0.,0.));
#7604=DIRECTION('center_axis',(0.,1.,0.));
#7605=DIRECTION('ref_axis',(1.,0.,0.));
#7606=DIRECTION('',(0.,1.,0.));
#7607=DIRECTION('center_axis',(0.,-1.,0.));
#7608=DIRECTION('ref_axis',(1.,0.,0.));
#7609=DIRECTION('center_axis',(0.,1.,0.));
#7610=DIRECTION('ref_axis',(1.,0.,0.));
#7611=DIRECTION('center_axis',(0.,1.,0.));
#7612=DIRECTION('ref_axis',(1.,0.,0.));
#7613=DIRECTION('',(0.,1.,0.));
#7614=DIRECTION('center_axis',(0.,-1.,0.));
#7615=DIRECTION('ref_axis',(1.,0.,0.));
#7616=DIRECTION('center_axis',(0.,1.,0.));
#7617=DIRECTION('ref_axis',(1.,0.,0.));
#7618=DIRECTION('center_axis',(0.,1.,0.));
#7619=DIRECTION('ref_axis',(1.,0.,0.));
#7620=DIRECTION('',(0.,1.,0.));
#7621=DIRECTION('center_axis',(0.,-1.,0.));
#7622=DIRECTION('ref_axis',(1.,0.,0.));
#7623=DIRECTION('center_axis',(0.,1.,0.));
#7624=DIRECTION('ref_axis',(1.,0.,0.));
#7625=DIRECTION('center_axis',(0.,1.,0.));
#7626=DIRECTION('ref_axis',(1.,0.,0.));
#7627=DIRECTION('',(0.,1.,0.));
#7628=DIRECTION('center_axis',(0.,-1.,0.));
#7629=DIRECTION('ref_axis',(1.,0.,0.));
#7630=DIRECTION('center_axis',(0.,1.,0.));
#7631=DIRECTION('ref_axis',(1.,0.,0.));
#7632=DIRECTION('center_axis',(0.,1.,0.));
#7633=DIRECTION('ref_axis',(1.,0.,0.));
#7634=DIRECTION('',(0.,1.,0.));
#7635=DIRECTION('center_axis',(0.,-1.,0.));
#7636=DIRECTION('ref_axis',(1.,0.,0.));
#7637=DIRECTION('center_axis',(0.,1.,0.));
#7638=DIRECTION('ref_axis',(1.,0.,0.));
#7639=DIRECTION('center_axis',(0.,1.,0.));
#7640=DIRECTION('ref_axis',(1.,0.,0.));
#7641=DIRECTION('',(0.,1.,0.));
#7642=DIRECTION('center_axis',(0.,-1.,0.));
#7643=DIRECTION('ref_axis',(1.,0.,0.));
#7644=DIRECTION('center_axis',(0.,1.,0.));
#7645=DIRECTION('ref_axis',(1.,0.,0.));
#7646=DIRECTION('center_axis',(0.,1.,0.));
#7647=DIRECTION('ref_axis',(1.,0.,0.));
#7648=DIRECTION('',(0.,1.,0.));
#7649=DIRECTION('center_axis',(0.,-1.,0.));
#7650=DIRECTION('ref_axis',(1.,0.,0.));
#7651=DIRECTION('center_axis',(0.,1.,0.));
#7652=DIRECTION('ref_axis',(1.,0.,0.));
#7653=DIRECTION('center_axis',(0.,1.,0.));
#7654=DIRECTION('ref_axis',(1.,0.,0.));
#7655=DIRECTION('',(0.,1.,0.));
#7656=DIRECTION('center_axis',(0.,-1.,0.));
#7657=DIRECTION('ref_axis',(1.,0.,0.));
#7658=DIRECTION('center_axis',(0.,1.,0.));
#7659=DIRECTION('ref_axis',(1.,0.,0.));
#7660=DIRECTION('center_axis',(0.,1.,0.));
#7661=DIRECTION('ref_axis',(1.,0.,0.));
#7662=DIRECTION('',(0.,1.,0.));
#7663=DIRECTION('center_axis',(0.,-1.,0.));
#7664=DIRECTION('ref_axis',(1.,0.,0.));
#7665=DIRECTION('center_axis',(0.,1.,0.));
#7666=DIRECTION('ref_axis',(1.,0.,0.));
#7667=DIRECTION('center_axis',(0.,1.,0.));
#7668=DIRECTION('ref_axis',(1.,0.,0.));
#7669=DIRECTION('',(0.,1.,0.));
#7670=DIRECTION('center_axis',(0.,-1.,0.));
#7671=DIRECTION('ref_axis',(1.,0.,0.));
#7672=DIRECTION('center_axis',(0.,1.,0.));
#7673=DIRECTION('ref_axis',(1.,0.,0.));
#7674=DIRECTION('center_axis',(0.,1.,0.));
#7675=DIRECTION('ref_axis',(1.,0.,0.));
#7676=DIRECTION('',(0.,1.,0.));
#7677=DIRECTION('center_axis',(0.,-1.,0.));
#7678=DIRECTION('ref_axis',(1.,0.,0.));
#7679=DIRECTION('center_axis',(0.,1.,0.));
#7680=DIRECTION('ref_axis',(1.,0.,0.));
#7681=DIRECTION('center_axis',(0.,1.,0.));
#7682=DIRECTION('ref_axis',(1.,0.,0.));
#7683=DIRECTION('',(0.,1.,0.));
#7684=DIRECTION('center_axis',(0.,-1.,0.));
#7685=DIRECTION('ref_axis',(1.,0.,0.));
#7686=DIRECTION('center_axis',(0.,1.,0.));
#7687=DIRECTION('ref_axis',(1.,0.,0.));
#7688=DIRECTION('center_axis',(0.,1.,0.));
#7689=DIRECTION('ref_axis',(1.,0.,0.));
#7690=DIRECTION('',(0.,1.,0.));
#7691=DIRECTION('center_axis',(0.,-1.,0.));
#7692=DIRECTION('ref_axis',(1.,0.,0.));
#7693=DIRECTION('center_axis',(0.,1.,0.));
#7694=DIRECTION('ref_axis',(1.,0.,0.));
#7695=DIRECTION('center_axis',(0.,1.,0.));
#7696=DIRECTION('ref_axis',(1.,0.,0.));
#7697=DIRECTION('',(0.,1.,0.));
#7698=DIRECTION('center_axis',(0.,-1.,0.));
#7699=DIRECTION('ref_axis',(1.,0.,0.));
#7700=DIRECTION('center_axis',(0.,1.,0.));
#7701=DIRECTION('ref_axis',(1.,0.,0.));
#7702=DIRECTION('center_axis',(0.,1.,0.));
#7703=DIRECTION('ref_axis',(1.,0.,0.));
#7704=DIRECTION('',(0.,1.,0.));
#7705=DIRECTION('center_axis',(0.,-1.,0.));
#7706=DIRECTION('ref_axis',(1.,0.,0.));
#7707=DIRECTION('center_axis',(0.,1.,0.));
#7708=DIRECTION('ref_axis',(1.,0.,0.));
#7709=DIRECTION('center_axis',(0.,1.,0.));
#7710=DIRECTION('ref_axis',(1.,0.,0.));
#7711=DIRECTION('',(0.,1.,0.));
#7712=DIRECTION('center_axis',(0.,-1.,0.));
#7713=DIRECTION('ref_axis',(1.,0.,0.));
#7714=DIRECTION('center_axis',(0.,1.,0.));
#7715=DIRECTION('ref_axis',(1.,0.,0.));
#7716=DIRECTION('center_axis',(0.,1.,0.));
#7717=DIRECTION('ref_axis',(1.,0.,0.));
#7718=DIRECTION('',(0.,1.,0.));
#7719=DIRECTION('center_axis',(0.,-1.,0.));
#7720=DIRECTION('ref_axis',(1.,0.,0.));
#7721=DIRECTION('center_axis',(0.,1.,0.));
#7722=DIRECTION('ref_axis',(1.,0.,0.));
#7723=DIRECTION('center_axis',(0.,1.,0.));
#7724=DIRECTION('ref_axis',(1.,0.,0.));
#7725=DIRECTION('',(0.,1.,0.));
#7726=DIRECTION('center_axis',(0.,-1.,0.));
#7727=DIRECTION('ref_axis',(1.,0.,0.));
#7728=DIRECTION('center_axis',(0.,1.,0.));
#7729=DIRECTION('ref_axis',(1.,0.,0.));
#7730=DIRECTION('center_axis',(0.,1.,0.));
#7731=DIRECTION('ref_axis',(1.,0.,0.));
#7732=DIRECTION('',(0.,1.,0.));
#7733=DIRECTION('center_axis',(0.,-1.,0.));
#7734=DIRECTION('ref_axis',(1.,0.,0.));
#7735=DIRECTION('center_axis',(0.,1.,0.));
#7736=DIRECTION('ref_axis',(1.,0.,0.));
#7737=DIRECTION('center_axis',(0.,1.,0.));
#7738=DIRECTION('ref_axis',(1.,0.,0.));
#7739=DIRECTION('',(0.,1.,0.));
#7740=DIRECTION('center_axis',(0.,-1.,0.));
#7741=DIRECTION('ref_axis',(1.,0.,0.));
#7742=DIRECTION('center_axis',(0.,1.,0.));
#7743=DIRECTION('ref_axis',(1.,0.,0.));
#7744=DIRECTION('center_axis',(0.,1.,0.));
#7745=DIRECTION('ref_axis',(1.,0.,0.));
#7746=DIRECTION('',(0.,1.,0.));
#7747=DIRECTION('center_axis',(0.,-1.,0.));
#7748=DIRECTION('ref_axis',(1.,0.,0.));
#7749=DIRECTION('center_axis',(0.,1.,0.));
#7750=DIRECTION('ref_axis',(1.,0.,0.));
#7751=DIRECTION('center_axis',(0.,1.,0.));
#7752=DIRECTION('ref_axis',(1.,0.,0.));
#7753=DIRECTION('',(0.,1.,0.));
#7754=DIRECTION('center_axis',(0.,-1.,0.));
#7755=DIRECTION('ref_axis',(1.,0.,0.));
#7756=DIRECTION('center_axis',(0.,1.,0.));
#7757=DIRECTION('ref_axis',(1.,0.,0.));
#7758=DIRECTION('center_axis',(0.,1.,0.));
#7759=DIRECTION('ref_axis',(1.,0.,0.));
#7760=DIRECTION('',(0.,1.,0.));
#7761=DIRECTION('center_axis',(0.,-1.,0.));
#7762=DIRECTION('ref_axis',(1.,0.,0.));
#7763=DIRECTION('center_axis',(0.,1.,0.));
#7764=DIRECTION('ref_axis',(1.,0.,0.));
#7765=DIRECTION('center_axis',(0.,1.,0.));
#7766=DIRECTION('ref_axis',(1.,0.,0.));
#7767=DIRECTION('',(0.,1.,0.));
#7768=DIRECTION('center_axis',(0.,-1.,0.));
#7769=DIRECTION('ref_axis',(1.,0.,0.));
#7770=DIRECTION('center_axis',(0.,1.,0.));
#7771=DIRECTION('ref_axis',(1.,0.,0.));
#7772=DIRECTION('center_axis',(0.,1.,0.));
#7773=DIRECTION('ref_axis',(1.,0.,0.));
#7774=DIRECTION('',(0.,1.,0.));
#7775=DIRECTION('center_axis',(0.,-1.,0.));
#7776=DIRECTION('ref_axis',(1.,0.,0.));
#7777=DIRECTION('center_axis',(0.,1.,0.));
#7778=DIRECTION('ref_axis',(1.,0.,0.));
#7779=DIRECTION('center_axis',(0.,1.,0.));
#7780=DIRECTION('ref_axis',(1.,0.,0.));
#7781=DIRECTION('',(0.,1.,0.));
#7782=DIRECTION('center_axis',(0.,-1.,0.));
#7783=DIRECTION('ref_axis',(1.,0.,0.));
#7784=DIRECTION('center_axis',(0.,1.,0.));
#7785=DIRECTION('ref_axis',(1.,0.,0.));
#7786=DIRECTION('center_axis',(0.,1.,0.));
#7787=DIRECTION('ref_axis',(1.,0.,0.));
#7788=DIRECTION('',(0.,1.,0.));
#7789=DIRECTION('center_axis',(0.,-1.,0.));
#7790=DIRECTION('ref_axis',(1.,0.,0.));
#7791=DIRECTION('center_axis',(0.,1.,0.));
#7792=DIRECTION('ref_axis',(1.,0.,0.));
#7793=DIRECTION('center_axis',(0.,1.,0.));
#7794=DIRECTION('ref_axis',(1.,0.,0.));
#7795=DIRECTION('',(0.,1.,0.));
#7796=DIRECTION('center_axis',(0.,-1.,0.));
#7797=DIRECTION('ref_axis',(1.,0.,0.));
#7798=DIRECTION('center_axis',(0.,1.,0.));
#7799=DIRECTION('ref_axis',(1.,0.,0.));
#7800=DIRECTION('center_axis',(0.,1.,0.));
#7801=DIRECTION('ref_axis',(1.,0.,0.));
#7802=DIRECTION('',(0.,1.,0.));
#7803=DIRECTION('center_axis',(0.,-1.,0.));
#7804=DIRECTION('ref_axis',(1.,0.,0.));
#7805=DIRECTION('center_axis',(0.,1.,0.));
#7806=DIRECTION('ref_axis',(1.,0.,0.));
#7807=DIRECTION('center_axis',(0.,1.,0.));
#7808=DIRECTION('ref_axis',(1.,0.,0.));
#7809=DIRECTION('',(0.,1.,0.));
#7810=DIRECTION('center_axis',(0.,-1.,0.));
#7811=DIRECTION('ref_axis',(1.,0.,0.));
#7812=DIRECTION('center_axis',(0.,1.,0.));
#7813=DIRECTION('ref_axis',(1.,0.,0.));
#7814=DIRECTION('center_axis',(0.,1.,0.));
#7815=DIRECTION('ref_axis',(1.,0.,0.));
#7816=DIRECTION('',(0.,1.,0.));
#7817=DIRECTION('center_axis',(0.,-1.,0.));
#7818=DIRECTION('ref_axis',(1.,0.,0.));
#7819=DIRECTION('center_axis',(0.,1.,0.));
#7820=DIRECTION('ref_axis',(1.,0.,0.));
#7821=DIRECTION('center_axis',(0.,1.,0.));
#7822=DIRECTION('ref_axis',(1.,0.,0.));
#7823=DIRECTION('',(0.,1.,0.));
#7824=DIRECTION('center_axis',(0.,-1.,0.));
#7825=DIRECTION('ref_axis',(1.,0.,0.));
#7826=DIRECTION('center_axis',(0.,1.,0.));
#7827=DIRECTION('ref_axis',(1.,0.,0.));
#7828=DIRECTION('center_axis',(0.,1.,0.));
#7829=DIRECTION('ref_axis',(1.,0.,0.));
#7830=DIRECTION('',(0.,1.,0.));
#7831=DIRECTION('center_axis',(0.,-1.,0.));
#7832=DIRECTION('ref_axis',(1.,0.,0.));
#7833=DIRECTION('center_axis',(0.,1.,0.));
#7834=DIRECTION('ref_axis',(1.,0.,0.));
#7835=DIRECTION('center_axis',(0.,1.,0.));
#7836=DIRECTION('ref_axis',(1.,0.,0.));
#7837=DIRECTION('',(0.,1.,0.));
#7838=DIRECTION('center_axis',(0.,-1.,0.));
#7839=DIRECTION('ref_axis',(1.,0.,0.));
#7840=DIRECTION('center_axis',(0.,1.,0.));
#7841=DIRECTION('ref_axis',(1.,0.,0.));
#7842=DIRECTION('center_axis',(0.,1.,0.));
#7843=DIRECTION('ref_axis',(1.,0.,0.));
#7844=DIRECTION('',(0.,1.,0.));
#7845=DIRECTION('center_axis',(0.,-1.,0.));
#7846=DIRECTION('ref_axis',(1.,0.,0.));
#7847=DIRECTION('center_axis',(0.,1.,0.));
#7848=DIRECTION('ref_axis',(1.,0.,0.));
#7849=DIRECTION('center_axis',(0.,1.,0.));
#7850=DIRECTION('ref_axis',(1.,0.,0.));
#7851=DIRECTION('',(0.,1.,0.));
#7852=DIRECTION('center_axis',(0.,-1.,0.));
#7853=DIRECTION('ref_axis',(1.,0.,0.));
#7854=DIRECTION('center_axis',(0.,1.,0.));
#7855=DIRECTION('ref_axis',(1.,0.,0.));
#7856=DIRECTION('center_axis',(0.,1.,0.));
#7857=DIRECTION('ref_axis',(1.,0.,0.));
#7858=DIRECTION('',(0.,1.,0.));
#7859=DIRECTION('center_axis',(0.,-1.,0.));
#7860=DIRECTION('ref_axis',(1.,0.,0.));
#7861=DIRECTION('center_axis',(0.,1.,0.));
#7862=DIRECTION('ref_axis',(1.,0.,0.));
#7863=DIRECTION('center_axis',(0.,1.,0.));
#7864=DIRECTION('ref_axis',(1.,0.,0.));
#7865=DIRECTION('',(0.,1.,0.));
#7866=DIRECTION('center_axis',(0.,-1.,0.));
#7867=DIRECTION('ref_axis',(1.,0.,0.));
#7868=DIRECTION('center_axis',(0.,1.,0.));
#7869=DIRECTION('ref_axis',(1.,0.,0.));
#7870=DIRECTION('center_axis',(0.,1.,0.));
#7871=DIRECTION('ref_axis',(1.,0.,0.));
#7872=DIRECTION('',(0.,1.,0.));
#7873=DIRECTION('center_axis',(0.,-1.,0.));
#7874=DIRECTION('ref_axis',(1.,0.,0.));
#7875=DIRECTION('center_axis',(0.,1.,0.));
#7876=DIRECTION('ref_axis',(1.,0.,0.));
#7877=DIRECTION('center_axis',(0.,1.,0.));
#7878=DIRECTION('ref_axis',(1.,0.,0.));
#7879=DIRECTION('',(0.,1.,0.));
#7880=DIRECTION('center_axis',(0.,-1.,0.));
#7881=DIRECTION('ref_axis',(1.,0.,0.));
#7882=DIRECTION('center_axis',(0.,1.,0.));
#7883=DIRECTION('ref_axis',(1.,0.,0.));
#7884=DIRECTION('center_axis',(0.,1.,0.));
#7885=DIRECTION('ref_axis',(1.,0.,0.));
#7886=DIRECTION('',(0.,1.,0.));
#7887=DIRECTION('center_axis',(0.,-1.,0.));
#7888=DIRECTION('ref_axis',(1.,0.,0.));
#7889=DIRECTION('center_axis',(0.,1.,0.));
#7890=DIRECTION('ref_axis',(1.,0.,0.));
#7891=DIRECTION('center_axis',(0.,1.,0.));
#7892=DIRECTION('ref_axis',(1.,0.,0.));
#7893=DIRECTION('',(0.,1.,0.));
#7894=DIRECTION('center_axis',(0.,-1.,0.));
#7895=DIRECTION('ref_axis',(1.,0.,0.));
#7896=DIRECTION('center_axis',(0.,1.,0.));
#7897=DIRECTION('ref_axis',(1.,0.,0.));
#7898=DIRECTION('center_axis',(0.,1.,0.));
#7899=DIRECTION('ref_axis',(1.,0.,0.));
#7900=DIRECTION('',(0.,1.,0.));
#7901=DIRECTION('center_axis',(0.,-1.,0.));
#7902=DIRECTION('ref_axis',(1.,0.,0.));
#7903=DIRECTION('center_axis',(0.,1.,0.));
#7904=DIRECTION('ref_axis',(1.,0.,0.));
#7905=DIRECTION('center_axis',(0.,1.,0.));
#7906=DIRECTION('ref_axis',(1.,0.,0.));
#7907=DIRECTION('',(0.,1.,0.));
#7908=DIRECTION('center_axis',(0.,-1.,0.));
#7909=DIRECTION('ref_axis',(1.,0.,0.));
#7910=DIRECTION('center_axis',(0.,1.,0.));
#7911=DIRECTION('ref_axis',(1.,0.,0.));
#7912=DIRECTION('center_axis',(0.,1.,0.));
#7913=DIRECTION('ref_axis',(1.,0.,0.));
#7914=DIRECTION('',(0.,1.,0.));
#7915=DIRECTION('center_axis',(0.,-1.,0.));
#7916=DIRECTION('ref_axis',(1.,0.,0.));
#7917=DIRECTION('center_axis',(0.,1.,0.));
#7918=DIRECTION('ref_axis',(1.,0.,0.));
#7919=DIRECTION('center_axis',(0.,1.,0.));
#7920=DIRECTION('ref_axis',(1.,0.,0.));
#7921=DIRECTION('',(0.,1.,0.));
#7922=DIRECTION('center_axis',(0.,-1.,0.));
#7923=DIRECTION('ref_axis',(1.,0.,0.));
#7924=DIRECTION('center_axis',(0.,1.,0.));
#7925=DIRECTION('ref_axis',(1.,0.,0.));
#7926=DIRECTION('center_axis',(0.,1.,0.));
#7927=DIRECTION('ref_axis',(1.,0.,0.));
#7928=DIRECTION('',(0.,1.,0.));
#7929=DIRECTION('center_axis',(0.,-1.,0.));
#7930=DIRECTION('ref_axis',(1.,0.,0.));
#7931=DIRECTION('center_axis',(0.,1.,0.));
#7932=DIRECTION('ref_axis',(1.,0.,0.));
#7933=DIRECTION('center_axis',(0.,1.,0.));
#7934=DIRECTION('ref_axis',(1.,0.,0.));
#7935=DIRECTION('',(0.,1.,0.));
#7936=DIRECTION('center_axis',(0.,-1.,0.));
#7937=DIRECTION('ref_axis',(1.,0.,0.));
#7938=DIRECTION('center_axis',(0.,1.,0.));
#7939=DIRECTION('ref_axis',(1.,0.,0.));
#7940=DIRECTION('center_axis',(0.,1.,0.));
#7941=DIRECTION('ref_axis',(1.,0.,0.));
#7942=DIRECTION('',(0.,1.,0.));
#7943=DIRECTION('center_axis',(0.,-1.,0.));
#7944=DIRECTION('ref_axis',(1.,0.,0.));
#7945=DIRECTION('center_axis',(0.,1.,0.));
#7946=DIRECTION('ref_axis',(1.,0.,0.));
#7947=DIRECTION('center_axis',(0.,1.,0.));
#7948=DIRECTION('ref_axis',(1.,0.,0.));
#7949=DIRECTION('',(0.,1.,0.));
#7950=DIRECTION('center_axis',(0.,-1.,0.));
#7951=DIRECTION('ref_axis',(1.,0.,0.));
#7952=DIRECTION('center_axis',(0.,1.,0.));
#7953=DIRECTION('ref_axis',(1.,0.,0.));
#7954=DIRECTION('center_axis',(0.,1.,0.));
#7955=DIRECTION('ref_axis',(1.,0.,0.));
#7956=DIRECTION('',(0.,1.,0.));
#7957=DIRECTION('center_axis',(0.,-1.,0.));
#7958=DIRECTION('ref_axis',(1.,0.,0.));
#7959=DIRECTION('center_axis',(0.,1.,0.));
#7960=DIRECTION('ref_axis',(1.,0.,0.));
#7961=DIRECTION('center_axis',(0.,1.,0.));
#7962=DIRECTION('ref_axis',(1.,0.,0.));
#7963=DIRECTION('',(0.,1.,0.));
#7964=DIRECTION('center_axis',(0.,-1.,0.));
#7965=DIRECTION('ref_axis',(1.,0.,0.));
#7966=DIRECTION('center_axis',(0.,1.,0.));
#7967=DIRECTION('ref_axis',(1.,0.,0.));
#7968=DIRECTION('center_axis',(0.,1.,0.));
#7969=DIRECTION('ref_axis',(1.,0.,0.));
#7970=DIRECTION('',(0.,1.,0.));
#7971=DIRECTION('center_axis',(0.,-1.,0.));
#7972=DIRECTION('ref_axis',(1.,0.,0.));
#7973=DIRECTION('center_axis',(0.,1.,0.));
#7974=DIRECTION('ref_axis',(1.,0.,0.));
#7975=DIRECTION('center_axis',(0.,1.,0.));
#7976=DIRECTION('ref_axis',(1.,0.,0.));
#7977=DIRECTION('',(0.,1.,0.));
#7978=DIRECTION('center_axis',(0.,-1.,0.));
#7979=DIRECTION('ref_axis',(1.,0.,0.));
#7980=DIRECTION('center_axis',(0.,1.,0.));
#7981=DIRECTION('ref_axis',(1.,0.,0.));
#7982=DIRECTION('center_axis',(0.,1.,0.));
#7983=DIRECTION('ref_axis',(1.,0.,0.));
#7984=DIRECTION('',(0.,1.,0.));
#7985=DIRECTION('center_axis',(0.,-1.,0.));
#7986=DIRECTION('ref_axis',(1.,0.,0.));
#7987=DIRECTION('center_axis',(0.,1.,0.));
#7988=DIRECTION('ref_axis',(1.,0.,0.));
#7989=DIRECTION('center_axis',(0.,1.,0.));
#7990=DIRECTION('ref_axis',(1.,0.,0.));
#7991=DIRECTION('',(0.,1.,0.));
#7992=DIRECTION('center_axis',(0.,-1.,0.));
#7993=DIRECTION('ref_axis',(1.,0.,0.));
#7994=DIRECTION('center_axis',(0.,1.,0.));
#7995=DIRECTION('ref_axis',(1.,0.,0.));
#7996=DIRECTION('center_axis',(0.,1.,0.));
#7997=DIRECTION('ref_axis',(1.,0.,0.));
#7998=DIRECTION('',(0.,1.,0.));
#7999=DIRECTION('center_axis',(0.,-1.,0.));
#8000=DIRECTION('ref_axis',(1.,0.,0.));
#8001=DIRECTION('center_axis',(0.,1.,0.));
#8002=DIRECTION('ref_axis',(1.,0.,0.));
#8003=DIRECTION('center_axis',(0.,1.,0.));
#8004=DIRECTION('ref_axis',(1.,0.,0.));
#8005=DIRECTION('',(0.,1.,0.));
#8006=DIRECTION('center_axis',(0.,-1.,0.));
#8007=DIRECTION('ref_axis',(1.,0.,0.));
#8008=DIRECTION('center_axis',(0.,1.,0.));
#8009=DIRECTION('ref_axis',(1.,0.,0.));
#8010=DIRECTION('center_axis',(0.,1.,0.));
#8011=DIRECTION('ref_axis',(1.,0.,0.));
#8012=DIRECTION('',(0.,1.,0.));
#8013=DIRECTION('center_axis',(0.,-1.,0.));
#8014=DIRECTION('ref_axis',(1.,0.,0.));
#8015=DIRECTION('center_axis',(0.,1.,0.));
#8016=DIRECTION('ref_axis',(1.,0.,0.));
#8017=DIRECTION('center_axis',(0.,1.,0.));
#8018=DIRECTION('ref_axis',(1.,0.,0.));
#8019=DIRECTION('',(0.,1.,0.));
#8020=DIRECTION('center_axis',(0.,-1.,0.));
#8021=DIRECTION('ref_axis',(1.,0.,0.));
#8022=DIRECTION('center_axis',(0.,1.,0.));
#8023=DIRECTION('ref_axis',(1.,0.,0.));
#8024=DIRECTION('center_axis',(0.,1.,0.));
#8025=DIRECTION('ref_axis',(1.,0.,0.));
#8026=DIRECTION('',(0.,1.,0.));
#8027=DIRECTION('center_axis',(0.,-1.,0.));
#8028=DIRECTION('ref_axis',(1.,0.,0.));
#8029=DIRECTION('center_axis',(0.,1.,0.));
#8030=DIRECTION('ref_axis',(1.,0.,0.));
#8031=DIRECTION('center_axis',(0.,1.,0.));
#8032=DIRECTION('ref_axis',(1.,0.,0.));
#8033=DIRECTION('',(0.,1.,0.));
#8034=DIRECTION('center_axis',(0.,-1.,0.));
#8035=DIRECTION('ref_axis',(1.,0.,0.));
#8036=DIRECTION('center_axis',(0.,1.,0.));
#8037=DIRECTION('ref_axis',(1.,0.,0.));
#8038=DIRECTION('center_axis',(0.,1.,0.));
#8039=DIRECTION('ref_axis',(1.,0.,0.));
#8040=DIRECTION('',(0.,1.,0.));
#8041=DIRECTION('center_axis',(0.,-1.,0.));
#8042=DIRECTION('ref_axis',(1.,0.,0.));
#8043=DIRECTION('center_axis',(0.,1.,0.));
#8044=DIRECTION('ref_axis',(1.,0.,0.));
#8045=DIRECTION('center_axis',(0.,1.,0.));
#8046=DIRECTION('ref_axis',(1.,0.,0.));
#8047=DIRECTION('',(0.,1.,0.));
#8048=DIRECTION('center_axis',(0.,-1.,0.));
#8049=DIRECTION('ref_axis',(1.,0.,0.));
#8050=DIRECTION('center_axis',(0.,1.,0.));
#8051=DIRECTION('ref_axis',(1.,0.,0.));
#8052=DIRECTION('center_axis',(0.,1.,0.));
#8053=DIRECTION('ref_axis',(1.,0.,0.));
#8054=DIRECTION('',(0.,1.,0.));
#8055=DIRECTION('center_axis',(0.,-1.,0.));
#8056=DIRECTION('ref_axis',(1.,0.,0.));
#8057=DIRECTION('center_axis',(0.,1.,0.));
#8058=DIRECTION('ref_axis',(1.,0.,0.));
#8059=DIRECTION('center_axis',(0.,1.,0.));
#8060=DIRECTION('ref_axis',(1.,0.,0.));
#8061=DIRECTION('',(0.,1.,0.));
#8062=DIRECTION('center_axis',(0.,-1.,0.));
#8063=DIRECTION('ref_axis',(1.,0.,0.));
#8064=DIRECTION('center_axis',(0.,1.,0.));
#8065=DIRECTION('ref_axis',(1.,0.,0.));
#8066=DIRECTION('center_axis',(0.,1.,0.));
#8067=DIRECTION('ref_axis',(1.,0.,0.));
#8068=DIRECTION('',(0.,1.,0.));
#8069=DIRECTION('center_axis',(0.,-1.,0.));
#8070=DIRECTION('ref_axis',(1.,0.,0.));
#8071=DIRECTION('center_axis',(0.,1.,0.));
#8072=DIRECTION('ref_axis',(1.,0.,0.));
#8073=DIRECTION('center_axis',(0.,1.,0.));
#8074=DIRECTION('ref_axis',(1.,0.,0.));
#8075=DIRECTION('',(0.,1.,0.));
#8076=DIRECTION('center_axis',(0.,-1.,0.));
#8077=DIRECTION('ref_axis',(1.,0.,0.));
#8078=DIRECTION('center_axis',(0.,1.,0.));
#8079=DIRECTION('ref_axis',(1.,0.,0.));
#8080=DIRECTION('center_axis',(0.,1.,0.));
#8081=DIRECTION('ref_axis',(1.,0.,0.));
#8082=DIRECTION('',(0.,1.,0.));
#8083=DIRECTION('center_axis',(0.,-1.,0.));
#8084=DIRECTION('ref_axis',(1.,0.,0.));
#8085=DIRECTION('center_axis',(0.,1.,0.));
#8086=DIRECTION('ref_axis',(1.,0.,0.));
#8087=DIRECTION('center_axis',(0.,1.,0.));
#8088=DIRECTION('ref_axis',(1.,0.,0.));
#8089=DIRECTION('',(0.,1.,0.));
#8090=DIRECTION('center_axis',(0.,-1.,0.));
#8091=DIRECTION('ref_axis',(1.,0.,0.));
#8092=DIRECTION('center_axis',(0.,1.,0.));
#8093=DIRECTION('ref_axis',(1.,0.,0.));
#8094=DIRECTION('center_axis',(0.,1.,0.));
#8095=DIRECTION('ref_axis',(1.,0.,0.));
#8096=DIRECTION('',(0.,1.,0.));
#8097=DIRECTION('center_axis',(0.,-1.,0.));
#8098=DIRECTION('ref_axis',(1.,0.,0.));
#8099=DIRECTION('center_axis',(0.,1.,0.));
#8100=DIRECTION('ref_axis',(1.,0.,0.));
#8101=DIRECTION('center_axis',(0.,1.,0.));
#8102=DIRECTION('ref_axis',(1.,0.,0.));
#8103=DIRECTION('',(0.,1.,0.));
#8104=DIRECTION('center_axis',(0.,-1.,0.));
#8105=DIRECTION('ref_axis',(1.,0.,0.));
#8106=DIRECTION('center_axis',(0.,1.,0.));
#8107=DIRECTION('ref_axis',(1.,0.,0.));
#8108=DIRECTION('center_axis',(0.,1.,0.));
#8109=DIRECTION('ref_axis',(1.,0.,0.));
#8110=DIRECTION('',(0.,1.,0.));
#8111=DIRECTION('center_axis',(0.,-1.,0.));
#8112=DIRECTION('ref_axis',(1.,0.,0.));
#8113=DIRECTION('center_axis',(0.,1.,0.));
#8114=DIRECTION('ref_axis',(1.,0.,0.));
#8115=DIRECTION('center_axis',(0.,1.,0.));
#8116=DIRECTION('ref_axis',(1.,0.,0.));
#8117=DIRECTION('',(0.,1.,0.));
#8118=DIRECTION('center_axis',(0.,-1.,0.));
#8119=DIRECTION('ref_axis',(1.,0.,0.));
#8120=DIRECTION('center_axis',(0.,1.,0.));
#8121=DIRECTION('ref_axis',(1.,0.,0.));
#8122=DIRECTION('center_axis',(0.,1.,0.));
#8123=DIRECTION('ref_axis',(1.,0.,0.));
#8124=DIRECTION('',(0.,1.,0.));
#8125=DIRECTION('center_axis',(0.,-1.,0.));
#8126=DIRECTION('ref_axis',(1.,0.,0.));
#8127=DIRECTION('center_axis',(0.,1.,0.));
#8128=DIRECTION('ref_axis',(1.,0.,0.));
#8129=DIRECTION('center_axis',(0.,1.,0.));
#8130=DIRECTION('ref_axis',(1.,0.,0.));
#8131=DIRECTION('',(0.,1.,0.));
#8132=DIRECTION('center_axis',(0.,-1.,0.));
#8133=DIRECTION('ref_axis',(1.,0.,0.));
#8134=DIRECTION('center_axis',(0.,1.,0.));
#8135=DIRECTION('ref_axis',(1.,0.,0.));
#8136=DIRECTION('center_axis',(0.,1.,0.));
#8137=DIRECTION('ref_axis',(1.,0.,0.));
#8138=DIRECTION('',(0.,1.,0.));
#8139=DIRECTION('center_axis',(0.,-1.,0.));
#8140=DIRECTION('ref_axis',(1.,0.,0.));
#8141=DIRECTION('center_axis',(0.,1.,0.));
#8142=DIRECTION('ref_axis',(1.,0.,0.));
#8143=DIRECTION('center_axis',(0.,1.,0.));
#8144=DIRECTION('ref_axis',(1.,0.,0.));
#8145=DIRECTION('',(0.,1.,0.));
#8146=DIRECTION('center_axis',(0.,-1.,0.));
#8147=DIRECTION('ref_axis',(1.,0.,0.));
#8148=DIRECTION('center_axis',(0.,1.,0.));
#8149=DIRECTION('ref_axis',(1.,0.,0.));
#8150=DIRECTION('center_axis',(0.,1.,0.));
#8151=DIRECTION('ref_axis',(1.,0.,0.));
#8152=DIRECTION('',(0.,1.,0.));
#8153=DIRECTION('center_axis',(0.,-1.,0.));
#8154=DIRECTION('ref_axis',(1.,0.,0.));
#8155=DIRECTION('center_axis',(0.,1.,0.));
#8156=DIRECTION('ref_axis',(1.,0.,0.));
#8157=DIRECTION('center_axis',(0.,1.,0.));
#8158=DIRECTION('ref_axis',(1.,0.,0.));
#8159=DIRECTION('',(0.,1.,0.));
#8160=DIRECTION('center_axis',(0.,-1.,0.));
#8161=DIRECTION('ref_axis',(1.,0.,0.));
#8162=DIRECTION('center_axis',(0.,1.,0.));
#8163=DIRECTION('ref_axis',(1.,0.,0.));
#8164=DIRECTION('center_axis',(0.,1.,0.));
#8165=DIRECTION('ref_axis',(1.,0.,0.));
#8166=DIRECTION('',(0.,1.,0.));
#8167=DIRECTION('center_axis',(0.,-1.,0.));
#8168=DIRECTION('ref_axis',(1.,0.,0.));
#8169=DIRECTION('center_axis',(0.,1.,0.));
#8170=DIRECTION('ref_axis',(1.,0.,0.));
#8171=DIRECTION('center_axis',(0.,1.,0.));
#8172=DIRECTION('ref_axis',(1.,0.,0.));
#8173=DIRECTION('',(0.,1.,0.));
#8174=DIRECTION('center_axis',(0.,-1.,0.));
#8175=DIRECTION('ref_axis',(1.,0.,0.));
#8176=DIRECTION('center_axis',(0.,1.,0.));
#8177=DIRECTION('ref_axis',(1.,0.,0.));
#8178=DIRECTION('center_axis',(0.,1.,0.));
#8179=DIRECTION('ref_axis',(1.,0.,0.));
#8180=DIRECTION('',(0.,1.,0.));
#8181=DIRECTION('center_axis',(0.,-1.,0.));
#8182=DIRECTION('ref_axis',(1.,0.,0.));
#8183=DIRECTION('center_axis',(0.,1.,0.));
#8184=DIRECTION('ref_axis',(1.,0.,0.));
#8185=DIRECTION('center_axis',(0.,1.,0.));
#8186=DIRECTION('ref_axis',(1.,0.,0.));
#8187=DIRECTION('',(0.,1.,0.));
#8188=DIRECTION('center_axis',(0.,-1.,0.));
#8189=DIRECTION('ref_axis',(1.,0.,0.));
#8190=DIRECTION('center_axis',(0.151214431932996,-1.67881743987625E-16,
-0.988500984104306));
#8191=DIRECTION('ref_axis',(0.988500984104306,0.,0.151214431932996));
#8192=DIRECTION('center_axis',(-0.151620182543245,1.68332217657379E-16,
0.988438829794517));
#8193=DIRECTION('ref_axis',(-1.11022302462516E-15,-1.,0.));
#8194=DIRECTION('center_axis',(-0.151620182544753,3.36664435318108E-16,
-0.988438829794285));
#8195=DIRECTION('ref_axis',(-2.22044604925031E-15,-1.,0.));
#8196=DIRECTION('center_axis',(-0.151214431934506,0.,-0.988500984104075));
#8197=DIRECTION('ref_axis',(0.,-1.,0.));
#8198=DIRECTION('center_axis',(-1.,0.,-9.25185853854297E-17));
#8199=DIRECTION('ref_axis',(0.,-0.707106781186554,0.707106781186541));
#8200=DIRECTION('center_axis',(-1.,0.,0.));
#8201=DIRECTION('ref_axis',(0.,-1.,0.));
#8202=DIRECTION('',(-1.,0.,-9.25185853854297E-17));
#8203=DIRECTION('center_axis',(1.,0.,1.11022302462516E-15));
#8204=DIRECTION('ref_axis',(-1.11022302462516E-15,0.,1.));
#8205=DIRECTION('',(1.,0.,9.25185853854297E-17));
#8206=DIRECTION('center_axis',(0.,1.,0.));
#8207=DIRECTION('ref_axis',(0.,0.,1.));
#8208=DIRECTION('center_axis',(0.,0.,1.));
#8209=DIRECTION('ref_axis',(0.,-1.,0.));
#8210=DIRECTION('center_axis',(0.,-1.,0.));
#8211=DIRECTION('ref_axis',(0.707106781186547,0.,0.707106781186547));
#8212=DIRECTION('center_axis',(0.,1.,0.));
#8213=DIRECTION('ref_axis',(0.707106781186548,0.,0.707106781186548));
#8214=DIRECTION('center_axis',(0.,0.,1.));
#8215=DIRECTION('ref_axis',(0.707106781186541,-0.707106781186554,0.));
#8216=DIRECTION('center_axis',(0.,0.,1.));
#8217=DIRECTION('ref_axis',(0.,-1.,0.));
#8218=DIRECTION('',(0.,0.,1.));
#8219=DIRECTION('',(0.,0.,-1.));
#8220=DIRECTION('center_axis',(0.358481922313632,-0.834980580073248,-0.417490290036624));
#8221=DIRECTION('ref_axis',(-0.543951739961415,-0.55027941166333,0.633489600303279));
#8222=DIRECTION('center_axis',(0.,-1.,0.));
#8223=DIRECTION('ref_axis',(-0.988500984104075,0.,0.151214431934505));
#8224=DIRECTION('center_axis',(-0.974445827150254,0.,0.224622638995843));
#8225=DIRECTION('ref_axis',(-0.224622638995843,0.,-0.974445827150254));
#8226=DIRECTION('center_axis',(-0.224622638948164,0.,0.974445827161245));
#8227=DIRECTION('ref_axis',(0.,-1.,0.));
#8228=DIRECTION('center_axis',(-0.87424316516371,-0.34770598934931,-0.338820650396572));
#8229=DIRECTION('ref_axis',(0.485488298689617,-0.626131640032493,-0.610131363876405));
#8230=DIRECTION('center_axis',(0.,-1.,0.));
#8231=DIRECTION('ref_axis',(1.,0.,0.));
#8232=DIRECTION('center_axis',(1.,0.,0.));
#8233=DIRECTION('ref_axis',(0.,-0.707106781186541,-0.707106781186554));
#8234=DIRECTION('center_axis',(1.,0.,0.));
#8235=DIRECTION('ref_axis',(0.,-1.,0.));
#8236=DIRECTION('',(1.,0.,0.));
#8237=DIRECTION('center_axis',(-1.,0.,0.));
#8238=DIRECTION('ref_axis',(0.,0.,-1.));
#8239=DIRECTION('',(-1.,0.,0.));
#8240=DIRECTION('center_axis',(-0.792300270617033,-0.482168901938813,-0.373862850766556));
#8241=DIRECTION('ref_axis',(0.61013136387189,-0.626131640020813,-0.485488298710354));
#8242=DIRECTION('center_axis',(0.,-1.,0.));
#8243=DIRECTION('ref_axis',(0.974445827161245,0.,0.224622638948164));
#8244=DIRECTION('center_axis',(0.224622638956545,0.,0.974445827159313));
#8245=DIRECTION('ref_axis',(-0.974445827159313,0.,0.224622638956545));
#8246=DIRECTION('center_axis',(0.974445827165536,0.,0.22462263892955));
#8247=DIRECTION('ref_axis',(0.,-1.,0.));
#8248=DIRECTION('center_axis',(-0.792300270616417,0.482168901941392,0.373862850764536));
#8249=DIRECTION('ref_axis',(-0.610131363872698,-0.626131640022849,-0.485488298706714));
#8250=DIRECTION('center_axis',(0.,-1.,0.));
#8251=DIRECTION('ref_axis',(0.,-4.44089209850056E-15,-1.));
#8252=DIRECTION('center_axis',(0.,0.,-1.));
#8253=DIRECTION('ref_axis',(-0.707106781186541,-0.707106781186554,0.));
#8254=DIRECTION('center_axis',(0.,0.,-1.));
#8255=DIRECTION('ref_axis',(0.,-1.,0.));
#8256=DIRECTION('',(0.,0.,-1.));
#8257=DIRECTION('center_axis',(0.,0.,1.));
#8258=DIRECTION('ref_axis',(-1.,0.,0.));
#8259=DIRECTION('',(0.,0.,1.));
#8260=DIRECTION('center_axis',(0.,1.,0.));
#8261=DIRECTION('ref_axis',(0.,0.,1.));
#8262=DIRECTION('center_axis',(-1.,0.,0.));
#8263=DIRECTION('ref_axis',(0.,-1.,0.));
#8264=DIRECTION('center_axis',(0.,-1.,0.));
#8265=DIRECTION('ref_axis',(-0.707106781186547,0.,0.707106781186547));
#8266=DIRECTION('center_axis',(0.,1.,0.));
#8267=DIRECTION('ref_axis',(-0.707106781186548,0.,0.707106781186548));
#8268=DIRECTION('center_axis',(-1.,0.,-9.25185853854297E-17));
#8269=DIRECTION('ref_axis',(0.,-0.707106781186554,0.707106781186541));
#8270=DIRECTION('center_axis',(-1.,0.,0.));
#8271=DIRECTION('ref_axis',(0.,-1.,0.));
#8272=DIRECTION('',(-1.,0.,-9.25185853854297E-17));
#8273=DIRECTION('',(1.,0.,9.25185853854297E-17));
#8274=DIRECTION('center_axis',(-0.874243165147632,0.347705989367387,0.338820650419507));
#8275=DIRECTION('ref_axis',(-0.485488298718575,-0.626131640016192,-0.610131363870091));
#8276=DIRECTION('center_axis',(0.,-1.,0.));
#8277=DIRECTION('ref_axis',(0.22462263892955,0.,-0.974445827165536));
#8278=DIRECTION('center_axis',(-0.358481922314117,-0.834980580073084,-0.417490290036538));
#8279=DIRECTION('ref_axis',(0.543951739961796,-0.550279411663577,0.633489600302737));
#8280=DIRECTION('center_axis',(0.,-1.,0.));
#8281=DIRECTION('ref_axis',(8.88178419700113E-15,4.44089209850056E-15,1.));
#8282=DIRECTION('center_axis',(1.,0.,0.));
#8283=DIRECTION('ref_axis',(0.,0.,1.));
#8284=DIRECTION('',(0.,0.,1.));
#8285=DIRECTION('',(0.,-1.,0.));
#8286=DIRECTION('',(0.,0.,-1.));
#8287=DIRECTION('',(0.,1.,0.));
#8288=DIRECTION('center_axis',(0.,0.,-1.));
#8289=DIRECTION('ref_axis',(1.,0.,0.));
#8290=DIRECTION('',(1.,0.,0.));
#8291=DIRECTION('',(0.,-1.,0.));
#8292=DIRECTION('',(-1.,0.,0.));
#8293=DIRECTION('',(0.,-1.,0.));
#8294=DIRECTION('',(-1.,0.,0.));
#8295=DIRECTION('',(0.,-1.,0.));
#8296=DIRECTION('',(-1.,0.,0.));
#8297=DIRECTION('',(0.,-1.,0.));
#8298=DIRECTION('',(-1.,0.,0.));
#8299=DIRECTION('',(0.,-1.,0.));
#8300=DIRECTION('',(-1.,0.,0.));
#8301=DIRECTION('',(0.,1.,0.));
#8302=DIRECTION('',(1.,0.,0.));
#8303=DIRECTION('center_axis',(-1.,0.,0.));
#8304=DIRECTION('ref_axis',(0.,0.,-1.));
#8305=DIRECTION('',(0.,-1.,0.));
#8306=DIRECTION('',(0.,0.,1.));
#8307=DIRECTION('',(0.,1.,0.));
#8308=DIRECTION('',(0.,0.,-1.));
#8309=DIRECTION('center_axis',(0.,-1.,0.));
#8310=DIRECTION('ref_axis',(1.,0.,0.));
#8311=DIRECTION('center_axis',(0.,-1.,0.));
#8312=DIRECTION('ref_axis',(-0.707106781186547,0.,-0.707106781186547));
#8313=DIRECTION('center_axis',(0.,1.,0.));
#8314=DIRECTION('ref_axis',(-0.707106781186547,0.,-0.707106781186547));
#8315=DIRECTION('center_axis',(0.,-1.,0.));
#8316=DIRECTION('ref_axis',(-0.707106781186547,0.,-0.707106781186547));
#8317=DIRECTION('center_axis',(0.,-1.,0.));
#8318=DIRECTION('ref_axis',(1.,0.,0.));
#8319=DIRECTION('center_axis',(0.,1.,0.));
#8320=DIRECTION('ref_axis',(1.,0.,0.));
#8321=DIRECTION('center_axis',(0.,-1.,0.));
#8322=DIRECTION('ref_axis',(0.707106781186547,0.,-0.707106781186547));
#8323=DIRECTION('center_axis',(0.,1.,0.));
#8324=DIRECTION('ref_axis',(0.707106781186547,0.,-0.707106781186547));
#8325=DIRECTION('center_axis',(0.,-1.,0.));
#8326=DIRECTION('ref_axis',(0.707106781186547,0.,-0.707106781186547));
#8327=DIRECTION('center_axis',(0.,-1.,0.));
#8328=DIRECTION('ref_axis',(1.,0.,0.));
#8329=DIRECTION('center_axis',(0.,1.,0.));
#8330=DIRECTION('ref_axis',(1.,0.,0.));
#8331=DIRECTION('center_axis',(0.,-1.,0.));
#8332=DIRECTION('ref_axis',(0.707106781186547,0.,0.707106781186547));
#8333=DIRECTION('center_axis',(0.,-1.,0.));
#8334=DIRECTION('ref_axis',(0.707106781186547,0.,0.707106781186547));
#8335=DIRECTION('',(0.,-1.,0.));
#8336=DIRECTION('center_axis',(-9.25185853854297E-17,0.,1.));
#8337=DIRECTION('ref_axis',(-1.,0.,-9.25185853854297E-17));
#8338=DIRECTION('',(1.,0.,9.25185853854297E-17));
#8339=DIRECTION('',(0.,-1.,0.));
#8340=DIRECTION('',(1.,0.,9.25185853854297E-17));
#8341=DIRECTION('',(0.,-1.,0.));
#8342=DIRECTION('',(1.,0.,9.25185853854297E-17));
#8343=DIRECTION('',(0.,-1.,0.));
#8344=DIRECTION('',(1.,0.,9.25185853854297E-17));
#8345=DIRECTION('',(0.,-1.,0.));
#8346=DIRECTION('',(1.,0.,9.25185853854297E-17));
#8347=DIRECTION('',(0.,-1.,0.));
#8348=DIRECTION('',(1.,0.,9.25185853854297E-17));
#8349=DIRECTION('',(0.,-1.,0.));
#8350=DIRECTION('',(1.,0.,9.25185853854297E-17));
#8351=DIRECTION('',(0.,-1.,0.));
#8352=DIRECTION('',(1.,0.,9.25185853854297E-17));
#8353=DIRECTION('',(0.,-1.,0.));
#8354=DIRECTION('',(1.,0.,9.25185853854297E-17));
#8355=DIRECTION('',(0.,1.,0.));
#8356=DIRECTION('',(-1.,0.,-9.25185853854297E-17));
#8357=DIRECTION('center_axis',(0.,-1.,0.));
#8358=DIRECTION('ref_axis',(-0.707106781186547,0.,0.707106781186547));
#8359=DIRECTION('center_axis',(0.,-1.,0.));
#8360=DIRECTION('ref_axis',(-0.707106781186547,0.,0.707106781186547));
#8361=DIRECTION('',(0.,-1.,0.));
#8362=DIRECTION('center_axis',(0.,-1.,0.));
#8363=DIRECTION('ref_axis',(1.,0.,0.));
#8364=DIRECTION('',(-1.,0.,0.));
#8365=DIRECTION('',(0.,0.,1.));
#8366=DIRECTION('',(1.,0.,0.));
#8367=DIRECTION('',(-1.46202209004136E-16,0.,-1.));
#8368=DIRECTION('',(-1.,0.,0.));
#8369=DIRECTION('',(0.,-1.,0.));
#8370=DIRECTION('',(0.,-1.,0.));
#8371=DIRECTION('center_axis',(-1.,0.,0.));
#8372=DIRECTION('ref_axis',(0.,0.,-1.));
#8373=DIRECTION('',(0.,-1.,0.));
#8374=DIRECTION('',(0.,0.,-1.));
#8375=DIRECTION('center_axis',(0.,0.,-1.));
#8376=DIRECTION('ref_axis',(1.,0.,0.));
#8377=DIRECTION('',(0.,-1.,0.));
#8378=DIRECTION('',(1.,0.,0.));
#8379=DIRECTION('',(0.,-1.,0.));
#8380=DIRECTION('',(1.,0.,0.));
#8381=DIRECTION('',(0.,-1.,0.));
#8382=DIRECTION('',(1.,0.,0.));
#8383=DIRECTION('',(0.,-1.,0.));
#8384=DIRECTION('center_axis',(0.,-1.,0.));
#8385=DIRECTION('ref_axis',(1.,0.,0.));
#8386=DIRECTION('',(0.,0.,1.));
#8387=DIRECTION('',(0.,0.,-1.));
#8388=DIRECTION('',(-1.,0.,0.));
#8389=DIRECTION('center_axis',(-1.,0.,0.));
#8390=DIRECTION('ref_axis',(0.,0.,-1.));
#8391=DIRECTION('',(0.,-1.,0.));
#8392=DIRECTION('',(0.,0.,1.));
#8393=DIRECTION('center_axis',(0.,-1.,0.));
#8394=DIRECTION('ref_axis',(1.,0.,0.));
#8395=DIRECTION('',(0.,0.,1.));
#8396=DIRECTION('',(8.88178419700113E-15,0.,-1.));
#8397=DIRECTION('',(-1.,0.,0.));
#8398=DIRECTION('center_axis',(1.,0.,8.88178419700113E-15));
#8399=DIRECTION('ref_axis',(-8.88178419700113E-15,0.,1.));
#8400=DIRECTION('',(8.88178419700113E-15,0.,-1.));
#8401=DIRECTION('',(0.,-1.,0.));
#8402=DIRECTION('center_axis',(0.,-1.,0.));
#8403=DIRECTION('ref_axis',(1.,0.,0.));
#8404=DIRECTION('',(-1.,0.,0.));
#8405=DIRECTION('center_axis',(-1.,0.,0.));
#8406=DIRECTION('ref_axis',(0.,0.,-1.));
#8407=DIRECTION('',(0.,-1.,0.));
#8408=DIRECTION('',(0.,0.,1.));
#8409=DIRECTION('center_axis',(0.,-1.,0.));
#8410=DIRECTION('ref_axis',(1.,0.,0.));
#8411=DIRECTION('',(0.,0.,-1.));
#8412=DIRECTION('',(0.,0.,1.));
#8413=DIRECTION('',(1.,0.,0.));
#8414=DIRECTION('center_axis',(1.,0.,0.));
#8415=DIRECTION('ref_axis',(0.,0.,1.));
#8416=DIRECTION('',(0.,-1.,0.));
#8417=DIRECTION('',(0.,0.,-1.));
#8418=DIRECTION('center_axis',(0.,-1.,0.));
#8419=DIRECTION('ref_axis',(1.,0.,0.));
#8420=DIRECTION('',(0.,0.,-1.));
#8421=DIRECTION('',(1.77635683940023E-14,0.,1.));
#8422=DIRECTION('',(1.,0.,0.));
#8423=DIRECTION('center_axis',(-1.,0.,1.77635683940023E-14));
#8424=DIRECTION('ref_axis',(-1.77635683940023E-14,0.,-1.));
#8425=DIRECTION('',(-1.77635683940023E-14,0.,-1.));
#8426=DIRECTION('',(0.,-1.,0.));
#8427=DIRECTION('center_axis',(0.,-1.,0.));
#8428=DIRECTION('ref_axis',(1.,0.,0.));
#8429=DIRECTION('',(1.,0.,0.));
#8430=DIRECTION('center_axis',(1.,0.,0.));
#8431=DIRECTION('ref_axis',(0.,0.,1.));
#8432=DIRECTION('',(0.,-1.,0.));
#8433=DIRECTION('',(0.,0.,-1.));
#8434=DIRECTION('center_axis',(0.,-1.,0.));
#8435=DIRECTION('ref_axis',(1.,0.,0.));
#8436=DIRECTION('',(0.,0.,-1.));
#8437=DIRECTION('',(0.,0.,1.));
#8438=DIRECTION('',(1.,0.,0.));
#8439=DIRECTION('center_axis',(-1.,0.,0.));
#8440=DIRECTION('ref_axis',(0.,0.,-1.));
#8441=DIRECTION('',(0.,0.,-1.));
#8442=DIRECTION('',(0.,-1.,0.));
#8443=DIRECTION('center_axis',(0.,-1.,0.));
#8444=DIRECTION('ref_axis',(1.,0.,0.));
#8445=DIRECTION('',(1.,0.,0.));
#8446=DIRECTION('center_axis',(1.,0.,0.));
#8447=DIRECTION('ref_axis',(0.,0.,1.));
#8448=DIRECTION('',(0.,-1.,0.));
#8449=DIRECTION('',(0.,0.,-1.));
#8450=DIRECTION('center_axis',(1.,0.,0.));
#8451=DIRECTION('ref_axis',(0.,0.,1.));
#8452=DIRECTION('',(0.,0.,-1.));
#8453=DIRECTION('',(0.,-1.,0.));
#8454=DIRECTION('center_axis',(1.,0.,-1.46202209004136E-16));
#8455=DIRECTION('ref_axis',(1.46202209004136E-16,0.,1.));
#8456=DIRECTION('',(0.,-1.,0.));
#8457=DIRECTION('',(1.46202209004136E-16,0.,1.));
#8458=DIRECTION('',(0.,-1.,0.));
#8459=DIRECTION('',(0.,-1.,0.));
#8460=DIRECTION('center_axis',(0.,0.,1.));
#8461=DIRECTION('ref_axis',(-1.,0.,0.));
#8462=DIRECTION('',(-1.,0.,0.));
#8463=DIRECTION('',(-1.,0.,0.));
#8464=DIRECTION('center_axis',(0.,-1.,0.));
#8465=DIRECTION('ref_axis',(1.,0.,0.));
#8466=DIRECTION('',(0.,1.,0.));
#8467=DIRECTION('center_axis',(0.,1.,0.));
#8468=DIRECTION('ref_axis',(1.,0.,0.));
#8469=DIRECTION('center_axis',(0.,-1.,0.));
#8470=DIRECTION('ref_axis',(1.,0.,0.));
#8471=DIRECTION('',(1.,0.,0.));
#8472=DIRECTION('center_axis',(0.,-1.,0.));
#8473=DIRECTION('ref_axis',(1.,0.,0.));
#8474=DIRECTION('',(0.,0.,1.));
#8475=DIRECTION('',(0.,0.,-1.));
#8476=DIRECTION('center_axis',(1.,0.,0.));
#8477=DIRECTION('ref_axis',(0.,0.,1.));
#8478=DIRECTION('',(0.,0.,-1.));
#8479=DIRECTION('',(0.,-1.,0.));
#8480=DIRECTION('center_axis',(0.,0.,-1.));
#8481=DIRECTION('ref_axis',(1.,0.,0.));
#8482=DIRECTION('',(0.,-1.,0.));
#8483=DIRECTION('',(1.,0.,0.));
#8484=DIRECTION('center_axis',(-1.,0.,0.));
#8485=DIRECTION('ref_axis',(0.,0.,-1.));
#8486=DIRECTION('',(0.,0.,-1.));
#8487=DIRECTION('center_axis',(0.,-1.,0.));
#8488=DIRECTION('ref_axis',(1.,0.,0.));
#8489=DIRECTION('center_axis',(0.,1.,0.));
#8490=DIRECTION('ref_axis',(1.,0.,0.));
#8491=DIRECTION('',(0.,1.,0.));
#8492=DIRECTION('center_axis',(0.,1.,0.));
#8493=DIRECTION('ref_axis',(1.,0.,0.));
#8494=DIRECTION('center_axis',(0.,-1.,0.));
#8495=DIRECTION('ref_axis',(1.,0.,0.));
#8496=DIRECTION('center_axis',(0.,-1.,0.));
#8497=DIRECTION('ref_axis',(1.,0.,0.));
#8498=DIRECTION('center_axis',(-1.,0.,0.));
#8499=DIRECTION('ref_axis',(0.,0.,-1.));
#8500=DIRECTION('',(0.,0.,-1.));
#8501=DIRECTION('center_axis',(0.,-1.,0.));
#8502=DIRECTION('ref_axis',(1.,0.,0.));
#8503=DIRECTION('',(0.,1.,0.));
#8504=DIRECTION('center_axis',(0.,1.,0.));
#8505=DIRECTION('ref_axis',(1.,0.,0.));
#8506=DIRECTION('center_axis',(0.,-1.,0.));
#8507=DIRECTION('ref_axis',(1.,0.,0.));
#8508=DIRECTION('center_axis',(0.,1.,0.));
#8509=DIRECTION('ref_axis',(1.,0.,0.));
#8510=DIRECTION('',(0.,-1.,0.));
#8511=DIRECTION('center_axis',(0.,-1.,0.));
#8512=DIRECTION('ref_axis',(1.,0.,0.));
#8513=DIRECTION('center_axis',(0.,1.,0.));
#8514=DIRECTION('ref_axis',(1.,0.,0.));
#8515=DIRECTION('',(0.,-1.,0.));
#8516=DIRECTION('center_axis',(0.,1.,0.));
#8517=DIRECTION('ref_axis',(1.,0.,0.));
#8518=DIRECTION('',(0.,-1.,0.));
#8519=DIRECTION('center_axis',(0.,1.,0.));
#8520=DIRECTION('ref_axis',(1.,0.,0.));
#8521=DIRECTION('',(0.,-1.,0.));
#8522=DIRECTION('center_axis',(0.,1.,0.));
#8523=DIRECTION('ref_axis',(-0.458010594976449,5.85128610005878E-17,0.888946733437566));
#8524=DIRECTION('',(0.,1.,0.));
#8525=DIRECTION('center_axis',(0.,1.,0.));
#8526=DIRECTION('ref_axis',(1.,5.85128610005878E-17,0.));
#8527=DIRECTION('center_axis',(0.,1.,0.));
#8528=DIRECTION('ref_axis',(1.,5.85128610005878E-17,0.));
#8529=DIRECTION('',(0.,1.,0.));
#8530=DIRECTION('center_axis',(0.,1.,0.));
#8531=DIRECTION('ref_axis',(1.,5.85128610005878E-17,0.));
#8532=DIRECTION('',(0.,1.,0.));
#8533=DIRECTION('center_axis',(0.,1.,0.));
#8534=DIRECTION('ref_axis',(1.,5.85128610005878E-17,0.));
#8535=DIRECTION('',(0.,1.,0.));
#8536=DIRECTION('center_axis',(1.,0.,1.77635683940023E-14));
#8537=DIRECTION('ref_axis',(1.77635683940023E-14,0.,-1.));
#8538=DIRECTION('',(1.77635683940023E-14,0.,-1.));
#8539=DIRECTION('',(0.,1.,0.));
#8540=DIRECTION('',(1.77635683940023E-14,0.,-1.));
#8541=DIRECTION('',(0.,1.,0.));
#8542=DIRECTION('center_axis',(0.,0.,1.));
#8543=DIRECTION('ref_axis',(1.,0.,0.));
#8544=DIRECTION('',(1.,0.,0.));
#8545=DIRECTION('',(0.,1.,0.));
#8546=DIRECTION('',(1.,0.,0.));
#8547=DIRECTION('center_axis',(-1.,0.,1.77635683940023E-14));
#8548=DIRECTION('ref_axis',(1.77635683940023E-14,0.,1.));
#8549=DIRECTION('',(1.77635683940023E-14,0.,1.));
#8550=DIRECTION('',(0.,1.,0.));
#8551=DIRECTION('',(1.77635683940023E-14,0.,1.));
#8552=DIRECTION('center_axis',(0.,0.,-1.));
#8553=DIRECTION('ref_axis',(-1.,0.,0.));
#8554=DIRECTION('',(-1.,0.,0.));
#8555=DIRECTION('',(-1.,0.,0.));
#8556=DIRECTION('center_axis',(0.,1.,0.));
#8557=DIRECTION('ref_axis',(0.,0.,1.));
#8558=DIRECTION('center_axis',(0.,1.,0.));
#8559=DIRECTION('ref_axis',(0.888964451429457,5.85128610005878E-17,-0.457976204725447));
#8560=DIRECTION('center_axis',(0.,-1.,0.));
#8561=DIRECTION('ref_axis',(1.,5.85128610005878E-17,0.));
#8562=DIRECTION('center_axis',(0.,1.,0.));
#8563=DIRECTION('ref_axis',(1.,0.,0.));
#8564=DIRECTION('center_axis',(0.,-1.,0.));
#8565=DIRECTION('ref_axis',(1.,0.,0.));
#8566=DIRECTION('center_axis',(0.,1.,0.));
#8567=DIRECTION('ref_axis',(1.,0.,0.));
#8568=DIRECTION('center_axis',(0.,1.,0.));
#8569=DIRECTION('ref_axis',(1.,0.,0.));
#8570=DIRECTION('center_axis',(0.,1.,0.));
#8571=DIRECTION('ref_axis',(1.,0.,0.));
#8572=DIRECTION('',(0.,-1.,0.));
#8573=DIRECTION('center_axis',(0.,1.,0.));
#8574=DIRECTION('ref_axis',(1.,0.,0.));
#8575=DIRECTION('center_axis',(0.,1.,0.));
#8576=DIRECTION('ref_axis',(1.,0.,0.));
#8577=DIRECTION('center_axis',(0.,1.,0.));
#8578=DIRECTION('ref_axis',(1.,0.,0.));
#8579=CARTESIAN_POINT('',(0.,0.,0.));
#8580=CARTESIAN_POINT('Origin',(187.,0.,-107.));
#8581=CARTESIAN_POINT('',(184.48542616444,3.61258330249194,-107.000993347982));
#8582=CARTESIAN_POINT('',(184.484300731078,3.88741669750806,-107.0036372067));
#8583=CARTESIAN_POINT('',(184.4825,0.,-107.));
#8584=CARTESIAN_POINT('',(185.086534003335,4.,-105.364012796625));
#8585=CARTESIAN_POINT('Ctrl Pts',(184.484300731078,3.88741669750806,-107.0036372067));
#8586=CARTESIAN_POINT('Ctrl Pts',(184.489066610401,3.92494446500538,-106.410926535677));
#8587=CARTESIAN_POINT('Ctrl Pts',(184.700778171916,3.96247223250271,-105.815196439696));
#8588=CARTESIAN_POINT('Ctrl Pts',(185.086534003335,4.00000000000003,-105.364012796625));
#8589=CARTESIAN_POINT('',(188.916854315666,4.,-105.362163387672));
#8590=CARTESIAN_POINT('Origin',(187.,4.,-107.));
#8591=CARTESIAN_POINT('Ctrl Pts',(188.916854315666,4.,-105.362163387672));
#8592=CARTESIAN_POINT('Ctrl Pts',(188.429249385953,3.95268058025875,-104.797725329264));
#8593=CARTESIAN_POINT('Ctrl Pts',(187.673283264223,3.90536116051749,-104.458223426805));
#8594=CARTESIAN_POINT('Ctrl Pts',(186.927931582314,3.85804174077624,-104.4796085806));
#8595=CARTESIAN_POINT('Ctrl Pts',(186.117665827834,3.80660118423256,-104.502856207452));
#8596=CARTESIAN_POINT('Ctrl Pts',(185.319943886486,3.75516062768887,-104.952588874652));
#8597=CARTESIAN_POINT('Ctrl Pts',(184.880861660925,3.70372007114519,-105.633741602163));
#8598=CARTESIAN_POINT('Ctrl Pts',(184.621555658687,3.67334114826077,-106.036005643843));
#8599=CARTESIAN_POINT('Ctrl Pts',(184.487330789684,3.64296222537635,-106.518981001429));
#8600=CARTESIAN_POINT('Ctrl Pts',(184.48542616444,3.61258330249194,-107.000993347982));
#8601=CARTESIAN_POINT('Origin',(187.,0.,-107.));
#8602=CARTESIAN_POINT('',(184.479076282341,2.61258330249194,-106.999094610568));
#8603=CARTESIAN_POINT('',(184.481724157302,2.88741669750806,-106.998048167335));
#8604=CARTESIAN_POINT('',(184.4825,0.,-107.));
#8605=CARTESIAN_POINT('Ctrl Pts',(184.481724157302,2.88741669750806,-106.998048167335));
#8606=CARTESIAN_POINT('Ctrl Pts',(184.480291816379,2.89819390253294,-106.827694289964));
#8607=CARTESIAN_POINT('Ctrl Pts',(184.496195471053,2.90897110755781,-106.657606419675));
#8608=CARTESIAN_POINT('Ctrl Pts',(184.53045215849,2.91974831258268,-106.491299895394));
#8609=CARTESIAN_POINT('Ctrl Pts',(184.693962369444,2.97118886912637,-105.697504087842));
#8610=CARTESIAN_POINT('Ctrl Pts',(185.275598285364,3.02262942567005,-104.989856329269));
#8611=CARTESIAN_POINT('Ctrl Pts',(186.022719582616,3.07406998221373,-104.675710468474));
#8612=CARTESIAN_POINT('Ctrl Pts',(186.769840879869,3.12551053875742,-104.361564607679));
#8613=CARTESIAN_POINT('Ctrl Pts',(187.682447558454,3.1769510953011,-104.440920644662));
#8614=CARTESIAN_POINT('Ctrl Pts',(188.364064029909,3.22839165184479,-104.879408149606));
#8615=CARTESIAN_POINT('Ctrl Pts',(189.045680501364,3.27983220838847,-105.31789565455));
#8616=CARTESIAN_POINT('Ctrl Pts',(189.496306765689,3.33127276493215,-106.115514627455));
#8617=CARTESIAN_POINT('Ctrl Pts',(189.520291416467,3.38271332147584,-106.925568284015));
#8618=CARTESIAN_POINT('Ctrl Pts',(189.544276067246,3.43415387801952,-107.735621940575));
#8619=CARTESIAN_POINT('Ctrl Pts',(189.141619104477,3.4855944345632,-108.55811028079));
#8620=CARTESIAN_POINT('Ctrl Pts',(188.487045946085,3.53703499110689,-109.036236830254));
#8621=CARTESIAN_POINT('Ctrl Pts',(187.832472787693,3.58847554765057,-109.514363379717));
#8622=CARTESIAN_POINT('Ctrl Pts',(186.925983433678,3.63991610419426,-109.648128138428));
#8623=CARTESIAN_POINT('Ctrl Pts',(186.161865725969,3.69135666073794,-109.378453265849));
#8624=CARTESIAN_POINT('Ctrl Pts',(185.39774801826,3.74279721728162,-109.10877839327));
#8625=CARTESIAN_POINT('Ctrl Pts',(184.776001956859,3.79423777382531,-108.435663889401));
#8626=CARTESIAN_POINT('Ctrl Pts',(184.56600637256,3.84567833036899,-107.654085589091));
#8627=CARTESIAN_POINT('Ctrl Pts',(184.509210247842,3.85959111941535,-107.442697246));
#8628=CARTESIAN_POINT('Ctrl Pts',(184.482533861423,3.87350390846171,-107.223374725913));
#8629=CARTESIAN_POINT('Ctrl Pts',(184.484300731078,3.88741669750806,-107.0036372067));
#8630=CARTESIAN_POINT('Ctrl Pts',(184.48542616444,3.61258330249194,-107.000993347982));
#8631=CARTESIAN_POINT('Ctrl Pts',(184.484105692372,3.59152166883267,-107.335171340433));
#8632=CARTESIAN_POINT('Ctrl Pts',(184.546386471345,3.5704600351734,-107.668886450526));
#8633=CARTESIAN_POINT('Ctrl Pts',(184.674680873235,3.54939840151413,-107.974921405017));
#8634=CARTESIAN_POINT('Ctrl Pts',(184.988024820881,3.49795784497045,-108.72237569254));
#8635=CARTESIAN_POINT('Ctrl Pts',(185.695155225945,3.44651728842677,-109.304711479762));
#8636=CARTESIAN_POINT('Ctrl Pts',(186.488804617027,3.39507673188308,-109.469023783532));
#8637=CARTESIAN_POINT('Ctrl Pts',(187.282454008108,3.3436361753394,-109.633336087301));
#8638=CARTESIAN_POINT('Ctrl Pts',(188.162622385206,3.29219561879572,-109.379624907617));
#8639=CARTESIAN_POINT('Ctrl Pts',(188.747010376895,3.24075506225203,-108.818075192269));
#8640=CARTESIAN_POINT('Ctrl Pts',(189.331398368583,3.18931450570835,-108.256525476921));
#8641=CARTESIAN_POINT('Ctrl Pts',(189.620005974862,3.13787394916466,-107.387137225908));
#8642=CARTESIAN_POINT('Ctrl Pts',(189.48744335673,3.08643339262098,-106.587582234297));
#8643=CARTESIAN_POINT('Ctrl Pts',(189.354880738598,3.0349928360773,-105.788027242686));
#8644=CARTESIAN_POINT('Ctrl Pts',(188.801147896054,2.98355227953361,-105.058305510478));
#8645=CARTESIAN_POINT('Ctrl Pts',(188.066793601327,2.93211172298993,-104.715400070436));
#8646=CARTESIAN_POINT('Ctrl Pts',(187.332439306601,2.88067116644624,-104.372494630394));
#8647=CARTESIAN_POINT('Ctrl Pts',(186.417463559691,2.82923060990256,-104.416405482517));
#8648=CARTESIAN_POINT('Ctrl Pts',(185.71932459001,2.77779005335888,-104.828060520022));
#8649=CARTESIAN_POINT('Ctrl Pts',(185.02118562033,2.72634949681519,-105.239715557528));
#8650=CARTESIAN_POINT('Ctrl Pts',(184.539883427879,2.67490894027151,-106.019114780415));
#8651=CARTESIAN_POINT('Ctrl Pts',(184.484496005496,2.62346838372783,-106.827688576511));
#8652=CARTESIAN_POINT('Ctrl Pts',(184.480589252844,2.61984002331586,-106.884721341104));
#8653=CARTESIAN_POINT('Ctrl Pts',(184.478801506372,2.6162116629039,-106.941899254693));
#8654=CARTESIAN_POINT('Ctrl Pts',(184.479076282341,2.61258330249194,-106.999094610568));
#8655=CARTESIAN_POINT('Origin',(187.,0.,-107.));
#8656=CARTESIAN_POINT('',(184.48572653984,1.61258330249194,-107.000591826365));
#8657=CARTESIAN_POINT('',(184.483885783031,1.88741669750806,-107.001804718078));
#8658=CARTESIAN_POINT('',(184.4825,0.,-107.));
#8659=CARTESIAN_POINT('Ctrl Pts',(184.483885783031,1.88741669750806,-107.001804718078));
#8660=CARTESIAN_POINT('Ctrl Pts',(184.487911659273,1.92288389660417,-106.439939159843));
#8661=CARTESIAN_POINT('Ctrl Pts',(184.675022633374,1.95835109570027,-105.875638320619));
#8662=CARTESIAN_POINT('Ctrl Pts',(185.02139089065,1.99381829479638,-105.437132066438));
#8663=CARTESIAN_POINT('Ctrl Pts',(185.523752971034,2.04525885134006,-104.801135812497));
#8664=CARTESIAN_POINT('Ctrl Pts',(186.361124328916,2.09669940788374,-104.429757616882));
#8665=CARTESIAN_POINT('Ctrl Pts',(187.169753876392,2.14813996442743,-104.484322509608));
#8666=CARTESIAN_POINT('Ctrl Pts',(187.978383423868,2.19958052097111,-104.538887402335));
#8667=CARTESIAN_POINT('Ctrl Pts',(188.758271160939,2.25102107751479,-105.019395383404));
#8668=CARTESIAN_POINT('Ctrl Pts',(189.170636026854,2.30246163405848,-105.717116340389));
#8669=CARTESIAN_POINT('Ctrl Pts',(189.583000892769,2.35390219060216,-106.414837297373));
#8670=CARTESIAN_POINT('Ctrl Pts',(189.627842887529,2.40534274714585,-107.329771230275));
#8671=CARTESIAN_POINT('Ctrl Pts',(189.285683711493,2.45678330368953,-108.064471819056));
#8672=CARTESIAN_POINT('Ctrl Pts',(188.943524535458,2.50822386023321,-108.799172407837));
#8673=CARTESIAN_POINT('Ctrl Pts',(188.214364188627,2.5596644167769,-109.353639652497));
#8674=CARTESIAN_POINT('Ctrl Pts',(187.414945530839,2.61110497332058,-109.487019361303));
#8675=CARTESIAN_POINT('Ctrl Pts',(186.61552687305,2.66254552986426,-109.620399070108));
#8676=CARTESIAN_POINT('Ctrl Pts',(185.745849904305,2.71398608640795,-109.332691243058));
#8677=CARTESIAN_POINT('Ctrl Pts',(185.183703672927,2.76542664295163,-108.748865401267));
#8678=CARTESIAN_POINT('Ctrl Pts',(184.739331540364,2.80608999447044,-108.287355708807));
#8679=CARTESIAN_POINT('Ctrl Pts',(184.487128506786,2.84675334598925,-107.640808473195));
#8680=CARTESIAN_POINT('Ctrl Pts',(184.481724157302,2.88741669750806,-106.998048167335));
#8681=CARTESIAN_POINT('Ctrl Pts',(184.479076282341,2.61258330249194,-106.999094610568));
#8682=CARTESIAN_POINT('Ctrl Pts',(184.482697103052,2.56477110636022,-107.752778165248));
#8683=CARTESIAN_POINT('Ctrl Pts',(184.844459901497,2.5169589102285,-108.509490445843));
#8684=CARTESIAN_POINT('Ctrl Pts',(185.435121311929,2.46914671409678,-108.977019128349));
#8685=CARTESIAN_POINT('Ctrl Pts',(186.070606693059,2.41770615755309,-109.480027514788));
#8686=CARTESIAN_POINT('Ctrl Pts',(186.971050107636,2.36626560100941,-109.648295918359));
#8687=CARTESIAN_POINT('Ctrl Pts',(187.745302372576,2.31482504446572,-109.408728894401));
#8688=CARTESIAN_POINT('Ctrl Pts',(188.519554637516,2.26338448792204,-109.169161870443));
#8689=CARTESIAN_POINT('Ctrl Pts',(189.167615752819,2.21194393137836,-108.521759418954));
#8690=CARTESIAN_POINT('Ctrl Pts',(189.407969906871,2.16050337483467,-107.747751025467));
#8691=CARTESIAN_POINT('Ctrl Pts',(189.648324060924,2.10906281829099,-106.973742631979));
#8692=CARTESIAN_POINT('Ctrl Pts',(189.480971253726,2.05762226174731,-106.073128296492));
#8693=CARTESIAN_POINT('Ctrl Pts',(188.978609160385,2.00618170520362,-105.437132026136));
#8694=CARTESIAN_POINT('Ctrl Pts',(188.476247067044,1.95474114865994,-104.80113575578));
#8695=CARTESIAN_POINT('Ctrl Pts',(187.638875687561,1.90330059211625,-104.429757550554));
#8696=CARTESIAN_POINT('Ctrl Pts',(186.830246119227,1.85186003557257,-104.484322444708));
#8697=CARTESIAN_POINT('Ctrl Pts',(186.021616550893,1.80041947902889,-104.538887338861));
#8698=CARTESIAN_POINT('Ctrl Pts',(185.241728793708,1.7489789224852,-105.019395332394));
#8699=CARTESIAN_POINT('Ctrl Pts',(184.829363917158,1.69753836594152,-105.717116307339));
#8700=CARTESIAN_POINT('Ctrl Pts',(184.602354422409,1.66922001145832,-106.101216154356));
#8701=CARTESIAN_POINT('Ctrl Pts',(184.486725409486,1.64090165697513,-106.551143975093));
#8702=CARTESIAN_POINT('Ctrl Pts',(184.48572653984,1.61258330249194,-107.000591826365));
#8703=CARTESIAN_POINT('Origin',(187.,0.,-107.));
#8704=CARTESIAN_POINT('',(184.478699474323,0.612583302491936,-106.999658665166));
#8705=CARTESIAN_POINT('',(184.480837998126,0.887416697508064,-106.998215520463));
#8706=CARTESIAN_POINT('',(184.4825,0.,-107.));
#8707=CARTESIAN_POINT('',(188.913465996665,0.,-105.364012796625));
#8708=CARTESIAN_POINT('Ctrl Pts',(184.478699474323,0.612583302491936,-106.999658665166));
#8709=CARTESIAN_POINT('Ctrl Pts',(184.480501995587,0.562710537958995,-107.785437281918));
#8710=CARTESIAN_POINT('Ctrl Pts',(184.878330710669,0.512837773426054,-108.572682582824));
#8711=CARTESIAN_POINT('Ctrl Pts',(185.512953964004,0.462965008893113,-109.036236933817));
#8712=CARTESIAN_POINT('Ctrl Pts',(186.167527129394,0.41152445234943,-109.51436350303));
#8713=CARTESIAN_POINT('Ctrl Pts',(187.074016504377,0.360083895805747,-109.648128256369));
#8714=CARTESIAN_POINT('Ctrl Pts',(187.838134184097,0.308643339262064,-109.378453416418));
#8715=CARTESIAN_POINT('Ctrl Pts',(188.602251863817,0.257202782718381,-109.108778576467));
#8716=CARTESIAN_POINT('Ctrl Pts',(189.223997848273,0.205762226174699,-108.435664143225));
#8717=CARTESIAN_POINT('Ctrl Pts',(189.433993462053,0.154321669631016,-107.654085797116));
#8718=CARTESIAN_POINT('Ctrl Pts',(189.643989075833,0.102881113087333,-106.872507451007));
#8719=CARTESIAN_POINT('Ctrl Pts',(189.442234318937,0.0514405565436501,-105.982465192031));
#8720=CARTESIAN_POINT('Ctrl Pts',(188.913465996665,-3.27649608672712E-14,
-105.364012796625));
#8721=CARTESIAN_POINT('',(185.083145696255,2.4980018054066E-15,-105.362163553518));
#8722=CARTESIAN_POINT('Origin',(187.,0.,-107.));
#8723=CARTESIAN_POINT('Ctrl Pts',(185.083145696255,2.4980018054066E-15,
-105.362163553518));
#8724=CARTESIAN_POINT('Ctrl Pts',(185.570750627507,0.047319419741254,-104.797725463976));
#8725=CARTESIAN_POINT('Ctrl Pts',(186.32671673594,0.0946388394825056,-104.458223574407));
#8726=CARTESIAN_POINT('Ctrl Pts',(187.072068402253,0.141958259223757,-104.479608716876));
#8727=CARTESIAN_POINT('Ctrl Pts',(187.882334139778,0.193398815767441,-104.502856331416));
#8728=CARTESIAN_POINT('Ctrl Pts',(188.680056061454,0.244839372311125,-104.952588957687));
#8729=CARTESIAN_POINT('Ctrl Pts',(189.119138277628,0.296279928854809,-105.633741655266));
#8730=CARTESIAN_POINT('Ctrl Pts',(189.558220493801,0.347720485398493,-106.314894352845));
#8731=CARTESIAN_POINT('Ctrl Pts',(189.638663004473,0.399161041942177,-107.227467121733));
#8732=CARTESIAN_POINT('Ctrl Pts',(189.325319065869,0.450601598485862,-107.974921389425));
#8733=CARTESIAN_POINT('Ctrl Pts',(189.011975127265,0.502042155029546,-108.722375657117));
#8734=CARTESIAN_POINT('Ctrl Pts',(188.304844739385,0.55348271157323,-109.304711423613));
#8735=CARTESIAN_POINT('Ctrl Pts',(187.511195368728,0.604923268116914,-109.46902372114));
#8736=CARTESIAN_POINT('Ctrl Pts',(186.717545998071,0.656363824660598,-109.633336018668));
#8737=CARTESIAN_POINT('Ctrl Pts',(185.837377644637,0.707804381204282,-109.379624847227));
#8738=CARTESIAN_POINT('Ctrl Pts',(185.25298966827,0.759244937747967,-108.818075146621));
#8739=CARTESIAN_POINT('Ctrl Pts',(184.767626624358,0.801968857667999,-108.351680417407));
#8740=CARTESIAN_POINT('Ctrl Pts',(184.486296491393,0.844692777588032,-107.672934916888));
#8741=CARTESIAN_POINT('Ctrl Pts',(184.480837998126,0.887416697508064,-106.998215520463));
#8742=CARTESIAN_POINT('Origin',(-187.,0.,-107.));
#8743=CARTESIAN_POINT('',(-189.51457336384,3.61258330249196,-107.000993411342));
#8744=CARTESIAN_POINT('',(-189.515698965138,3.88741669750806,-107.003637579503));
#8745=CARTESIAN_POINT('',(-189.5175,0.,-107.));
#8746=CARTESIAN_POINT('',(-188.913465996665,4.,-105.364012796625));
#8747=CARTESIAN_POINT('Ctrl Pts',(-189.515698965138,3.88741669750806,-107.003637579503));
#8748=CARTESIAN_POINT('Ctrl Pts',(-189.51093321082,3.92494446500539,-106.410926749083));
#8749=CARTESIAN_POINT('Ctrl Pts',(-189.299221828084,3.96247223250272,-105.815196439696));
#8750=CARTESIAN_POINT('Ctrl Pts',(-188.913465996665,4.00000000000004,-105.364012796625));
#8751=CARTESIAN_POINT('',(-185.083145767524,4.00000000000001,-105.362164541655));
#8752=CARTESIAN_POINT('Origin',(-187.,4.,-107.));
#8753=CARTESIAN_POINT('Ctrl Pts',(-185.083145767524,4.00000000000001,-105.362164541655));
#8754=CARTESIAN_POINT('Ctrl Pts',(-185.570750707986,3.95268058025876,-104.797726266355));
#8755=CARTESIAN_POINT('Ctrl Pts',(-186.326716737107,3.90536116051751,-104.458224453882));
#8756=CARTESIAN_POINT('Ctrl Pts',(-187.072068310395,3.85804174077626,-104.479609528936));
#8757=CARTESIAN_POINT('Ctrl Pts',(-187.882333946792,3.80660118423258,-104.50285707019));
#8758=CARTESIAN_POINT('Ctrl Pts',(-188.680055751135,3.75516062768889,-104.952589452395));
#8759=CARTESIAN_POINT('Ctrl Pts',(-189.119137911318,3.70372007114521,-105.633741971553));
#8760=CARTESIAN_POINT('Ctrl Pts',(-189.378443874946,3.67334114826079,-106.036005890188));
#8761=CARTESIAN_POINT('Ctrl Pts',(-189.51266873032,3.64296222537637,-106.518981151458));
#8762=CARTESIAN_POINT('Ctrl Pts',(-189.51457336384,3.61258330249196,-107.000993411342));
#8763=CARTESIAN_POINT('Origin',(-187.,0.,-107.));
#8764=CARTESIAN_POINT('',(-189.520923265117,2.61258330249196,-106.999094611001));
#8765=CARTESIAN_POINT('',(-189.518276001877,2.88741669750807,-106.998048169981));
#8766=CARTESIAN_POINT('',(-189.5175,0.,-107.));
#8767=CARTESIAN_POINT('Ctrl Pts',(-189.518276001877,2.88741669750807,-106.998048169981));
#8768=CARTESIAN_POINT('Ctrl Pts',(-189.51970834282,2.89819390253294,-106.827694281855));
#8769=CARTESIAN_POINT('Ctrl Pts',(-189.503804687077,2.90897110755781,-106.657606400711));
#8770=CARTESIAN_POINT('Ctrl Pts',(-189.469547997426,2.91974831258268,-106.491299865644));
#8771=CARTESIAN_POINT('Ctrl Pts',(-189.306037775903,2.97118886912637,-105.697504006609));
#8772=CARTESIAN_POINT('Ctrl Pts',(-188.724401823318,3.02262942567005,-104.989856198115));
#8773=CARTESIAN_POINT('Ctrl Pts',(-187.977280475719,3.07406998221373,-104.675710321438));
#8774=CARTESIAN_POINT('Ctrl Pts',(-187.23015912812,3.12551053875742,-104.36156444476));
#8775=CARTESIAN_POINT('Ctrl Pts',(-186.317552385507,3.1769510953011,-104.440920499901));
#8776=CARTESIAN_POINT('Ctrl Pts',(-185.635935867865,3.22839165184479,-104.879408032585));
#8777=CARTESIAN_POINT('Ctrl Pts',(-184.954319350223,3.27983220838847,-105.317895565269));
#8778=CARTESIAN_POINT('Ctrl Pts',(-184.503693057552,3.33127276493215,-106.115514575496));
#8779=CARTESIAN_POINT('Ctrl Pts',(-184.479708383984,3.38271332147584,-106.925568306175));
#8780=CARTESIAN_POINT('Ctrl Pts',(-184.455723710416,3.43415387801952,-107.735622036853));
#8781=CARTESIAN_POINT('Ctrl Pts',(-184.85838065595,3.48559443456321,-108.558110487983));
#8782=CARTESIAN_POINT('Ctrl Pts',(-185.512953831632,3.53703499110689,-109.036237086274));
#8783=CARTESIAN_POINT('Ctrl Pts',(-186.167527007313,3.58847554765057,-109.514363684564));
#8784=CARTESIAN_POINT('Ctrl Pts',(-187.074016413141,3.63991610419426,-109.648128430015));
#8785=CARTESIAN_POINT('Ctrl Pts',(-187.838134051681,3.69135666073794,-109.378453638075));
#8786=CARTESIAN_POINT('Ctrl Pts',(-188.602251690221,3.74279721728162,-109.108778846135));
#8787=CARTESIAN_POINT('Ctrl Pts',(-189.223997561471,3.79423777382531,-108.435664516804));
#8788=CARTESIAN_POINT('Ctrl Pts',(-189.433993218651,3.84567833036899,-107.654086103278));
#8789=CARTESIAN_POINT('Ctrl Pts',(-189.49078936308,3.85959111941535,-107.442697729566));
#8790=CARTESIAN_POINT('Ctrl Pts',(-189.517465788451,3.87350390846171,-107.223375157809));
#8791=CARTESIAN_POINT('Ctrl Pts',(-189.515698965138,3.88741669750806,-107.003637579503));
#8792=CARTESIAN_POINT('Ctrl Pts',(-189.51457336384,3.61258330249196,-107.000993411342));
#8793=CARTESIAN_POINT('Ctrl Pts',(-189.515893841646,3.59152166883269,-107.335171343705));
#8794=CARTESIAN_POINT('Ctrl Pts',(-189.453613078939,3.57046003517342,-107.668886398347));
#8795=CARTESIAN_POINT('Ctrl Pts',(-189.32531870282,3.54939840151416,-107.974921296331));
#8796=CARTESIAN_POINT('Ctrl Pts',(-189.011974818116,3.49795784497047,-108.72237544584));
#8797=CARTESIAN_POINT('Ctrl Pts',(-188.304844532684,3.44651728842679,-109.304711088748));
#8798=CARTESIAN_POINT('Ctrl Pts',(-187.511195283801,3.3950767318831,-109.469023349069));
#8799=CARTESIAN_POINT('Ctrl Pts',(-186.717546034918,3.34363617533942,-109.63333560939));
#8800=CARTESIAN_POINT('Ctrl Pts',(-185.837377822584,3.29219561879574,-109.379624487123));
#8801=CARTESIAN_POINT('Ctrl Pts',(-185.252989937568,3.24075506225205,-108.81807487443));
#8802=CARTESIAN_POINT('Ctrl Pts',(-184.668602052553,3.18931450570837,-108.256525261737));
#8803=CARTESIAN_POINT('Ctrl Pts',(-184.379994494857,3.13787394916469,-107.387137158618));
#8804=CARTESIAN_POINT('Ctrl Pts',(-184.512557088557,3.086433392621,-106.587582308117));
#8805=CARTESIAN_POINT('Ctrl Pts',(-184.645119682256,3.03499283607732,-105.788027457617));
#8806=CARTESIAN_POINT('Ctrl Pts',(-185.198852427351,2.98355227953363,-105.058305859736));
#8807=CARTESIAN_POINT('Ctrl Pts',(-185.933206590691,2.93211172298995,-104.715400482006));
#8808=CARTESIAN_POINT('Ctrl Pts',(-186.66756075403,2.88067116644627,-104.372495104275));
#8809=CARTESIAN_POINT('Ctrl Pts',(-187.582536335613,2.82923060990258,-104.416405946696));
#8810=CARTESIAN_POINT('Ctrl Pts',(-188.280675179691,2.7777900533589,-104.828060909775));
#8811=CARTESIAN_POINT('Ctrl Pts',(-188.978814023769,2.72634949681522,-105.239715872853));
#8812=CARTESIAN_POINT('Ctrl Pts',(-189.460116130342,2.67490894027153,-106.01911495659));
#8813=CARTESIAN_POINT('Ctrl Pts',(-189.515503542913,2.62346838372785,-106.82768860769));
#8814=CARTESIAN_POINT('Ctrl Pts',(-189.519410294873,2.61984002331589,-106.884721362056));
#8815=CARTESIAN_POINT('Ctrl Pts',(-189.521198041031,2.61621166290392,-106.941899265388));
#8816=CARTESIAN_POINT('Ctrl Pts',(-189.520923265117,2.61258330249196,-106.999094611001));
#8817=CARTESIAN_POINT('Origin',(-187.,0.,-107.));
#8818=CARTESIAN_POINT('',(-189.514273008624,1.61258330249196,-107.000591826685));
#8819=CARTESIAN_POINT('',(-189.516114377375,1.88741669750806,-107.001804718209));
#8820=CARTESIAN_POINT('',(-189.5175,0.,-107.));
#8821=CARTESIAN_POINT('Ctrl Pts',(-189.516114377375,1.88741669750806,-107.001804718209));
#8822=CARTESIAN_POINT('Ctrl Pts',(-189.512088500879,1.92288389660417,-106.439939124165));
#8823=CARTESIAN_POINT('Ctrl Pts',(-189.324977514857,1.95835109570027,-105.875638248971));
#8824=CARTESIAN_POINT('Ctrl Pts',(-188.978609235501,1.99381829479638,-105.437131966816));
#8825=CARTESIAN_POINT('Ctrl Pts',(-188.476247123091,2.04525885134006,-104.8011356723));
#8826=CARTESIAN_POINT('Ctrl Pts',(-187.638875711812,2.09669940788374,-104.429757452929));
#8827=CARTESIAN_POINT('Ctrl Pts',(-186.830246112778,2.14813996442743,-104.484322349183));
#8828=CARTESIAN_POINT('Ctrl Pts',(-186.021616513744,2.19958052097111,-104.538887245436));
#8829=CARTESIAN_POINT('Ctrl Pts',(-185.241728726954,2.25102107751479,-105.019395257314));
#8830=CARTESIAN_POINT('Ctrl Pts',(-184.829363834751,2.30246163405848,-105.717116258695));
#8831=CARTESIAN_POINT('Ctrl Pts',(-184.416998942547,2.35390219060216,-106.414837260076));
#8832=CARTESIAN_POINT('Ctrl Pts',(-184.37215694493,2.40534274714585,-107.32977125096));
#8833=CARTESIAN_POINT('Ctrl Pts',(-184.714316142746,2.45678330368953,-108.064471886776));
#8834=CARTESIAN_POINT('Ctrl Pts',(-185.056475340563,2.50822386023321,-108.799172522591));
#8835=CARTESIAN_POINT('Ctrl Pts',(-185.785635733813,2.5596644167769,-109.353639803337));
#8836=CARTESIAN_POINT('Ctrl Pts',(-186.585054442573,2.61110497332058,-109.487019520334));
#8837=CARTESIAN_POINT('Ctrl Pts',(-187.384473151333,2.66254552986427,-109.620399237332));
#8838=CARTESIAN_POINT('Ctrl Pts',(-188.254150175602,2.71398608640795,-109.33269139058));
#8839=CARTESIAN_POINT('Ctrl Pts',(-188.816296442506,2.76542664295163,-108.748865512417));
#8840=CARTESIAN_POINT('Ctrl Pts',(-189.260668603151,2.80608999447044,-108.287355791204));
#8841=CARTESIAN_POINT('Ctrl Pts',(-189.512871652316,2.84675334598925,-107.640808516422));
#8842=CARTESIAN_POINT('Ctrl Pts',(-189.518276001877,2.88741669750807,-106.998048169981));
#8843=CARTESIAN_POINT('Ctrl Pts',(-189.520923265117,2.61258330249196,-106.999094611001));
#8844=CARTESIAN_POINT('Ctrl Pts',(-189.51730244513,2.56477110636024,-107.752778030451));
#8845=CARTESIAN_POINT('Ctrl Pts',(-189.1555397114,2.51695891022852,-108.509490174802));
#8846=CARTESIAN_POINT('Ctrl Pts',(-188.564878406976,2.4691467140968,-108.977018773242));
#8847=CARTESIAN_POINT('Ctrl Pts',(-187.929393139896,2.41770615755311,-109.480027069233));
#8848=CARTESIAN_POINT('Ctrl Pts',(-187.028949887168,2.36626560100943,-109.648295442754));
#8849=CARTESIAN_POINT('Ctrl Pts',(-186.254697761302,2.31482504446575,-109.408728461882));
#8850=CARTESIAN_POINT('Ctrl Pts',(-185.480445635436,2.26338448792206,-109.169161481009));
#8851=CARTESIAN_POINT('Ctrl Pts',(-184.832384636432,2.21194393137838,-108.521759145743));
#8852=CARTESIAN_POINT('Ctrl Pts',(-184.592030525525,2.1605033748347,-107.747750891194));
#8853=CARTESIAN_POINT('Ctrl Pts',(-184.351676414617,2.10906281829101,-106.973742636645));
#8854=CARTESIAN_POINT('Ctrl Pts',(-184.519029191806,2.05762226174733,-106.073128462814));
#8855=CARTESIAN_POINT('Ctrl Pts',(-185.021391194941,2.00618170520364,-105.437132306742));
#8856=CARTESIAN_POINT('Ctrl Pts',(-185.523753198077,1.95474114865996,-104.80113615067));
#8857=CARTESIAN_POINT('Ctrl Pts',(-186.361124427159,1.90330059211628,-104.429758012357));
#8858=CARTESIAN_POINT('Ctrl Pts',(-187.16975385027,1.85186003557259,-104.484322896577));
#8859=CARTESIAN_POINT('Ctrl Pts',(-187.978383273381,1.80041947902891,-104.538887780797));
#8860=CARTESIAN_POINT('Ctrl Pts',(-188.758270890521,1.74897892248523,-105.019395687549));
#8861=CARTESIAN_POINT('Ctrl Pts',(-189.170635693024,1.69753836594154,-105.717116537444));
#8862=CARTESIAN_POINT('Ctrl Pts',(-189.39764514701,1.66922001145835,-106.10121631562));
#8863=CARTESIAN_POINT('Ctrl Pts',(-189.513274139172,1.64090165697515,-106.55114405592));
#8864=CARTESIAN_POINT('Ctrl Pts',(-189.514273008624,1.61258330249196,-107.000591826685));
#8865=CARTESIAN_POINT('Origin',(-187.,0.,-107.));
#8866=CARTESIAN_POINT('',(-189.521299958104,0.612583302491958,-106.999658583684));
#8867=CARTESIAN_POINT('',(-189.519162162164,0.887416697508065,-106.998215519835));
#8868=CARTESIAN_POINT('',(-189.5175,0.,-107.));
#8869=CARTESIAN_POINT('',(-185.086534003335,0.,-105.364012796625));
#8870=CARTESIAN_POINT('Ctrl Pts',(-189.521299958104,0.612583302491958,-106.999658583684));
#8871=CARTESIAN_POINT('Ctrl Pts',(-189.519497375651,0.562710537959016,-107.785436992182));
#8872=CARTESIAN_POINT('Ctrl Pts',(-189.121668616398,0.512837773426073,-108.572681995312));
#8873=CARTESIAN_POINT('Ctrl Pts',(-188.4870454104,0.462965008893131,-109.036236213065));
#8874=CARTESIAN_POINT('Ctrl Pts',(-187.832472293835,0.411524452349447,-109.514362644851));
#8875=CARTESIAN_POINT('Ctrl Pts',(-186.925983065027,0.360083895805763,-109.648127435803));
#8876=CARTESIAN_POINT('Ctrl Pts',(-186.161865190263,0.308643339262078,-109.378452368537));
#8877=CARTESIAN_POINT('Ctrl Pts',(-185.397747315499,0.257202782718394,-109.108777301271));
#8878=CARTESIAN_POINT('Ctrl Pts',(-184.776000794779,0.20576222617471,-108.435662375786));
#8879=CARTESIAN_POINT('Ctrl Pts',(-184.56600538617,0.154321669631026,-107.654084348476));
#8880=CARTESIAN_POINT('Ctrl Pts',(-184.356009977561,0.102881113087342,-106.872506321166));
#8881=CARTESIAN_POINT('Ctrl Pts',(-184.557765681063,0.0514405565436576,
-105.982465192031));
#8882=CARTESIAN_POINT('Ctrl Pts',(-185.086534003335,-2.66519764779551E-14,
-105.364012796625));
#8883=CARTESIAN_POINT('',(-188.916854333197,1.11022302462516E-15,-105.362163143508));
#8884=CARTESIAN_POINT('Origin',(-187.,0.,-107.));
#8885=CARTESIAN_POINT('Ctrl Pts',(-188.916854333197,1.11022302462516E-15,
-105.362163143508));
#8886=CARTESIAN_POINT('Ctrl Pts',(-188.429249405743,0.0473194197412548,
-104.797725130911));
#8887=CARTESIAN_POINT('Ctrl Pts',(-187.673283264446,0.0946388394825086,
-104.458223209504));
#8888=CARTESIAN_POINT('Ctrl Pts',(-186.927931559584,0.141958259223762,-104.479608379979));
#8889=CARTESIAN_POINT('Ctrl Pts',(-186.117665780153,0.193398815767446,-104.502856024964));
#8890=CARTESIAN_POINT('Ctrl Pts',(-185.319943809852,0.24483937231113,-104.952588752402));
#8891=CARTESIAN_POINT('Ctrl Pts',(-184.880861570476,0.296279928854814,-105.633741523972));
#8892=CARTESIAN_POINT('Ctrl Pts',(-184.441779331099,0.347720485398497,-106.314894295541));
#8893=CARTESIAN_POINT('Ctrl Pts',(-184.361336822647,0.399161041942181,-107.227467111242));
#8894=CARTESIAN_POINT('Ctrl Pts',(-184.674680783601,0.450601598485865,-107.974921427957));
#8895=CARTESIAN_POINT('Ctrl Pts',(-184.988024744555,0.502042155029549,-108.722375744671));
#8896=CARTESIAN_POINT('Ctrl Pts',(-185.695155174915,0.553482711573232,-109.3047115624));
#8897=CARTESIAN_POINT('Ctrl Pts',(-186.488804596059,0.604923268116916,-109.469023875357));
#8898=CARTESIAN_POINT('Ctrl Pts',(-187.282454017202,0.656363824660599,-109.633336188314));
#8899=CARTESIAN_POINT('Ctrl Pts',(-188.16262242913,0.707804381204282,-109.379624996501));
#8900=CARTESIAN_POINT('Ctrl Pts',(-188.747010443369,0.759244937747966,-108.818075259455));
#8901=CARTESIAN_POINT('Ctrl Pts',(-189.232373518735,0.801968857667999,-108.351680499976));
#8902=CARTESIAN_POINT('Ctrl Pts',(-189.51370366893,0.844692777588032,-107.672934958107));
#8903=CARTESIAN_POINT('Ctrl Pts',(-189.519162162164,0.887416697508065,-106.998215519835));
#8904=CARTESIAN_POINT('Origin',(5.38458166943201E-15,0.,92.5));
#8905=CARTESIAN_POINT('',(-2.51442127008074,3.61258330249198,92.4990059276442));
#8906=CARTESIAN_POINT('',(-2.5160385120252,3.88741669750803,92.496763427084));
#8907=CARTESIAN_POINT('',(-2.51749999999999,0.,92.5));
#8908=CARTESIAN_POINT('',(-1.91346599666504,4.,94.135987203375));
#8909=CARTESIAN_POINT('Ctrl Pts',(-2.5160385120252,3.88741669750803,92.496763427084));
#8910=CARTESIAN_POINT('Ctrl Pts',(-2.51113966128298,3.92494446500535,93.0893098931168));
#8911=CARTESIAN_POINT('Ctrl Pts',(-2.29922182808403,3.96247223250268,93.6848035603044));
#8912=CARTESIAN_POINT('Ctrl Pts',(-1.91346599666503,4.00000000000001,94.135987203375));
#8913=CARTESIAN_POINT('',(1.91679942680634,4.,94.13756313562));
#8914=CARTESIAN_POINT('Origin',(5.38458166943201E-15,4.,92.5));
#8915=CARTESIAN_POINT('Ctrl Pts',(1.91679942680634,4.,94.13756313562));
#8916=CARTESIAN_POINT('Ctrl Pts',(1.42918444975769,3.95268058025876,94.7020910944648));
#8917=CARTESIAN_POINT('Ctrl Pts',(0.673257481726137,3.90536116051752,95.0415049711388));
#8918=CARTESIAN_POINT('Ctrl Pts',(-0.0720516174792837,3.85804174077628,
95.0201231752891));
#8919=CARTESIAN_POINT('Ctrl Pts',(-0.882271080647893,3.8066011842326,94.9968791988323));
#8920=CARTESIAN_POINT('Ctrl Pts',(-1.67994267839365,3.75516062768891,94.5472581764628));
#8921=CARTESIAN_POINT('Ctrl Pts',(-2.11900139439191,3.70372007114523,93.866172669748));
#8922=CARTESIAN_POINT('Ctrl Pts',(-2.37829351273664,3.67334114826081,93.463948326226));
#8923=CARTESIAN_POINT('Ctrl Pts',(-2.5125138566311,3.64296222537639,92.9809971732313));
#8924=CARTESIAN_POINT('Ctrl Pts',(-2.51442127008074,3.61258330249198,92.4990059276442));
#8925=CARTESIAN_POINT('Origin',(5.38458166943201E-15,0.,92.5));
#8926=CARTESIAN_POINT('',(-2.52077325746288,2.61258330249198,92.5009051615673));
#8927=CARTESIAN_POINT('',(-2.51812703260601,2.88741669750803,92.5019551213848));
#8928=CARTESIAN_POINT('',(-2.51749999999999,0.,92.5));
#8929=CARTESIAN_POINT('Ctrl Pts',(-2.51812703260601,2.88741669750803,92.5019551213848));
#8930=CARTESIAN_POINT('Ctrl Pts',(-2.51955928579945,2.8981939025329,92.672298954244));
#8931=CARTESIAN_POINT('Ctrl Pts',(-2.50365652421166,2.90897110755777,92.8423765803046));
#8932=CARTESIAN_POINT('Ctrl Pts',(-2.46940174986991,2.91974831258265,93.0086727678772));
#8933=CARTESIAN_POINT('Ctrl Pts',(-2.30590067029027,2.97118886912633,93.8024192374009));
#8934=CARTESIAN_POINT('Ctrl Pts',(-1.72429712398876,3.02262942567001,94.5100155510364));
#8935=CARTESIAN_POINT('Ctrl Pts',(-0.977222521742529,3.0740699822137,94.8241474448902));
#8936=CARTESIAN_POINT('Ctrl Pts',(-0.230147919496309,3.12551053875738,95.138279338744));
#8937=CARTESIAN_POINT('Ctrl Pts',(0.682397738694629,3.17695109530107,95.0589468128161));
#8938=CARTESIAN_POINT('Ctrl Pts',(1.36397587883049,3.22839165184475,94.6204795326013));
#8939=CARTESIAN_POINT('Ctrl Pts',(2.04555401896636,3.27983220838843,94.1820122523865));
#8940=CARTESIAN_POINT('Ctrl Pts',(2.49616464104716,3.33127276493212,93.3844102178846));
#8941=CARTESIAN_POINT('Ctrl Pts',(2.5201306875268,3.3827133214758,92.5744249325727));
#8942=CARTESIAN_POINT('Ctrl Pts',(2.54409673400645,3.43415387801948,91.7644396472608));
#8943=CARTESIAN_POINT('Ctrl Pts',(2.14141820488494,3.48559443456317,90.9420711111387));
#8944=CARTESIAN_POINT('Ctrl Pts',(1.48688083659854,3.53703499110685,90.4639737532396));
#8945=CARTESIAN_POINT('Ctrl Pts',(0.832343468312134,3.58847554765054,89.9858763953406));
#8946=CARTESIAN_POINT('Ctrl Pts',(-0.0740527391391627,3.63991610419422,
89.8520502156646));
#8947=CARTESIAN_POINT('Ctrl Pts',(-0.838262557798051,3.6913566607379,90.1218229650077));
#8948=CARTESIAN_POINT('Ctrl Pts',(-1.60247237645693,3.74279721728159,90.3915957143509));
#8949=CARTESIAN_POINT('Ctrl Pts',(-2.22449580632341,3.79423777382527,91.0649673927131));
#8950=CARTESIAN_POINT('Ctrl Pts',(-2.43443629194337,3.84567833036895,91.8464521661176));
#8951=CARTESIAN_POINT('Ctrl Pts',(-2.49121751448399,3.85959111941531,92.0578152136011));
#8952=CARTESIAN_POINT('Ctrl Pts',(-2.51785467859976,3.87350390846167,92.2770867841112));
#8953=CARTESIAN_POINT('Ctrl Pts',(-2.5160385120252,3.88741669750803,92.496763427084));
#8954=CARTESIAN_POINT('Ctrl Pts',(-2.51442127008074,3.61258330249198,92.4990059276442));
#8955=CARTESIAN_POINT('Ctrl Pts',(-2.5157436752057,3.59152166883271,92.1648425644416));
#8956=CARTESIAN_POINT('Ctrl Pts',(-2.45346834451699,3.57046003517344,91.8311405918039));
#8957=CARTESIAN_POINT('Ctrl Pts',(-2.32518222450449,3.54939840151418,91.5251214118173));
#8958=CARTESIAN_POINT('Ctrl Pts',(-2.01185850436801,3.49795784497049,90.7777056516619));
#8959=CARTESIAN_POINT('Ctrl Pts',(-1.30476522984428,3.44651728842681,90.1954241224115));
#8960=CARTESIAN_POINT('Ctrl Pts',(-0.511162450085374,3.39507673188313,90.0311268421988));
#8961=CARTESIAN_POINT('Ctrl Pts',(0.282440329673536,3.34363617533944,89.8668295619861));
#8962=CARTESIAN_POINT('Ctrl Pts',(1.16255261466763,3.29219561879576,90.1205165308111));
#8963=CARTESIAN_POINT('Ctrl Pts',(1.74690496344993,3.24075506225207,90.6820305812518));
#8964=CARTESIAN_POINT('Ctrl Pts',(2.33125731223223,3.18931450570839,91.2435446316926));
#8965=CARTESIAN_POINT('Ctrl Pts',(2.61984972480275,3.13787394916471,92.1128857637492));
#8966=CARTESIAN_POINT('Ctrl Pts',(2.48729545649637,3.08643339262103,92.9123942226087));
#8967=CARTESIAN_POINT('Ctrl Pts',(2.35474118818999,3.03499283607734,93.7119026814681));
#8968=CARTESIAN_POINT('Ctrl Pts',(1.80104023900671,2.98355227953366,94.4415784671304));
#8969=CARTESIAN_POINT('Ctrl Pts',(1.06672954029285,2.93211172298997,94.7844628441333));
#8970=CARTESIAN_POINT('Ctrl Pts',(0.33241884157899,2.88067116644629,95.1273472211361));
#8971=CARTESIAN_POINT('Ctrl Pts',(-0.582501606665445,2.82923060990261,95.0834401894795));
#8972=CARTESIAN_POINT('Ctrl Pts',(-1.28059872904952,2.77779005335892,94.6718100433128));
#8973=CARTESIAN_POINT('Ctrl Pts',(-1.9786958514336,2.72634949681524,94.2601798971462));
#8974=CARTESIAN_POINT('Ctrl Pts',(-2.45996964795733,2.67490894027155,93.4808266364694));
#8975=CARTESIAN_POINT('Ctrl Pts',(-2.51535384447043,2.62346838372787,92.6723009835806));
#8976=CARTESIAN_POINT('Ctrl Pts',(-2.5192603695856,2.61984002331591,92.6152716147691));
#8977=CARTESIAN_POINT('Ctrl Pts',(-2.52104801374628,2.61621166290394,92.5580971078132));
#8978=CARTESIAN_POINT('Ctrl Pts',(-2.52077325746288,2.61258330249198,92.5009051615673));
#8979=CARTESIAN_POINT('Origin',(5.38458166943201E-15,0.,92.5));
#8980=CARTESIAN_POINT('',(-2.51412331647523,1.61258330249198,92.4994078913023));
#8981=CARTESIAN_POINT('',(-2.51596466169743,1.88741669750802,92.4981954223921));
#8982=CARTESIAN_POINT('',(-2.51749999999999,0.,92.5));
#8983=CARTESIAN_POINT('Ctrl Pts',(-2.51596466169743,1.88741669750802,92.4981954223921));
#8984=CARTESIAN_POINT('Ctrl Pts',(-2.51193902062351,1.92288389660413,93.0600276054642));
#8985=CARTESIAN_POINT('Ctrl Pts',(-2.32483915526799,1.95835109570023,93.6242949131966));
#8986=CARTESIAN_POINT('Ctrl Pts',(-1.9784914825133,1.99381829479634,94.0627750638791));
#8987=CARTESIAN_POINT('Ctrl Pts',(-1.47615925729771,2.04525885134002,94.6987334580942));
#8988=CARTESIAN_POINT('Ctrl Pts',(-0.638837687570209,2.09669940788371,95.0700894193067));
#8989=CARTESIAN_POINT('Ctrl Pts',(0.169743781359538,2.14813996442739,95.0155278608746));
#8990=CARTESIAN_POINT('Ctrl Pts',(0.978325250289293,2.19958052097107,94.9609663024426));
#8991=CARTESIAN_POINT('Ctrl Pts',(1.7581666184213,2.25102107751476,94.480487224366));
#8992=CARTESIAN_POINT('Ctrl Pts',(2.1705069889972,2.30246163405844,93.7828075735371));
#8993=CARTESIAN_POINT('Ctrl Pts',(2.58284735957309,2.35390219060213,93.0851279227083));
#8994=CARTESIAN_POINT('Ctrl Pts',(2.62768673259289,2.40534274714581,92.1702476991273));
#8995=CARTESIAN_POINT('Ctrl Pts',(2.28554784716207,2.45678330368949,91.4355911164906));
#8996=CARTESIAN_POINT('Ctrl Pts',(1.94340896173126,2.50822386023318,90.700934533854));
#8997=CARTESIAN_POINT('Ctrl Pts',(1.21429181784984,2.55966441677686,90.1465015921618));
#8998=CARTESIAN_POINT('Ctrl Pts',(0.414920791053537,2.61110497332055,90.0131291874924));
#8999=CARTESIAN_POINT('Ctrl Pts',(-0.384450235742752,2.66254552986423,89.879756782823));
#9000=CARTESIAN_POINT('Ctrl Pts',(-1.25407514545392,2.71398608640791,90.1674449151764));
#9001=CARTESIAN_POINT('Ctrl Pts',(-1.81618829388062,2.76542664295159,90.751237294059));
#9002=CARTESIAN_POINT('Ctrl Pts',(-2.26053427463239,2.8060899944704,91.2127205343569));
#9003=CARTESIAN_POINT('Ctrl Pts',(-2.51272301413046,2.84675334598922,91.8592327143575));
#9004=CARTESIAN_POINT('Ctrl Pts',(-2.51812703260601,2.88741669750803,92.5019551213848));
#9005=CARTESIAN_POINT('Ctrl Pts',(-2.52077325746288,2.61258330249198,92.5009051615673));
#9006=CARTESIAN_POINT('Ctrl Pts',(-2.51715269615725,2.56477110636026,91.7472665367911));
#9007=CARTESIAN_POINT('Ctrl Pts',(-2.15541134094486,2.51695891022854,90.9905997065024));
#9008=CARTESIAN_POINT('Ctrl Pts',(-1.56478516884909,2.46914671409682,90.5230990238037));
#9009=CARTESIAN_POINT('Ctrl Pts',(-0.929337700212177,2.41770615755314,90.0201207620162));
#9010=CARTESIAN_POINT('Ctrl Pts',(-0.0289481664358818,2.36626560100945,
89.8518622835419));
#9011=CARTESIAN_POINT('Ctrl Pts',(0.745257830058521,2.31482504446577,90.0914149501439));
#9012=CARTESIAN_POINT('Ctrl Pts',(1.51946382655292,2.26338448792208,90.3309676167459));
#9013=CARTESIAN_POINT('Ctrl Pts',(2.16748628576543,2.2119439313784,90.9783314284243));
#9014=CARTESIAN_POINT('Ctrl Pts',(2.40782609645632,2.16050337483472,91.7522936322283));
#9015=CARTESIAN_POINT('Ctrl Pts',(2.64816590714721,2.10906281829103,92.5262558360323));
#9016=CARTESIAN_POINT('Ctrl Pts',(2.48082306931648,2.05762226174735,93.426816431962));
#9017=CARTESIAN_POINT('Ctrl Pts',(1.97849097328913,2.00618170520367,94.0627746620249));
#9018=CARTESIAN_POINT('Ctrl Pts',(1.47615887726178,1.95474114865998,94.6987328920879));
#9019=CARTESIAN_POINT('Ctrl Pts',(0.638837523037806,1.9033005921163,95.0700887562841));
#9020=CARTESIAN_POINT('Ctrl Pts',(-0.169743737683687,1.85186003557261,95.0155272127038));
#9021=CARTESIAN_POINT('Ctrl Pts',(-0.978324998405181,1.80041947902893,94.9609656691235));
#9022=CARTESIAN_POINT('Ctrl Pts',(-1.7581661656242,1.74897892248525,94.4804867177667));
#9023=CARTESIAN_POINT('Ctrl Pts',(-2.17050643030932,1.69753836594156,93.7828072449986));
#9024=CARTESIAN_POINT('Ctrl Pts',(-2.39750237606919,1.66922001145837,93.3987302451956));
#9025=CARTESIAN_POINT('Ctrl Pts',(-2.51312450062744,1.64090165697517,92.9488290477653));
#9026=CARTESIAN_POINT('Ctrl Pts',(-2.51412331647523,1.61258330249198,92.4994078913023));
#9027=CARTESIAN_POINT('Origin',(5.38458166943201E-15,0.,92.5));
#9028=CARTESIAN_POINT('',(-2.52113739255502,0.612583302491977,92.5003408353973));
#9029=CARTESIAN_POINT('',(-2.51901258058295,0.887416697508025,92.5017845806106));
#9030=CARTESIAN_POINT('',(-2.51749999999999,0.,92.5));
#9031=CARTESIAN_POINT('',(1.91346599666507,0.,94.135987203375));
#9032=CARTESIAN_POINT('Ctrl Pts',(-2.52113739255502,0.612583302491977,92.5003408353973));
#9033=CARTESIAN_POINT('Ctrl Pts',(-2.51931661352864,0.562710537959036,91.714631770957));
#9034=CARTESIAN_POINT('Ctrl Pts',(-2.12146851829335,0.512837773426095,90.9275006225709));
#9035=CARTESIAN_POINT('Ctrl Pts',(-1.48688024631502,0.462965008893154,90.4639746103429));
#9036=CARTESIAN_POINT('Ctrl Pts',(-0.832343161949093,0.41152445234947,89.9858772707471));
#9037=CARTESIAN_POINT('Ctrl Pts',(0.0740522989815992,0.360083895805786,
89.8520504532152));
#9038=CARTESIAN_POINT('Ctrl Pts',(0.838262668720834,0.308643339262103,90.1218237496399));
#9039=CARTESIAN_POINT('Ctrl Pts',(1.60247303846007,0.257202782718419,90.3915970460645));
#9040=CARTESIAN_POINT('Ctrl Pts',(2.22449831700785,0.205762226174735,91.0649704564458));
#9041=CARTESIAN_POINT('Ctrl Pts',(2.43443863712703,0.154321669631051,91.8464548969219));
#9042=CARTESIAN_POINT('Ctrl Pts',(2.64437895724621,0.102881113087367,92.6279393373981));
#9043=CARTESIAN_POINT('Ctrl Pts',(2.44223431893678,0.0514405565436833,93.5175348079691));
#9044=CARTESIAN_POINT('Ctrl Pts',(1.91346599666507,-5.55111512312578E-16,
94.135987203375));
#9045=CARTESIAN_POINT('',(-1.91679980705716,-2.15105711021124E-15,94.1375636933471));
#9046=CARTESIAN_POINT('Origin',(5.38458166943201E-15,0.,92.5));
#9047=CARTESIAN_POINT('Ctrl Pts',(-1.91679980705716,-2.15105711021124E-15,
94.1375636933471));
#9048=CARTESIAN_POINT('Ctrl Pts',(-1.4291849064299,0.0473194197412408,94.702091187735));
#9049=CARTESIAN_POINT('Ctrl Pts',(-0.673257705542558,0.0946388394824839,
95.0415058777758));
#9050=CARTESIAN_POINT('Ctrl Pts',(0.0720516184343051,0.141958259223727,
95.0201242159906));
#9051=CARTESIAN_POINT('Ctrl Pts',(0.882271325950089,0.19339881576741,94.9968803852744));
#9052=CARTESIAN_POINT('Ctrl Pts',(1.6799431584892,0.244839372311094,94.5472587058673));
#9053=CARTESIAN_POINT('Ctrl Pts',(2.11900197818891,0.296279928854778,93.8661728914139));
#9054=CARTESIAN_POINT('Ctrl Pts',(2.55806079788862,0.347720485398461,93.1850870769605));
#9055=CARTESIAN_POINT('Ctrl Pts',(2.63850660474893,0.399161041942145,92.2725371274608));
#9056=CARTESIAN_POINT('Ctrl Pts',(2.32518279893343,0.450601598485829,91.5251212394578));
#9057=CARTESIAN_POINT('Ctrl Pts',(2.01185899311794,0.502042155029512,90.7777053514548));
#9058=CARTESIAN_POINT('Ctrl Pts',(1.30476557462663,0.553482711573196,90.1954235249484));
#9059=CARTESIAN_POINT('Ctrl Pts',(0.511162596870553,0.60492326811688,90.031126167227));
#9060=CARTESIAN_POINT('Ctrl Pts',(-0.282440380885523,0.656363824660563,
89.8668288095056));
#9061=CARTESIAN_POINT('Ctrl Pts',(-1.16255291790637,0.707804381204247,90.1205159205693));
#9062=CARTESIAN_POINT('Ctrl Pts',(-1.74690542198321,0.759244937747931,90.6820301339995));
#9063=CARTESIAN_POINT('Ctrl Pts',(-2.23223900440758,0.801968857667962,91.1483953893633));
#9064=CARTESIAN_POINT('Ctrl Pts',(-2.51355370950945,0.844692777587994,91.8271035336872));
#9065=CARTESIAN_POINT('Ctrl Pts',(-2.51901258058295,0.887416697508025,92.5017845806106));
#9066=CARTESIAN_POINT('Origin',(5.38458166943201E-15,-2.20842344717746,
92.5));
#9067=CARTESIAN_POINT('',(-3.07426551527886,3.20842344717745,92.5023869178059));
#9068=CARTESIAN_POINT('',(-3.0697413201959,3.29157655282255,92.4987863827664));
#9069=CARTESIAN_POINT('',(-3.07349999999999,-2.20842344717746,92.5));
#9070=CARTESIAN_POINT('',(0.793799282532832,4.,89.5307770462543));
#9071=CARTESIAN_POINT('Ctrl Pts',(-3.0697413201959,3.29157655282255,92.4987863827664));
#9072=CARTESIAN_POINT('Ctrl Pts',(-3.06741264681457,3.32195547570696,93.0872273334365));
#9073=CARTESIAN_POINT('Ctrl Pts',(-2.6260796228031,3.40377495513507,94.6752302144942));
#9074=CARTESIAN_POINT('Ctrl Pts',(-0.103283618947249,3.53703499110685,96.0972466454274));
#9075=CARTESIAN_POINT('Ctrl Pts',(2.91015278751857,3.6913566607379,94.620746757873));
#9076=CARTESIAN_POINT('Ctrl Pts',(3.39062816891192,3.84567833036895,91.2978167291607));
#9077=CARTESIAN_POINT('Ctrl Pts',(1.75348346371952,3.94855944345632,89.7873413482118));
#9078=CARTESIAN_POINT('Ctrl Pts',(0.793799282532834,4.,89.5307770462543));
#9079=CARTESIAN_POINT('',(-0.796063246783108,4.,89.5268854555916));
#9080=CARTESIAN_POINT('Origin',(5.38458166943201E-15,4.,92.5));
#9081=CARTESIAN_POINT('Ctrl Pts',(-3.07426551527886,3.20842344717745,92.5023869178059));
#9082=CARTESIAN_POINT('Ctrl Pts',(-3.07601408735039,3.21920065220233,92.7103518712488));
#9083=CARTESIAN_POINT('Ctrl Pts',(-2.96392985449636,3.28141841377088,93.9090757619017));
#9084=CARTESIAN_POINT('Ctrl Pts',(-1.3950620500583,3.39507673188312,95.817807374804));
#9085=CARTESIAN_POINT('Ctrl Pts',(1.94719306070615,3.54939840151418,95.5272470747769));
#9086=CARTESIAN_POINT('Ctrl Pts',(3.59758243146922,3.70372007114523,92.6059801198123));
#9087=CARTESIAN_POINT('Ctrl Pts',(2.16213257410135,3.85392060397384,89.6744386729522));
#9088=CARTESIAN_POINT('Ctrl Pts',(0.0849247853755351,3.95268058025876,89.2961161018681));
#9089=CARTESIAN_POINT('Ctrl Pts',(-0.796063246783106,4.,89.5268854555916));
#9090=CARTESIAN_POINT('Origin',(5.38458166943201E-15,-2.20842344717746,
92.5));
#9091=CARTESIAN_POINT('',(-3.0716255760584,2.20842344717745,92.4977968741697));
#9092=CARTESIAN_POINT('',(-3.0774961695381,2.29157655282254,92.5011050701398));
#9093=CARTESIAN_POINT('',(-3.07349999999999,-2.20842344717746,92.5));
#9094=CARTESIAN_POINT('Ctrl Pts',(-3.0774961695381,2.29157655282254,92.5011050701398));
#9095=CARTESIAN_POINT('Ctrl Pts',(-3.07783160685172,2.29520491323451,92.5709280877314));
#9096=CARTESIAN_POINT('Ctrl Pts',(-3.0447077477759,2.35027383019016,93.6303337305294));
#9097=CARTESIAN_POINT('Ctrl Pts',(-1.82813373813924,2.45678330368949,95.6003992693423));
#9098=CARTESIAN_POINT('Ctrl Pts',(1.5228191885888,2.61110497332054,95.7612114978979));
#9099=CARTESIAN_POINT('Ctrl Pts',(3.55078328072165,2.76542664295159,93.0887286451874));
#9100=CARTESIAN_POINT('Ctrl Pts',(2.49379565803784,2.91974831258264,89.9047127929021));
#9101=CARTESIAN_POINT('Ctrl Pts',(-0.72967021039831,3.0740699822137,88.9755685243619));
#9102=CARTESIAN_POINT('Ctrl Pts',(-2.80963461424456,3.19801272896033,90.6883904355498));
#9103=CARTESIAN_POINT('Ctrl Pts',(-3.07135578381122,3.27051491916328,92.0908216968466));
#9104=CARTESIAN_POINT('Ctrl Pts',(-3.0697413201959,3.29157655282255,92.4987863827664));
#9105=CARTESIAN_POINT('Ctrl Pts',(-3.0716255760584,2.20842344717745,92.4977968741697));
#9106=CARTESIAN_POINT('Ctrl Pts',(-3.06671085596281,2.24389064627356,93.1837119544763));
#9107=CARTESIAN_POINT('Ctrl Pts',(-2.50699339561369,2.33079840191335,94.871742375246));
#9108=CARTESIAN_POINT('Ctrl Pts',(0.242319845803541,2.46914671409682,96.0910754228503));
#9109=CARTESIAN_POINT('Ctrl Pts',(3.09853725786356,2.62346838372787,94.3312909782008));
#9110=CARTESIAN_POINT('Ctrl Pts',(3.26276424452853,2.77779005335892,90.980485376799));
#9111=CARTESIAN_POINT('Ctrl Pts',(0.592327452012691,2.93211172298997,88.9498403166706));
#9112=CARTESIAN_POINT('Ctrl Pts',(-2.37029630209763,3.07565618759615,89.9299314860564));
#9113=CARTESIAN_POINT('Ctrl Pts',(-3.06766799758886,3.16776009565864,91.7177166822553));
#9114=CARTESIAN_POINT('Ctrl Pts',(-3.07426551527886,3.20842344717745,92.5023869178059));
#9115=CARTESIAN_POINT('Origin',(5.38458166943201E-15,-2.20842344717746,
92.5));
#9116=CARTESIAN_POINT('',(-3.07534664008806,1.20842344717745,92.5021787124157));
#9117=CARTESIAN_POINT('',(-3.06937756233829,1.29157655282254,92.4992771217151));
#9118=CARTESIAN_POINT('',(-3.07349999999999,-2.20842344717746,92.5));
#9119=CARTESIAN_POINT('Ctrl Pts',(-3.06937756233829,1.29157655282254,92.4992771217151));
#9120=CARTESIAN_POINT('Ctrl Pts',(-3.06815815399343,1.31989490730574,93.0479547480861));
#9121=CARTESIAN_POINT('Ctrl Pts',(-2.67058606711145,1.39965381833262,94.5949610726665));
#9122=CARTESIAN_POINT('Ctrl Pts',(-0.242319783575249,1.53085328590318,96.0910744949539));
#9123=CARTESIAN_POINT('Ctrl Pts',(2.82442164507307,1.68517495553423,94.7309605939324));
#9124=CARTESIAN_POINT('Ctrl Pts',(3.43732517485192,1.83949662516528,91.4326015175593));
#9125=CARTESIAN_POINT('Ctrl Pts',(1.06390269812146,1.99381829479633,89.0615913783019));
#9126=CARTESIAN_POINT('Ctrl Pts',(-2.15629464785351,2.14451160401542,89.6633592637507));
#9127=CARTESIAN_POINT('Ctrl Pts',(-3.07307599270679,2.24376435669082,91.5810223240625));
#9128=CARTESIAN_POINT('Ctrl Pts',(-3.0774961695381,2.29157655282254,92.5011050701398));
#9129=CARTESIAN_POINT('Ctrl Pts',(-3.07534664008806,1.20842344717745,92.5021787124157));
#9130=CARTESIAN_POINT('Ctrl Pts',(-3.07670634424359,1.2171400838011,92.670229324128));
#9131=CARTESIAN_POINT('Ctrl Pts',(-2.98934263000042,1.27729727696844,93.8286052415943));
#9132=CARTESIAN_POINT('Ctrl Pts',(-1.52281959273335,1.38889502667946,95.7612123628388));
#9133=CARTESIAN_POINT('Ctrl Pts',(1.82813421542721,1.54321669631051,95.6004000541672));
#9134=CARTESIAN_POINT('Ctrl Pts',(3.59082980883185,1.69753836594156,92.7459696509997));
#9135=CARTESIAN_POINT('Ctrl Pts',(2.23383042937939,1.85186003557261,89.6778477693348));
#9136=CARTESIAN_POINT('Ctrl Pts',(-1.06390297297228,2.00618170520367,89.0615904946067));
#9137=CARTESIAN_POINT('Ctrl Pts',(-2.89185069355453,2.12503617573861,90.8876802965713));
#9138=CARTESIAN_POINT('Ctrl Pts',(-3.0738390178537,2.19245008972987,92.1888813963296));
#9139=CARTESIAN_POINT('Ctrl Pts',(-3.0716255760584,2.20842344717745,92.4977968741697));
#9140=CARTESIAN_POINT('Origin',(5.38458166943201E-15,-2.20842344717746,
92.5));
#9141=CARTESIAN_POINT('',(-3.0699601254036,0.208423447177452,92.4977675715198));
#9142=CARTESIAN_POINT('',(-3.07794058408224,0.291576552822545,92.5004160970302));
#9143=CARTESIAN_POINT('',(-3.07349999999999,-2.20842344717746,92.5));
#9144=CARTESIAN_POINT('',(-0.793799282532889,0.,89.5307770462543));
#9145=CARTESIAN_POINT('Ctrl Pts',(-0.793799282532889,0.,89.5307770462543));
#9146=CARTESIAN_POINT('Ctrl Pts',(-1.75348346371957,0.0514405565436838,
89.7873413482119));
#9147=CARTESIAN_POINT('Ctrl Pts',(-2.85902852711086,0.120915038936168,90.807354028578));
#9148=CARTESIAN_POINT('Ctrl Pts',(-3.07194240231583,0.190389521328652,92.1487650557523));
#9149=CARTESIAN_POINT('Ctrl Pts',(-3.0699601254036,0.208423447177452,92.4977675715198));
#9150=CARTESIAN_POINT('',(0.796052784369004,1.0000451589945E-15,89.5269042653437));
#9151=CARTESIAN_POINT('Origin',(5.38458166943201E-15,0.,92.5));
#9152=CARTESIAN_POINT('Ctrl Pts',(0.796063249901658,-2.0870891820346E-16,
89.5268862796849));
#9153=CARTESIAN_POINT('Ctrl Pts',(-0.0849251803368786,0.0473194197412403,
89.2961165115161));
#9154=CARTESIAN_POINT('Ctrl Pts',(-2.12915613452477,0.144511604015422,89.6684346484866));
#9155=CARTESIAN_POINT('Ctrl Pts',(-3.07571781993259,0.241703788289604,91.5411800389419));
#9156=CARTESIAN_POINT('Ctrl Pts',(-3.07794072532983,0.291576552822545,92.5004161102656));
#9157=CARTESIAN_POINT('Origin',(-187.,-2.20842344717746,-107.));
#9158=CARTESIAN_POINT('',(-190.074447385013,3.20842344717745,-106.997617100472));
#9159=CARTESIAN_POINT('',(-190.069927004473,3.29157655282255,-107.001212810232));
#9160=CARTESIAN_POINT('',(-190.0735,-2.20842344717746,-107.));
#9161=CARTESIAN_POINT('',(-186.206200717467,4.,-109.969222953746));
#9162=CARTESIAN_POINT('Ctrl Pts',(-190.069927004473,3.29157655282255,-107.001212810232));
#9163=CARTESIAN_POINT('Ctrl Pts',(-190.06760172498,3.32195547570696,-106.412746204173));
#9164=CARTESIAN_POINT('Ctrl Pts',(-189.62625386667,3.40377495513506,-104.824664052135));
#9165=CARTESIAN_POINT('Ctrl Pts',(-187.103299074406,3.53703499110685,-103.402295423445));
#9166=CARTESIAN_POINT('Ctrl Pts',(-184.089708328084,3.6913566607379,-104.87917706073));
#9167=CARTESIAN_POINT('Ctrl Pts',(-183.609538068489,3.84567833036895,-108.200748579575));
#9168=CARTESIAN_POINT('Ctrl Pts',(-185.24651653628,3.94855944345632,-109.712658651788));
#9169=CARTESIAN_POINT('Ctrl Pts',(-186.206200717467,4.,-109.969222953746));
#9170=CARTESIAN_POINT('',(-187.795929202083,4.,-109.97342708322));
#9171=CARTESIAN_POINT('Origin',(-187.,4.,-107.));
#9172=CARTESIAN_POINT('Ctrl Pts',(-190.074447385013,3.20842344717745,-106.997617100472));
#9173=CARTESIAN_POINT('Ctrl Pts',(-190.076196064213,3.21920065220233,-106.789639871016));
#9174=CARTESIAN_POINT('Ctrl Pts',(-189.964105529269,3.28141841377088,-105.590843701523));
#9175=CARTESIAN_POINT('Ctrl Pts',(-188.395150309314,3.39507673188313,-103.681973181926));
#9176=CARTESIAN_POINT('Ctrl Pts',(-185.052671473062,3.54939840151417,-103.972619659153));
#9177=CARTESIAN_POINT('Ctrl Pts',(-183.402224707791,3.70372007114523,-106.893948788767));
#9178=CARTESIAN_POINT('Ctrl Pts',(-184.837597624982,3.85392060397383,-109.825917703119));
#9179=CARTESIAN_POINT('Ctrl Pts',(-186.915013084467,3.95268058025876,-110.204113305453));
#9180=CARTESIAN_POINT('Ctrl Pts',(-187.795929202083,4.,-109.97342708322));
#9181=CARTESIAN_POINT('Origin',(-187.,-2.20842344717746,-107.));
#9182=CARTESIAN_POINT('',(-190.071808357046,2.20842344717745,-107.002203297484));
#9183=CARTESIAN_POINT('',(-190.077679306986,2.29157655282255,-106.998894652199));
#9184=CARTESIAN_POINT('',(-190.0735,-2.20842344717746,-107.));
#9185=CARTESIAN_POINT('Ctrl Pts',(-190.077679306986,2.29157655282255,-106.998894652199));
#9186=CARTESIAN_POINT('Ctrl Pts',(-190.078014768266,2.29520491323451,-106.929067484476));
#9187=CARTESIAN_POINT('Ctrl Pts',(-190.044889019246,2.35027383019016,-105.869598909082));
#9188=CARTESIAN_POINT('Ctrl Pts',(-188.828243446872,2.45678330368949,-103.899417537775));
#9189=CARTESIAN_POINT('Ctrl Pts',(-185.47708859087,2.61110497332054,-103.73859135206));
#9190=CARTESIAN_POINT('Ctrl Pts',(-183.449008044236,2.76542664295159,-106.411241994866));
#9191=CARTESIAN_POINT('Ctrl Pts',(-184.506051136882,2.91974831258264,-109.595429881583));
#9192=CARTESIAN_POINT('Ctrl Pts',(-187.729721842674,3.07406998221369,-110.524662613603));
#9193=CARTESIAN_POINT('Ctrl Pts',(-189.809795116698,3.19801272896033,-108.8116815233));
#9194=CARTESIAN_POINT('Ctrl Pts',(-190.071539115114,3.27051491916328,-107.409195282971));
#9195=CARTESIAN_POINT('Ctrl Pts',(-190.069927004473,3.29157655282255,-107.001212810232));
#9196=CARTESIAN_POINT('Ctrl Pts',(-190.071808357046,2.20842344717745,-107.002203297484));
#9197=CARTESIAN_POINT('Ctrl Pts',(-190.066893349534,2.24389064627356,-106.316247427258));
#9198=CARTESIAN_POINT('Ctrl Pts',(-189.507142621224,2.33079840191334,-104.628116587954));
#9199=CARTESIAN_POINT('Ctrl Pts',(-186.757665726987,2.46914671409682,-103.408710456541));
#9200=CARTESIAN_POINT('Ctrl Pts',(-183.901278303712,2.62346838372787,-105.168600873033));
#9201=CARTESIAN_POINT('Ctrl Pts',(-183.737041704296,2.77779005335892,-108.51960340052));
#9202=CARTESIAN_POINT('Ctrl Pts',(-186.40763690031,2.93211172298997,-110.550374229565));
#9203=CARTESIAN_POINT('Ctrl Pts',(-189.370438197434,3.07565618759615,-109.570215897494));
#9204=CARTESIAN_POINT('Ctrl Pts',(-190.067849463115,3.16776009565864,-107.782333654508));
#9205=CARTESIAN_POINT('Ctrl Pts',(-190.074447385013,3.20842344717745,-106.997617100472));
#9206=CARTESIAN_POINT('Origin',(-187.,-2.20842344717746,-107.));
#9207=CARTESIAN_POINT('',(-190.075529257363,1.20842344717745,-106.997821410214));
#9208=CARTESIAN_POINT('',(-190.0695603146,1.29157655282255,-107.000722533988));
#9209=CARTESIAN_POINT('',(-190.0735,-2.20842344717746,-107.));
#9210=CARTESIAN_POINT('Ctrl Pts',(-190.0695603146,1.29157655282254,-107.000722533988));
#9211=CARTESIAN_POINT('Ctrl Pts',(-190.068340840812,1.31989490730574,-106.452012415439));
#9212=CARTESIAN_POINT('Ctrl Pts',(-189.670745139353,1.39965381833262,-104.904914821961));
#9213=CARTESIAN_POINT('Ctrl Pts',(-187.242334220241,1.53085328590318,-103.408711238482));
#9214=CARTESIAN_POINT('Ctrl Pts',(-184.175410121829,1.68517495553423,-104.768906719836));
#9215=CARTESIAN_POINT('Ctrl Pts',(-183.562470188535,1.83949662516528,-108.067462028599));
#9216=CARTESIAN_POINT('Ctrl Pts',(-185.936033819644,1.99381829479633,-110.438613262889));
#9217=CARTESIAN_POINT('Ctrl Pts',(-189.156423288715,2.14451160401542,-109.836809988308));
#9218=CARTESIAN_POINT('Ctrl Pts',(-190.073258814343,2.24376435669083,-107.919032086034));
#9219=CARTESIAN_POINT('Ctrl Pts',(-190.077679306986,2.29157655282255,-106.998894652199));
#9220=CARTESIAN_POINT('Ctrl Pts',(-190.075529257363,1.20842344717745,-106.997821410214));
#9221=CARTESIAN_POINT('Ctrl Pts',(-190.076888867406,1.2171400838011,-106.829761235924));
#9222=CARTESIAN_POINT('Ctrl Pts',(-189.989518954263,1.27729727696844,-105.671318974526));
#9223=CARTESIAN_POINT('Ctrl Pts',(-188.522911743306,1.38889502667946,-103.738590636867));
#9224=CARTESIAN_POINT('Ctrl Pts',(-185.171756153779,1.54321669631051,-103.899416865631));
#9225=CARTESIAN_POINT('Ctrl Pts',(-183.408956935154,1.69753836594156,-106.75401500103));
#9226=CARTESIAN_POINT('Ctrl Pts',(-184.766036394329,1.85186003557261,-109.822320515705));
#9227=CARTESIAN_POINT('Ctrl Pts',(-188.063966412037,2.00618170520367,-110.438614010724));
#9228=CARTESIAN_POINT('Ctrl Pts',(-189.892022774177,2.12503617573861,-108.612415613106));
#9229=CARTESIAN_POINT('Ctrl Pts',(-190.074021928285,2.19245008972987,-107.311137145874));
#9230=CARTESIAN_POINT('Ctrl Pts',(-190.071808357046,2.20842344717745,-107.002203297484));
#9231=CARTESIAN_POINT('Origin',(-187.,-2.20842344717746,-107.));
#9232=CARTESIAN_POINT('',(-190.069922991151,0.208423447177453,-107.001422735873));
#9233=CARTESIAN_POINT('',(-190.078139194135,0.291576552822546,-106.999583180517));
#9234=CARTESIAN_POINT('',(-190.0735,-2.20842344717746,-107.));
#9235=CARTESIAN_POINT('',(-187.793799282533,0.,-109.969222953746));
#9236=CARTESIAN_POINT('Ctrl Pts',(-187.793799282533,-8.32667268468867E-16,
-109.969222953746));
#9237=CARTESIAN_POINT('Ctrl Pts',(-188.753483463719,0.0514405565436829,
-109.712658651788));
#9238=CARTESIAN_POINT('Ctrl Pts',(-189.858916711255,0.120915038936168,-108.691679503715));
#9239=CARTESIAN_POINT('Ctrl Pts',(-190.071886654742,0.190389521328652,-107.350365855984));
#9240=CARTESIAN_POINT('Ctrl Pts',(-190.069922991151,0.208423447177453,-107.001422735872));
#9241=CARTESIAN_POINT('',(-186.204069932375,2.0122792321331E-15,-109.973425606879));
#9242=CARTESIAN_POINT('Origin',(-187.,0.,-107.));
#9243=CARTESIAN_POINT('Ctrl Pts',(-186.204069932375,-5.05780313464488E-16,
-109.973425606879));
#9244=CARTESIAN_POINT('Ctrl Pts',(-187.084986244749,0.04731941974124,-110.204112084426));
#9245=CARTESIAN_POINT('Ctrl Pts',(-189.129422822931,0.144511604015422,-109.831920184905));
#9246=CARTESIAN_POINT('Ctrl Pts',(-190.075938504096,0.241703788289604,-107.958903910813));
#9247=CARTESIAN_POINT('Ctrl Pts',(-190.078139194135,0.291576552822546,-106.999583180517));
#9248=CARTESIAN_POINT('Origin',(187.,-2.20842344717746,-107.));
#9249=CARTESIAN_POINT('',(183.925552809321,3.20842344717745,-106.997617097241));
#9250=CARTESIAN_POINT('',(183.930072419626,3.29157655282255,-107.001212732879));
#9251=CARTESIAN_POINT('',(183.9265,-2.20842344717746,-107.));
#9252=CARTESIAN_POINT('',(187.793799282533,4.,-109.969222953746));
#9253=CARTESIAN_POINT('Ctrl Pts',(183.930072419626,3.29157655282255,-107.001212732879));
#9254=CARTESIAN_POINT('Ctrl Pts',(183.932397689015,3.32195547570696,-106.41274602101));
#9255=CARTESIAN_POINT('Ctrl Pts',(184.373745592138,3.40377495513506,-104.824663552274));
#9256=CARTESIAN_POINT('Ctrl Pts',(186.896700817709,3.53703499110684,-103.402294022231));
#9257=CARTESIAN_POINT('Ctrl Pts',(189.910291927204,3.6913566607379,-104.879176076307));
#9258=CARTESIAN_POINT('Ctrl Pts',(190.390461589401,3.84567833036895,-108.200744996853));
#9259=CARTESIAN_POINT('Ctrl Pts',(188.75348346372,3.94855944345632,-109.712658651788));
#9260=CARTESIAN_POINT('Ctrl Pts',(187.793799282533,4.,-109.969222953746));
#9261=CARTESIAN_POINT('',(186.20407054401,4.,-109.973426650338));
#9262=CARTESIAN_POINT('Origin',(187.,4.,-107.));
#9263=CARTESIAN_POINT('Ctrl Pts',(183.925552809321,3.20842344717745,-106.997617097241));
#9264=CARTESIAN_POINT('Ctrl Pts',(183.923804130146,3.21920065220233,-106.789639880916));
#9265=CARTESIAN_POINT('Ctrl Pts',(184.035894657556,3.28141841377088,-105.590843787927));
#9266=CARTESIAN_POINT('Ctrl Pts',(185.604849778608,3.39507673188313,-103.681973402993));
#9267=CARTESIAN_POINT('Ctrl Pts',(188.947328380353,3.54939840151418,-103.972619813717));
#9268=CARTESIAN_POINT('Ctrl Pts',(190.597775041806,3.70372007114523,-106.893948806637));
#9269=CARTESIAN_POINT('Ctrl Pts',(189.162402063181,3.85392060397384,-109.825917325604));
#9270=CARTESIAN_POINT('Ctrl Pts',(187.084986718656,3.95268058025876,-110.20411294736));
#9271=CARTESIAN_POINT('Ctrl Pts',(186.20407054401,4.,-109.973426650338));
#9272=CARTESIAN_POINT('Origin',(187.,-2.20842344717746,-107.));
#9273=CARTESIAN_POINT('',(183.928191838787,2.20842344717745,-107.002203297324));
#9274=CARTESIAN_POINT('',(183.922320140527,2.29157655282255,-106.998894651671));
#9275=CARTESIAN_POINT('',(183.9265,-2.20842344717746,-107.));
#9276=CARTESIAN_POINT('Ctrl Pts',(183.922320140527,2.29157655282255,-106.998894651671));
#9277=CARTESIAN_POINT('Ctrl Pts',(183.92198467918,2.29520491323451,-106.929067471419));
#9278=CARTESIAN_POINT('Ctrl Pts',(183.955110434011,2.35027383019016,-105.86959870598));
#9279=CARTESIAN_POINT('Ctrl Pts',(185.171756223469,2.45678330368949,-103.899416982927));
#9280=CARTESIAN_POINT('Ctrl Pts',(188.522911684991,2.61110497332054,-103.738590761673));
#9281=CARTESIAN_POINT('Ctrl Pts',(190.550992588535,2.76542664295159,-106.41124189646));
#9282=CARTESIAN_POINT('Ctrl Pts',(189.493949317951,2.91974831258264,-109.595430324848));
#9283=CARTESIAN_POINT('Ctrl Pts',(186.270278008703,3.07406998221369,-110.524663267161));
#9284=CARTESIAN_POINT('Ctrl Pts',(184.190204382769,3.19801272896033,-108.811681752347));
#9285=CARTESIAN_POINT('Ctrl Pts',(183.92846031599,3.27051491916328,-107.409195278976));
#9286=CARTESIAN_POINT('Ctrl Pts',(183.930072419626,3.29157655282255,-107.001212732879));
#9287=CARTESIAN_POINT('Ctrl Pts',(183.928191838787,2.20842344717745,-107.002203297324));
#9288=CARTESIAN_POINT('Ctrl Pts',(183.933106845989,2.24389064627356,-106.316247470815));
#9289=CARTESIAN_POINT('Ctrl Pts',(184.492857538635,2.33079840191335,-104.628116739117));
#9290=CARTESIAN_POINT('Ctrl Pts',(187.242334257547,2.46914671409682,-103.408710685705));
#9291=CARTESIAN_POINT('Ctrl Pts',(190.098721498721,2.62346838372787,-105.168600989357));
#9292=CARTESIAN_POINT('Ctrl Pts',(190.262958087672,2.77779005335892,-108.519603304477));
#9293=CARTESIAN_POINT('Ctrl Pts',(187.592363061672,2.93211172298997,-110.550374001357));
#9294=CARTESIAN_POINT('Ctrl Pts',(184.629561953706,3.07565618759615,-109.570215736404));
#9295=CARTESIAN_POINT('Ctrl Pts',(183.932150731125,3.16776009565864,-107.782333601733));
#9296=CARTESIAN_POINT('Ctrl Pts',(183.925552809321,3.20842344717745,-106.997617097241));
#9297=CARTESIAN_POINT('Origin',(187.,-2.20842344717746,-107.));
#9298=CARTESIAN_POINT('',(183.924470938328,1.20842344717745,-106.99782141098));
#9299=CARTESIAN_POINT('',(183.930439134141,1.29157655282255,-107.000722533598));
#9300=CARTESIAN_POINT('',(183.9265,-2.20842344717746,-107.));
#9301=CARTESIAN_POINT('Ctrl Pts',(183.930439134141,1.29157655282255,-107.000722533598));
#9302=CARTESIAN_POINT('Ctrl Pts',(183.931658608165,1.31989490730574,-106.452012316762));
#9303=CARTESIAN_POINT('Ctrl Pts',(184.329254381014,1.39965381833262,-104.904914446693));
#9304=CARTESIAN_POINT('Ctrl Pts',(186.757665736196,1.53085328590318,-103.408710592996));
#9305=CARTESIAN_POINT('Ctrl Pts',(189.824590385463,1.68517495553423,-104.768906319424));
#9306=CARTESIAN_POINT('Ctrl Pts',(190.437530428668,1.83949662516528,-108.06746222026));
#9307=CARTESIAN_POINT('Ctrl Pts',(188.063966371607,1.99381829479633,-110.438613880221));
#9308=CARTESIAN_POINT('Ctrl Pts',(184.843576323692,2.14451160401542,-109.836810498166));
#9309=CARTESIAN_POINT('Ctrl Pts',(183.926740634053,2.24376435669082,-107.919032250601));
#9310=CARTESIAN_POINT('Ctrl Pts',(183.922320140527,2.29157655282255,-106.998894651671));
#9311=CARTESIAN_POINT('Ctrl Pts',(183.924470938328,1.20842344717745,-106.99782141098));
#9312=CARTESIAN_POINT('Ctrl Pts',(183.923111328277,1.2171400838011,-106.829761247114));
#9313=CARTESIAN_POINT('Ctrl Pts',(184.010481235308,1.27729727696844,-105.671319057824));
#9314=CARTESIAN_POINT('Ctrl Pts',(185.47708835463,1.38889502667946,-103.738590846469));
#9315=CARTESIAN_POINT('Ctrl Pts',(188.828243729184,1.54321669631051,-103.899417062618));
#9316=CARTESIAN_POINT('Ctrl Pts',(190.591042836141,1.69753836594156,-106.754015017078));
#9317=CARTESIAN_POINT('Ctrl Pts',(189.233963463117,1.85186003557261,-109.822320335612));
#9318=CARTESIAN_POINT('Ctrl Pts',(185.936033655862,2.00618170520366,-110.438613791555));
#9319=CARTESIAN_POINT('Ctrl Pts',(184.107977410191,2.12503617573861,-108.612415510329));
#9320=CARTESIAN_POINT('Ctrl Pts',(183.925978267687,2.19245008972987,-107.311137126025));
#9321=CARTESIAN_POINT('Ctrl Pts',(183.928191838787,2.20842344717745,-107.002203297324));
#9322=CARTESIAN_POINT('Origin',(187.,-2.20842344717746,-107.));
#9323=CARTESIAN_POINT('',(183.930076977299,0.208423447177453,-107.001423562875));
#9324=CARTESIAN_POINT('',(183.921860112943,0.291576552822546,-106.999583279995));
#9325=CARTESIAN_POINT('',(183.9265,-2.20842344717746,-107.));
#9326=CARTESIAN_POINT('',(186.206200717467,0.,-109.969222953746));
#9327=CARTESIAN_POINT('Ctrl Pts',(186.206200717467,0.,-109.969222953746));
#9328=CARTESIAN_POINT('Ctrl Pts',(185.246516536281,0.0514405565436837,-109.712658651788));
#9329=CARTESIAN_POINT('Ctrl Pts',(184.141083206801,0.120915038936168,-108.691680362299));
#9330=CARTESIAN_POINT('Ctrl Pts',(183.928113301105,0.190389521328652,-107.350366713273));
#9331=CARTESIAN_POINT('Ctrl Pts',(183.930076977299,0.208423447177453,-107.001423562875));
#9332=CARTESIAN_POINT('',(187.795929353295,-1.59594559789866E-15,-109.973426825441));
#9333=CARTESIAN_POINT('Origin',(187.,0.,-107.));
#9334=CARTESIAN_POINT('Ctrl Pts',(187.795929353295,3.9193908535351E-16,
-109.973426825441));
#9335=CARTESIAN_POINT('Ctrl Pts',(186.915013201725,0.0473194197412401,-110.204113092203));
#9336=CARTESIAN_POINT('Ctrl Pts',(184.870576304351,0.144511604015422,-109.831921247097));
#9337=CARTESIAN_POINT('Ctrl Pts',(183.924060728277,0.241703788289604,-107.958904264539));
#9338=CARTESIAN_POINT('Ctrl Pts',(183.921860112943,0.291576552822546,-106.999583279995));
#9339=CARTESIAN_POINT('Origin',(187.,-2.20842344717746,-107.));
#9340=CARTESIAN_POINT('Ctrl Pts',(183.921860112943,0.291576552822546,-106.999583279995));
#9341=CARTESIAN_POINT('Ctrl Pts',(183.921790934762,0.293144344833288,-106.969426223546));
#9342=CARTESIAN_POINT('Ctrl Pts',(183.935606461781,0.346152693387713,-105.949850954336));
#9343=CARTESIAN_POINT('Ctrl Pts',(185.052671560349,0.450601598485822,-103.972619751187));
#9344=CARTESIAN_POINT('Ctrl Pts',(188.395150256963,0.604923268116873,-103.681973313557));
#9345=CARTESIAN_POINT('Ctrl Pts',(190.525427952893,0.759244937747924,-106.273777223843));
#9346=CARTESIAN_POINT('Ctrl Pts',(189.592882880219,0.913566607378975,-109.496626291174));
#9347=CARTESIAN_POINT('Ctrl Pts',(186.407636922948,1.06788827701003,-110.550374093679));
#9348=CARTESIAN_POINT('Ctrl Pts',(184.227101706057,1.19389159215788,-108.892254093676));
#9349=CARTESIAN_POINT('Ctrl Pts',(183.929443422161,1.26845435076206,-107.448749572523));
#9350=CARTESIAN_POINT('Ctrl Pts',(183.930439134141,1.29157655282255,-107.000722533598));
#9351=CARTESIAN_POINT('Ctrl Pts',(183.930076977299,0.208423447177453,-107.001423562875));
#9352=CARTESIAN_POINT('Ctrl Pts',(183.933714554937,0.241830077872336,-106.355029923653));
#9353=CARTESIAN_POINT('Ctrl Pts',(184.4418743204,0.326677265110903,-104.70658878778));
#9354=CARTESIAN_POINT('Ctrl Pts',(187.103299166767,0.462965008893154,-103.40229422354));
#9355=CARTESIAN_POINT('Ctrl Pts',(190.025005215948,0.617286678524204,-105.049467880157));
#9356=CARTESIAN_POINT('Ctrl Pts',(190.31963090399,0.771608348155256,-108.39182228553));
#9357=CARTESIAN_POINT('Ctrl Pts',(187.729721969951,0.925930017786307,-110.524663173307));
#9358=CARTESIAN_POINT('Ctrl Pts',(184.68813516046,1.07153505079371,-109.647916640141));
#9359=CARTESIAN_POINT('Ctrl Pts',(183.931134961786,1.16569952725742,-107.821555299724));
#9360=CARTESIAN_POINT('Ctrl Pts',(183.924470938328,1.20842344717745,-106.99782141098));
#9361=CARTESIAN_POINT('Ctrl Pts',(188.913465996665,-2.22044604925031E-15,
-105.364012796625));
#9362=CARTESIAN_POINT('Ctrl Pts',(189.442234318937,0.0514405565436815,-105.982465192031));
#9363=CARTESIAN_POINT('Ctrl Pts',(189.84574383273,0.154321669631049,-107.762549709984));
#9364=CARTESIAN_POINT('Ctrl Pts',(187.980505879361,0.3086433392621,-109.781893009709));
#9365=CARTESIAN_POINT('Ctrl Pts',(185.26103775441,0.462965008893151,-109.380598749691));
#9366=CARTESIAN_POINT('Ctrl Pts',(184.053066887021,0.617286678524202,-106.913133594428));
#9367=CARTESIAN_POINT('Ctrl Pts',(185.40494571439,0.771608348155253,-104.520276630426));
#9368=CARTESIAN_POINT('Ctrl Pts',(188.142765827853,0.925930017786305,-104.282208497439));
#9369=CARTESIAN_POINT('Ctrl Pts',(189.88767362011,1.08025168741736,-106.405151833748));
#9370=CARTESIAN_POINT('Ctrl Pts',(189.12382711923,1.23457335704841,-109.044983467718));
#9371=CARTESIAN_POINT('Ctrl Pts',(186.514796145607,1.38889502667946,-109.908106972779));
#9372=CARTESIAN_POINT('Ctrl Pts',(184.327315048776,1.54321669631051,-108.244705195002));
#9373=CARTESIAN_POINT('Ctrl Pts',(184.461841036524,1.69753836594156,-105.499903325926));
#9374=CARTESIAN_POINT('Ctrl Pts',(186.801504308077,1.85186003557261,-104.058379345329));
#9375=CARTESIAN_POINT('Ctrl Pts',(189.313618446528,2.00618170520366,-105.172513961005));
#9376=CARTESIAN_POINT('Ctrl Pts',(189.815676868122,2.16050337483472,-107.874356967466));
#9377=CARTESIAN_POINT('Ctrl Pts',(187.871493522212,2.31482504446576,-109.816564321931));
#9378=CARTESIAN_POINT('Ctrl Pts',(185.170163278483,2.46914671409682,-109.311759111216));
#9379=CARTESIAN_POINT('Ctrl Pts',(184.058581235428,2.62346838372787,-106.798514003302));
#9380=CARTESIAN_POINT('Ctrl Pts',(185.502487812781,2.77779005335892,-104.460316334641));
#9381=CARTESIAN_POINT('Ctrl Pts',(188.24741505351,2.93211172298997,-104.32858377827));
#9382=CARTESIAN_POINT('Ctrl Pts',(189.908613581141,3.08643339262102,-106.517748974894));
#9383=CARTESIAN_POINT('Ctrl Pts',(189.042790762304,3.24075506225207,-109.125913727934));
#9384=CARTESIAN_POINT('Ctrl Pts',(186.40228563101,3.39507673188312,-109.887047266985));
#9385=CARTESIAN_POINT('Ctrl Pts',(184.280894415816,3.54939840151418,-108.140039905317));
#9386=CARTESIAN_POINT('Ctrl Pts',(184.522221945137,3.70372007114522,-105.402321541851));
#9387=CARTESIAN_POINT('Ctrl Pts',(186.915387769183,3.85804174077628,-104.053123540253));
#9388=CARTESIAN_POINT('Ctrl Pts',(189.383816472015,4.01236341040733,-105.26283578074));
#9389=CARTESIAN_POINT('Ctrl Pts',(189.777122840839,4.16668508003838,-107.983528722817));
#9390=CARTESIAN_POINT('Ctrl Pts',(188.436276108643,4.26956619312575,-109.221935303685));
#9391=CARTESIAN_POINT('Ctrl Pts',(187.650199997975,4.32100674966943,-109.432086802035));
#9392=CARTESIAN_POINT('Ctrl Pts',(189.054331550342,-0.107002249889813,-105.243574678773));
#9393=CARTESIAN_POINT('Ctrl Pts',(189.622026742813,-0.0555616933461291,
-105.907556307128));
#9394=CARTESIAN_POINT('Ctrl Pts',(190.055241822931,0.0473194197412384,-107.818687100087));
#9395=CARTESIAN_POINT('Ctrl Pts',(188.052688768328,0.20164108937229,-109.986690429556));
#9396=CARTESIAN_POINT('Ctrl Pts',(185.133018819151,0.355962759003341,-109.555853685782));
#9397=CARTESIAN_POINT('Ctrl Pts',(183.836119543649,0.510284428634392,-106.90673866275));
#9398=CARTESIAN_POINT('Ctrl Pts',(185.287520996377,0.664606098265443,-104.337724337346));
#9399=CARTESIAN_POINT('Ctrl Pts',(188.226893970889,0.818927767896494,-104.082130102812));
#9400=CARTESIAN_POINT('Ctrl Pts',(190.100258397704,0.973249437527546,-106.361360297113));
#9401=CARTESIAN_POINT('Ctrl Pts',(189.28017903956,1.1275711071586,-109.195531075537));
#9402=CARTESIAN_POINT('Ctrl Pts',(186.47907640472,1.28189277678965,-110.122196013079));
#9403=CARTESIAN_POINT('Ctrl Pts',(184.130557308573,1.4362144464207,-108.336337911112));
#9404=CARTESIAN_POINT('Ctrl Pts',(184.274986831467,1.59053611605175,-105.38946919805));
#9405=CARTESIAN_POINT('Ctrl Pts',(186.786891450783,1.7448577856828,-103.841823094551));
#9406=CARTESIAN_POINT('Ctrl Pts',(189.483942426173,1.89917945531385,-105.037978080478));
#9407=CARTESIAN_POINT('Ctrl Pts',(190.022961388304,2.0535011249449,-107.938725385064));
#9408=CARTESIAN_POINT('Ctrl Pts',(187.935651138677,2.20782279457595,-110.023914174694));
#9409=CARTESIAN_POINT('Ctrl Pts',(185.035454345393,2.36214446420701,-109.4819462103));
#9410=CARTESIAN_POINT('Ctrl Pts',(183.842039847397,2.51646613383806,-106.78368100573));
#9411=CARTESIAN_POINT('Ctrl Pts',(185.392243949677,2.67078780346911,-104.273349884069));
#9412=CARTESIAN_POINT('Ctrl Pts',(188.339247264004,2.82510947310016,-104.131919439405));
#9413=CARTESIAN_POINT('Ctrl Pts',(190.122739916939,2.97943114273121,-106.482246615416));
#9414=CARTESIAN_POINT('Ctrl Pts',(189.19317694752,3.13375281236226,-109.282419260238));
#9415=CARTESIAN_POINT('Ctrl Pts',(186.358283090241,3.28807448199331,-110.09958593371));
#9416=CARTESIAN_POINT('Ctrl Pts',(184.080719281118,3.44239615162437,-108.223967371369));
#9417=CARTESIAN_POINT('Ctrl Pts',(184.33981286225,3.59671782125542,-105.284703637485));
#9418=CARTESIAN_POINT('Ctrl Pts',(186.909158785358,3.75103949088647,-103.836180367579));
#9419=CARTESIAN_POINT('Ctrl Pts',(189.559308290411,3.90536116051752,-105.134949212595));
#9420=CARTESIAN_POINT('Ctrl Pts',(189.98156909036,4.05968283014857,-108.055934147496));
#9421=CARTESIAN_POINT('Ctrl Pts',(188.542011893669,4.16256394323594,-109.385509753053));
#9422=CARTESIAN_POINT('Ctrl Pts',(187.698066426161,4.21400449977962,-109.611132185939));
#9423=CARTESIAN_POINT('Ctrl Pts',(189.195197104019,-0.214004499779624,-105.123136560921));
#9424=CARTESIAN_POINT('Ctrl Pts',(189.80181916669,-0.16256394323594,-105.832647422225));
#9425=CARTESIAN_POINT('Ctrl Pts',(190.264739813133,-0.0596828301485724,
-107.874824490189));
#9426=CARTESIAN_POINT('Ctrl Pts',(188.124871657295,0.094638839482479,-110.191487849403));
#9427=CARTESIAN_POINT('Ctrl Pts',(185.004999883891,0.24896050911353,-109.731108621873));
#9428=CARTESIAN_POINT('Ctrl Pts',(183.619172200277,0.403282178744581,-106.900343731072));
#9429=CARTESIAN_POINT('Ctrl Pts',(185.170096278363,0.557603848375632,-104.155172044267));
#9430=CARTESIAN_POINT('Ctrl Pts',(188.311022113926,0.711925518006684,-103.882051708184));
#9431=CARTESIAN_POINT('Ctrl Pts',(190.312843175298,0.866247187637735,-106.317568760478));
#9432=CARTESIAN_POINT('Ctrl Pts',(189.436530959889,1.02056885726879,-109.346078683355));
#9433=CARTESIAN_POINT('Ctrl Pts',(186.443356663834,1.17489052689984,-110.336285053379));
#9434=CARTESIAN_POINT('Ctrl Pts',(183.933799568371,1.32921219653089,-108.427970627222));
#9435=CARTESIAN_POINT('Ctrl Pts',(184.08813262641,1.48353386616194,-105.279035070174));
#9436=CARTESIAN_POINT('Ctrl Pts',(186.77227859349,1.63785553579299,-103.625266843774));
#9437=CARTESIAN_POINT('Ctrl Pts',(189.654266405818,1.79217720542404,-104.903442199951));
#9438=CARTESIAN_POINT('Ctrl Pts',(190.230245908486,1.94649887505509,-108.003093802662));
#9439=CARTESIAN_POINT('Ctrl Pts',(187.999808755142,2.10082054468614,-110.231264027458));
#9440=CARTESIAN_POINT('Ctrl Pts',(184.900745412303,2.2551422143172,-109.652133309385));
#9441=CARTESIAN_POINT('Ctrl Pts',(183.625498459367,2.40946388394825,-106.768848008158));
#9442=CARTESIAN_POINT('Ctrl Pts',(185.282000086573,2.5637855535793,-104.086383433498));
#9443=CARTESIAN_POINT('Ctrl Pts',(188.431079474497,2.71810722321035,-103.935255100539));
#9444=CARTESIAN_POINT('Ctrl Pts',(190.336866252737,2.8724288928414,-106.446744255938));
#9445=CARTESIAN_POINT('Ctrl Pts',(189.343563132735,3.02675056247245,-109.438924792543));
#9446=CARTESIAN_POINT('Ctrl Pts',(186.314280549472,3.1810722321035,-110.312124600435));
#9447=CARTESIAN_POINT('Ctrl Pts',(183.88054414642,3.33539390173455,-108.307894837421));
#9448=CARTESIAN_POINT('Ctrl Pts',(184.157403779363,3.4897155713656,-105.167085733118));
#9449=CARTESIAN_POINT('Ctrl Pts',(186.902929801534,3.64403724099666,-103.619237194905));
#9450=CARTESIAN_POINT('Ctrl Pts',(189.734800108808,3.79835891062771,-105.007062644451));
#9451=CARTESIAN_POINT('Ctrl Pts',(190.18601533988,3.95268058025876,-108.128339572175));
#9452=CARTESIAN_POINT('Ctrl Pts',(188.647747678694,4.05556169334613,-109.54908420242));
#9453=CARTESIAN_POINT('Ctrl Pts',(187.745932854347,4.10700224988981,-109.790177569842));
#9454=CARTESIAN_POINT('Ctrl Pts',(189.336062657696,-0.321006749669434,-105.002698443069));
#9455=CARTESIAN_POINT('Ctrl Pts',(189.981611590567,-0.26956619312575,-105.757738537322));
#9456=CARTESIAN_POINT('Ctrl Pts',(190.474237803334,-0.166685080038383,-107.930961880292));
#9457=CARTESIAN_POINT('Ctrl Pts',(188.197054546262,-0.0123634104073315,
-110.396285269251));
#9458=CARTESIAN_POINT('Ctrl Pts',(184.876980948632,0.141958259223719,-109.906363557964));
#9459=CARTESIAN_POINT('Ctrl Pts',(183.402224856905,0.296279928854771,-106.893948799394));
#9460=CARTESIAN_POINT('Ctrl Pts',(185.052671560349,0.450601598485822,-103.972619751187));
#9461=CARTESIAN_POINT('Ctrl Pts',(188.395150256963,0.604923268116873,-103.681973313557));
#9462=CARTESIAN_POINT('Ctrl Pts',(190.525427952893,0.759244937747924,-106.273777223843));
#9463=CARTESIAN_POINT('Ctrl Pts',(189.592882880219,0.913566607378975,-109.496626291174));
#9464=CARTESIAN_POINT('Ctrl Pts',(186.407636922948,1.06788827701003,-110.550374093679));
#9465=CARTESIAN_POINT('Ctrl Pts',(183.737041828168,1.22220994664108,-108.519603343332));
#9466=CARTESIAN_POINT('Ctrl Pts',(183.901278421353,1.37653161627213,-105.168600942298));
#9467=CARTESIAN_POINT('Ctrl Pts',(186.757665736196,1.53085328590318,-103.408710592996));
#9468=CARTESIAN_POINT('Ctrl Pts',(189.824590385463,1.68517495553423,-104.768906319424));
#9469=CARTESIAN_POINT('Ctrl Pts',(190.437530428668,1.83949662516528,-108.06746222026));
#9470=CARTESIAN_POINT('Ctrl Pts',(188.063966371607,1.99381829479633,-110.438613880221));
#9471=CARTESIAN_POINT('Ctrl Pts',(184.766036479212,2.14813996442739,-109.822320408469));
#9472=CARTESIAN_POINT('Ctrl Pts',(183.408957071336,2.30246163405844,-106.754015010586));
#9473=CARTESIAN_POINT('Ctrl Pts',(185.171756223469,2.45678330368949,-103.899416982927));
#9474=CARTESIAN_POINT('Ctrl Pts',(188.522911684991,2.61110497332054,-103.738590761673));
#9475=CARTESIAN_POINT('Ctrl Pts',(190.550992588535,2.76542664295159,-106.41124189646));
#9476=CARTESIAN_POINT('Ctrl Pts',(189.493949317951,2.91974831258264,-109.595430324848));
#9477=CARTESIAN_POINT('Ctrl Pts',(186.270278008703,3.07406998221369,-110.524663267161));
#9478=CARTESIAN_POINT('Ctrl Pts',(183.680369011722,3.22839165184475,-108.391822303473));
#9479=CARTESIAN_POINT('Ctrl Pts',(183.974994696476,3.38271332147579,-105.049467828751));
#9480=CARTESIAN_POINT('Ctrl Pts',(186.896700817709,3.53703499110684,-103.402294022231));
#9481=CARTESIAN_POINT('Ctrl Pts',(189.910291927204,3.6913566607379,-104.879176076307));
#9482=CARTESIAN_POINT('Ctrl Pts',(190.390461589401,3.84567833036895,-108.200744996853));
#9483=CARTESIAN_POINT('Ctrl Pts',(188.75348346372,3.94855944345632,-109.712658651788));
#9484=CARTESIAN_POINT('Ctrl Pts',(187.793799282533,4.,-109.969222953746));
#9485=CARTESIAN_POINT('Ctrl Pts',(187.793799282533,4.,-109.969222953746));
#9486=CARTESIAN_POINT('Ctrl Pts',(187.888625751839,4.,-109.934535007687));
#9487=CARTESIAN_POINT('Ctrl Pts',(187.981418687662,4.,-109.89486368649));
#9488=CARTESIAN_POINT('Ctrl Pts',(188.071933709303,4.,-109.850526454975));
#9489=CARTESIAN_POINT('Ctrl Pts',(188.167839710511,4.,-109.803548544545));
#9490=CARTESIAN_POINT('Ctrl Pts',(188.261189445472,4.,-109.751331899625));
#9491=CARTESIAN_POINT('Ctrl Pts',(188.351652405849,4.,-109.694206896654));
#9492=CARTESIAN_POINT('Ctrl Pts',(188.37810665012,4.,-109.677501730514));
#9493=CARTESIAN_POINT('Ctrl Pts',(188.404313721515,4.,-109.660376554867));
#9494=CARTESIAN_POINT('Ctrl Pts',(188.430264551792,4.,-109.642839031541));
#9495=CARTESIAN_POINT('Ctrl Pts',(188.445124761842,4.,-109.632796528946));
#9496=CARTESIAN_POINT('Ctrl Pts',(188.459897674652,4.,-109.622620962135));
#9497=CARTESIAN_POINT('Ctrl Pts',(188.474575120433,4.,-109.612318662782));
#9498=CARTESIAN_POINT('Ctrl Pts',(188.557166322788,4.,-109.554346771534));
#9499=CARTESIAN_POINT('Ctrl Pts',(188.636801993188,4.,-109.492321643209));
#9500=CARTESIAN_POINT('Ctrl Pts',(188.713211965464,4.,-109.426536745648));
#9501=CARTESIAN_POINT('Ctrl Pts',(188.769953121692,4.,-109.377685646259));
#9502=CARTESIAN_POINT('Ctrl Pts',(188.824914822774,4.,-109.326760385057));
#9503=CARTESIAN_POINT('Ctrl Pts',(188.877970960939,4.,-109.273870804935));
#9504=CARTESIAN_POINT('Ctrl Pts',(188.905040073849,4.,-109.246886669534));
#9505=CARTESIAN_POINT('Ctrl Pts',(188.931612938738,4.,-109.219391098631));
#9506=CARTESIAN_POINT('Ctrl Pts',(188.957671298612,4.,-109.191398050941));
#9507=CARTESIAN_POINT('Ctrl Pts',(188.971155605778,4.,-109.17691260921));
#9508=CARTESIAN_POINT('Ctrl Pts',(188.984503777806,4.,-109.16229195139));
#9509=CARTESIAN_POINT('Ctrl Pts',(188.997697507956,4.,-109.147555937492));
#9510=CARTESIAN_POINT('Ctrl Pts',(189.06337914899,4.,-109.074196427776));
#9511=CARTESIAN_POINT('Ctrl Pts',(189.125322752432,4.,-108.997890077498));
#9512=CARTESIAN_POINT('Ctrl Pts',(189.183281118268,4.,-108.918911916544));
#9513=CARTESIAN_POINT('Ctrl Pts',(189.240200673525,4.,-108.841349312222));
#9514=CARTESIAN_POINT('Ctrl Pts',(189.29327692592,4.,-108.761209028325));
#9515=CARTESIAN_POINT('Ctrl Pts',(189.34223132157,4.,-108.678729904465));
#9516=CARTESIAN_POINT('Ctrl Pts',(189.39025883098,4.,-108.597812412897));
#9517=CARTESIAN_POINT('Ctrl Pts',(189.434319377636,4.,-108.514643139317));
#9518=CARTESIAN_POINT('Ctrl Pts',(189.474102104535,4.,-108.429437205849));
#9519=CARTESIAN_POINT('Ctrl Pts',(189.492593936251,4.,-108.389831731168));
#9520=CARTESIAN_POINT('Ctrl Pts',(189.510160800927,4.,-108.349786131972));
#9521=CARTESIAN_POINT('Ctrl Pts',(189.526767596197,4.,-108.309321826381));
#9522=CARTESIAN_POINT('Ctrl Pts',(189.536496226815,4.,-108.285616934746));
#9523=CARTESIAN_POINT('Ctrl Pts',(189.545895325483,4.,-108.261768348276));
#9524=CARTESIAN_POINT('Ctrl Pts',(189.554957415035,4.,-108.237780392675));
#9525=CARTESIAN_POINT('Ctrl Pts',(189.559928269726,4.,-108.224622208691));
#9526=CARTESIAN_POINT('Ctrl Pts',(189.564797070852,4.,-108.211423623203));
#9527=CARTESIAN_POINT('Ctrl Pts',(189.569558749774,4.,-108.198196676379));
#9528=CARTESIAN_POINT('Ctrl Pts',(189.600570514219,4.,-108.112052489427));
#9529=CARTESIAN_POINT('Ctrl Pts',(189.627092336406,4.,-108.024575348325));
#9530=CARTESIAN_POINT('Ctrl Pts',(189.648881192508,4.,-107.935976266384));
#9531=CARTESIAN_POINT('Ctrl Pts',(189.671333586113,4.,-107.844679070629));
#9532=CARTESIAN_POINT('Ctrl Pts',(189.688760491085,4.,-107.752189707096));
#9533=CARTESIAN_POINT('Ctrl Pts',(189.701265385553,4.,-107.658896198112));
#9534=CARTESIAN_POINT('Ctrl Pts',(189.714070335385,4.,-107.563364108241));
#9535=CARTESIAN_POINT('Ctrl Pts',(189.721714095103,4.,-107.466987727352));
#9536=CARTESIAN_POINT('Ctrl Pts',(189.724253506322,4.,-107.370193751496));
#9537=CARTESIAN_POINT('Ctrl Pts',(189.72536449873,4.,-107.327846387059));
#9538=CARTESIAN_POINT('Ctrl Pts',(189.7254978107,4.,-107.285419319903));
#9539=CARTESIAN_POINT('Ctrl Pts',(189.724655163141,4.,-107.24294970017));
#9540=CARTESIAN_POINT('Ctrl Pts',(189.724255718198,4.,-107.222817588415));
#9541=CARTESIAN_POINT('Ctrl Pts',(189.723636939775,4.,-107.20267593027));
#9542=CARTESIAN_POINT('Ctrl Pts',(189.722798874072,4.,-107.182528775632));
#9543=CARTESIAN_POINT('Ctrl Pts',(189.722225786691,4.,-107.168751717269));
#9544=CARTESIAN_POINT('Ctrl Pts',(189.721550190517,4.,-107.154974250148));
#9545=CARTESIAN_POINT('Ctrl Pts',(189.720772972554,4.,-107.141208888492));
#9546=CARTESIAN_POINT('Ctrl Pts',(189.715529610001,4.,-107.048343327894));
#9547=CARTESIAN_POINT('Ctrl Pts',(189.705659805659,4.,-106.955883650981));
#9548=CARTESIAN_POINT('Ctrl Pts',(189.691269139171,4.,-106.864201504175));
#9549=CARTESIAN_POINT('Ctrl Pts',(189.676930240125,4.,-106.772849164908));
#9550=CARTESIAN_POINT('Ctrl Pts',(189.658102561623,4.,-106.682267836096));
#9551=CARTESIAN_POINT('Ctrl Pts',(189.634842185353,4.,-106.592842416706));
#9552=CARTESIAN_POINT('Ctrl Pts',(189.611988738395,4.,-106.504981452852));
#9553=CARTESIAN_POINT('Ctrl Pts',(189.584855894569,4.,-106.418235534088));
#9554=CARTESIAN_POINT('Ctrl Pts',(189.553456308257,4.,-106.332998919663));
#9555=CARTESIAN_POINT('Ctrl Pts',(189.539348592204,4.,-106.294702429335));
#9556=CARTESIAN_POINT('Ctrl Pts',(189.524379050283,4.,-106.256711083963));
#9557=CARTESIAN_POINT('Ctrl Pts',(189.508546443561,4.,-106.21906323443));
#9558=CARTESIAN_POINT('Ctrl Pts',(189.502238359695,4.,-106.204063443405));
#9559=CARTESIAN_POINT('Ctrl Pts',(189.49579325609,4.,-106.189118199435));
#9560=CARTESIAN_POINT('Ctrl Pts',(189.489210993318,4.,-106.174230011044));
#9561=CARTESIAN_POINT('Ctrl Pts',(189.484237612914,4.,-106.16298089703));
#9562=CARTESIAN_POINT('Ctrl Pts',(189.479186804044,4.,-106.151766435623));
#9563=CARTESIAN_POINT('Ctrl Pts',(189.474062322854,4.,-106.14059556042));
#9564=CARTESIAN_POINT('Ctrl Pts',(189.436978092691,4.,-106.059755512078));
#9565=CARTESIAN_POINT('Ctrl Pts',(189.395986060586,4.,-105.981074910162));
#9566=CARTESIAN_POINT('Ctrl Pts',(189.351141856535,4.,-105.904900151318));
#9567=CARTESIAN_POINT('Ctrl Pts',(189.307580400142,4.,-105.830904336119));
#9568=CARTESIAN_POINT('Ctrl Pts',(189.260383513628,4.,-105.759272481727));
#9569=CARTESIAN_POINT('Ctrl Pts',(189.20956668036,4.,-105.690354505028));
#9570=CARTESIAN_POINT('Ctrl Pts',(189.161400437984,4.,-105.625031269472));
#9571=CARTESIAN_POINT('Ctrl Pts',(189.109981558722,4.,-105.562145938937));
#9572=CARTESIAN_POINT('Ctrl Pts',(189.055297822716,4.,-105.502031527808));
#9573=CARTESIAN_POINT('Ctrl Pts',(189.011224785441,4.,-105.453581570361));
#9574=CARTESIAN_POINT('Ctrl Pts',(188.965030015159,4.,-105.40693240337));
#9575=CARTESIAN_POINT('Ctrl Pts',(188.916854315666,4.,-105.362163387672));
#9576=CARTESIAN_POINT('Ctrl Pts',(188.913465996665,-2.22044604925031E-15,
-105.364012796625));
#9577=CARTESIAN_POINT('Ctrl Pts',(188.975074791053,-2.18102362270371E-15,
-105.421909935164));
#9578=CARTESIAN_POINT('Ctrl Pts',(189.03332413546,-2.27093037599426E-15,
-105.482957660895));
#9579=CARTESIAN_POINT('Ctrl Pts',(189.088212561994,-2.23432383705813E-15,
-105.546771422001));
#9580=CARTESIAN_POINT('Ctrl Pts',(189.144553108031,-2.19674884133704E-15,
-105.612273429844));
#9581=CARTESIAN_POINT('Ctrl Pts',(189.19735299438,-2.0556744287654E-15,
-105.680690196059));
#9582=CARTESIAN_POINT('Ctrl Pts',(189.246585324281,-2.15105711021124E-15,
-105.751654372677));
#9583=CARTESIAN_POINT('Ctrl Pts',(189.295655548172,-2.24612572758711E-15,
-105.822384887399));
#9584=CARTESIAN_POINT('Ctrl Pts',(189.341182002944,-2.29410988545317E-15,
-105.895646757251));
#9585=CARTESIAN_POINT('Ctrl Pts',(189.383107572503,-2.3037127760972E-15,
-105.971114984089));
#9586=CARTESIAN_POINT('Ctrl Pts',(189.403141571637,-2.30830148663524E-15,
-106.007177234573));
#9587=CARTESIAN_POINT('Ctrl Pts',(189.422352874057,-2.27281317748082E-15,
-106.043743784478));
#9588=CARTESIAN_POINT('Ctrl Pts',(189.440732434573,-2.22738494315422E-15,
-106.080781601131));
#9589=CARTESIAN_POINT('Ctrl Pts',(189.452755376305,-2.19766818176194E-15,
-106.105009792614));
#9590=CARTESIAN_POINT('Ctrl Pts',(189.464422370068,-2.32269344212389E-15,
-106.129439673099));
#9591=CARTESIAN_POINT('Ctrl Pts',(189.475730424394,-2.31759056390501E-15,
-106.154062286535));
#9592=CARTESIAN_POINT('Ctrl Pts',(189.482529543825,-2.3145223898892E-15,
-106.168866963328));
#9593=CARTESIAN_POINT('Ctrl Pts',(189.48919945747,-2.06416153119958E-15,
-106.183742858293));
#9594=CARTESIAN_POINT('Ctrl Pts',(189.495731101075,-2.08166817117217E-15,
-106.198668238986));
#9595=CARTESIAN_POINT('Ctrl Pts',(189.532278070232,-2.17962431663474E-15,
-106.282181281153));
#9596=CARTESIAN_POINT('Ctrl Pts',(189.564562751545,-1.87070100201084E-15,
-106.367376463902));
#9597=CARTESIAN_POINT('Ctrl Pts',(189.592555824767,-1.9151347174784E-15,
-106.453855943122));
#9598=CARTESIAN_POINT('Ctrl Pts',(189.621010126231,-1.96030054564831E-15,
-106.541760302629));
#9599=CARTESIAN_POINT('Ctrl Pts',(189.645030733287,-2.19999648946853E-15,
-106.630992381575));
#9600=CARTESIAN_POINT('Ctrl Pts',(189.664547884704,-2.27595720048157E-15,
-106.721171378005));
#9601=CARTESIAN_POINT('Ctrl Pts',(189.682354615205,-2.34526095700145E-15,
-106.803447374746));
#9602=CARTESIAN_POINT('Ctrl Pts',(189.696412416945,-2.29851927700721E-15,
-106.886512525434));
#9603=CARTESIAN_POINT('Ctrl Pts',(189.706635451295,-2.34534613952064E-15,
-106.970095433211));
#9604=CARTESIAN_POINT('Ctrl Pts',(189.714896703447,-2.38318700999771E-15,
-107.037638928921));
#9605=CARTESIAN_POINT('Ctrl Pts',(189.720653210254,-2.17199292324232E-15,
-107.105520978268));
#9606=CARTESIAN_POINT('Ctrl Pts',(189.723842845886,-2.13717932240343E-15,
-107.173602498898));
#9607=CARTESIAN_POINT('Ctrl Pts',(189.724496992602,-2.13003957188955E-15,
-107.187565003787));
#9608=CARTESIAN_POINT('Ctrl Pts',(189.725042666112,-2.30069982602789E-15,
-107.201526328077));
#9609=CARTESIAN_POINT('Ctrl Pts',(189.725479667742,-2.28983498828939E-15,
-107.215483658336));
#9610=CARTESIAN_POINT('Ctrl Pts',(189.728461763305,-2.21569342399332E-15,
-107.310728366424));
#9611=CARTESIAN_POINT('Ctrl Pts',(189.7263881576,-1.78800765664677E-15,
-107.405808108544));
#9612=CARTESIAN_POINT('Ctrl Pts',(189.71919266981,-1.77635683940025E-15,
-107.500324763047));
#9613=CARTESIAN_POINT('Ctrl Pts',(189.713496844002,-1.76713425053749E-15,
-107.575142539921));
#9614=CARTESIAN_POINT('Ctrl Pts',(189.704590858825,-2.15553669110162E-15,
-107.649608274265));
#9615=CARTESIAN_POINT('Ctrl Pts',(189.692420213808,-2.1094237467878E-15,
-107.723532683705));
#9616=CARTESIAN_POINT('Ctrl Pts',(189.677473349198,-2.0805476537911E-15,
-107.814319830787));
#9617=CARTESIAN_POINT('Ctrl Pts',(189.657604443145,-2.54115695621335E-15,
-107.904291082481));
#9618=CARTESIAN_POINT('Ctrl Pts',(189.633085496306,-2.55351295663786E-15,
-107.993200305056));
#9619=CARTESIAN_POINT('Ctrl Pts',(189.618973783306,-2.560624368599E-15,
-108.044371403078));
#9620=CARTESIAN_POINT('Ctrl Pts',(189.603320747754,-2.2244969183288E-15,
-108.095190719366));
#9621=CARTESIAN_POINT('Ctrl Pts',(189.586170622688,-2.24820162486594E-15,
-108.145610547835));
#9622=CARTESIAN_POINT('Ctrl Pts',(189.577480651964,-2.26021280292137E-15,
-108.17115828184));
#9623=CARTESIAN_POINT('Ctrl Pts',(189.568406225779,-2.41666662135618E-15,
-108.196603433909));
#9624=CARTESIAN_POINT('Ctrl Pts',(189.558952589581,-2.44249065417534E-15,
-108.221939672628));
#9625=CARTESIAN_POINT('Ctrl Pts',(189.554039631373,-2.45591114036242E-15,
-108.235106657202));
#9626=CARTESIAN_POINT('Ctrl Pts',(189.549025967602,-2.63787204863951E-15,
-108.248239515975));
#9627=CARTESIAN_POINT('Ctrl Pts',(189.543915431095,-2.63677968348475E-15,
-108.26133026759));
#9628=CARTESIAN_POINT('Ctrl Pts',(189.509270310458,-2.62937437045813E-15,
-108.350074505764));
#9629=CARTESIAN_POINT('Ctrl Pts',(189.470140484476,-1.92832979427183E-15,
-108.436983676639));
#9630=CARTESIAN_POINT('Ctrl Pts',(189.426859641378,-1.97064586870965E-15,
-108.521801468273));
#9631=CARTESIAN_POINT('Ctrl Pts',(189.382695360359,-2.01382568844717E-15,
-108.608350539801));
#9632=CARTESIAN_POINT('Ctrl Pts',(189.334208611108,-2.33146835171283E-15,
-108.692722741422));
#9633=CARTESIAN_POINT('Ctrl Pts',(189.281698129563,-2.33146835171283E-15,
-108.7746426279));
#9634=CARTESIAN_POINT('Ctrl Pts',(189.228680306975,-2.33146835171283E-15,
-108.857354000564));
#9635=CARTESIAN_POINT('Ctrl Pts',(189.171560224062,-2.63168742647369E-15,
-108.937566280938));
#9636=CARTESIAN_POINT('Ctrl Pts',(189.11059423297,-2.77555756156289E-15,
-109.014980670934));
#9637=CARTESIAN_POINT('Ctrl Pts',(189.073519884868,-2.86304718281403E-15,
-109.062057541028));
#9638=CARTESIAN_POINT('Ctrl Pts',(189.035022337013,-2.35996875863555E-15,
-109.108099390421));
#9639=CARTESIAN_POINT('Ctrl Pts',(188.995151122815,-2.33146835171283E-15,
-109.153034246223));
#9640=CARTESIAN_POINT('Ctrl Pts',(188.980458514357,-2.32096590456541E-15,
-109.169592814997));
#9641=CARTESIAN_POINT('Ctrl Pts',(188.965575799163,-2.65323208307104E-15,
-109.186004647085));
#9642=CARTESIAN_POINT('Ctrl Pts',(188.950526409739,-2.60902410786912E-15,
-109.202243662732));
#9643=CARTESIAN_POINT('Ctrl Pts',(188.881757115983,-2.40701250810265E-15,
-109.276449041158));
#9644=CARTESIAN_POINT('Ctrl Pts',(188.809441732844,-2.45001009938474E-15,
-109.347129325688));
#9645=CARTESIAN_POINT('Ctrl Pts',(188.733878850553,-2.4980018054066E-15,
-109.413980737867));
#9646=CARTESIAN_POINT('Ctrl Pts',(188.680012609956,-2.53221348056842E-15,
-109.461636864043));
#9647=CARTESIAN_POINT('Ctrl Pts',(188.624494946712,-2.08273720170092E-15,
-109.507346971492));
#9648=CARTESIAN_POINT('Ctrl Pts',(188.567420010183,-1.99840144432528E-15,
-109.5509929367));
#9649=CARTESIAN_POINT('Ctrl Pts',(188.540958417682,-1.95930094626601E-15,
-109.571228469421));
#9650=CARTESIAN_POINT('Ctrl Pts',(188.51416193414,-1.91615120647242E-15,
-109.591020197835));
#9651=CARTESIAN_POINT('Ctrl Pts',(188.487039195913,-1.88737914186277E-15,
-109.610355692235));
#9652=CARTESIAN_POINT('Ctrl Pts',(188.47167367811,-1.8710792510751E-15,
-109.621309596702));
#9653=CARTESIAN_POINT('Ctrl Pts',(188.456203443081,-1.8730356635183E-15,
-109.632117068068));
#9654=CARTESIAN_POINT('Ctrl Pts',(188.440629999339,-1.83186799063151E-15,
-109.642775777961));
#9655=CARTESIAN_POINT('Ctrl Pts',(188.424395115649,-1.78895183206235E-15,
-109.65388718776));
#9656=CARTESIAN_POINT('Ctrl Pts',(188.408055836627,-2.2799186953893E-15,
-109.664831588785));
#9657=CARTESIAN_POINT('Ctrl Pts',(188.391616955504,-2.22044604925031E-15,
-109.675604988378));
#9658=CARTESIAN_POINT('Ctrl Pts',(188.306390363756,-1.91211296411442E-15,
-109.731459162515));
#9659=CARTESIAN_POINT('Ctrl Pts',(188.218466723717,-1.87196356940543E-15,
-109.782735479319));
#9660=CARTESIAN_POINT('Ctrl Pts',(188.128119561319,-1.27675647831893E-15,
-109.829112967318));
#9661=CARTESIAN_POINT('Ctrl Pts',(188.091183025145,-1.03341858405271E-15,
-109.848073427366));
#9662=CARTESIAN_POINT('Ctrl Pts',(188.053840955081,-3.87348146001514E-16,
-109.866214712141));
#9663=CARTESIAN_POINT('Ctrl Pts',(188.016110253555,-2.22044604925031E-16,
-109.883513105515));
#9664=CARTESIAN_POINT('Ctrl Pts',(187.944070339113,1.4820199092622E-16,
-109.916541242502));
#9665=CARTESIAN_POINT('Ctrl Pts',(187.870614314204,1.3658904726358E-16,
-109.946497812502));
#9666=CARTESIAN_POINT('Ctrl Pts',(187.795929353295,1.11022302462516E-16,
-109.973426825441));
#9667=CARTESIAN_POINT('Ctrl Pts',(184.48572653984,1.61258330249194,-107.000591826365));
#9668=CARTESIAN_POINT('Ctrl Pts',(184.484910953405,1.58946110043145,-107.36757021273));
#9669=CARTESIAN_POINT('Ctrl Pts',(184.560517858361,1.56633889837096,-107.73422860942));
#9670=CARTESIAN_POINT('Ctrl Pts',(184.714316229539,1.54321669631047,-108.064471846452));
#9671=CARTESIAN_POINT('Ctrl Pts',(185.056475414386,1.49177613976678,-108.799172454261));
#9672=CARTESIAN_POINT('Ctrl Pts',(185.785635779996,1.4403355832231,-109.35363971352));
#9673=CARTESIAN_POINT('Ctrl Pts',(186.585054458405,1.38889502667942,-109.48701942564));
#9674=CARTESIAN_POINT('Ctrl Pts',(187.384473136814,1.33745447013573,-109.620399137759));
#9675=CARTESIAN_POINT('Ctrl Pts',(188.254150128022,1.28601391359205,-109.332691302738));
#9676=CARTESIAN_POINT('Ctrl Pts',(188.816296373772,1.23457335704837,-108.748865446233));
#9677=CARTESIAN_POINT('Ctrl Pts',(189.378442619523,1.18313280050468,-108.165039589728));
#9678=CARTESIAN_POINT('Ctrl Pts',(189.633058119816,1.131692243961,-107.285095711738));
#9679=CARTESIAN_POINT('Ctrl Pts',(189.469547904587,1.08025168741732,-106.491299883358));
#9680=CARTESIAN_POINT('Ctrl Pts',(189.306037689357,1.02881113087363,-105.697504054978));
#9681=CARTESIAN_POINT('Ctrl Pts',(188.724401758605,0.977370574329948,-104.989856276209));
#9682=CARTESIAN_POINT('Ctrl Pts',(187.977280440985,0.925930017786264,-104.675710408988));
#9683=CARTESIAN_POINT('Ctrl Pts',(187.230159123365,0.87448946124258,-104.361564541768));
#9684=CARTESIAN_POINT('Ctrl Pts',(186.317552418878,0.823048904698896,-104.440920586097));
#9685=CARTESIAN_POINT('Ctrl Pts',(185.635935928739,0.771608348155213,-104.879408102262));
#9686=CARTESIAN_POINT('Ctrl Pts',(184.9543194386,0.720167791611529,-105.317895618426));
#9687=CARTESIAN_POINT('Ctrl Pts',(184.50369316281,0.668727235067845,-106.115514606427));
#9688=CARTESIAN_POINT('Ctrl Pts',(184.479708502814,0.617286678524161,-106.925568292971));
#9689=CARTESIAN_POINT('Ctrl Pts',(184.478977504534,0.61571888651342,-106.950256900237));
#9690=CARTESIAN_POINT('Ctrl Pts',(184.478642810562,0.614151094502678,-106.974957058004));
#9691=CARTESIAN_POINT('Ctrl Pts',(184.478699474323,0.612583302491936,-106.999658665166));
#9692=CARTESIAN_POINT('Ctrl Pts',(186.206200717467,0.,-109.969222953746));
#9693=CARTESIAN_POINT('Ctrl Pts',(185.246516536281,0.0514405565436837,-109.712658651788));
#9694=CARTESIAN_POINT('Ctrl Pts',(183.609538361499,0.154321669631051,-108.200745511258));
#9695=CARTESIAN_POINT('Ctrl Pts',(184.089708109415,0.308643339262102,-104.879176217902));
#9696=CARTESIAN_POINT('Ctrl Pts',(187.103299166767,0.462965008893154,-103.40229422354));
#9697=CARTESIAN_POINT('Ctrl Pts',(190.025005215948,0.617286678524204,-105.049467880157));
#9698=CARTESIAN_POINT('Ctrl Pts',(190.31963090399,0.771608348155256,-108.39182228553));
#9699=CARTESIAN_POINT('Ctrl Pts',(187.729721969951,0.925930017786307,-110.524663173307));
#9700=CARTESIAN_POINT('Ctrl Pts',(184.506050747374,1.08025168741736,-109.595430261183));
#9701=CARTESIAN_POINT('Ctrl Pts',(183.449007502349,1.23457335704841,-106.411241910596));
#9702=CARTESIAN_POINT('Ctrl Pts',(185.47708835463,1.38889502667946,-103.738590846469));
#9703=CARTESIAN_POINT('Ctrl Pts',(188.828243729184,1.54321669631051,-103.899417062618));
#9704=CARTESIAN_POINT('Ctrl Pts',(190.591042836141,1.69753836594156,-106.754015017078));
#9705=CARTESIAN_POINT('Ctrl Pts',(189.233963463117,1.85186003557261,-109.822320335612));
#9706=CARTESIAN_POINT('Ctrl Pts',(185.936033655862,2.00618170520366,-110.438613791555));
#9707=CARTESIAN_POINT('Ctrl Pts',(183.562469659979,2.16050337483472,-108.067462192733));
#9708=CARTESIAN_POINT('Ctrl Pts',(184.175409687398,2.31482504446577,-104.768906376934));
#9709=CARTESIAN_POINT('Ctrl Pts',(187.242334257547,2.46914671409682,-103.408710685705));
#9710=CARTESIAN_POINT('Ctrl Pts',(190.098721498721,2.62346838372787,-105.168600989357));
#9711=CARTESIAN_POINT('Ctrl Pts',(190.262958087672,2.77779005335892,-108.519603304477));
#9712=CARTESIAN_POINT('Ctrl Pts',(187.592363061672,2.93211172298997,-110.550374001357));
#9713=CARTESIAN_POINT('Ctrl Pts',(184.407117186671,3.08643339262102,-109.496626228044));
#9714=CARTESIAN_POINT('Ctrl Pts',(183.474572137004,3.24075506225207,-106.273777239307));
#9715=CARTESIAN_POINT('Ctrl Pts',(185.604849778608,3.39507673188313,-103.681973402993));
#9716=CARTESIAN_POINT('Ctrl Pts',(188.947328380353,3.54939840151418,-103.972619813717));
#9717=CARTESIAN_POINT('Ctrl Pts',(190.597775041806,3.70372007114523,-106.893948806637));
#9718=CARTESIAN_POINT('Ctrl Pts',(189.123018924546,3.85804174077628,-109.906363400858));
#9719=CARTESIAN_POINT('Ctrl Pts',(185.80294540371,4.01236341040733,-110.39628513182));
#9720=CARTESIAN_POINT('Ctrl Pts',(183.525761864822,4.16668508003838,-107.930961484183));
#9721=CARTESIAN_POINT('Ctrl Pts',(184.018388409433,4.26956619312575,-105.757738537322));
#9722=CARTESIAN_POINT('Ctrl Pts',(184.663937342304,4.32100674966943,-105.002698443069));
#9723=CARTESIAN_POINT('Ctrl Pts',(186.254067145653,-0.107002249889811,-109.790177569842));
#9724=CARTESIAN_POINT('Ctrl Pts',(185.352252321306,-0.055561693346127,-109.549084202421));
#9725=CARTESIAN_POINT('Ctrl Pts',(183.81398461398,0.0473194197412405,-108.12834005556));
#9726=CARTESIAN_POINT('Ctrl Pts',(184.265199925603,0.201641089372292,-105.007062777508));
#9727=CARTESIAN_POINT('Ctrl Pts',(187.097070183878,0.355962759003343,-103.619237384075));
#9728=CARTESIAN_POINT('Ctrl Pts',(189.842596138342,0.510284428634394,-105.167085781424));
#9729=CARTESIAN_POINT('Ctrl Pts',(190.119455774375,0.664606098265445,-108.30789482056));
#9730=CARTESIAN_POINT('Ctrl Pts',(187.685719430469,0.818927767896497,-110.312124512241));
#9731=CARTESIAN_POINT('Ctrl Pts',(184.65643692865,0.973249437527548,-109.438924732717));
#9732=CARTESIAN_POINT('Ctrl Pts',(183.663133832666,1.1275711071586,-106.446744269222));
#9733=CARTESIAN_POINT('Ctrl Pts',(185.568920562735,1.28189277678965,-103.935255180221));
#9734=CARTESIAN_POINT('Ctrl Pts',(188.717999868934,1.4362144464207,-104.086383508384));
#9735=CARTESIAN_POINT('Ctrl Pts',(190.374501453689,1.59053611605175,-106.768848014259));
#9736=CARTESIAN_POINT('Ctrl Pts',(189.099254533505,1.7448577856828,-109.65213324092));
#9737=CARTESIAN_POINT('Ctrl Pts',(186.000191270671,1.89917945531385,-110.231263944139));
#9738=CARTESIAN_POINT('Ctrl Pts',(183.769754174815,2.0535011249449,-108.003093776794));
#9739=CARTESIAN_POINT('Ctrl Pts',(184.34573366265,2.20782279457596,-104.903442253993));
#9740=CARTESIAN_POINT('Ctrl Pts',(187.227721400631,2.36214446420701,-103.625266930892));
#9741=CARTESIAN_POINT('Ctrl Pts',(189.911867298483,2.51646613383806,-105.279035114395));
#9742=CARTESIAN_POINT('Ctrl Pts',(190.066200352544,2.67078780346911,-108.42797059071));
#9743=CARTESIAN_POINT('Ctrl Pts',(187.556643321713,2.82510947310016,-110.336284966624));
#9744=CARTESIAN_POINT('Ctrl Pts',(184.563469102967,2.97943114273121,-109.346078624032));
#9745=CARTESIAN_POINT('Ctrl Pts',(183.687156909177,3.13375281236226,-106.317568775009));
#9746=CARTESIAN_POINT('Ctrl Pts',(185.6889779195,3.28807448199331,-103.882051792228));
#9747=CARTESIAN_POINT('Ctrl Pts',(188.829903665915,3.44239615162437,-104.155172103026));
#9748=CARTESIAN_POINT('Ctrl Pts',(190.380827704542,3.59671782125542,-106.900343737878));
#9749=CARTESIAN_POINT('Ctrl Pts',(188.994999996934,3.75103949088647,-109.731108474241));
#9750=CARTESIAN_POINT('Ctrl Pts',(185.875128295694,3.90536116051752,-110.19148772026));
#9751=CARTESIAN_POINT('Ctrl Pts',(183.735259875034,4.05968283014857,-107.874824117966));
#9752=CARTESIAN_POINT('Ctrl Pts',(184.19818083331,4.16256394323594,-105.832647422225));
#9753=CARTESIAN_POINT('Ctrl Pts',(184.804802895981,4.21400449977962,-105.123136560921));
#9754=CARTESIAN_POINT('Ctrl Pts',(186.301933573839,-0.214004499779621,-109.611132185939));
#9755=CARTESIAN_POINT('Ctrl Pts',(185.457988106332,-0.162563943235937,-109.385509753053));
#9756=CARTESIAN_POINT('Ctrl Pts',(184.018430866462,-0.0596828301485699,
-108.055934599863));
#9757=CARTESIAN_POINT('Ctrl Pts',(184.440691741792,0.094638839482481,-105.134949337114));
#9758=CARTESIAN_POINT('Ctrl Pts',(187.09084120099,0.248960509113532,-103.83618054461));
#9759=CARTESIAN_POINT('Ctrl Pts',(189.660187060736,0.403282178744583,-105.284703682691));
#9760=CARTESIAN_POINT('Ctrl Pts',(189.91928064476,0.557603848375634,-108.22396735559));
#9761=CARTESIAN_POINT('Ctrl Pts',(187.641716890987,0.711925518006686,-110.099585851175));
#9762=CARTESIAN_POINT('Ctrl Pts',(184.806823109927,0.866247187637737,-109.282419204252));
#9763=CARTESIAN_POINT('Ctrl Pts',(183.877260162984,1.02056885726879,-106.482246627848));
#9764=CARTESIAN_POINT('Ctrl Pts',(185.660752770839,1.17489052689984,-104.131919513973));
#9765=CARTESIAN_POINT('Ctrl Pts',(188.607756008685,1.32921219653089,-104.27334995415));
#9766=CARTESIAN_POINT('Ctrl Pts',(190.157960071238,1.48353386616194,-106.783681011439));
#9767=CARTESIAN_POINT('Ctrl Pts',(188.964545603892,1.63785553579299,-109.481946146229));
#9768=CARTESIAN_POINT('Ctrl Pts',(186.064348885479,1.79217720542404,-110.023914096722));
#9769=CARTESIAN_POINT('Ctrl Pts',(183.977038689652,1.94649887505509,-107.938725360856));
#9770=CARTESIAN_POINT('Ctrl Pts',(184.516057637901,2.10082054468615,-105.037978131053));
#9771=CARTESIAN_POINT('Ctrl Pts',(187.213108543714,2.2551422143172,-103.841823176079));
#9772=CARTESIAN_POINT('Ctrl Pts',(189.725013098246,2.40946388394825,-105.389469239434));
#9773=CARTESIAN_POINT('Ctrl Pts',(189.869442617416,2.5637855535793,-108.336337876943));
#9774=CARTESIAN_POINT('Ctrl Pts',(187.520923581754,2.71810722321035,-110.122195931891));
#9775=CARTESIAN_POINT('Ctrl Pts',(184.719821019264,2.8724288928414,-109.19553102002));
#9776=CARTESIAN_POINT('Ctrl Pts',(183.899741681351,3.02675056247245,-106.361360310712));
#9777=CARTESIAN_POINT('Ctrl Pts',(185.773106060392,3.1810722321035,-104.082130181462));
#9778=CARTESIAN_POINT('Ctrl Pts',(188.712478951477,3.33539390173456,-104.337724392335));
#9779=CARTESIAN_POINT('Ctrl Pts',(190.163880367278,3.48971557136561,-106.906738669119));
#9780=CARTESIAN_POINT('Ctrl Pts',(188.866981069321,3.64403724099666,-109.555853547623));
#9781=CARTESIAN_POINT('Ctrl Pts',(185.947311187678,3.79835891062771,-109.986690308699));
#9782=CARTESIAN_POINT('Ctrl Pts',(183.944757885246,3.95268058025876,-107.818686751748));
#9783=CARTESIAN_POINT('Ctrl Pts',(184.377973257187,4.05556169334613,-105.907556307128));
#9784=CARTESIAN_POINT('Ctrl Pts',(184.945668449658,4.10700224988981,-105.243574678773));
#9785=CARTESIAN_POINT('Ctrl Pts',(186.349800002025,-0.321006749669432,-109.432086802035));
#9786=CARTESIAN_POINT('Ctrl Pts',(185.563723891357,-0.269566193125748,-109.221935303685));
#9787=CARTESIAN_POINT('Ctrl Pts',(184.222877118943,-0.16668508003838,-107.983529144165));
#9788=CARTESIAN_POINT('Ctrl Pts',(184.61618355798,-0.0123634104073297,-105.26283589672));
#9789=CARTESIAN_POINT('Ctrl Pts',(187.084612218102,0.141958259223722,-104.053123705145));
#9790=CARTESIAN_POINT('Ctrl Pts',(189.47777798313,0.296279928854772,-105.402321583958));
#9791=CARTESIAN_POINT('Ctrl Pts',(189.719105515144,0.450601598485824,-108.14003989062));
#9792=CARTESIAN_POINT('Ctrl Pts',(187.597714351505,0.604923268116875,-109.887047190109));
#9793=CARTESIAN_POINT('Ctrl Pts',(184.957209291203,0.759244937747926,-109.125913675786));
#9794=CARTESIAN_POINT('Ctrl Pts',(184.091386493302,0.913566607378977,-106.517748986474));
#9795=CARTESIAN_POINT('Ctrl Pts',(185.752584978943,1.06788827701003,-104.328583847726));
#9796=CARTESIAN_POINT('Ctrl Pts',(188.497512148436,1.22220994664108,-104.460316399916));
#9797=CARTESIAN_POINT('Ctrl Pts',(189.941418688786,1.37653161627213,-106.79851400862));
#9798=CARTESIAN_POINT('Ctrl Pts',(188.829836674279,1.53085328590318,-109.311759051538));
#9799=CARTESIAN_POINT('Ctrl Pts',(186.128506500287,1.68517495553423,-109.816564249305));
#9800=CARTESIAN_POINT('Ctrl Pts',(184.184323204489,1.83949662516528,-107.874356944918));
#9801=CARTESIAN_POINT('Ctrl Pts',(184.686381613153,1.99381829479634,-105.172514008112));
#9802=CARTESIAN_POINT('Ctrl Pts',(187.198495686798,2.14813996442739,-104.058379421267));
#9803=CARTESIAN_POINT('Ctrl Pts',(189.538158898009,2.30246163405844,-105.499903364472));
#9804=CARTESIAN_POINT('Ctrl Pts',(189.672684882289,2.45678330368949,-108.244705163176));
#9805=CARTESIAN_POINT('Ctrl Pts',(187.485203841796,2.61110497332054,-109.908106897158));
#9806=CARTESIAN_POINT('Ctrl Pts',(184.87617293556,2.76542664295159,-109.044983416008));
#9807=CARTESIAN_POINT('Ctrl Pts',(184.112326453524,2.91974831258264,-106.405151846414));
#9808=CARTESIAN_POINT('Ctrl Pts',(185.857234201284,3.07406998221369,-104.282208570697));
#9809=CARTESIAN_POINT('Ctrl Pts',(188.595054237039,3.22839165184474,-104.520276681644));
#9810=CARTESIAN_POINT('Ctrl Pts',(189.946933030014,3.3827133214758,-106.91313360036));
#9811=CARTESIAN_POINT('Ctrl Pts',(188.738962141709,3.53703499110685,-109.380598621005));
#9812=CARTESIAN_POINT('Ctrl Pts',(186.019494079662,3.6913566607379,-109.781892897139));
#9813=CARTESIAN_POINT('Ctrl Pts',(184.154255895458,3.84567833036895,-107.762549385531));
#9814=CARTESIAN_POINT('Ctrl Pts',(184.557765681063,3.94855944345632,-105.982465192031));
#9815=CARTESIAN_POINT('Ctrl Pts',(185.086534003335,4.,-105.364012796625));
#9816=CARTESIAN_POINT('Ctrl Pts',(185.086534003335,4.,-105.364012796625));
#9817=CARTESIAN_POINT('Ctrl Pts',(185.024395599788,4.,-105.422407637728));
#9818=CARTESIAN_POINT('Ctrl Pts',(184.965622725987,4.,-105.484056241549));
#9819=CARTESIAN_POINT('Ctrl Pts',(184.910231283866,4.,-105.548582401953));
#9820=CARTESIAN_POINT('Ctrl Pts',(184.853487665677,4.,-105.614683728603));
#9821=CARTESIAN_POINT('Ctrl Pts',(184.800292110228,4.,-105.683805307284));
#9822=CARTESIAN_POINT('Ctrl Pts',(184.750690435026,4.,-105.755588964652));
#9823=CARTESIAN_POINT('Ctrl Pts',(184.737708813081,4.,-105.77437599751));
#9824=CARTESIAN_POINT('Ctrl Pts',(184.724973528735,4.,-105.793345589916));
#9825=CARTESIAN_POINT('Ctrl Pts',(184.712485781353,4.,-105.812491758178));
#9826=CARTESIAN_POINT('Ctrl Pts',(184.702347240825,4.,-105.828036131151));
#9827=CARTESIAN_POINT('Ctrl Pts',(184.692371449143,4.,-105.843697758539));
#9828=CARTESIAN_POINT('Ctrl Pts',(184.68256781848,4.,-105.859458975792));
#9829=CARTESIAN_POINT('Ctrl Pts',(184.635118386676,4.,-105.935743041249));
#9830=CARTESIAN_POINT('Ctrl Pts',(184.591648553614,4.,-106.014432785635));
#9831=CARTESIAN_POINT('Ctrl Pts',(184.552197231953,4.,-106.095136503315));
#9832=CARTESIAN_POINT('Ctrl Pts',(184.521515592883,4.,-106.15790049279));
#9833=CARTESIAN_POINT('Ctrl Pts',(184.493265024865,4.,-106.221883677282));
#9834=CARTESIAN_POINT('Ctrl Pts',(184.467478868045,4.,-106.286917504291));
#9835=CARTESIAN_POINT('Ctrl Pts',(184.457154356447,4.,-106.31295637879));
#9836=CARTESIAN_POINT('Ctrl Pts',(184.447225077708,4.,-106.339163816065));
#9837=CARTESIAN_POINT('Ctrl Pts',(184.437693831431,4.,-106.365529476893));
#9838=CARTESIAN_POINT('Ctrl Pts',(184.431079625409,4.,-106.383825920776));
#9839=CARTESIAN_POINT('Ctrl Pts',(184.424656386915,4.,-106.402201054654));
#9840=CARTESIAN_POINT('Ctrl Pts',(184.41843254275,4.,-106.420628565686));
#9841=CARTESIAN_POINT('Ctrl Pts',(184.38891887966,4.,-106.508012397579));
#9842=CARTESIAN_POINT('Ctrl Pts',(184.363846401846,4.,-106.59667660468));
#9843=CARTESIAN_POINT('Ctrl Pts',(184.343251999897,4.,-106.686224334015));
#9844=CARTESIAN_POINT('Ctrl Pts',(184.322337501851,4.,-106.777163892));
#9845=CARTESIAN_POINT('Ctrl Pts',(184.306040857725,4.,-106.869015453525));
#9846=CARTESIAN_POINT('Ctrl Pts',(184.294442458743,4.,-106.961396477738));
#9847=CARTESIAN_POINT('Ctrl Pts',(184.282929445096,4.,-107.053097409411));
#9848=CARTESIAN_POINT('Ctrl Pts',(184.276045400058,4.,-107.145320963753));
#9849=CARTESIAN_POINT('Ctrl Pts',(184.273916012365,4.,-107.237712188254));
#9850=CARTESIAN_POINT('Ctrl Pts',(184.272978965559,4.,-107.278369369744));
#9851=CARTESIAN_POINT('Ctrl Pts',(184.27296329597,4.,-107.319059188304));
#9852=CARTESIAN_POINT('Ctrl Pts',(184.273882911493,4.,-107.359751876298));
#9853=CARTESIAN_POINT('Ctrl Pts',(184.274256066358,4.,-107.376263857796));
#9854=CARTESIAN_POINT('Ctrl Pts',(184.274783240757,4.,-107.392776312836));
#9855=CARTESIAN_POINT('Ctrl Pts',(184.275465461715,4.,-107.409287253431));
#9856=CARTESIAN_POINT('Ctrl Pts',(184.27598655828,4.,-107.421898701861));
#9857=CARTESIAN_POINT('Ctrl Pts',(184.276598070914,4.,-107.434507157256));
#9858=CARTESIAN_POINT('Ctrl Pts',(184.277299751712,4.,-107.447102649996));
#9859=CARTESIAN_POINT('Ctrl Pts',(184.282471228455,4.,-107.539933033789));
#9860=CARTESIAN_POINT('Ctrl Pts',(184.292542506151,4.,-107.632197216985));
#9861=CARTESIAN_POINT('Ctrl Pts',(184.307579603246,4.,-107.723532453593));
#9862=CARTESIAN_POINT('Ctrl Pts',(184.322427133686,4.,-107.813716263488));
#9863=CARTESIAN_POINT('Ctrl Pts',(184.342115123168,4.,-107.902995396622));
#9864=CARTESIAN_POINT('Ctrl Pts',(184.366344327377,4.,-107.991129971817));
#9865=CARTESIAN_POINT('Ctrl Pts',(184.391139435347,4.,-108.081323041674));
#9866=CARTESIAN_POINT('Ctrl Pts',(184.42069054219,4.,-108.170318157003));
#9867=CARTESIAN_POINT('Ctrl Pts',(184.454731311235,4.,-108.25785730832));
#9868=CARTESIAN_POINT('Ctrl Pts',(184.471931115924,4.,-108.302088280403));
#9869=CARTESIAN_POINT('Ctrl Pts',(184.490277959848,4.,-108.345947466988));
#9870=CARTESIAN_POINT('Ctrl Pts',(184.50974233705,4.,-108.389400607028));
#9871=CARTESIAN_POINT('Ctrl Pts',(184.517331905037,4.,-108.406343895638));
#9872=CARTESIAN_POINT('Ctrl Pts',(184.525091414204,4.,-108.423225439447));
#9873=CARTESIAN_POINT('Ctrl Pts',(184.533019240393,4.,-108.440043163547));
#9874=CARTESIAN_POINT('Ctrl Pts',(184.540647293531,4.,-108.456224962949));
#9875=CARTESIAN_POINT('Ctrl Pts',(184.548432540337,4.,-108.472350217615));
#9876=CARTESIAN_POINT('Ctrl Pts',(184.556362444059,4.,-108.488395158889));
#9877=CARTESIAN_POINT('Ctrl Pts',(184.599158838313,4.,-108.574987084425));
#9878=CARTESIAN_POINT('Ctrl Pts',(184.646224507948,4.,-108.659372012361));
#9879=CARTESIAN_POINT('Ctrl Pts',(184.69722950652,4.,-108.741289075239));
#9880=CARTESIAN_POINT('Ctrl Pts',(184.749202701684,4.,-108.824761119459));
#9881=CARTESIAN_POINT('Ctrl Pts',(184.805266502863,4.,-108.905671510178));
#9882=CARTESIAN_POINT('Ctrl Pts',(184.865126326561,4.,-108.983737306489));
#9883=CARTESIAN_POINT('Ctrl Pts',(184.925394670704,4.,-109.062335872058));
#9884=CARTESIAN_POINT('Ctrl Pts',(184.989511471335,4.,-109.138051736689));
#9885=CARTESIAN_POINT('Ctrl Pts',(185.057224984125,4.,-109.210576693788));
#9886=CARTESIAN_POINT('Ctrl Pts',(185.09010590197,4.,-109.245793994705));
#9887=CARTESIAN_POINT('Ctrl Pts',(185.123835601542,4.,-109.280258520251));
#9888=CARTESIAN_POINT('Ctrl Pts',(185.158388885819,4.,-109.313932406942));
#9889=CARTESIAN_POINT('Ctrl Pts',(185.17197665869,4.,-109.327174364504));
#9890=CARTESIAN_POINT('Ctrl Pts',(185.18569181353,4.,-109.340294037327));
#9891=CARTESIAN_POINT('Ctrl Pts',(185.199532908543,4.,-109.353289034608));
#9892=CARTESIAN_POINT('Ctrl Pts',(185.211264755617,4.,-109.364303720995));
#9893=CARTESIAN_POINT('Ctrl Pts',(185.223088210547,4.,-109.375229757436));
#9894=CARTESIAN_POINT('Ctrl Pts',(185.234988552182,4.,-109.386053345893));
#9895=CARTESIAN_POINT('Ctrl Pts',(185.31032064529,4.,-109.454569326224));
#9896=CARTESIAN_POINT('Ctrl Pts',(185.388849716425,4.,-109.519095917856));
#9897=CARTESIAN_POINT('Ctrl Pts',(185.4702632731,4.,-109.579341561728));
#9898=CARTESIAN_POINT('Ctrl Pts',(185.551290137801,4.,-109.639301055383));
#9899=CARTESIAN_POINT('Ctrl Pts',(185.635174729724,4.,-109.695020983813));
#9900=CARTESIAN_POINT('Ctrl Pts',(185.721653190871,4.,-109.746188682772));
#9901=CARTESIAN_POINT('Ctrl Pts',(185.806632191753,4.,-109.796469178947));
#9902=CARTESIAN_POINT('Ctrl Pts',(185.894116500689,4.,-109.842354634186));
#9903=CARTESIAN_POINT('Ctrl Pts',(185.983889637414,4.,-109.883512922973));
#9904=CARTESIAN_POINT('Ctrl Pts',(186.055870291127,4.,-109.916513892312));
#9905=CARTESIAN_POINT('Ctrl Pts',(186.12932321196,4.,-109.946475146769));
#9906=CARTESIAN_POINT('Ctrl Pts',(186.20407054401,4.,-109.973426650338));
#9907=CARTESIAN_POINT('Ctrl Pts',(184.480837998126,0.887416697508064,-106.998215520463));
#9908=CARTESIAN_POINT('Ctrl Pts',(184.479724343236,0.896133334131715,-106.860557650759));
#9909=CARTESIAN_POINT('Ctrl Pts',(184.490093883741,0.904849970755367,-106.723067368199));
#9910=CARTESIAN_POINT('Ctrl Pts',(184.512556707225,0.913566607379018,-106.587582244901));
#9911=CARTESIAN_POINT('Ctrl Pts',(184.645119321849,0.965007163922702,-105.788027273558));
#9912=CARTESIAN_POINT('Ctrl Pts',(185.198852150396,1.01644772046639,-105.058305560642));
#9913=CARTESIAN_POINT('Ctrl Pts',(185.933206426252,1.06788827701007,-104.715400129549));
#9914=CARTESIAN_POINT('Ctrl Pts',(186.667560702108,1.11932883355375,-104.372494698456));
#9915=CARTESIAN_POINT('Ctrl Pts',(187.582536425272,1.17076939009744,-104.416405549186));
#9916=CARTESIAN_POINT('Ctrl Pts',(188.280675376913,1.22220994664112,-104.828060576002));
#9917=CARTESIAN_POINT('Ctrl Pts',(188.978814328553,1.2736505031848,-105.239715602817));
#9918=CARTESIAN_POINT('Ctrl Pts',(189.46011650867,1.32509105972849,-106.019114805719));
#9919=CARTESIAN_POINT('Ctrl Pts',(189.515503929643,1.37653161627217,-106.827688580989));
#9920=CARTESIAN_POINT('Ctrl Pts',(189.570891350617,1.42797217281586,-107.636262356259));
#9921=CARTESIAN_POINT('Ctrl Pts',(189.200364012448,1.47941272935954,-108.474010703899));
#9922=CARTESIAN_POINT('Ctrl Pts',(188.564878647699,1.53085328590322,-108.977019077346));
#9923=CARTESIAN_POINT('Ctrl Pts',(187.929393282949,1.58229384244691,-109.480027450794));
#9924=CARTESIAN_POINT('Ctrl Pts',(187.028949891618,1.63373439899059,-109.64829585005));
#9925=CARTESIAN_POINT('Ctrl Pts',(186.254697646653,1.68517495553427,-109.40872883228));
#9926=CARTESIAN_POINT('Ctrl Pts',(185.480445401688,1.73661551207796,-109.16916181451));
#9927=CARTESIAN_POINT('Ctrl Pts',(184.832384303088,1.78805606862164,-108.521759379714));
#9928=CARTESIAN_POINT('Ctrl Pts',(184.592030155233,1.83949662516532,-107.747751006181));
#9929=CARTESIAN_POINT('Ctrl Pts',(184.517395217828,1.8554699826129,-107.507405386916));
#9930=CARTESIAN_POINT('Ctrl Pts',(184.482072649716,1.87144334006048,-107.254852030183));
#9931=CARTESIAN_POINT('Ctrl Pts',(184.483885783031,1.88741669750806,-107.001804718078));
#9932=CARTESIAN_POINT('Ctrl Pts',(186.206200717467,0.,-109.969222953746));
#9933=CARTESIAN_POINT('Ctrl Pts',(186.113147011025,-3.4101721116083E-17,
-109.935183492261));
#9934=CARTESIAN_POINT('Ctrl Pts',(186.022149680417,-1.0839818935107E-16,
-109.896381424236));
#9935=CARTESIAN_POINT('Ctrl Pts',(185.933420591799,-3.46944695195361E-17,
-109.853142431138));
#9936=CARTESIAN_POINT('Ctrl Pts',(185.842747533172,4.06240287709808E-17,
-109.808956112792));
#9937=CARTESIAN_POINT('Ctrl Pts',(185.754442523035,-1.91498420512156E-16,
-109.760135708856));
#9938=CARTESIAN_POINT('Ctrl Pts',(185.668760501727,-2.15105711021124E-16,
-109.706983306435));
#9939=CARTESIAN_POINT('Ctrl Pts',(185.582868312808,-2.38770907351637E-16,
-109.653700527614));
#9940=CARTESIAN_POINT('Ctrl Pts',(185.499611397894,-1.40739346506703E-16,
-109.596063709538));
#9941=CARTESIAN_POINT('Ctrl Pts',(185.419284743727,-8.32667268468867E-17,
-109.534342612521));
#9942=CARTESIAN_POINT('Ctrl Pts',(185.354342746779,-3.6801618481392E-17,
-109.484442721436));
#9943=CARTESIAN_POINT('Ctrl Pts',(185.291316651135,3.09020416692761E-16,
-109.431872407506));
#9944=CARTESIAN_POINT('Ctrl Pts',(185.230384535193,2.4980018054066E-16,
-109.376762895047));
#9945=CARTESIAN_POINT('Ctrl Pts',(185.216833672955,2.36630027996631E-16,
-109.364506937745));
#9946=CARTESIAN_POINT('Ctrl Pts',(185.203384349578,6.29163712767479E-16,
-109.352123259849));
#9947=CARTESIAN_POINT('Ctrl Pts',(185.190056340066,5.96744875736022E-16,
-109.33963019729));
#9948=CARTESIAN_POINT('Ctrl Pts',(185.117652825639,4.20631726011047E-16,
-109.271762475975));
#9949=CARTESIAN_POINT('Ctrl Pts',(185.048716158293,1.32367144599696E-16,
-109.200572150189));
#9950=CARTESIAN_POINT('Ctrl Pts',(184.983489340897,9.71445146547012E-17,
-109.126346706965));
#9951=CARTESIAN_POINT('Ctrl Pts',(184.918620997624,6.21154615528907E-17,
-109.052529192594));
#9952=CARTESIAN_POINT('Ctrl Pts',(184.857421348069,3.17425294505752E-16,
-108.97570903986));
#9953=CARTESIAN_POINT('Ctrl Pts',(184.800173028424,3.88578058618805E-16,
-108.896142224882));
#9954=CARTESIAN_POINT('Ctrl Pts',(184.748142086384,4.53246250951768E-16,
-108.823826803851));
#9955=CARTESIAN_POINT('Ctrl Pts',(184.699375316266,1.61406739584151E-16,
-108.749241829166));
#9956=CARTESIAN_POINT('Ctrl Pts',(184.654121550806,2.08166817117217E-16,
-108.67256814506));
#9957=CARTESIAN_POINT('Ctrl Pts',(184.620181226711,2.43236875267016E-16,
-108.61506288198));
#9958=CARTESIAN_POINT('Ctrl Pts',(184.588217656897,-2.91006865498337E-17,
-108.556382462311));
#9959=CARTESIAN_POINT('Ctrl Pts',(184.558350397338,0.,-108.496601588173));
#9960=CARTESIAN_POINT('Ctrl Pts',(184.551693216189,6.48631795408203E-18,
-108.4832768937));
#9961=CARTESIAN_POINT('Ctrl Pts',(184.545139430959,-3.78525535245449E-16,
-108.469895849679));
#9962=CARTESIAN_POINT('Ctrl Pts',(184.538692997785,-3.7470027081099E-16,
-108.456464588717));
#9963=CARTESIAN_POINT('Ctrl Pts',(184.49807143997,-3.50595747240333E-16,
-108.371828832944));
#9964=CARTESIAN_POINT('Ctrl Pts',(184.461836329567,-1.62954357275664E-17,
-108.285469123374));
#9965=CARTESIAN_POINT('Ctrl Pts',(184.430232065884,8.32667268468867E-17,
-108.197615728839));
#9966=CARTESIAN_POINT('Ctrl Pts',(184.399346935052,1.80563422248454E-16,
-108.111761376673));
#9967=CARTESIAN_POINT('Ctrl Pts',(184.372884095915,3.51197709233059E-16,
-108.024479891148));
#9968=CARTESIAN_POINT('Ctrl Pts',(184.351118786914,5.27355936696949E-16,
-107.935976561904));
#9969=CARTESIAN_POINT('Ctrl Pts',(184.328378425776,7.10335722726155E-16,
-107.843508420565));
#9970=CARTESIAN_POINT('Ctrl Pts',(184.310766146023,4.91567201804483E-17,
-107.749705417985));
#9971=CARTESIAN_POINT('Ctrl Pts',(184.298211518885,2.77555756156289E-17,
-107.654971914527));
#9972=CARTESIAN_POINT('Ctrl Pts',(184.291888932947,1.6977830152511E-17,
-107.607263550893));
#9973=CARTESIAN_POINT('Ctrl Pts',(184.286849880406,6.54278294765664E-16,
-107.559319328927));
#9974=CARTESIAN_POINT('Ctrl Pts',(184.283090124053,6.66133814775094E-16,
-107.511192373273));
#9975=CARTESIAN_POINT('Ctrl Pts',(184.280730941701,6.73572949374547E-16,
-107.480993537568));
#9976=CARTESIAN_POINT('Ctrl Pts',(184.278875524489,-1.19841899097718E-16,
-107.450722777582));
#9977=CARTESIAN_POINT('Ctrl Pts',(184.277523429348,-1.38777878078145E-16,
-107.420393533462));
#9978=CARTESIAN_POINT('Ctrl Pts',(184.276866750565,-1.4797460931452E-16,
-107.405663378393));
#9979=CARTESIAN_POINT('Ctrl Pts',(184.276329184921,6.49709925861428E-16,
-107.390927368254));
#9980=CARTESIAN_POINT('Ctrl Pts',(184.275910402518,6.38378239159465E-16,
-107.376192477809));
#9981=CARTESIAN_POINT('Ctrl Pts',(184.273258288444,5.66615611156269E-16,
-107.282877643976));
#9982=CARTESIAN_POINT('Ctrl Pts',(184.275362545943,-8.0478433307992E-16,
-107.189537314187));
#9983=CARTESIAN_POINT('Ctrl Pts',(184.28210757279,-6.38378239159465E-16,
-107.096547434906));
#9984=CARTESIAN_POINT('Ctrl Pts',(184.288851302677,-4.72004142429985E-16,
-107.00357543607));
#9985=CARTESIAN_POINT('Ctrl Pts',(184.300234374794,5.43913667887751E-16,
-106.9109527828));
#9986=CARTESIAN_POINT('Ctrl Pts',(184.316191575836,4.44089209850063E-16,
-106.819068032132));
#9987=CARTESIAN_POINT('Ctrl Pts',(184.331903443586,3.45799498597405E-16,
-106.728595959564));
#9988=CARTESIAN_POINT('Ctrl Pts',(184.352050305019,-3.26923800434256E-16,
-106.638838446805));
#9989=CARTESIAN_POINT('Ctrl Pts',(184.376612661361,-3.33066907387547E-16,
-106.55019207901));
#9990=CARTESIAN_POINT('Ctrl Pts',(184.384678009165,-3.35084071110802E-16,
-106.521083968298));
#9991=CARTESIAN_POINT('Ctrl Pts',(184.393219762846,-1.25666313876988E-16,
-106.492095923951));
#9992=CARTESIAN_POINT('Ctrl Pts',(184.402238141442,-1.38777878078145E-16,
-106.463242831979));
#9993=CARTESIAN_POINT('Ctrl Pts',(184.408548823601,-1.47952799422385E-16,
-106.443052651363));
#9994=CARTESIAN_POINT('Ctrl Pts',(184.415092899641,-5.17559665572542E-18,
-106.422928560967));
#9995=CARTESIAN_POINT('Ctrl Pts',(184.421870567734,0.,-106.402875804933));
#9996=CARTESIAN_POINT('Ctrl Pts',(184.427278193326,4.12939797961997E-18,
-106.386876526829));
#9997=CARTESIAN_POINT('Ctrl Pts',(184.432834990525,-3.73749765873806E-16,
-106.370921605488));
#9998=CARTESIAN_POINT('Ctrl Pts',(184.438534997753,-3.88578058618805E-16,
-106.355030026353));
#9999=CARTESIAN_POINT('Ctrl Pts',(184.468852019199,-4.67446321608803E-16,
-106.270506388731));
#10000=CARTESIAN_POINT('Ctrl Pts',(184.503252592422,1.13275053118648E-15,
-106.187664321468));
#10001=CARTESIAN_POINT('Ctrl Pts',(184.541694648494,6.10622663543836E-16,
-106.106872270958));
#10002=CARTESIAN_POINT('Ctrl Pts',(184.567876322977,2.55017806110355E-16,
-106.051847348169));
#10003=CARTESIAN_POINT('Ctrl Pts',(184.595933533048,2.3491324450797E-16,
-105.997773847249));
#10004=CARTESIAN_POINT('Ctrl Pts',(184.625863074548,3.88578058618805E-16,
-105.944777598371));
#10005=CARTESIAN_POINT('Ctrl Pts',(184.642808664215,4.75580423361897E-16,
-105.914772037231));
#10006=CARTESIAN_POINT('Ctrl Pts',(184.660354596436,-5.27778910999483E-16,
-105.885111956269));
#10007=CARTESIAN_POINT('Ctrl Pts',(184.678501350084,-5.55111512312578E-16,
-105.855821533639));
#10008=CARTESIAN_POINT('Ctrl Pts',(184.691178991494,-5.74206548536312E-16,
-105.835358728994));
#10009=CARTESIAN_POINT('Ctrl Pts',(184.704152722231,1.35604873894768E-16,
-105.815072339656));
#10010=CARTESIAN_POINT('Ctrl Pts',(184.717406003055,1.66533453693773E-16,
-105.794995737788));
#10011=CARTESIAN_POINT('Ctrl Pts',(184.764827327647,2.77198446101151E-16,
-105.723160011486));
#10012=CARTESIAN_POINT('Ctrl Pts',(184.815858329186,3.30070368658527E-16,
-105.65395005472));
#10013=CARTESIAN_POINT('Ctrl Pts',(184.870481310997,0.,-105.587721348577));
#10014=CARTESIAN_POINT('Ctrl Pts',(184.894525064917,-1.45289225479798E-16,
-105.558569027334));
#10015=CARTESIAN_POINT('Ctrl Pts',(184.919265215965,-4.15263834727339E-16,
-105.529994840203));
#10016=CARTESIAN_POINT('Ctrl Pts',(184.944702188553,-3.88578058618805E-16,
-105.502031704323));
#10017=CARTESIAN_POINT('Ctrl Pts',(184.988804607142,-3.43044880621172E-16,
-105.453549444127));
#10018=CARTESIAN_POINT('Ctrl Pts',(185.035001544783,-4.98562242863905E-16,
-105.406903255179));
#10019=CARTESIAN_POINT('Ctrl Pts',(185.083145696256,-5.55111512312578E-16,
-105.362163553517));
#10020=CARTESIAN_POINT('Origin',(-187.,-2.20842344717746,-107.));
#10021=CARTESIAN_POINT('Ctrl Pts',(-190.078139194135,0.291576552822546,
-106.999583180517));
#10022=CARTESIAN_POINT('Ctrl Pts',(-190.078208374664,0.293144344833288,
-106.96942613206));
#10023=CARTESIAN_POINT('Ctrl Pts',(-190.064392927739,0.346152693387713,
-105.949851129432));
#10024=CARTESIAN_POINT('Ctrl Pts',(-188.947328026882,0.450601598485823,
-103.972620186578));
#10025=CARTESIAN_POINT('Ctrl Pts',(-185.604849990758,0.604923268116874,
-103.681973936341));
#10026=CARTESIAN_POINT('Ctrl Pts',(-183.47457267302,0.759244937747926,-106.273777331502));
#10027=CARTESIAN_POINT('Ctrl Pts',(-184.407117585508,0.913566607378977,
-109.49662585165));
#10028=CARTESIAN_POINT('Ctrl Pts',(-187.59236296997,1.06788827701003,-110.550373450881));
#10029=CARTESIAN_POINT('Ctrl Pts',(-189.772897795856,1.19389159215788,-108.892253754843));
#10030=CARTESIAN_POINT('Ctrl Pts',(-190.070556026387,1.26845435076206,-107.448749492661));
#10031=CARTESIAN_POINT('Ctrl Pts',(-190.0695603146,1.29157655282254,-107.000722533988));
#10032=CARTESIAN_POINT('Ctrl Pts',(-190.069922991151,0.208423447177453,
-107.001422735872));
#10033=CARTESIAN_POINT('Ctrl Pts',(-190.066285436857,0.241830077872336,
-106.355029152755));
#10034=CARTESIAN_POINT('Ctrl Pts',(-189.558125755027,0.326677265110902,
-104.706588420414));
#10035=CARTESIAN_POINT('Ctrl Pts',(-186.896700794843,0.462965008893153,
-103.402293725897));
#10036=CARTESIAN_POINT('Ctrl Pts',(-183.974994567572,0.617286678524204,
-105.049467753044));
#10037=CARTESIAN_POINT('Ctrl Pts',(-183.680368887658,0.771608348155255,
-108.391822329875));
#10038=CARTESIAN_POINT('Ctrl Pts',(-186.270277977284,0.925930017786306,
-110.524663405292));
#10039=CARTESIAN_POINT('Ctrl Pts',(-189.31186498891,1.07153505079371,-109.647916801726));
#10040=CARTESIAN_POINT('Ctrl Pts',(-190.068865233945,1.16569952725742,-107.821555350047));
#10041=CARTESIAN_POINT('Ctrl Pts',(-190.075529257363,1.20842344717745,-106.997821410214));
#10042=CARTESIAN_POINT('Ctrl Pts',(-185.086534003335,-8.32667268468867E-16,
-105.364012796625));
#10043=CARTESIAN_POINT('Ctrl Pts',(-184.557765681063,0.0514405565436829,
-105.982465192031));
#10044=CARTESIAN_POINT('Ctrl Pts',(-184.154254274058,0.15432166963105,-107.762547450301));
#10045=CARTESIAN_POINT('Ctrl Pts',(-186.01949383622,0.308643339262102,-109.781892226756));
#10046=CARTESIAN_POINT('Ctrl Pts',(-188.738961522642,0.462965008893153,
-109.380597853898));
#10047=CARTESIAN_POINT('Ctrl Pts',(-189.946932535611,0.617286678524204,
-106.913133636046));
#10048=CARTESIAN_POINT('Ctrl Pts',(-188.595053947511,0.771608348155255,
-104.520276987054));
#10049=CARTESIAN_POINT('Ctrl Pts',(-185.857234375056,0.925930017786306,
-104.282209007561));
#10050=CARTESIAN_POINT('Ctrl Pts',(-184.112326892574,1.08025168741736,-106.405151921931));
#10051=CARTESIAN_POINT('Ctrl Pts',(-184.876173262247,1.23457335704841,-109.044983107704));
#10052=CARTESIAN_POINT('Ctrl Pts',(-187.485203766683,1.38889502667946,-109.908106446264));
#10053=CARTESIAN_POINT('Ctrl Pts',(-189.672684471263,1.54321669631051,-108.24470497342));
#10054=CARTESIAN_POINT('Ctrl Pts',(-189.53815850766,1.69753836594156,-105.4999035943));
#10055=CARTESIAN_POINT('Ctrl Pts',(-187.198495656241,1.85186003557261,-104.058379874045));
#10056=CARTESIAN_POINT('Ctrl Pts',(-184.686381968994,2.00618170520366,-105.172514288982));
#10057=CARTESIAN_POINT('Ctrl Pts',(-184.184323637428,2.16050337483472,-107.874356810476));
#10058=CARTESIAN_POINT('Ctrl Pts',(-186.128506634441,2.31482504446577,-109.816563816276));
#10059=CARTESIAN_POINT('Ctrl Pts',(-188.829836392624,2.46914671409682,-109.311758695711));
#10060=CARTESIAN_POINT('Ctrl Pts',(-189.941418236915,2.62346838372787,-106.798514040328));
#10061=CARTESIAN_POINT('Ctrl Pts',(-188.497511917195,2.77779005335892,-104.460316789116));
#10062=CARTESIAN_POINT('Ctrl Pts',(-185.752585172447,2.93211172298997,-104.328584261855));
#10063=CARTESIAN_POINT('Ctrl Pts',(-184.091386937161,3.08643339262102,-106.517749055498));
#10064=CARTESIAN_POINT('Ctrl Pts',(-184.957209610249,3.24075506225207,-109.125913364856));
#10065=CARTESIAN_POINT('Ctrl Pts',(-187.597714247253,3.39507673188312,-109.887046731656));
#10066=CARTESIAN_POINT('Ctrl Pts',(-189.719105103547,3.54939840151418,-108.140039802932));
#10067=CARTESIAN_POINT('Ctrl Pts',(-189.477777555478,3.70372007114523,-105.4023218346));
#10068=CARTESIAN_POINT('Ctrl Pts',(-187.084612142449,3.85804174077628,-104.053124687985));
#10069=CARTESIAN_POINT('Ctrl Pts',(-184.616183737092,4.01236341040733,-105.262836587079));
#10070=CARTESIAN_POINT('Ctrl Pts',(-184.222876878939,4.16668508003838,-107.98353165742));
#10071=CARTESIAN_POINT('Ctrl Pts',(-185.563723891357,4.26956619312575,-109.221935303685));
#10072=CARTESIAN_POINT('Ctrl Pts',(-186.349800002025,4.32100674966943,-109.432086802035));
#10073=CARTESIAN_POINT('Ctrl Pts',(-184.945668449658,-0.107002249889811,
-105.243574678773));
#10074=CARTESIAN_POINT('Ctrl Pts',(-184.377973257187,-0.0555616933461277,
-105.907556307128));
#10075=CARTESIAN_POINT('Ctrl Pts',(-183.944756144482,0.0473194197412398,
-107.818684674051));
#10076=CARTESIAN_POINT('Ctrl Pts',(-185.947310926314,0.201641089372291,
-109.986689588964));
#10077=CARTESIAN_POINT('Ctrl Pts',(-188.86698040468,0.355962759003342,-109.555852724042));
#10078=CARTESIAN_POINT('Ctrl Pts',(-190.163879836478,0.510284428634393,
-106.906738707432));
#10079=CARTESIAN_POINT('Ctrl Pts',(-188.712478640634,0.664606098265444,
-104.337724720229));
#10080=CARTESIAN_POINT('Ctrl Pts',(-185.773106246957,0.818927767896495,
-104.082130650488));
#10081=CARTESIAN_POINT('Ctrl Pts',(-183.899742152723,0.973249437527547,
-106.361360391788));
#10082=CARTESIAN_POINT('Ctrl Pts',(-184.71982137,1.1275711071586,-109.195530689019));
#10083=CARTESIAN_POINT('Ctrl Pts',(-187.520923501112,1.28189277678965,-110.122195447803));
#10084=CARTESIAN_POINT('Ctrl Pts',(-189.869442176132,1.4362144464207,-108.336337673218));
#10085=CARTESIAN_POINT('Ctrl Pts',(-189.725012679161,1.59053611605175,-105.389469486181));
#10086=CARTESIAN_POINT('Ctrl Pts',(-187.213108510907,1.7448577856828,-103.841823662191));
#10087=CARTESIAN_POINT('Ctrl Pts',(-184.516058019939,1.89917945531385,-105.0379784326));
#10088=CARTESIAN_POINT('Ctrl Pts',(-183.977039154464,2.05350112494491,-107.938725216517));
#10089=CARTESIAN_POINT('Ctrl Pts',(-186.064349029508,2.20782279457595,-110.023913631814));
#10090=CARTESIAN_POINT('Ctrl Pts',(-188.964545301502,2.36214446420701,-109.481945764207));
#10091=CARTESIAN_POINT('Ctrl Pts',(-190.157959586101,2.51646613383806,-106.783681045481));
#10092=CARTESIAN_POINT('Ctrl Pts',(-188.607755760421,2.67078780346911,-104.273350372002));
#10093=CARTESIAN_POINT('Ctrl Pts',(-185.660752978588,2.82510947310016,-104.13191995859));
#10094=CARTESIAN_POINT('Ctrl Pts',(-183.877260639519,2.97943114273121,-106.482246701954));
#10095=CARTESIAN_POINT('Ctrl Pts',(-184.80682345246,3.13375281236226,-109.282418870432));
#10096=CARTESIAN_POINT('Ctrl Pts',(-187.64171677906,3.28807448199331,-110.099585358972));
#10097=CARTESIAN_POINT('Ctrl Pts',(-189.919280202861,3.44239615162436,-108.223967261447));
#10098=CARTESIAN_POINT('Ctrl Pts',(-189.660186601602,3.59671782125542,-105.284703951784));
#10099=CARTESIAN_POINT('Ctrl Pts',(-187.090841119768,3.75103949088647,-103.836181599805));
#10100=CARTESIAN_POINT('Ctrl Pts',(-184.440691934089,3.90536116051752,-105.134950078296));
#10101=CARTESIAN_POINT('Ctrl Pts',(-184.018430608789,4.05968283014857,-108.055937298138));
#10102=CARTESIAN_POINT('Ctrl Pts',(-185.457988106332,4.16256394323594,-109.385509753053));
#10103=CARTESIAN_POINT('Ctrl Pts',(-186.301933573839,4.21400449977962,-109.611132185939));
#10104=CARTESIAN_POINT('Ctrl Pts',(-184.804802895981,-0.214004499779622,
-105.123136560921));
#10105=CARTESIAN_POINT('Ctrl Pts',(-184.19818083331,-0.162563943235938,
-105.832647422225));
#10106=CARTESIAN_POINT('Ctrl Pts',(-183.735258014906,-0.0596828301485709,
-107.8748218978));
#10107=CARTESIAN_POINT('Ctrl Pts',(-185.875128016409,0.0946388394824803,
-110.191486951172));
#10108=CARTESIAN_POINT('Ctrl Pts',(-188.994999286718,0.248960509113531,
-109.731107594187));
#10109=CARTESIAN_POINT('Ctrl Pts',(-190.380827137345,0.403282178744582,
-106.900343778817));
#10110=CARTESIAN_POINT('Ctrl Pts',(-188.829903333758,0.557603848375634,
-104.155172453403));
#10111=CARTESIAN_POINT('Ctrl Pts',(-185.688978118858,0.711925518006685,
-103.882052293414));
#10112=CARTESIAN_POINT('Ctrl Pts',(-183.687157412871,0.866247187637736,
-106.317568861645));
#10113=CARTESIAN_POINT('Ctrl Pts',(-184.563469477754,1.02056885726879,-109.346078270335));
#10114=CARTESIAN_POINT('Ctrl Pts',(-187.556643235541,1.17489052689984,-110.336284449342));
#10115=CARTESIAN_POINT('Ctrl Pts',(-190.066199881001,1.32921219653089,-108.427970373015));
#10116=CARTESIAN_POINT('Ctrl Pts',(-189.911866850662,1.48353386616194,-105.279035378062));
#10117=CARTESIAN_POINT('Ctrl Pts',(-187.227721365574,1.63785553579299,-103.625267450336));
#10118=CARTESIAN_POINT('Ctrl Pts',(-184.345734070884,1.79217720542404,-104.903442576218));
#10119=CARTESIAN_POINT('Ctrl Pts',(-183.769754671499,1.94649887505509,-108.003093622558));
#10120=CARTESIAN_POINT('Ctrl Pts',(-186.000191424576,2.10082054468615,-110.231263447351));
#10121=CARTESIAN_POINT('Ctrl Pts',(-189.09925421038,2.2551422143172,-109.652132832703));
#10122=CARTESIAN_POINT('Ctrl Pts',(-190.374500935286,2.40946388394825,-106.768848050635));
#10123=CARTESIAN_POINT('Ctrl Pts',(-188.717999603646,2.5637855535793,-104.086383954889));
#10124=CARTESIAN_POINT('Ctrl Pts',(-185.568920784729,2.71810722321035,-103.935255655325));
#10125=CARTESIAN_POINT('Ctrl Pts',(-183.663134341878,2.8724288928414,-106.44674434841));
#10126=CARTESIAN_POINT('Ctrl Pts',(-184.656437294671,3.02675056247245,-109.438924376007));
#10127=CARTESIAN_POINT('Ctrl Pts',(-187.685719310867,3.1810722321035,-110.312123986288));
#10128=CARTESIAN_POINT('Ctrl Pts',(-190.119455302176,3.33539390173455,-108.307894719961));
#10129=CARTESIAN_POINT('Ctrl Pts',(-189.842595647725,3.48971557136561,-105.167086068969));
#10130=CARTESIAN_POINT('Ctrl Pts',(-187.097070097087,3.64403724099666,-103.619238511625));
#10131=CARTESIAN_POINT('Ctrl Pts',(-184.265200131087,3.79835891062771,-105.007063569513));
#10132=CARTESIAN_POINT('Ctrl Pts',(-183.813984338639,3.95268058025876,-108.128342938857));
#10133=CARTESIAN_POINT('Ctrl Pts',(-185.352252321306,4.05556169334613,-109.54908420242));
#10134=CARTESIAN_POINT('Ctrl Pts',(-186.254067145653,4.10700224988981,-109.790177569842));
#10135=CARTESIAN_POINT('Ctrl Pts',(-184.663937342304,-0.321006749669433,
-105.002698443069));
#10136=CARTESIAN_POINT('Ctrl Pts',(-184.018388409433,-0.269566193125749,
-105.757738537322));
#10137=CARTESIAN_POINT('Ctrl Pts',(-183.52575988533,-0.166685080038382,
-107.93095912155));
#10138=CARTESIAN_POINT('Ctrl Pts',(-185.802945106503,-0.0123634104073302,
-110.39628431338));
#10139=CARTESIAN_POINT('Ctrl Pts',(-189.123018168755,0.141958259223721,
-109.906362464332));
#10140=CARTESIAN_POINT('Ctrl Pts',(-190.597774438213,0.296279928854772,
-106.893948850203));
#10141=CARTESIAN_POINT('Ctrl Pts',(-188.947328026882,0.450601598485823,
-103.972620186578));
#10142=CARTESIAN_POINT('Ctrl Pts',(-185.604849990758,0.604923268116874,
-103.681973936341));
#10143=CARTESIAN_POINT('Ctrl Pts',(-183.47457267302,0.759244937747926,-106.273777331502));
#10144=CARTESIAN_POINT('Ctrl Pts',(-184.407117585508,0.913566607378977,
-109.49662585165));
#10145=CARTESIAN_POINT('Ctrl Pts',(-187.59236296997,1.06788827701003,-110.550373450881));
#10146=CARTESIAN_POINT('Ctrl Pts',(-190.26295758587,1.22220994664108,-108.519603072813));
#10147=CARTESIAN_POINT('Ctrl Pts',(-190.098721022162,1.37653161627213,-105.168601269943));
#10148=CARTESIAN_POINT('Ctrl Pts',(-187.242334220241,1.53085328590318,-103.408711238482));
#10149=CARTESIAN_POINT('Ctrl Pts',(-184.175410121829,1.68517495553423,-104.768906719836));
#10150=CARTESIAN_POINT('Ctrl Pts',(-183.562470188535,1.83949662516528,-108.067462028599));
#10151=CARTESIAN_POINT('Ctrl Pts',(-185.936033819644,1.99381829479633,-110.438613262889));
#10152=CARTESIAN_POINT('Ctrl Pts',(-189.233963119258,2.14813996442739,-109.822319901199));
#10153=CARTESIAN_POINT('Ctrl Pts',(-190.591042284472,2.30246163405844,-106.754015055788));
#10154=CARTESIAN_POINT('Ctrl Pts',(-188.828243446872,2.45678330368949,-103.899417537775));
#10155=CARTESIAN_POINT('Ctrl Pts',(-185.47708859087,2.61110497332054,-103.73859135206));
#10156=CARTESIAN_POINT('Ctrl Pts',(-183.449008044236,2.76542664295159,-106.411241994866));
#10157=CARTESIAN_POINT('Ctrl Pts',(-184.506051136882,2.91974831258264,-109.595429881583));
#10158=CARTESIAN_POINT('Ctrl Pts',(-187.729721842674,3.07406998221369,-110.524662613603));
#10159=CARTESIAN_POINT('Ctrl Pts',(-190.31963040149,3.22839165184475,-108.391822178476));
#10160=CARTESIAN_POINT('Ctrl Pts',(-190.025004693848,3.3827133214758,-105.049468186154));
#10161=CARTESIAN_POINT('Ctrl Pts',(-187.103299074406,3.53703499110685,-103.402295423445));
#10162=CARTESIAN_POINT('Ctrl Pts',(-184.089708328084,3.6913566607379,-104.87917706073));
#10163=CARTESIAN_POINT('Ctrl Pts',(-183.609538068489,3.84567833036895,-108.200748579575));
#10164=CARTESIAN_POINT('Ctrl Pts',(-185.24651653628,3.94855944345632,-109.712658651788));
#10165=CARTESIAN_POINT('Ctrl Pts',(-186.206200717467,4.,-109.969222953746));
#10166=CARTESIAN_POINT('Ctrl Pts',(-186.206200717467,4.,-109.969222953746));
#10167=CARTESIAN_POINT('Ctrl Pts',(-186.111374193209,4.,-109.934534987585));
#10168=CARTESIAN_POINT('Ctrl Pts',(-186.018581203035,4.,-109.894863658862));
#10169=CARTESIAN_POINT('Ctrl Pts',(-185.928066128459,4.,-109.850526429605));
#10170=CARTESIAN_POINT('Ctrl Pts',(-185.832160133296,4.,-109.803548552002));
#10171=CARTESIAN_POINT('Ctrl Pts',(-185.738810402657,4.,-109.751331957683));
#10172=CARTESIAN_POINT('Ctrl Pts',(-185.648347445275,4.,-109.694207019154));
#10173=CARTESIAN_POINT('Ctrl Pts',(-185.621893158105,4.,-109.677501844216));
#10174=CARTESIAN_POINT('Ctrl Pts',(-185.595686044515,4.,-109.660376659565));
#10175=CARTESIAN_POINT('Ctrl Pts',(-185.569735172803,4.,-109.64283912697));
#10176=CARTESIAN_POINT('Ctrl Pts',(-185.554874879667,4.,-109.632796578953));
#10177=CARTESIAN_POINT('Ctrl Pts',(-185.540101884881,4.,-109.62262096568));
#10178=CARTESIAN_POINT('Ctrl Pts',(-185.525424358131,4.,-109.612318618742));
#10179=CARTESIAN_POINT('Ctrl Pts',(-185.442833159036,4.,-109.554346781829));
#10180=CARTESIAN_POINT('Ctrl Pts',(-185.363197491765,4.,-109.492321718025));
#10181=CARTESIAN_POINT('Ctrl Pts',(-185.286787522967,4.,-109.426536891795));
#10182=CARTESIAN_POINT('Ctrl Pts',(-185.230046389997,4.,-109.377685863176));
#10183=CARTESIAN_POINT('Ctrl Pts',(-185.175084711069,4.,-109.326760678014));
#10184=CARTESIAN_POINT('Ctrl Pts',(-185.122028594021,4.,-109.273871177711));
#10185=CARTESIAN_POINT('Ctrl Pts',(-185.094959401827,4.,-109.246886993259));
#10186=CARTESIAN_POINT('Ctrl Pts',(-185.068386460685,4.,-109.219391370886));
#10187=CARTESIAN_POINT('Ctrl Pts',(-185.042328027781,4.,-109.191398269248));
#10188=CARTESIAN_POINT('Ctrl Pts',(-185.02884386043,4.,-109.176912990392));
#10189=CARTESIAN_POINT('Ctrl Pts',(-185.015495825649,4.,-109.162292498516));
#10190=CARTESIAN_POINT('Ctrl Pts',(-185.002302229675,4.,-109.147556653052));
#10191=CARTESIAN_POINT('Ctrl Pts',(-184.936620588965,4.,-109.074197236159));
#10192=CARTESIAN_POINT('Ctrl Pts',(-184.874676986051,4.,-108.997890980628));
#10193=CARTESIAN_POINT('Ctrl Pts',(-184.816718621334,4.,-108.91891291315));
#10194=CARTESIAN_POINT('Ctrl Pts',(-184.75979907791,4.,-108.841350415255));
#10195=CARTESIAN_POINT('Ctrl Pts',(-184.70672283647,4.,-108.761210237537));
#10196=CARTESIAN_POINT('Ctrl Pts',(-184.657768451109,4.,-108.678731216423));
#10197=CARTESIAN_POINT('Ctrl Pts',(-184.60974094985,4.,-108.597813822379));
#10198=CARTESIAN_POINT('Ctrl Pts',(-184.565680411026,4.,-108.514644642843));
#10199=CARTESIAN_POINT('Ctrl Pts',(-184.525897691861,4.,-108.429438796865));
#10200=CARTESIAN_POINT('Ctrl Pts',(-184.507405866206,4.,-108.389833368136));
#10201=CARTESIAN_POINT('Ctrl Pts',(-184.489839007325,4.,-108.349787813593));
#10202=CARTESIAN_POINT('Ctrl Pts',(-184.473232217588,4.,-108.309323551024));
#10203=CARTESIAN_POINT('Ctrl Pts',(-184.463503590995,4.,-108.285618686499));
#10204=CARTESIAN_POINT('Ctrl Pts',(-184.454104496207,4.,-108.261770126602));
#10205=CARTESIAN_POINT('Ctrl Pts',(-184.445042410393,4.,-108.23778219697));
#10206=CARTESIAN_POINT('Ctrl Pts',(-184.440071554056,4.,-108.224624017442));
#10207=CARTESIAN_POINT('Ctrl Pts',(-184.43520275141,4.,-108.211425436219));
#10208=CARTESIAN_POINT('Ctrl Pts',(-184.430441071078,4.,-108.198198493398));
#10209=CARTESIAN_POINT('Ctrl Pts',(-184.39942932048,4.,-108.112054396497));
#10210=CARTESIAN_POINT('Ctrl Pts',(-184.372907510207,4.,-108.024577336698));
#10211=CARTESIAN_POINT('Ctrl Pts',(-184.351118664132,4.,-107.935978324353));
#10212=CARTESIAN_POINT('Ctrl Pts',(-184.328666272928,4.,-107.84468116807));
#10213=CARTESIAN_POINT('Ctrl Pts',(-184.3112393719,4.,-107.752191830738));
#10214=CARTESIAN_POINT('Ctrl Pts',(-184.298734482569,4.,-107.6588983366));
#10215=CARTESIAN_POINT('Ctrl Pts',(-184.285929537614,4.,-107.563366259065));
#10216=CARTESIAN_POINT('Ctrl Pts',(-184.278285784334,4.,-107.466989878551));
#10217=CARTESIAN_POINT('Ctrl Pts',(-184.27574638074,4.,-107.37019589312));
#10218=CARTESIAN_POINT('Ctrl Pts',(-184.274635391668,4.,-107.327848524494));
#10219=CARTESIAN_POINT('Ctrl Pts',(-184.274502083261,4.,-107.285421451245));
#10220=CARTESIAN_POINT('Ctrl Pts',(-184.275344734578,4.,-107.242951823679));
#10221=CARTESIAN_POINT('Ctrl Pts',(-184.275744181004,4.,-107.222819723247));
#10222=CARTESIAN_POINT('Ctrl Pts',(-184.276362960627,4.,-107.202678076049));
#10223=CARTESIAN_POINT('Ctrl Pts',(-184.277201027242,4.,-107.182530931989));
#10224=CARTESIAN_POINT('Ctrl Pts',(-184.277774115495,4.,-107.16875387491));
#10225=CARTESIAN_POINT('Ctrl Pts',(-184.278449712496,4.,-107.154976408864));
#10226=CARTESIAN_POINT('Ctrl Pts',(-184.279226931239,4.,-107.141211048117));
#10227=CARTESIAN_POINT('Ctrl Pts',(-184.284470301024,4.,-107.048345458793));
#10228=CARTESIAN_POINT('Ctrl Pts',(-184.294340113951,4.,-106.95588574559));
#10229=CARTESIAN_POINT('Ctrl Pts',(-184.308730789999,4.,-106.864203556916));
#10230=CARTESIAN_POINT('Ctrl Pts',(-184.323069698307,4.,-106.7728511776));
#10231=CARTESIAN_POINT('Ctrl Pts',(-184.341897386876,4.,-106.682269803168));
#10232=CARTESIAN_POINT('Ctrl Pts',(-184.36515777366,4.,-106.592844334482));
#10233=CARTESIAN_POINT('Ctrl Pts',(-184.388011228171,4.,-106.504983332871));
#10234=CARTESIAN_POINT('Ctrl Pts',(-184.415144078941,4.,-106.418237372528));
#10235=CARTESIAN_POINT('Ctrl Pts',(-184.446543671254,4.,-106.333000714367));
#10236=CARTESIAN_POINT('Ctrl Pts',(-184.460651391862,4.,-106.294704199337));
#10237=CARTESIAN_POINT('Ctrl Pts',(-184.475620938376,4.,-106.256712828909));
#10238=CARTESIAN_POINT('Ctrl Pts',(-184.491453549695,4.,-106.219064954133));
#10239=CARTESIAN_POINT('Ctrl Pts',(-184.49776153817,4.,-106.204065384234));
#10240=CARTESIAN_POINT('Ctrl Pts',(-184.504206542161,4.,-106.189120359679));
#10241=CARTESIAN_POINT('Ctrl Pts',(-184.510788701087,4.,-106.174232388887));
#10242=CARTESIAN_POINT('Ctrl Pts',(-184.515762018203,4.,-106.162983404962));
#10243=CARTESIAN_POINT('Ctrl Pts',(-184.520812762095,4.,-106.151769072251));
#10244=CARTESIAN_POINT('Ctrl Pts',(-184.525937176435,4.,-106.140598324768));
#10245=CARTESIAN_POINT('Ctrl Pts',(-184.563021380792,4.,-106.059758202362));
#10246=CARTESIAN_POINT('Ctrl Pts',(-184.604013387212,4.,-105.981077524825));
#10247=CARTESIAN_POINT('Ctrl Pts',(-184.648857565178,4.,-105.904902690422));
#10248=CARTESIAN_POINT('Ctrl Pts',(-184.692418987592,4.,-105.830906816502));
#10249=CARTESIAN_POINT('Ctrl Pts',(-184.73961583831,4.,-105.759274902507));
#10250=CARTESIAN_POINT('Ctrl Pts',(-184.79043263351,4.,-105.690356866577));
#10251=CARTESIAN_POINT('Ctrl Pts',(-184.838599098039,4.,-105.625033224661));
#10252=CARTESIAN_POINT('Ctrl Pts',(-184.890018232271,4.,-105.562147514204));
#10253=CARTESIAN_POINT('Ctrl Pts',(-184.944702255919,4.,-105.502032756117));
#10254=CARTESIAN_POINT('Ctrl Pts',(-184.988775295545,4.,-105.453582771304));
#10255=CARTESIAN_POINT('Ctrl Pts',(-185.034970067327,4.,-105.406933579642));
#10256=CARTESIAN_POINT('Ctrl Pts',(-185.083145767525,4.,-105.362164541655));
#10257=CARTESIAN_POINT('Ctrl Pts',(-185.086534003335,-8.32667268468867E-16,
-105.364012796625));
#10258=CARTESIAN_POINT('Ctrl Pts',(-185.024925142793,-8.2797411741204E-16,
-105.421909997333));
#10259=CARTESIAN_POINT('Ctrl Pts',(-184.966675729358,-1.178659621524E-15,
-105.482957779952));
#10260=CARTESIAN_POINT('Ctrl Pts',(-184.911787232847,-1.0998146837693E-15,
-105.546771593653));
#10261=CARTESIAN_POINT('Ctrl Pts',(-184.855446621387,-1.01888384605336E-15,
-105.612273648036));
#10262=CARTESIAN_POINT('Ctrl Pts',(-184.802646667806,-8.6447135092712E-16,
-105.680690455605));
#10263=CARTESIAN_POINT('Ctrl Pts',(-184.7534142709,-8.67361737988404E-16,
-105.751654669601));
#10264=CARTESIAN_POINT('Ctrl Pts',(-184.704344039684,-8.70242604456777E-16,
-105.822385135876));
#10265=CARTESIAN_POINT('Ctrl Pts',(-184.658817569226,-3.49236473822203E-16,
-105.895646947203));
#10266=CARTESIAN_POINT('Ctrl Pts',(-184.616891977433,-2.35922392732846E-16,
-105.971115107802));
#10267=CARTESIAN_POINT('Ctrl Pts',(-184.596857960255,-1.8177560195538E-16,
-106.00717733999));
#10268=CARTESIAN_POINT('Ctrl Pts',(-184.577646638903,-9.34915192594341E-16,
-106.043743870208));
#10269=CARTESIAN_POINT('Ctrl Pts',(-184.559267058769,-9.36750677027476E-16,
-106.080781665995));
#10270=CARTESIAN_POINT('Ctrl Pts',(-184.547244302989,-9.37951334546126E-16,
-106.105009443242));
#10271=CARTESIAN_POINT('Ctrl Pts',(-184.535577483117,-5.83697354723855E-16,
-106.129438902319));
#10272=CARTESIAN_POINT('Ctrl Pts',(-184.524269590521,-5.68989300120393E-16,
-106.154061087674));
#10273=CARTESIAN_POINT('Ctrl Pts',(-184.517470372508,-5.60145630183643E-16,
-106.168865933472));
#10274=CARTESIAN_POINT('Ctrl Pts',(-184.510800363217,-1.18703117692859E-15,
-106.183741999367));
#10275=CARTESIAN_POINT('Ctrl Pts',(-184.504268627265,-1.16573417585641E-15,
-106.198667552161));
#10276=CARTESIAN_POINT('Ctrl Pts',(-184.467721567954,-1.04657094465616E-15,
-106.282180582583));
#10277=CARTESIAN_POINT('Ctrl Pts',(-184.435436799356,-6.87799210238799E-16,
-106.367375752188));
#10278=CARTESIAN_POINT('Ctrl Pts',(-184.40744364382,-7.49400541621981E-16,
-106.453855218354));
#10279=CARTESIAN_POINT('Ctrl Pts',(-184.37898926779,-8.12016828124263E-16,
-106.541759536466));
#10280=CARTESIAN_POINT('Ctrl Pts',(-184.354968588464,-3.73100270889006E-16,
-106.63099157326));
#10281=CARTESIAN_POINT('Ctrl Pts',(-184.335451369229,-3.33066907387547E-16,
-106.72117052871));
#10282=CARTESIAN_POINT('Ctrl Pts',(-184.317644584743,-2.96541956391636E-16,
-106.803446451604));
#10283=CARTESIAN_POINT('Ctrl Pts',(-184.303586729402,-6.38548407959848E-16,
-106.886511528719));
#10284=CARTESIAN_POINT('Ctrl Pts',(-184.29336364338,-4.71844785465692E-16,
-106.970094365015));
#10285=CARTESIAN_POINT('Ctrl Pts',(-184.285102347891,-3.37131267298382E-16,
-107.037637815885));
#10286=CARTESIAN_POINT('Ctrl Pts',(-184.279345799964,-7.67045617129204E-16,
-107.105519821888));
#10287=CARTESIAN_POINT('Ctrl Pts',(-184.276156126286,-6.80011602582908E-16,
-107.173601301554));
#10288=CARTESIAN_POINT('Ctrl Pts',(-184.27550197245,-6.62162242357708E-16,
-107.187563783482));
#10289=CARTESIAN_POINT('Ctrl Pts',(-184.274956291731,-7.78863447346107E-16,
-107.201525084855));
#10290=CARTESIAN_POINT('Ctrl Pts',(-184.274519282806,-7.7715611723761E-16,
-107.21548239235));
#10291=CARTESIAN_POINT('Ctrl Pts',(-184.271537134654,-7.65505299511056E-16,
-107.310727034711));
#10292=CARTESIAN_POINT('Ctrl Pts',(-184.273610693339,-4.80969944961781E-16,
-107.405806716429));
#10293=CARTESIAN_POINT('Ctrl Pts',(-184.280806141828,-5.55111512312578E-16,
-107.500323318257));
#10294=CARTESIAN_POINT('Ctrl Pts',(-184.286501935287,-6.13800703807948E-16,
-107.575141037148));
#10295=CARTESIAN_POINT('Ctrl Pts',(-184.295407891552,-4.3327760248302E-16,
-107.649606718501));
#10296=CARTESIAN_POINT('Ctrl Pts',(-184.307578512127,-4.71844785465692E-16,
-107.723531081257));
#10297=CARTESIAN_POINT('Ctrl Pts',(-184.322525343504,-5.47994677126182E-16,
-107.814318151478));
#10298=CARTESIAN_POINT('Ctrl Pts',(-184.342394220944,-8.05093350664021E-16,
-107.904289336166));
#10299=CARTESIAN_POINT('Ctrl Pts',(-184.366913142844,-6.93889390390723E-16,
-107.993198500621));
#10300=CARTESIAN_POINT('Ctrl Pts',(-184.381024847618,-6.29886680018772E-16,
-108.044369587406));
#10301=CARTESIAN_POINT('Ctrl Pts',(-184.396677877498,-5.27948554385579E-16,
-108.095188895097));
#10302=CARTESIAN_POINT('Ctrl Pts',(-184.413827999211,-5.27355936696949E-16,
-108.145608717378));
#10303=CARTESIAN_POINT('Ctrl Pts',(-184.422517939429,-5.2705565822822E-16,
-108.171156363556));
#10304=CARTESIAN_POINT('Ctrl Pts',(-184.431592333155,-2.07241368948504E-16,
-108.196601429096));
#10305=CARTESIAN_POINT('Ctrl Pts',(-184.441045934961,-1.38777878078145E-16,
-108.221937582618));
#10306=CARTESIAN_POINT('Ctrl Pts',(-184.44595887197,-1.03198124988807E-16,
-108.235104514002));
#10307=CARTESIAN_POINT('Ctrl Pts',(-184.450972514003,-5.89733356068255E-16,
-108.248237320303));
#10308=CARTESIAN_POINT('Ctrl Pts',(-184.456083028122,-5.82867087928207E-16,
-108.261328019845));
#10309=CARTESIAN_POINT('Ctrl Pts',(-184.490728118671,-5.36319426396528E-16,
-108.350072216697));
#10310=CARTESIAN_POINT('Ctrl Pts',(-184.529857917645,-1.1071481883207E-16,
-108.4369813555));
#10311=CARTESIAN_POINT('Ctrl Pts',(-184.57313873576,-1.94289029309402E-16,
-108.521799123251));
#10312=CARTESIAN_POINT('Ctrl Pts',(-184.617302999489,-2.79569151850201E-16,
-108.608348186486));
#10313=CARTESIAN_POINT('Ctrl Pts',(-184.665789735164,-4.96984475729798E-16,
-108.692720387533));
#10314=CARTESIAN_POINT('Ctrl Pts',(-184.71830020557,-4.44089209850063E-16,
-108.774640280009));
#10315=CARTESIAN_POINT('Ctrl Pts',(-184.77131802714,-3.90682874949466E-16,
-108.857351674683));
#10316=CARTESIAN_POINT('Ctrl Pts',(-184.828438113102,-3.41278863439667E-16,
-108.937563982803));
#10317=CARTESIAN_POINT('Ctrl Pts',(-184.889404109885,-3.05311331771918E-16,
-109.014978405042));
#10318=CARTESIAN_POINT('Ctrl Pts',(-184.926478324043,-2.83439008802661E-16,
-109.062055120268));
#10319=CARTESIAN_POINT('Ctrl Pts',(-184.964975728386,-7.49981412942472E-16,
-109.108096824125));
#10320=CARTESIAN_POINT('Ctrl Pts',(-185.004846789731,-7.7715611723761E-16,
-109.153031544269));
#10321=CARTESIAN_POINT('Ctrl Pts',(-185.01953973026,-7.87170305489173E-16,
-109.169590500777));
#10322=CARTESIAN_POINT('Ctrl Pts',(-185.034422786426,-4.52393658644042E-16,
-109.186002714318));
#10323=CARTESIAN_POINT('Ctrl Pts',(-185.049472524582,-4.44089209850063E-16,
-109.202242103834));
#10324=CARTESIAN_POINT('Ctrl Pts',(-185.118241851039,-4.06142280525337E-16,
-109.276447506449));
#10325=CARTESIAN_POINT('Ctrl Pts',(-185.190557267931,-7.26932240190179E-16,
-109.347127817563));
#10326=CARTESIAN_POINT('Ctrl Pts',(-185.266120183632,-7.7715611723761E-16,
-109.413979257307));
#10327=CARTESIAN_POINT('Ctrl Pts',(-185.319986445478,-8.12959030436669E-16,
-109.461635400861));
#10328=CARTESIAN_POINT('Ctrl Pts',(-185.375504129638,-1.018362152293E-15,
-109.507345526374));
#10329=CARTESIAN_POINT('Ctrl Pts',(-185.432579086268,-1.22124532708767E-15,
-109.55099150985));
#10330=CARTESIAN_POINT('Ctrl Pts',(-185.459040688486,-1.3153078404101E-15,
-109.571227051345));
#10331=CARTESIAN_POINT('Ctrl Pts',(-185.48583718158,-7.05972055711653E-16,
-109.591018788564));
#10332=CARTESIAN_POINT('Ctrl Pts',(-185.512959929145,-6.66133814775094E-16,
-109.610354291752));
#10333=CARTESIAN_POINT('Ctrl Pts',(-185.528325449028,-6.4356474127873E-16,
-109.621308198909));
#10334=CARTESIAN_POINT('Ctrl Pts',(-185.543795686025,-4.22640641766096E-16,
-109.63211567302));
#10335=CARTESIAN_POINT('Ctrl Pts',(-185.559369131615,-3.88578058618805E-16,
-109.642774385708));
#10336=CARTESIAN_POINT('Ctrl Pts',(-185.575604012916,-3.53068768717023E-16,
-109.653885795467));
#10337=CARTESIAN_POINT('Ctrl Pts',(-185.591943289349,-9.66781501787757E-16,
-109.664830196582));
#10338=CARTESIAN_POINT('Ctrl Pts',(-185.608382167699,-9.43689570931383E-16,
-109.675603596406));
#10339=CARTESIAN_POINT('Ctrl Pts',(-185.693608793268,-8.23970493819883E-16,
-109.731457803328));
#10340=CARTESIAN_POINT('Ctrl Pts',(-185.781532465046,1.84773571484659E-16,
-109.782734151371));
#10341=CARTESIAN_POINT('Ctrl Pts',(-185.87187965566,2.22044604925031E-16,
-109.829111667626));
#10342=CARTESIAN_POINT('Ctrl Pts',(-185.908816200689,2.37282081548227E-16,
-109.84807213785));
#10343=CARTESIAN_POINT('Ctrl Pts',(-185.94615827896,-3.72989336554818E-17,
-109.866213432421));
#10344=CARTESIAN_POINT('Ctrl Pts',(-185.983888987953,5.55111512312578E-17,
-109.883511835119));
#10345=CARTESIAN_POINT('Ctrl Pts',(-186.055928919612,2.33596752948875E-16,
-109.916539991266));
#10346=CARTESIAN_POINT('Ctrl Pts',(-186.129384959151,3.78789134374344E-17,
-109.946496578452));
#10347=CARTESIAN_POINT('Ctrl Pts',(-186.204069932375,5.55111512312578E-17,
-109.973425606879));
#10348=CARTESIAN_POINT('Ctrl Pts',(-189.514273008624,1.61258330249196,-107.000591826685));
#10349=CARTESIAN_POINT('Ctrl Pts',(-189.515088594901,1.58946110043147,-107.367570147315));
#10350=CARTESIAN_POINT('Ctrl Pts',(-189.4394817035,1.56633889837098,-107.734228478225));
#10351=CARTESIAN_POINT('Ctrl Pts',(-189.285683359899,1.54321669631049,-108.064471655707));
#10352=CARTESIAN_POINT('Ctrl Pts',(-188.943524236403,1.49177613976681,-108.799172131035));
#10353=CARTESIAN_POINT('Ctrl Pts',(-188.214364001543,1.44033558322312,-109.35363928865));
#10354=CARTESIAN_POINT('Ctrl Pts',(-187.414945466707,1.38889502667944,-109.487018977697));
#10355=CARTESIAN_POINT('Ctrl Pts',(-186.615526931871,1.33745447013576,-109.620398666744));
#10356=CARTESIAN_POINT('Ctrl Pts',(-185.745850097059,1.28601391359207,-109.332690887224));
#10357=CARTESIAN_POINT('Ctrl Pts',(-185.183703951374,1.23457335704839,-108.748865133169));
#10358=CARTESIAN_POINT('Ctrl Pts',(-184.621557805689,1.1831328005047,-108.165039379113));
#10359=CARTESIAN_POINT('Ctrl Pts',(-184.366942349132,1.13169224396102,-107.285095650522));
#10360=CARTESIAN_POINT('Ctrl Pts',(-184.5304525346,1.08025168741734,-106.491299967165));
#10361=CARTESIAN_POINT('Ctrl Pts',(-184.693962720068,1.02881113087365,-105.697504283808));
#10362=CARTESIAN_POINT('Ctrl Pts',(-185.275598547562,0.97737057432997,-104.989856645684));
#10363=CARTESIAN_POINT('Ctrl Pts',(-186.022719723385,0.925930017786286,
-104.675710823205));
#10364=CARTESIAN_POINT('Ctrl Pts',(-186.769840899208,0.874489461242602,
-104.361565000725));
#10365=CARTESIAN_POINT('Ctrl Pts',(-187.682447423359,0.823048904698918,
-104.440920993889));
#10366=CARTESIAN_POINT('Ctrl Pts',(-188.364063783452,0.771608348155234,
-104.87940843197));
#10367=CARTESIAN_POINT('Ctrl Pts',(-189.045680143544,0.72016779161155,-105.317895870051));
#10368=CARTESIAN_POINT('Ctrl Pts',(-189.496306339578,0.668727235067867,
-106.115514753048));
#10369=CARTESIAN_POINT('Ctrl Pts',(-189.520290935433,0.617286678524183,
-106.925568230856));
#10370=CARTESIAN_POINT('Ctrl Pts',(-189.521021931757,0.615718886513441,
-106.95025683176));
#10371=CARTESIAN_POINT('Ctrl Pts',(-189.521356623789,0.6141510945027,-106.974956983069));
#10372=CARTESIAN_POINT('Ctrl Pts',(-189.521299958104,0.612583302491958,
-106.999658583684));
#10373=CARTESIAN_POINT('Ctrl Pts',(-187.793799282533,-8.32667268468867E-16,
-109.969222953746));
#10374=CARTESIAN_POINT('Ctrl Pts',(-188.753483463719,0.0514405565436829,
-109.712658651788));
#10375=CARTESIAN_POINT('Ctrl Pts',(-190.390461517154,0.15432166963105,-108.200744239826));
#10376=CARTESIAN_POINT('Ctrl Pts',(-189.910291981073,0.308643339262101,
-104.879175867774));
#10377=CARTESIAN_POINT('Ctrl Pts',(-186.896700794843,0.462965008893153,
-103.402293725897));
#10378=CARTESIAN_POINT('Ctrl Pts',(-183.974994567572,0.617286678524204,
-105.049467753044));
#10379=CARTESIAN_POINT('Ctrl Pts',(-183.680368887658,0.771608348155255,
-108.391822329875));
#10380=CARTESIAN_POINT('Ctrl Pts',(-186.270277977284,0.925930017786306,
-110.524663405292));
#10381=CARTESIAN_POINT('Ctrl Pts',(-189.493949414098,1.08025168741736,-109.595430418554));
#10382=CARTESIAN_POINT('Ctrl Pts',(-190.550992722304,1.23457335704841,-106.411241875652));
#10383=CARTESIAN_POINT('Ctrl Pts',(-188.522911743306,1.38889502667946,-103.738590636867));
#10384=CARTESIAN_POINT('Ctrl Pts',(-185.171756153779,1.54321669631051,-103.899416865631));
#10385=CARTESIAN_POINT('Ctrl Pts',(-183.408956935154,1.69753836594156,-106.75401500103));
#10386=CARTESIAN_POINT('Ctrl Pts',(-184.766036394329,1.85186003557261,-109.822320515705));
#10387=CARTESIAN_POINT('Ctrl Pts',(-188.063966412037,2.00618170520367,-110.438614010724));
#10388=CARTESIAN_POINT('Ctrl Pts',(-190.437530559144,2.16050337483472,-108.067462260778));
#10389=CARTESIAN_POINT('Ctrl Pts',(-189.824590492704,2.31482504446577,-104.768906234777));
#10390=CARTESIAN_POINT('Ctrl Pts',(-186.757665726987,2.46914671409682,-103.408710456541));
#10391=CARTESIAN_POINT('Ctrl Pts',(-183.901278303712,2.62346838372787,-105.168600873033));
#10392=CARTESIAN_POINT('Ctrl Pts',(-183.737041704296,2.77779005335892,-108.51960340052));
#10393=CARTESIAN_POINT('Ctrl Pts',(-186.40763690031,2.93211172298997,-110.550374229565));
#10394=CARTESIAN_POINT('Ctrl Pts',(-189.592882978671,3.08643339262102,-109.496626384094));
#10395=CARTESIAN_POINT('Ctrl Pts',(-190.525428085206,3.24075506225207,-106.273777201081));
#10396=CARTESIAN_POINT('Ctrl Pts',(-188.395150309314,3.39507673188313,-103.681973181926));
#10397=CARTESIAN_POINT('Ctrl Pts',(-185.052671473062,3.54939840151417,-103.972619659153));
#10398=CARTESIAN_POINT('Ctrl Pts',(-183.402224707791,3.70372007114523,-106.893948788767));
#10399=CARTESIAN_POINT('Ctrl Pts',(-184.876980761931,3.85804174077628,-109.906363789221));
#10400=CARTESIAN_POINT('Ctrl Pts',(-188.197054472534,4.01236341040733,-110.396285471617));
#10401=CARTESIAN_POINT('Ctrl Pts',(-190.474237314984,4.16668508003838,-107.930962463236));
#10402=CARTESIAN_POINT('Ctrl Pts',(-189.981611590567,4.26956619312575,-105.757738537322));
#10403=CARTESIAN_POINT('Ctrl Pts',(-189.336062657696,4.32100674966943,-105.002698443069));
#10404=CARTESIAN_POINT('Ctrl Pts',(-187.745932854347,-0.107002249889811,
-109.790177569842));
#10405=CARTESIAN_POINT('Ctrl Pts',(-188.647747678694,-0.0555616933461277,
-109.549084202421));
#10406=CARTESIAN_POINT('Ctrl Pts',(-190.18601527199,0.0473194197412398,
-108.128338860797));
#10407=CARTESIAN_POINT('Ctrl Pts',(-189.734800159428,0.201641089372291,
-105.007062448493));
#10408=CARTESIAN_POINT('Ctrl Pts',(-186.902929780047,0.355962759003342,
-103.61923691644));
#10409=CARTESIAN_POINT('Ctrl Pts',(-184.157403658232,0.510284428634393,
-105.167085661976));
#10410=CARTESIAN_POINT('Ctrl Pts',(-183.880544029837,0.664606098265444,
-108.307894862231));
#10411=CARTESIAN_POINT('Ctrl Pts',(-186.314280519948,0.818927767896496,
-110.312124730237));
#10412=CARTESIAN_POINT('Ctrl Pts',(-189.343563223084,0.973249437527547,
-109.438924880598));
#10413=CARTESIAN_POINT('Ctrl Pts',(-190.336866378439,1.1275711071586,-106.446744236384));
#10414=CARTESIAN_POINT('Ctrl Pts',(-188.431079529296,1.28189277678965,-103.935254983259));
#10415=CARTESIAN_POINT('Ctrl Pts',(-185.282000021086,1.4362144464207,-104.086383323275));
#10416=CARTESIAN_POINT('Ctrl Pts',(-183.625498331396,1.59053611605175,-106.768847999179));
#10417=CARTESIAN_POINT('Ctrl Pts',(-184.900745332538,1.7448577856828,-109.652133410154));
#10418=CARTESIAN_POINT('Ctrl Pts',(-187.999808793134,1.89917945531385,-110.231264150092));
#10419=CARTESIAN_POINT('Ctrl Pts',(-190.230246031095,2.0535011249449,-108.003093840736));
#10420=CARTESIAN_POINT('Ctrl Pts',(-189.654266506592,2.20782279457596,-104.903442120408));
#10421=CARTESIAN_POINT('Ctrl Pts',(-186.772278584836,2.36214446420701,-103.625266715547));
#10422=CARTESIAN_POINT('Ctrl Pts',(-184.088132515863,2.51646613383806,-105.279035005086));
#10423=CARTESIAN_POINT('Ctrl Pts',(-183.933799451968,2.67078780346911,-108.427970680962));
#10424=CARTESIAN_POINT('Ctrl Pts',(-186.443356642562,2.82510947310016,-110.336285181071));
#10425=CARTESIAN_POINT('Ctrl Pts',(-189.436531052405,2.97943114273121,-109.346078770673));
#10426=CARTESIAN_POINT('Ctrl Pts',(-190.312843299633,3.13375281236226,-106.317568739089));
#10427=CARTESIAN_POINT('Ctrl Pts',(-188.311022163121,3.28807448199331,-103.882051584491));
#10428=CARTESIAN_POINT('Ctrl Pts',(-185.17009619634,3.44239615162437,-104.155171957783));
#10429=CARTESIAN_POINT('Ctrl Pts',(-183.619172060155,3.59671782125542,-106.900343721086));
#10430=CARTESIAN_POINT('Ctrl Pts',(-185.004999708449,3.75103949088647,-109.731108839185));
#10431=CARTESIAN_POINT('Ctrl Pts',(-188.124871588013,3.90536116051752,-110.191488039566));
#10432=CARTESIAN_POINT('Ctrl Pts',(-190.26473935423,4.05968283014857,-107.874825037982));
#10433=CARTESIAN_POINT('Ctrl Pts',(-189.80181916669,4.16256394323594,-105.832647422225));
#10434=CARTESIAN_POINT('Ctrl Pts',(-189.195197104019,4.21400449977962,-105.123136560921));
#10435=CARTESIAN_POINT('Ctrl Pts',(-187.698066426161,-0.214004499779622,
-109.611132185939));
#10436=CARTESIAN_POINT('Ctrl Pts',(-188.542011893668,-0.162563943235938,
-109.385509753053));
#10437=CARTESIAN_POINT('Ctrl Pts',(-189.981569026826,-0.0596828301485708,
-108.055933481767));
#10438=CARTESIAN_POINT('Ctrl Pts',(-189.559308337783,0.09463883948248,-105.134949029212));
#10439=CARTESIAN_POINT('Ctrl Pts',(-186.90915876525,0.248960509113531,-103.836180106983));
#10440=CARTESIAN_POINT('Ctrl Pts',(-184.339812748892,0.403282178744582,
-105.284703570908));
#10441=CARTESIAN_POINT('Ctrl Pts',(-184.080719172016,0.557603848375634,
-108.223967394587));
#10442=CARTESIAN_POINT('Ctrl Pts',(-186.358283062611,0.711925518006685,
-110.099586055182));
#10443=CARTESIAN_POINT('Ctrl Pts',(-189.193177032071,0.866247187637736,
-109.282419342643));
#10444=CARTESIAN_POINT('Ctrl Pts',(-190.122740034575,1.02056885726879,-106.482246597117));
#10445=CARTESIAN_POINT('Ctrl Pts',(-188.339247315286,1.17489052689984,-104.13191932965));
#10446=CARTESIAN_POINT('Ctrl Pts',(-185.392243888392,1.32921219653089,-104.27334978092));
#10447=CARTESIAN_POINT('Ctrl Pts',(-183.842039727639,1.48353386616194,-106.783680997327));
#10448=CARTESIAN_POINT('Ctrl Pts',(-185.035454270746,1.63785553579299,-109.481946304603));
#10449=CARTESIAN_POINT('Ctrl Pts',(-187.935651174231,1.79217720542404,-110.023914289459));
#10450=CARTESIAN_POINT('Ctrl Pts',(-190.022961503045,1.94649887505509,-107.938725420695));
#10451=CARTESIAN_POINT('Ctrl Pts',(-189.483942520481,2.10082054468615,-105.03797800604));
#10452=CARTESIAN_POINT('Ctrl Pts',(-186.786891442685,2.2551422143172,-103.841822974553));
#10453=CARTESIAN_POINT('Ctrl Pts',(-184.274986728014,2.40946388394825,-105.389469137139));
#10454=CARTESIAN_POINT('Ctrl Pts',(-184.13055719964,2.5637855535793,-108.336337961403));
#10455=CARTESIAN_POINT('Ctrl Pts',(-186.479076384813,2.71810722321035,-110.122196132577));
#10456=CARTESIAN_POINT('Ctrl Pts',(-189.280179126138,2.8724288928414,-109.195531157251));
#10457=CARTESIAN_POINT('Ctrl Pts',(-190.100258514061,3.02675056247245,-106.361360277096));
#10458=CARTESIAN_POINT('Ctrl Pts',(-188.226894016927,3.1810722321035,-104.082129987055));
#10459=CARTESIAN_POINT('Ctrl Pts',(-185.287520919617,3.33539390173455,-104.337724256412));
#10460=CARTESIAN_POINT('Ctrl Pts',(-183.836119412518,3.48971557136561,-106.906738653405));
#10461=CARTESIAN_POINT('Ctrl Pts',(-185.133018654967,3.64403724099666,-109.555853889149));
#10462=CARTESIAN_POINT('Ctrl Pts',(-188.052688703491,3.79835891062771,-109.986690607516));
#10463=CARTESIAN_POINT('Ctrl Pts',(-190.055241393476,3.95268058025876,-107.818687612727));
#10464=CARTESIAN_POINT('Ctrl Pts',(-189.622026742813,4.05556169334613,-105.907556307128));
#10465=CARTESIAN_POINT('Ctrl Pts',(-189.054331550342,4.10700224988981,-105.243574678773));
#10466=CARTESIAN_POINT('Ctrl Pts',(-187.650199997975,-0.321006749669433,
-109.432086802035));
#10467=CARTESIAN_POINT('Ctrl Pts',(-188.436276108643,-0.269566193125749,
-109.221935303685));
#10468=CARTESIAN_POINT('Ctrl Pts',(-189.777122781661,-0.166685080038381,
-107.983528102737));
#10469=CARTESIAN_POINT('Ctrl Pts',(-189.383816516138,-0.0123634104073306,
-105.262835609931));
#10470=CARTESIAN_POINT('Ctrl Pts',(-186.915387750453,0.141958259223721,
-104.053123297526));
#10471=CARTESIAN_POINT('Ctrl Pts',(-184.522221839552,0.296279928854772,
-105.40232147984));
#10472=CARTESIAN_POINT('Ctrl Pts',(-184.280894314195,0.450601598485823,
-108.140039926943));
#10473=CARTESIAN_POINT('Ctrl Pts',(-186.402285605275,0.604923268116874,
-109.887047380128));
#10474=CARTESIAN_POINT('Ctrl Pts',(-189.042790841058,0.759244937747925,
-109.125913804688));
#10475=CARTESIAN_POINT('Ctrl Pts',(-189.908613690711,0.913566607378977,
-106.51774895785));
#10476=CARTESIAN_POINT('Ctrl Pts',(-188.247415101277,1.06788827701003,-104.328583676041));
#10477=CARTESIAN_POINT('Ctrl Pts',(-185.502487755699,1.22220994664108,-104.460316238564));
#10478=CARTESIAN_POINT('Ctrl Pts',(-184.058581123882,1.37653161627213,-106.798513995475));
#10479=CARTESIAN_POINT('Ctrl Pts',(-185.170163208955,1.53085328590318,-109.311759199053));
#10480=CARTESIAN_POINT('Ctrl Pts',(-187.871493555329,1.68517495553423,-109.816564428827));
#10481=CARTESIAN_POINT('Ctrl Pts',(-189.815676974995,1.83949662516528,-107.874357000653));
#10482=CARTESIAN_POINT('Ctrl Pts',(-189.313618534369,1.99381829479633,-105.172513891671));
#10483=CARTESIAN_POINT('Ctrl Pts',(-186.801504300534,2.14813996442739,-104.058379233559));
#10484=CARTESIAN_POINT('Ctrl Pts',(-184.461840940165,2.30246163405844,-105.499903269192));
#10485=CARTESIAN_POINT('Ctrl Pts',(-184.327314947312,2.45678330368949,-108.244705241845));
#10486=CARTESIAN_POINT('Ctrl Pts',(-186.514796127064,2.61110497332054,-109.908107084083));
#10487=CARTESIAN_POINT('Ctrl Pts',(-189.123827199871,2.76542664295159,-109.044983543829));
#10488=CARTESIAN_POINT('Ctrl Pts',(-189.887673728488,2.91974831258264,-106.405151815104));
#10489=CARTESIAN_POINT('Ctrl Pts',(-188.142765870733,3.07406998221369,-104.28220838962));
#10490=CARTESIAN_POINT('Ctrl Pts',(-185.404945642894,3.22839165184475,-104.520276555041));
#10491=CARTESIAN_POINT('Ctrl Pts',(-184.053066764882,3.3827133214758,-106.913133585724));
#10492=CARTESIAN_POINT('Ctrl Pts',(-185.261037601484,3.53703499110685,-109.380598939113));
#10493=CARTESIAN_POINT('Ctrl Pts',(-187.98050581897,3.6913566607379,-109.781893175466));
#10494=CARTESIAN_POINT('Ctrl Pts',(-189.845743432722,3.84567833036895,-107.762550187473));
#10495=CARTESIAN_POINT('Ctrl Pts',(-189.442234318937,3.94855944345632,-105.982465192031));
#10496=CARTESIAN_POINT('Ctrl Pts',(-188.913465996665,4.,-105.364012796625));
#10497=CARTESIAN_POINT('Ctrl Pts',(-188.913465996665,4.,-105.364012796625));
#10498=CARTESIAN_POINT('Ctrl Pts',(-188.975604377723,4.,-105.422407616593));
#10499=CARTESIAN_POINT('Ctrl Pts',(-189.034377227828,4.,-105.484056201273));
#10500=CARTESIAN_POINT('Ctrl Pts',(-189.089768645747,4.,-105.548582344148));
#10501=CARTESIAN_POINT('Ctrl Pts',(-189.146512242512,4.,-105.614683656763));
#10502=CARTESIAN_POINT('Ctrl Pts',(-189.199707775583,4.,-105.683805223459));
#10503=CARTESIAN_POINT('Ctrl Pts',(-189.249309428194,4.,-105.755588870413));
#10504=CARTESIAN_POINT('Ctrl Pts',(-189.262291002025,4.,-105.774375839469));
#10505=CARTESIAN_POINT('Ctrl Pts',(-189.275026239843,4.,-105.793345366995));
#10506=CARTESIAN_POINT('Ctrl Pts',(-189.287513942309,4.,-105.812491469346));
#10507=CARTESIAN_POINT('Ctrl Pts',(-189.29765255377,4.,-105.82803595347));
#10508=CARTESIAN_POINT('Ctrl Pts',(-189.307628414049,4.,-105.843697693894));
#10509=CARTESIAN_POINT('Ctrl Pts',(-189.3174321108,4.,-105.859459025714));
#10510=CARTESIAN_POINT('Ctrl Pts',(-189.364881516423,4.,-105.935743089339));
#10511=CARTESIAN_POINT('Ctrl Pts',(-189.408351323135,4.,-106.014432833402));
#10512=CARTESIAN_POINT('Ctrl Pts',(-189.447802619042,4.,-106.09513655172));
#10513=CARTESIAN_POINT('Ctrl Pts',(-189.478484247541,4.,-106.157900561038));
#10514=CARTESIAN_POINT('Ctrl Pts',(-189.50673480385,4.,-106.221883766706));
#10515=CARTESIAN_POINT('Ctrl Pts',(-189.532520948151,4.,-106.286917615814));
#10516=CARTESIAN_POINT('Ctrl Pts',(-189.542845436528,4.,-106.312956453238));
#10517=CARTESIAN_POINT('Ctrl Pts',(-189.55277469331,4.,-106.339163852991));
#10518=CARTESIAN_POINT('Ctrl Pts',(-189.562305918931,4.,-106.36552947588));
#10519=CARTESIAN_POINT('Ctrl Pts',(-189.568920139594,4.,-106.383825973588));
#10520=CARTESIAN_POINT('Ctrl Pts',(-189.575343391701,4.,-106.402201161833));
#10521=CARTESIAN_POINT('Ctrl Pts',(-189.581567248399,4.,-106.420628727573));
#10522=CARTESIAN_POINT('Ctrl Pts',(-189.611080885038,4.,-106.508012564607));
#10523=CARTESIAN_POINT('Ctrl Pts',(-189.636153338026,4.,-106.596676777091));
#10524=CARTESIAN_POINT('Ctrl Pts',(-189.656747717548,4.,-106.686224511477));
#10525=CARTESIAN_POINT('Ctrl Pts',(-189.677662197173,4.,-106.777164093527));
#10526=CARTESIAN_POINT('Ctrl Pts',(-189.693958823429,4.,-106.869015679155));
#10527=CARTESIAN_POINT('Ctrl Pts',(-189.705557205865,4.,-106.961396726674));
#10528=CARTESIAN_POINT('Ctrl Pts',(-189.717070204316,4.,-107.053097691256));
#10529=CARTESIAN_POINT('Ctrl Pts',(-189.723954234476,4.,-107.145321277836));
#10530=CARTESIAN_POINT('Ctrl Pts',(-189.72608360833,4.,-107.237712532983));
#10531=CARTESIAN_POINT('Ctrl Pts',(-189.727020649206,4.,-107.27836973486));
#10532=CARTESIAN_POINT('Ctrl Pts',(-189.727036312752,4.,-107.319059573509));
#10533=CARTESIAN_POINT('Ctrl Pts',(-189.72611669113,4.,-107.359752281202));
#10534=CARTESIAN_POINT('Ctrl Pts',(-189.725743536945,4.,-107.376264131068));
#10535=CARTESIAN_POINT('Ctrl Pts',(-189.725216365823,4.,-107.392776454404));
#10536=CARTESIAN_POINT('Ctrl Pts',(-189.724534150765,4.,-107.409287263268));
#10537=CARTESIAN_POINT('Ctrl Pts',(-189.724013057959,4.,-107.421898629197));
#10538=CARTESIAN_POINT('Ctrl Pts',(-189.723401550339,4.,-107.434507002433));
#10539=CARTESIAN_POINT('Ctrl Pts',(-189.722699875825,4.,-107.447102413081));
#10540=CARTESIAN_POINT('Ctrl Pts',(-189.7175283964,4.,-107.539933071288));
#10541=CARTESIAN_POINT('Ctrl Pts',(-189.707457092057,4.,-107.632197524302));
#10542=CARTESIAN_POINT('Ctrl Pts',(-189.692419944562,4.,-107.723533022373));
#10543=CARTESIAN_POINT('Ctrl Pts',(-189.677572401892,4.,-107.813716862452));
#10544=CARTESIAN_POINT('Ctrl Pts',(-189.657884401481,4.,-107.902996022215));
#10545=CARTESIAN_POINT('Ctrl Pts',(-189.633655187341,4.,-107.991130620815));
#10546=CARTESIAN_POINT('Ctrl Pts',(-189.608860070625,4.,-108.081323709476));
#10547=CARTESIAN_POINT('Ctrl Pts',(-189.579308956624,4.,-108.170318840371));
#10548=CARTESIAN_POINT('Ctrl Pts',(-189.545268181639,4.,-108.257858004376));
#10549=CARTESIAN_POINT('Ctrl Pts',(-189.528068376551,4.,-108.302088976176));
#10550=CARTESIAN_POINT('Ctrl Pts',(-189.509721532886,4.,-108.345948161856));
#10551=CARTESIAN_POINT('Ctrl Pts',(-189.49025715654,4.,-108.389401300427));
#10552=CARTESIAN_POINT('Ctrl Pts',(-189.482667565134,4.,-108.406344641493));
#10553=CARTESIAN_POINT('Ctrl Pts',(-189.474908031574,4.,-108.423226237286));
#10554=CARTESIAN_POINT('Ctrl Pts',(-189.466980180031,4.,-108.440044012882));
#10555=CARTESIAN_POINT('Ctrl Pts',(-189.459352154794,4.,-108.456225750894));
#10556=CARTESIAN_POINT('Ctrl Pts',(-189.451566937175,4.,-108.472350944447));
#10557=CARTESIAN_POINT('Ctrl Pts',(-189.44363706381,4.,-108.488395825109));
#10558=CARTESIAN_POINT('Ctrl Pts',(-189.400840666917,4.,-108.574987760346));
#10559=CARTESIAN_POINT('Ctrl Pts',(-189.353774995471,4.,-108.659372695202));
#10560=CARTESIAN_POINT('Ctrl Pts',(-189.302769995536,4.,-108.741289762616));
#10561=CARTESIAN_POINT('Ctrl Pts',(-189.250796802298,4.,-108.824761806134));
#10562=CARTESIAN_POINT('Ctrl Pts',(-189.194733004034,4.,-108.905672194));
#10563=CARTESIAN_POINT('Ctrl Pts',(-189.13487318379,4.,-108.983737985739));
#10564=CARTESIAN_POINT('Ctrl Pts',(-189.074604846582,4.,-109.062336542195));
#10565=CARTESIAN_POINT('Ctrl Pts',(-189.010488053876,4.,-109.138052396299));
#10566=CARTESIAN_POINT('Ctrl Pts',(-188.942774549506,4.,-109.210577341924));
#10567=CARTESIAN_POINT('Ctrl Pts',(-188.909893638976,4.,-109.245794633814));
#10568=CARTESIAN_POINT('Ctrl Pts',(-188.876163947002,4.,-109.280259150256));
#10569=CARTESIAN_POINT('Ctrl Pts',(-188.841610670545,4.,-109.31393302783));
#10570=CARTESIAN_POINT('Ctrl Pts',(-188.828022847764,4.,-109.327175033443));
#10571=CARTESIAN_POINT('Ctrl Pts',(-188.814307642054,4.,-109.340294753363));
#10572=CARTESIAN_POINT('Ctrl Pts',(-188.800466495226,4.,-109.35328979676));
#10573=CARTESIAN_POINT('Ctrl Pts',(-188.788734739992,4.,-109.364304394774));
#10574=CARTESIAN_POINT('Ctrl Pts',(-188.776911378386,4.,-109.375230344149));
#10575=CARTESIAN_POINT('Ctrl Pts',(-188.76501113128,4.,-109.386053847114));
#10576=CARTESIAN_POINT('Ctrl Pts',(-188.689679049796,4.,-109.454569819933));
#10577=CARTESIAN_POINT('Ctrl Pts',(-188.611149990054,4.,-109.519096403553));
#10578=CARTESIAN_POINT('Ctrl Pts',(-188.529736444068,4.,-109.579342039406));
#10579=CARTESIAN_POINT('Ctrl Pts',(-188.448709592903,4.,-109.639301522937));
#10580=CARTESIAN_POINT('Ctrl Pts',(-188.364825014022,4.,-109.695021441538));
#10581=CARTESIAN_POINT('Ctrl Pts',(-188.278346564937,4.,-109.746189131464));
#10582=CARTESIAN_POINT('Ctrl Pts',(-188.193367557726,4.,-109.79646962952));
#10583=CARTESIAN_POINT('Ctrl Pts',(-188.105883240442,4.,-109.84235508553));
#10584=CARTESIAN_POINT('Ctrl Pts',(-188.01611009302,4.,-109.88351337424));
#10585=CARTESIAN_POINT('Ctrl Pts',(-187.944129445407,4.,-109.916514336789));
#10586=CARTESIAN_POINT('Ctrl Pts',(-187.870676529763,4.,-109.94647558515));
#10587=CARTESIAN_POINT('Ctrl Pts',(-187.795929202083,4.,-109.97342708322));
#10588=CARTESIAN_POINT('Ctrl Pts',(-189.519162162164,0.887416697508065,
-106.998215519835));
#10589=CARTESIAN_POINT('Ctrl Pts',(-189.520275817047,0.896133334131716,
-106.860557641594));
#10590=CARTESIAN_POINT('Ctrl Pts',(-189.509906275816,0.904849970755367,
-106.723067350475));
#10591=CARTESIAN_POINT('Ctrl Pts',(-189.487443450863,0.913566607379018,
-106.587582218688));
#10592=CARTESIAN_POINT('Ctrl Pts',(-189.354880827566,0.965007163922702,
-105.788027197247));
#10593=CARTESIAN_POINT('Ctrl Pts',(-188.801147964421,1.01644772046639,-105.058305436644));
#10594=CARTESIAN_POINT('Ctrl Pts',(-188.066793641919,1.06788827701007,-104.71539998343));
#10595=CARTESIAN_POINT('Ctrl Pts',(-187.332439319417,1.11932883355375,-104.372494530215));
#10596=CARTESIAN_POINT('Ctrl Pts',(-186.417463537558,1.17076939009744,-104.41640538439));
#10597=CARTESIAN_POINT('Ctrl Pts',(-185.719324541325,1.22220994664112,-104.828060437629));
#10598=CARTESIAN_POINT('Ctrl Pts',(-185.021185545093,1.2736505031848,-105.239715490868));
#10599=CARTESIAN_POINT('Ctrl Pts',(-184.539883334487,1.32509105972849,-106.019114743171));
#10600=CARTESIAN_POINT('Ctrl Pts',(-184.48449591003,1.37653161627217,-106.82768856992));
#10601=CARTESIAN_POINT('Ctrl Pts',(-184.429108485573,1.42797217281585,-107.636262396668));
#10602=CARTESIAN_POINT('Ctrl Pts',(-184.799635847264,1.47941272935954,-108.47401079786));
#10603=CARTESIAN_POINT('Ctrl Pts',(-185.435121252505,1.53085328590322,-108.977019203419));
#10604=CARTESIAN_POINT('Ctrl Pts',(-186.070606657746,1.58229384244691,-109.480027608977));
#10605=CARTESIAN_POINT('Ctrl Pts',(-186.971050106537,1.63373439899059,-109.648296018902));
#10606=CARTESIAN_POINT('Ctrl Pts',(-187.745302400877,1.68517495553427,-109.408728985835));
#10607=CARTESIAN_POINT('Ctrl Pts',(-188.519554695217,1.73661551207796,-109.169161952769));
#10608=CARTESIAN_POINT('Ctrl Pts',(-189.167615835106,1.78805606862164,-108.521759476711));
#10609=CARTESIAN_POINT('Ctrl Pts',(-189.407969998279,1.83949662516533,-107.747751053852));
#10610=CARTESIAN_POINT('Ctrl Pts',(-189.482604940441,1.85546998261291,-107.507405419269));
#10611=CARTESIAN_POINT('Ctrl Pts',(-189.517927510804,1.87144334006048,-107.254852046442));
#10612=CARTESIAN_POINT('Ctrl Pts',(-189.516114377375,1.88741669750806,-107.001804718209));
#10613=CARTESIAN_POINT('Ctrl Pts',(-187.793799282533,-8.32667268468867E-16,
-109.969222953746));
#10614=CARTESIAN_POINT('Ctrl Pts',(-187.886852963414,-8.2606693716268E-16,
-109.935183501611));
#10615=CARTESIAN_POINT('Ctrl Pts',(-187.977850268992,-1.11572220781408E-15,
-109.896381439283));
#10616=CARTESIAN_POINT('Ctrl Pts',(-188.066579333416,-1.02001740387436E-15,
-109.853142449113));
#10617=CARTESIAN_POINT('Ctrl Pts',(-188.15725237934,-9.22215785667003E-16,
-109.808956127902));
#10618=CARTESIAN_POINT('Ctrl Pts',(-188.24555737702,-7.36219429138862E-16,
-109.760135716983));
#10619=CARTESIAN_POINT('Ctrl Pts',(-188.331239386373,-6.80011602582908E-16,
-109.706983304516));
#10620=CARTESIAN_POINT('Ctrl Pts',(-188.417131578832,-6.23665894858152E-16,
-109.653700505995));
#10621=CARTESIAN_POINT('Ctrl Pts',(-188.500388496837,-9.92074447380105E-16,
-109.596063663567));
#10622=CARTESIAN_POINT('Ctrl Pts',(-188.580715153763,-1.11716191852906E-15,
-109.534342538749));
#10623=CARTESIAN_POINT('Ctrl Pts',(-188.645657154162,-1.21829186607158E-15,
-109.484442624251));
#10624=CARTESIAN_POINT('Ctrl Pts',(-188.708683252968,-8.44088159018356E-16,
-109.431872284553));
#10625=CARTESIAN_POINT('Ctrl Pts',(-188.769615371833,-8.04911692853238E-16,
-109.376762744617));
#10626=CARTESIAN_POINT('Ctrl Pts',(-188.783166254584,-7.96199117129359E-16,
-109.364506763238));
#10627=CARTESIAN_POINT('Ctrl Pts',(-188.796615598185,-9.29406547043388E-16,
-109.352123060789));
#10628=CARTESIAN_POINT('Ctrl Pts',(-188.809943627557,-9.29811783123569E-16,
-109.33962997328));
#10629=CARTESIAN_POINT('Ctrl Pts',(-188.882347138003,-9.32013197447095E-16,
-109.27176222129));
#10630=CARTESIAN_POINT('Ctrl Pts',(-188.951283801459,-3.75369572677645E-16,
-109.200571863331));
#10631=CARTESIAN_POINT('Ctrl Pts',(-189.016510615206,-3.88578058618805E-16,
-109.126346387561));
#10632=CARTESIAN_POINT('Ctrl Pts',(-189.081378959686,-4.01713954224819E-16,
-109.052528835318));
#10633=CARTESIAN_POINT('Ctrl Pts',(-189.142578610138,-1.60307430710844E-17,
-108.975708643891));
#10634=CARTESIAN_POINT('Ctrl Pts',(-189.199826930457,2.77555756156289E-17,
-108.896141790562));
#10635=CARTESIAN_POINT('Ctrl Pts',(-189.251857870676,6.75513865197924E-17,
-108.823826338058));
#10636=CARTESIAN_POINT('Ctrl Pts',(-189.300624639094,-1.27780211960018E-15,
-108.749241332393));
#10637=CARTESIAN_POINT('Ctrl Pts',(-189.345878403071,-1.26287869051112E-15,
-108.672567618668));
#10638=CARTESIAN_POINT('Ctrl Pts',(-189.379818726054,-1.25168611869432E-15,
-108.615062333373));
#10639=CARTESIAN_POINT('Ctrl Pts',(-189.411782294878,-4.29323025011992E-16,
-108.556381892255));
#10640=CARTESIAN_POINT('Ctrl Pts',(-189.441649553611,-3.33066907387547E-16,
-108.496600997815));
#10641=CARTESIAN_POINT('Ctrl Pts',(-189.448306734446,-3.11612163676396E-16,
-108.483276299077));
#10642=CARTESIAN_POINT('Ctrl Pts',(-189.454860519374,-8.85942740882858E-16,
-108.469895250852));
#10643=CARTESIAN_POINT('Ctrl Pts',(-189.46130695226,-8.74300631892311E-16,
-108.456463985746));
#10644=CARTESIAN_POINT('Ctrl Pts',(-189.501928511562,-8.00939033447748E-16,
-108.371828196982));
#10645=CARTESIAN_POINT('Ctrl Pts',(-189.538163623258,-5.55584435200601E-16,
-108.28546845678));
#10646=CARTESIAN_POINT('Ctrl Pts',(-189.569767888106,-6.38378239159465E-16,
-108.19761503503));
#10647=CARTESIAN_POINT('Ctrl Pts',(-189.600653016314,-7.19288118330932E-16,
-108.111760666724));
#10648=CARTESIAN_POINT('Ctrl Pts',(-189.627115853783,-1.99204243535316E-16,
-108.024479168668));
#10649=CARTESIAN_POINT('Ctrl Pts',(-189.648881162226,-1.38777878078145E-16,
-107.935975831457));
#10650=CARTESIAN_POINT('Ctrl Pts',(-189.671621523633,-7.4574445448354E-17,
-107.843507678329));
#10651=CARTESIAN_POINT('Ctrl Pts',(-189.689233804485,-2.56484171232761E-16,
-107.749704668842));
#10652=CARTESIAN_POINT('Ctrl Pts',(-189.701788433421,-1.38777878078145E-16,
-107.654971162653));
#10653=CARTESIAN_POINT('Ctrl Pts',(-189.708111020382,-7.95002779090342E-17,
-107.607262796753));
#10654=CARTESIAN_POINT('Ctrl Pts',(-189.713150074075,-4.87478278401366E-16,
-107.559318573573));
#10655=CARTESIAN_POINT('Ctrl Pts',(-189.716909831695,-5.27355936696949E-16,
-107.511191617669));
#10656=CARTESIAN_POINT('Ctrl Pts',(-189.719269014789,-5.52378479850149E-16,
-107.480992782472));
#10657=CARTESIAN_POINT('Ctrl Pts',(-189.72112443281,-1.01410688372663E-15,
-107.450722023378));
#10658=CARTESIAN_POINT('Ctrl Pts',(-189.722476528824,-1.02695629777827E-15,
-107.42039278051));
#10659=CARTESIAN_POINT('Ctrl Pts',(-189.723133208129,-1.03319693764915E-15,
-107.405662623825));
#10660=CARTESIAN_POINT('Ctrl Pts',(-189.723670774275,-6.95531664040956E-16,
-107.390926612148));
#10661=CARTESIAN_POINT('Ctrl Pts',(-189.724089557158,-6.93889390390723E-16,
-107.376191720249));
#10662=CARTESIAN_POINT('Ctrl Pts',(-189.726741673875,-6.83489009702873E-16,
-107.28287689107));
#10663=CARTESIAN_POINT('Ctrl Pts',(-189.724637419557,-7.50051446105109E-16,
-107.189536569212));
#10664=CARTESIAN_POINT('Ctrl Pts',(-189.717892396298,-6.93889390390723E-16,
-107.096546700429));
#10665=CARTESIAN_POINT('Ctrl Pts',(-189.711148670023,-6.37738133931972E-16,
-107.003574712427));
#10666=CARTESIAN_POINT('Ctrl Pts',(-189.699765601958,-5.69349192854804E-16,
-106.910952072557));
#10667=CARTESIAN_POINT('Ctrl Pts',(-189.683808405283,-5.82867087928207E-16,
-106.819067337161));
#10668=CARTESIAN_POINT('Ctrl Pts',(-189.668096541236,-5.96177153217469E-16,
-106.728595276195));
#10669=CARTESIAN_POINT('Ctrl Pts',(-189.647949683476,-9.66214296805518E-16,
-106.638837776911));
#10670=CARTESIAN_POINT('Ctrl Pts',(-189.623387330656,-9.43689570931383E-16,
-106.550191423846));
#10671=CARTESIAN_POINT('Ctrl Pts',(-189.615321984076,-9.36293303883001E-16,
-106.521083318211));
#10672=CARTESIAN_POINT('Ctrl Pts',(-189.60678023161,-7.57320673789677E-16,
-106.492095279076));
#10673=CARTESIAN_POINT('Ctrl Pts',(-189.597761854216,-7.7715611723761E-16,
-106.463242192426));
#10674=CARTESIAN_POINT('Ctrl Pts',(-189.591451173393,-7.91036125482878E-16,
-106.443052017114));
#10675=CARTESIAN_POINT('Ctrl Pts',(-189.584907098719,-1.11609994317621E-15,
-106.422927932066));
#10676=CARTESIAN_POINT('Ctrl Pts',(-189.578129432021,-1.13797860024079E-15,
-106.402875181416));
#10677=CARTESIAN_POINT('Ctrl Pts',(-189.572721805714,-1.15543469638487E-15,
-106.386875902198));
#10678=CARTESIAN_POINT('Ctrl Pts',(-189.567165007716,-8.64200861503346E-16,
-106.370920979793));
#10679=CARTESIAN_POINT('Ctrl Pts',(-189.561464999608,-8.32667268468867E-16,
-106.35502939965));
#10680=CARTESIAN_POINT('Ctrl Pts',(-189.531147980869,-6.64947413889778E-16,
-106.270505777251));
#10681=CARTESIAN_POINT('Ctrl Pts',(-189.496747410048,-1.24057045068316E-15,
-106.187663725942));
#10682=CARTESIAN_POINT('Ctrl Pts',(-189.45830535596,-6.10622663543836E-16,
-106.106871691528));
#10683=CARTESIAN_POINT('Ctrl Pts',(-189.432123683833,-1.81585068889661E-16,
-106.051846781814));
#10684=CARTESIAN_POINT('Ctrl Pts',(-189.40406647607,-6.53651686346419E-16,
-105.997773293963));
#10685=CARTESIAN_POINT('Ctrl Pts',(-189.374136936789,-7.21644966006352E-16,
-105.944777057943));
#10686=CARTESIAN_POINT('Ctrl Pts',(-189.357191343478,-7.60141598186638E-16,
-105.914771495405));
#10687=CARTESIAN_POINT('Ctrl Pts',(-189.339645407237,-8.48445925799213E-17,
-105.885111413176));
#10688=CARTESIAN_POINT('Ctrl Pts',(-189.321498649187,-1.11022302462516E-16,
-105.855820989397));
#10689=CARTESIAN_POINT('Ctrl Pts',(-189.308821014317,-1.29310497340073E-16,
-105.835358199469));
#10690=CARTESIAN_POINT('Ctrl Pts',(-189.295847290384,-1.1535230154382E-15,
-105.815071824641));
#10691=CARTESIAN_POINT('Ctrl Pts',(-189.282594016607,-1.11022302462516E-15,
-105.794995237019));
#10692=CARTESIAN_POINT('Ctrl Pts',(-189.23517269112,-9.55292024736644E-16,
-105.723159522132));
#10693=CARTESIAN_POINT('Ctrl Pts',(-189.184141687835,-5.78866620088427E-16,
-105.653949576327));
#10694=CARTESIAN_POINT('Ctrl Pts',(-189.129518703325,-6.10622663543836E-16,
-105.587720880186));
#10695=CARTESIAN_POINT('Ctrl Pts',(-189.105474953777,-6.24600924935804E-16,
-105.558568570088));
#10696=CARTESIAN_POINT('Ctrl Pts',(-189.080734807239,-4.56796720206397E-16,
-105.529994393649));
#10697=CARTESIAN_POINT('Ctrl Pts',(-189.055297839288,-4.44089209850063E-16,
-105.502031267942));
#10698=CARTESIAN_POINT('Ctrl Pts',(-189.011195421531,-4.22057026947997E-16,
-105.453549017461));
#10699=CARTESIAN_POINT('Ctrl Pts',(-188.964998484421,-5.14288483016031E-16,
-105.406902837265));
#10700=CARTESIAN_POINT('Ctrl Pts',(-188.916854333197,-4.9960036108132E-16,
-105.362163143507));
#10701=CARTESIAN_POINT('Origin',(5.38458166943201E-15,-2.20842344717746,
92.5));
#10702=CARTESIAN_POINT('Ctrl Pts',(-3.07794072532983,0.291576552822545,
92.5004161102656));
#10703=CARTESIAN_POINT('Ctrl Pts',(-3.07801060421774,0.293144344833288,
92.530570497397));
#10704=CARTESIAN_POINT('Ctrl Pts',(-3.06421872289046,0.346152693387714,
93.5500573340596));
#10705=CARTESIAN_POINT('Ctrl Pts',(-1.94719242616469,0.450601598485823,
95.5272466342568));
#10706=CARTESIAN_POINT('Ctrl Pts',(1.39506163336361,0.604923268116875,95.8178063357478));
#10707=CARTESIAN_POINT('Ctrl Pts',(3.5252202536253,0.759244937747926,93.2261918718935));
#10708=CARTESIAN_POINT('Ctrl Pts',(2.59272707567619,0.913566607378978,90.003516546145));
#10709=CARTESIAN_POINT('Ctrl Pts',(-0.59232729513077,1.06788827701003,88.9498412583942));
#10710=CARTESIAN_POINT('Ctrl Pts',(-2.77273270251659,1.19389159215788,90.6078581710315));
#10711=CARTESIAN_POINT('Ctrl Pts',(-3.07037322068987,1.26845435076206,92.0512766932104));
#10712=CARTESIAN_POINT('Ctrl Pts',(-3.06937756233829,1.29157655282254,92.4992771217151));
#10713=CARTESIAN_POINT('Ctrl Pts',(-3.0699601254036,0.208423447177452,92.4977675715198));
#10714=CARTESIAN_POINT('Ctrl Pts',(-3.06628809118894,0.241830077872336,
93.1442711810823));
#10715=CARTESIAN_POINT('Ctrl Pts',(-2.55800545735869,0.326677265110903,
94.7932887178336));
#10716=CARTESIAN_POINT('Ctrl Pts',(0.103283631777013,0.462965008893154,
96.0972488960469));
#10717=CARTESIAN_POINT('Ctrl Pts',(3.02480622638548,0.617286678524204,94.4504815892058));
#10718=CARTESIAN_POINT('Ctrl Pts',(3.31944398692393,0.771608348155256,91.1082107612565));
#10719=CARTESIAN_POINT('Ctrl Pts',(0.729670455563822,0.925930017786307,
88.9755674320404));
#10720=CARTESIAN_POINT('Ctrl Pts',(-2.31172346984339,1.07153505079371,89.8522308200596));
#10721=CARTESIAN_POINT('Ctrl Pts',(-3.06868215538322,1.16569952725742,91.6784916428153));
#10722=CARTESIAN_POINT('Ctrl Pts',(-3.07534664008806,1.20842344717745,92.5021787124157));
#10723=CARTESIAN_POINT('Ctrl Pts',(1.91346599666507,-5.55111512312578E-16,
94.135987203375));
#10724=CARTESIAN_POINT('Ctrl Pts',(2.44223431893678,0.0514405565436832,
93.5175348079691));
#10725=CARTESIAN_POINT('Ctrl Pts',(2.84652359555563,0.154321669631051,91.7383438668271));
#10726=CARTESIAN_POINT('Ctrl Pts',(0.980447759912296,0.308643339262102,
89.7182236356832));
#10727=CARTESIAN_POINT('Ctrl Pts',(-1.73873862287979,0.462965008893153,
90.1197040882791));
#10728=CARTESIAN_POINT('Ctrl Pts',(-2.94677474628329,0.617286678524204,
92.5868076732576));
#10729=CARTESIAN_POINT('Ctrl Pts',(-1.59494287713343,0.771608348155256,
94.9796139260587));
#10730=CARTESIAN_POINT('Ctrl Pts',(1.14269323637316,0.925930017786307,95.2176110135822));
#10731=CARTESIAN_POINT('Ctrl Pts',(2.88750349390001,1.08025168741736,93.0948228526084));
#10732=CARTESIAN_POINT('Ctrl Pts',(2.12369949992348,1.23457335704841,90.4551335301513));
#10733=CARTESIAN_POINT('Ctrl Pts',(-0.48517454546664,1.38889502667946,89.5920694218342));
#10734=CARTESIAN_POINT('Ctrl Pts',(-2.67252541929689,1.54321669631051,91.2553677838717));
#10735=CARTESIAN_POINT('Ctrl Pts',(-2.53800733284321,1.69753836594156,94.0000077664099));
#10736=CARTESIAN_POINT('Ctrl Pts',(-0.198483831186166,1.85186003557261,
95.4414446204803));
#10737=CARTESIAN_POINT('Ctrl Pts',(2.31348023148575,2.00618170520367,94.3273770278916));
#10738=CARTESIAN_POINT('Ctrl Pts',(2.81550874497794,2.16050337483472,91.6256952401026));
#10739=CARTESIAN_POINT('Ctrl Pts',(0.871441367340414,2.31482504446577,89.6836038050676));
#10740=CARTESIAN_POINT('Ctrl Pts',(-1.82972723398847,2.46914671409682,90.1883792404905));
#10741=CARTESIAN_POINT('Ctrl Pts',(-2.94124344448105,2.62346838372787,92.7014733757926));
#10742=CARTESIAN_POINT('Ctrl Pts',(-1.49742205490988,2.77779005335892,95.039533157823));
#10743=CARTESIAN_POINT('Ctrl Pts',(1.24733928982343,2.93211172298997,95.1712542527927));
#10744=CARTESIAN_POINT('Ctrl Pts',(2.90844213737327,3.08643339262103,92.9822268958058));
#10745=CARTESIAN_POINT('Ctrl Pts',(2.04266489966171,3.24075506225207,90.374203499636));
#10746=CARTESIAN_POINT('Ctrl Pts',(-0.597671955320562,3.39507673188313,
89.6131425931612));
#10747=CARTESIAN_POINT('Ctrl Pts',(-2.71895177889174,3.54939840151417,91.3599871809123));
#10748=CARTESIAN_POINT('Ctrl Pts',(-2.47761427613941,3.70372007114523,94.0976371540934));
#10749=CARTESIAN_POINT('Ctrl Pts',(-0.0845994829021283,3.85804174077628,
95.4465002212017));
#10750=CARTESIAN_POINT('Ctrl Pts',(2.3837025028723,4.01236341040733,94.237101012834));
#10751=CARTESIAN_POINT('Ctrl Pts',(2.77725928590719,4.16668508003838,91.5152931887627));
#10752=CARTESIAN_POINT('Ctrl Pts',(1.43627610864288,4.26956619312575,90.2780646963147));
#10753=CARTESIAN_POINT('Ctrl Pts',(0.65019999797508,4.32100674966943,90.0679131979649));
#10754=CARTESIAN_POINT('Ctrl Pts',(2.0543315503421,-0.107002249889811,94.2564253212269));
#10755=CARTESIAN_POINT('Ctrl Pts',(2.62202674281349,-0.0555616933461274,
93.5924436928722));
#10756=CARTESIAN_POINT('Ctrl Pts',(3.05607899034264,0.0473194197412403,
91.6822722600685));
#10757=CARTESIAN_POINT('Ctrl Pts',(1.05262637024149,0.201641089372291,89.5134348030371));
#10758=CARTESIAN_POINT('Ctrl Pts',(-1.86674109548107,0.355962759003343,
89.9444714465159));
#10759=CARTESIAN_POINT('Ctrl Pts',(-3.16371043101464,0.510284428634393,
92.5931982811796));
#10760=CARTESIAN_POINT('Ctrl Pts',(-1.71235939347718,0.664606098265445,
95.1621581621248));
#10761=CARTESIAN_POINT('Ctrl Pts',(1.22681603536998,0.818927767896496,95.4176761209707));
#10762=CARTESIAN_POINT('Ctrl Pts',(3.10007574714178,0.973249437527547,93.1386125257034));
#10763=CARTESIAN_POINT('Ctrl Pts',(2.28004202517438,1.1275711071586,90.3045945354825));
#10764=CARTESIAN_POINT('Ctrl Pts',(-0.520892128688017,1.28189277678965,
89.3779933673542));
#10765=CARTESIAN_POINT('Ctrl Pts',(-2.86927141507698,1.4362144464207,91.1637404403208));
#10766=CARTESIAN_POINT('Ctrl Pts',(-2.72485037515514,1.59053611605175,94.1104353490811));
#10767=CARTESIAN_POINT('Ctrl Pts',(-0.213095815315862,1.7448577856828,95.6579879119714));
#10768=CARTESIAN_POINT('Ctrl Pts',(2.48379403601486,1.89917945531386,94.4619048832387));
#10769=CARTESIAN_POINT('Ctrl Pts',(3.02278088826927,2.0535011249449,91.5613306659214));
#10770=CARTESIAN_POINT('Ctrl Pts',(0.935595144267428,2.20782279457596,89.4762663294791));
#10771=CARTESIAN_POINT('Ctrl Pts',(-1.96442810682496,2.36214446420701,90.0182023265828));
#10772=CARTESIAN_POINT('Ctrl Pts',(-3.15777192579605,2.51646613383806,92.7163054442389));
#10773=CARTESIAN_POINT('Ctrl Pts',(-1.607659282653,2.67078780346911,95.2264885283294));
#10774=CARTESIAN_POINT('Ctrl Pts',(1.33916592274522,2.82510947310016,95.3679066678278));
#10775=CARTESIAN_POINT('Ctrl Pts',(3.12255585182273,2.97943114273121,93.0177274789329));
#10776=CARTESIAN_POINT('Ctrl Pts',(2.19304181912042,3.13375281236226,90.2177065973914));
#10777=CARTESIAN_POINT('Ctrl Pts',(-0.641671373679813,3.28807448199332,
89.4006179035614));
#10778=CARTESIAN_POINT('Ctrl Pts',(-2.91911559075057,3.44239615162437,91.2760617088947));
#10779=CARTESIAN_POINT('Ctrl Pts',(-2.66001130196312,3.59671782125542,94.2152520177379));
#10780=CARTESIAN_POINT('Ctrl Pts',(-0.0908275282505009,3.75103949088647,
95.6634156959437));
#10781=CARTESIAN_POINT('Ctrl Pts',(2.55918593108772,3.90536116051752,94.3649829278469));
#10782=CARTESIAN_POINT('Ctrl Pts',(2.9817155802421,4.05968283014857,91.4428010355621));
#10783=CARTESIAN_POINT('Ctrl Pts',(1.54201189366843,4.16256394323594,90.1144902469471));
#10784=CARTESIAN_POINT('Ctrl Pts',(0.698066426160998,4.21400449977962,89.8888678140614));
#10785=CARTESIAN_POINT('Ctrl Pts',(2.19519710401913,-0.214004499779622,
94.3768634390787));
#10786=CARTESIAN_POINT('Ctrl Pts',(2.8018191666902,-0.162563943235938,93.6673525777753));
#10787=CARTESIAN_POINT('Ctrl Pts',(3.26563438512966,-0.0596828301485705,
91.6262006533099));
#10788=CARTESIAN_POINT('Ctrl Pts',(1.12480498057068,0.0946388394824807,
89.3086459703909));
#10789=CARTESIAN_POINT('Ctrl Pts',(-1.99474356808235,0.248960509113532,
89.7692388047527));
#10790=CARTESIAN_POINT('Ctrl Pts',(-3.38064611574599,0.403282178744583,
92.5995888891016));
#10791=CARTESIAN_POINT('Ctrl Pts',(-1.82977590982094,0.557603848375634,
95.3447023981908));
#10792=CARTESIAN_POINT('Ctrl Pts',(1.31093883436679,0.711925518006685,95.6177412283593));
#10793=CARTESIAN_POINT('Ctrl Pts',(3.31264800038354,0.866247187637737,93.1824021987985));
#10794=CARTESIAN_POINT('Ctrl Pts',(2.43638455042529,1.02056885726879,90.1540555408137));
#10795=CARTESIAN_POINT('Ctrl Pts',(-0.556609711909392,1.17489052689984,
89.1639173128742));
#10796=CARTESIAN_POINT('Ctrl Pts',(-3.06601741085706,1.32921219653089,91.07211309677));
#10797=CARTESIAN_POINT('Ctrl Pts',(-2.91169341746707,1.48353386616194,94.2208629317523));
#10798=CARTESIAN_POINT('Ctrl Pts',(-0.227707799445555,1.63785553579299,
95.8745312034625));
#10799=CARTESIAN_POINT('Ctrl Pts',(2.65410784054396,1.79217720542404,94.5964327385856));
#10800=CARTESIAN_POINT('Ctrl Pts',(3.23005303156059,1.9464988750551,91.4969660917403));
#10801=CARTESIAN_POINT('Ctrl Pts',(0.999748921194442,2.10082054468615,89.2689288538905));
#10802=CARTESIAN_POINT('Ctrl Pts',(-2.09912897966145,2.2551422143172,89.8480254126753));
#10803=CARTESIAN_POINT('Ctrl Pts',(-3.37430040711104,2.40946388394825,92.7311375126851));
#10804=CARTESIAN_POINT('Ctrl Pts',(-1.71789651039612,2.5637855535793,95.4134438988358));
#10805=CARTESIAN_POINT('Ctrl Pts',(1.43099255566701,2.71810722321035,95.5645590828629));
#10806=CARTESIAN_POINT('Ctrl Pts',(3.33666956627219,2.87242889284141,93.0532280620602));
#10807=CARTESIAN_POINT('Ctrl Pts',(2.34341873857913,3.02675056247245,90.0612096951467));
#10808=CARTESIAN_POINT('Ctrl Pts',(-0.685670792039061,3.18107223210351,
89.1880932139617));
#10809=CARTESIAN_POINT('Ctrl Pts',(-3.1192794026094,3.33539390173456,91.192136236877));
#10810=CARTESIAN_POINT('Ctrl Pts',(-2.84240832778682,3.48971557136561,94.3328668813827));
#10811=CARTESIAN_POINT('Ctrl Pts',(-0.0970555735988742,3.64403724099666,
95.8803311706855));
#10812=CARTESIAN_POINT('Ctrl Pts',(2.73466935930314,3.79835891062771,94.49286484286));
#10813=CARTESIAN_POINT('Ctrl Pts',(3.18617187457701,3.95268058025876,91.3703088823614));
#10814=CARTESIAN_POINT('Ctrl Pts',(1.64774767869397,4.05556169334613,89.9509157975795));
#10815=CARTESIAN_POINT('Ctrl Pts',(0.745932854346916,4.10700224988981,89.7098224301578));
#10816=CARTESIAN_POINT('Ctrl Pts',(2.33606265769616,-0.321006749669432,
94.4973015569306));
#10817=CARTESIAN_POINT('Ctrl Pts',(2.98161159056691,-0.269566193125749,
93.7422614626784));
#10818=CARTESIAN_POINT('Ctrl Pts',(3.47518977991667,-0.166685080038381,
91.5701290465514));
#10819=CARTESIAN_POINT('Ctrl Pts',(1.19698359089988,-0.0123634104073299,
89.1038571377447));
#10820=CARTESIAN_POINT('Ctrl Pts',(-2.12274604068363,0.141958259223721,
89.5940061629894));
#10821=CARTESIAN_POINT('Ctrl Pts',(-3.59758180047734,0.296279928854772,
92.6059794970237));
#10822=CARTESIAN_POINT('Ctrl Pts',(-1.94719242616469,0.450601598485823,
95.5272466342568));
#10823=CARTESIAN_POINT('Ctrl Pts',(1.39506163336361,0.604923268116875,95.8178063357478));
#10824=CARTESIAN_POINT('Ctrl Pts',(3.5252202536253,0.759244937747926,93.2261918718935));
#10825=CARTESIAN_POINT('Ctrl Pts',(2.59272707567619,0.913566607378978,90.003516546145));
#10826=CARTESIAN_POINT('Ctrl Pts',(-0.59232729513077,1.06788827701003,88.9498412583942));
#10827=CARTESIAN_POINT('Ctrl Pts',(-3.26276340663714,1.22220994664108,90.9804857532194));
#10828=CARTESIAN_POINT('Ctrl Pts',(-3.098536459779,1.37653161627213,94.3312905144233));
#10829=CARTESIAN_POINT('Ctrl Pts',(-0.242319783575249,1.53085328590318,
96.0910744949539));
#10830=CARTESIAN_POINT('Ctrl Pts',(2.82442164507307,1.68517495553423,94.7309605939324));
#10831=CARTESIAN_POINT('Ctrl Pts',(3.43732517485192,1.83949662516528,91.4326015175593));
#10832=CARTESIAN_POINT('Ctrl Pts',(1.06390269812146,1.99381829479633,89.0615913783019));
#10833=CARTESIAN_POINT('Ctrl Pts',(-2.23382985249794,2.14813996442739,89.6778484987676));
#10834=CARTESIAN_POINT('Ctrl Pts',(-3.59082888842603,2.30246163405844,92.7459695811314));
#10835=CARTESIAN_POINT('Ctrl Pts',(-1.82813373813924,2.45678330368949,95.6003992693423));
#10836=CARTESIAN_POINT('Ctrl Pts',(1.5228191885888,2.61110497332054,95.7612114978979));
#10837=CARTESIAN_POINT('Ctrl Pts',(3.55078328072165,2.76542664295159,93.0887286451874));
#10838=CARTESIAN_POINT('Ctrl Pts',(2.49379565803784,2.91974831258264,89.9047127929021));
#10839=CARTESIAN_POINT('Ctrl Pts',(-0.72967021039831,3.0740699822137,88.9755685243619));
#10840=CARTESIAN_POINT('Ctrl Pts',(-3.31944321446823,3.22839165184474,91.1082107648595));
#10841=CARTESIAN_POINT('Ctrl Pts',(-3.02480535361053,3.3827133214758,94.4504817450272));
#10842=CARTESIAN_POINT('Ctrl Pts',(-0.103283618947249,3.53703499110685,
96.0972466454274));
#10843=CARTESIAN_POINT('Ctrl Pts',(2.91015278751857,3.6913566607379,94.620746757873));
#10844=CARTESIAN_POINT('Ctrl Pts',(3.39062816891192,3.84567833036895,91.2978167291607));
#10845=CARTESIAN_POINT('Ctrl Pts',(1.75348346371952,3.94855944345632,89.7873413482118));
#10846=CARTESIAN_POINT('Ctrl Pts',(0.793799282532834,4.,89.5307770462543));
#10847=CARTESIAN_POINT('Ctrl Pts',(0.793799282532855,4.,89.5307770462543));
#10848=CARTESIAN_POINT('Ctrl Pts',(0.888647785656154,4.,89.5654730523823));
#10849=CARTESIAN_POINT('Ctrl Pts',(0.981462664748523,4.,89.6051473793555));
#10850=CARTESIAN_POINT('Ctrl Pts',(1.07199917829769,4.,89.6494837391535));
#10851=CARTESIAN_POINT('Ctrl Pts',(1.16790303766533,4.,89.696448525495));
#10852=CARTESIAN_POINT('Ctrl Pts',(1.26125145141917,4.,89.748644974424));
#10853=CARTESIAN_POINT('Ctrl Pts',(1.35171371114808,4.,89.8057443545978));
#10854=CARTESIAN_POINT('Ctrl Pts',(1.3781852015635,4.,89.8224530428345));
#10855=CARTESIAN_POINT('Ctrl Pts',(1.40440924609582,4.,89.8395818299975));
#10856=CARTESIAN_POINT('Ctrl Pts',(1.43037675344665,4.,89.8571230801246));
#10857=CARTESIAN_POINT('Ctrl Pts',(1.44527088403094,4.,89.8671841794236));
#10858=CARTESIAN_POINT('Ctrl Pts',(1.46007726685143,4.,89.8773787727055));
#10859=CARTESIAN_POINT('Ctrl Pts',(1.47478777457045,4.,89.8877005617374));
#10860=CARTESIAN_POINT('Ctrl Pts',(1.55737745101919,4.,89.9456505137586));
#10861=CARTESIAN_POINT('Ctrl Pts',(1.6370117591257,4.,90.0076496839404));
#10862=CARTESIAN_POINT('Ctrl Pts',(1.71342031174341,4.,90.0734060241987));
#10863=CARTESIAN_POINT('Ctrl Pts',(1.77015266248028,4.,90.1222292466116));
#10864=CARTESIAN_POINT('Ctrl Pts',(1.82510601221655,4.,90.1731246302894));
#10865=CARTESIAN_POINT('Ctrl Pts',(1.87815421238129,4.,90.2259829546095));
#10866=CARTESIAN_POINT('Ctrl Pts',(1.90525521119416,4.,90.2529869506018));
#10867=CARTESIAN_POINT('Ctrl Pts',(1.93185875151248,4.,90.2805033812849));
#10868=CARTESIAN_POINT('Ctrl Pts',(1.95794649784257,4.,90.3085183157134));
#10869=CARTESIAN_POINT('Ctrl Pts',(1.97137588536184,4.,90.3229397765022));
#10870=CARTESIAN_POINT('Ctrl Pts',(1.98467014390133,4.,90.3374952553463));
#10871=CARTESIAN_POINT('Ctrl Pts',(1.99781116572916,4.,90.3521651220462));
#10872=CARTESIAN_POINT('Ctrl Pts',(2.0634925968814,4.,90.4254880228288));
#10873=CARTESIAN_POINT('Ctrl Pts',(2.1254359530122,4.,90.5017571943038));
#10874=CARTESIAN_POINT('Ctrl Pts',(2.18339385252201,4.,90.5806989514959));
#10875=CARTESIAN_POINT('Ctrl Pts',(2.2403084988153,4.,90.6582197420413));
#10876=CARTESIAN_POINT('Ctrl Pts',(2.29338023172701,4.,90.7383185542515));
#10877=CARTESIAN_POINT('Ctrl Pts',(2.34233038944835,4.,90.8207578896201));
#10878=CARTESIAN_POINT('Ctrl Pts',(2.39035456442126,4.,90.9016377325193));
#10879=CARTESIAN_POINT('Ctrl Pts',(2.43441191186887,4.,90.9847710524974));
#10880=CARTESIAN_POINT('Ctrl Pts',(2.47419146539798,4.,91.0699440238591));
#10881=CARTESIAN_POINT('Ctrl Pts',(2.49268127475934,4.,91.1095330052203));
#10882=CARTESIAN_POINT('Ctrl Pts',(2.5102461774759,4.,91.1495627321343));
#10883=CARTESIAN_POINT('Ctrl Pts',(2.52685106367922,4.,91.190011923696));
#10884=CARTESIAN_POINT('Ctrl Pts',(2.53657831454191,4.,91.2137073244772));
#10885=CARTESIAN_POINT('Ctrl Pts',(2.54597606932321,4.,91.2375466726505));
#10886=CARTESIAN_POINT('Ctrl Pts',(2.55503685003098,4.,91.2615256711037));
#10887=CARTESIAN_POINT('Ctrl Pts',(2.56000828512331,4.,91.2746823778196));
#10888=CARTESIAN_POINT('Ctrl Pts',(2.56487761708335,4.,91.2878795738816));
#10889=CARTESIAN_POINT('Ctrl Pts',(2.56963978390965,4.,91.3011052448157));
#10890=CARTESIAN_POINT('Ctrl Pts',(2.60064657671423,4.,91.3872184897551));
#10891=CARTESIAN_POINT('Ctrl Pts',(2.6271639229117,4.,91.4746686583712));
#10892=CARTESIAN_POINT('Ctrl Pts',(2.64894874000024,4.,91.5632459626573));
#10893=CARTESIAN_POINT('Ctrl Pts',(2.67139967192275,4.,91.6545316971359));
#10894=CARTESIAN_POINT('Ctrl Pts',(2.6888243710231,4.,91.7470154036108));
#10895=CARTESIAN_POINT('Ctrl Pts',(2.70132648503639,4.,91.8403081557154));
#10896=CARTESIAN_POINT('Ctrl Pts',(2.71412881663032,4.,91.9358411788891));
#10897=CARTESIAN_POINT('Ctrl Pts',(2.72176917081589,4.,92.0322236634579));
#10898=CARTESIAN_POINT('Ctrl Pts',(2.7243045735133,4.,92.129027953754));
#10899=CARTESIAN_POINT('Ctrl Pts',(2.72541381219341,4.,92.1713798307586));
#10900=CARTESIAN_POINT('Ctrl Pts',(2.72554525499787,4.,92.2138122167015));
#10901=CARTESIAN_POINT('Ctrl Pts',(2.72470063830037,4.,92.2562878815902));
#10902=CARTESIAN_POINT('Ctrl Pts',(2.72430043560842,4.,92.2764140234022));
#10903=CARTESIAN_POINT('Ctrl Pts',(2.72368106943774,4.,92.2965498662999));
#10904=CARTESIAN_POINT('Ctrl Pts',(2.72284258760309,4.,92.3166913572142));
#10905=CARTESIAN_POINT('Ctrl Pts',(2.72226907819062,4.,92.3304678448414));
#10906=CARTESIAN_POINT('Ctrl Pts',(2.7215930902076,4.,92.3442448342205));
#10907=CARTESIAN_POINT('Ctrl Pts',(2.72081551210954,4.,92.3580097867396));
#10908=CARTESIAN_POINT('Ctrl Pts',(2.71556857411959,4.,92.450892871387));
#10909=CARTESIAN_POINT('Ctrl Pts',(2.70569460493656,4.,92.5433731811533));
#10910=CARTESIAN_POINT('Ctrl Pts',(2.69129936812971,4.,92.6350781411342));
#10911=CARTESIAN_POINT('Ctrl Pts',(2.6769561071793,4.,92.7264519885465));
#10912=CARTESIAN_POINT('Ctrl Pts',(2.65812378388691,4.,92.8170570126269));
#10913=CARTESIAN_POINT('Ctrl Pts',(2.63485865441891,4.,92.906507428475));
#10914=CARTESIAN_POINT('Ctrl Pts',(2.61200190122608,4.,92.9943877078798));
#10915=CARTESIAN_POINT('Ctrl Pts',(2.58486615648058,4.,93.0811543324477));
#10916=CARTESIAN_POINT('Ctrl Pts',(2.55346424102511,4.,93.1664122656858));
#10917=CARTESIAN_POINT('Ctrl Pts',(2.53935410843992,4.,93.2047220542602));
#10918=CARTESIAN_POINT('Ctrl Pts',(2.52438209824457,4.,93.2427267622587));
#10919=CARTESIAN_POINT('Ctrl Pts',(2.50854698713524,4.,93.2803879557671));
#10920=CARTESIAN_POINT('Ctrl Pts',(2.50230844803824,4.,93.2952252894946));
#10921=CARTESIAN_POINT('Ctrl Pts',(2.49593593047317,4.,93.3100092861364));
#10922=CARTESIAN_POINT('Ctrl Pts',(2.48942930078259,4.,93.3247375154832));
#10923=CARTESIAN_POINT('Ctrl Pts',(2.48449322869818,4.,93.3359106735064));
#10924=CARTESIAN_POINT('Ctrl Pts',(2.47948067837331,4.,93.3470500373948));
#10925=CARTESIAN_POINT('Ctrl Pts',(2.47439554142173,4.,93.3581463629397));
#10926=CARTESIAN_POINT('Ctrl Pts',(2.43733053146598,4.,93.4390262725095));
#10927=CARTESIAN_POINT('Ctrl Pts',(2.39635761427815,4.,93.5177473273602));
#10928=CARTESIAN_POINT('Ctrl Pts',(2.35153271024264,4.,93.5939623928936));
#10929=CARTESIAN_POINT('Ctrl Pts',(2.30799410783442,4.,93.6679903803969));
#10930=CARTESIAN_POINT('Ctrl Pts',(2.26082093463439,4.,93.7396547159793));
#10931=CARTESIAN_POINT('Ctrl Pts',(2.21002892562886,4.,93.808604921246));
#10932=CARTESIAN_POINT('Ctrl Pts',(2.16171373216668,4.,93.874192846826));
#10933=CARTESIAN_POINT('Ctrl Pts',(2.11012357248602,4.,93.9373251634305));
#10934=CARTESIAN_POINT('Ctrl Pts',(2.05524627400642,4.,93.9976647181162));
#10935=CARTESIAN_POINT('Ctrl Pts',(2.01117172423706,4.,94.0461262637778));
#10936=CARTESIAN_POINT('Ctrl Pts',(1.9649758498303,4.,94.0927854656434));
#10937=CARTESIAN_POINT('Ctrl Pts',(1.91679942680637,4.,94.13756313562));
#10938=CARTESIAN_POINT('Ctrl Pts',(1.91346599666507,-5.55111512312578E-16,
94.135987203375));
#10939=CARTESIAN_POINT('Ctrl Pts',(1.97510171595221,-5.81404615869144E-16,
94.0780647620418));
#10940=CARTESIAN_POINT('Ctrl Pts',(2.03337920706573,-4.26355286888031E-16,
94.0169937467637));
#10941=CARTESIAN_POINT('Ctrl Pts',(2.08829617654539,-4.9960036108132E-16,
93.9531582977621));
#10942=CARTESIAN_POINT('Ctrl Pts',(2.14466326597756,-5.74779521305175E-16,
93.8876372302868));
#10943=CARTESIAN_POINT('Ctrl Pts',(2.19749046088217,-7.78496836148245E-16,
93.8192033763185));
#10944=CARTESIAN_POINT('Ctrl Pts',(2.24674999244281,-8.60422844084496E-16,
93.7482235760477));
#10945=CARTESIAN_POINT('Ctrl Pts',(2.29582326949921,-9.42039082773908E-16,
93.677512156476));
#10946=CARTESIAN_POINT('Ctrl Pts',(2.34135614282626,-6.31311753298596E-16,
93.6042733125385));
#10947=CARTESIAN_POINT('Ctrl Pts',(2.38329071789811,-5.96744875736022E-16,
93.528831068453));
#10948=CARTESIAN_POINT('Ctrl Pts',(2.40333149665148,-5.80225162725003E-16,
93.4927767786508));
#10949=CARTESIAN_POINT('Ctrl Pts',(2.42254996686967,-6.99785722439609E-16,
93.4562187410398));
#10950=CARTESIAN_POINT('Ctrl Pts',(2.44093699787457,-7.42461647718073E-16,
93.4191898982505));
#10951=CARTESIAN_POINT('Ctrl Pts',(2.45288614261383,-7.70195369812643E-16,
93.3951260348732));
#10952=CARTESIAN_POINT('Ctrl Pts',(2.46448410868673,-3.44398965877801E-16,
93.3708633074313));
#10953=CARTESIAN_POINT('Ctrl Pts',(2.4757279407801,-3.33066907387547E-16,
93.3464104735815));
#10954=CARTESIAN_POINT('Ctrl Pts',(2.48256667746287,-3.2617450954266E-16,
93.3315377424291));
#10955=CARTESIAN_POINT('Ctrl Pts',(2.48927502228718,-5.47674977795726E-16,
93.3165930155561));
#10956=CARTESIAN_POINT('Ctrl Pts',(2.4958437648414,-5.55111512312578E-16,
93.3015983250792));
#10957=CARTESIAN_POINT('Ctrl Pts',(2.53242677629278,-5.96527479697989E-16,
93.2180890493085));
#10958=CARTESIAN_POINT('Ctrl Pts',(2.56474625035181,-1.10798533749515E-15,
93.1328980242423));
#10959=CARTESIAN_POINT('Ctrl Pts',(2.59277196494737,-1.06858966120171E-15,
93.0464224682473));
#10960=CARTESIAN_POINT('Ctrl Pts',(2.62125558550903,-1.02855030764711E-15,
92.9585340072262));
#10961=CARTESIAN_POINT('Ctrl Pts',(2.6453044921517,-1.11702233125922E-15,
92.8693179443172));
#10962=CARTESIAN_POINT('Ctrl Pts',(2.66484799927295,-1.20736753927986E-15,
92.7791542696689));
#10963=CARTESIAN_POINT('Ctrl Pts',(2.68267572420045,-1.28978107473783E-15,
92.6969063302325));
#10964=CARTESIAN_POINT('Ctrl Pts',(2.69675418622091,-7.55786189842707E-16,
92.6138689298076));
#10965=CARTESIAN_POINT('Ctrl Pts',(2.70699687960634,-7.63278329429795E-16,
92.5303127109322));
#10966=CARTESIAN_POINT('Ctrl Pts',(2.71527454974055,-7.69333129448464E-16,
92.4627864469423));
#10967=CARTESIAN_POINT('Ctrl Pts',(2.7210464995212,-1.73840852656207E-16,
92.3949208931687));
#10968=CARTESIAN_POINT('Ctrl Pts',(2.72425023553578,-1.11022302462516E-16,
92.3268547572779));
#10969=CARTESIAN_POINT('Ctrl Pts',(2.72490701948651,-9.81441454022925E-17,
92.3129008155556));
#10970=CARTESIAN_POINT('Ctrl Pts',(2.72545535485312,-7.16835051923618E-16,
92.298948028951));
#10971=CARTESIAN_POINT('Ctrl Pts',(2.72589504158052,-7.21644966006352E-16,
92.2849991695642));
#10972=CARTESIAN_POINT('Ctrl Pts',(2.7288964978103,-7.5447913108047E-16,
92.1897793498706));
#10973=CARTESIAN_POINT('Ctrl Pts',(2.72683981363433,-5.30343244399462E-16,
92.0947220508487));
#10974=CARTESIAN_POINT('Ctrl Pts',(2.71965788768704,-6.38378239159465E-16,
92.0002243827701));
#10975=CARTESIAN_POINT('Ctrl Pts',(2.71397307573955,-7.23892714450165E-16,
91.925425300122));
#10976=CARTESIAN_POINT('Ctrl Pts',(2.70507631461416,-6.73679209653685E-16,
91.8509760606575));
#10977=CARTESIAN_POINT('Ctrl Pts',(2.69291265488691,-6.66133814775094E-16,
91.7770654179662));
#10978=CARTESIAN_POINT('Ctrl Pts',(2.67797633632355,-6.55838994509912E-16,
91.6863071322846));
#10979=CARTESIAN_POINT('Ctrl Pts',(2.65811589822834,-1.07402939729557E-15,
91.5963604166036));
#10980=CARTESIAN_POINT('Ctrl Pts',(2.63360379897226,-1.22124532708767E-15,
91.5074718666209));
#10981=CARTESIAN_POINT('Ctrl Pts',(2.61949322148114,-1.30599130349541E-15,
91.4563024926925));
#10982=CARTESIAN_POINT('Ctrl Pts',(2.60384017144143,-6.86283207767144E-16,
91.4054837592745));
#10983=CARTESIAN_POINT('Ctrl Pts',(2.58668899495108,-6.66133814775094E-16,
91.355063482618));
#10984=CARTESIAN_POINT('Ctrl Pts',(2.5780119726176,-6.55939952383401E-16,
91.3295551528042));
#10985=CARTESIAN_POINT('Ctrl Pts',(2.56895142111959,-5.09494403990905E-16,
91.3041488229817));
#10986=CARTESIAN_POINT('Ctrl Pts',(2.55951257608405,-4.9960036108132E-16,
91.2788508090026));
#10987=CARTESIAN_POINT('Ctrl Pts',(2.55460852376734,-4.94459805868296E-16,
91.2657069568051));
#10988=CARTESIAN_POINT('Ctrl Pts',(2.54960400860292,-1.19969299514246E-15,
91.2525969078604));
#10989=CARTESIAN_POINT('Ctrl Pts',(2.54450291529544,-1.16573417585641E-15,
91.2395287928278));
#10990=CARTESIAN_POINT('Ctrl Pts',(2.50986709268042,-9.35157793479011E-16,
91.1507978312675));
#10991=CARTESIAN_POINT('Ctrl Pts',(2.47074526818273,-6.64820484844947E-16,
91.0638979651744));
#10992=CARTESIAN_POINT('Ctrl Pts',(2.42747163965803,-6.38378239159465E-16,
90.979086008392));
#10993=CARTESIAN_POINT('Ctrl Pts',(2.38331090500555,-6.11393929427601E-16,
90.8925354128789));
#10994=CARTESIAN_POINT('Ctrl Pts',(2.33482613576335,-1.03697875578725E-15,
90.8081584496114));
#10995=CARTESIAN_POINT('Ctrl Pts',(2.28231667972805,-9.99200722162641E-16,
90.7262311102988));
#10996=CARTESIAN_POINT('Ctrl Pts',(2.22929525710683,-9.61054353149357E-16,
90.6435049803802));
#10997=CARTESIAN_POINT('Ctrl Pts',(2.17216988341114,-9.31192542921068E-16,
90.5632756349788));
#10998=CARTESIAN_POINT('Ctrl Pts',(2.11119759344746,-9.15933995315754E-16,
90.4858424633149));
#10999=CARTESIAN_POINT('Ctrl Pts',(2.07418251545109,-9.06670831179089E-16,
90.4388343078011));
#11000=CARTESIAN_POINT('Ctrl Pts',(2.03574870400634,-6.97197663296675E-16,
90.3928570209156));
#11001=CARTESIAN_POINT('Ctrl Pts',(1.99594559472444,-6.93889390390723E-16,
90.347982331359));
#11002=CARTESIAN_POINT('Ctrl Pts',(1.98109908415761,-6.92655408685718E-16,
90.331244127618));
#11003=CARTESIAN_POINT('Ctrl Pts',(1.96605835204799,-8.56474102628482E-16,
90.3146555908748));
#11004=CARTESIAN_POINT('Ctrl Pts',(1.95084736069541,-8.60422844084496E-16,
90.2982434038584));
#11005=CARTESIAN_POINT('Ctrl Pts',(1.88205961507493,-8.78279998592138E-16,
90.2240235637841));
#11006=CARTESIAN_POINT('Ctrl Pts',(1.80972555863534,-5.95528812296135E-16,
90.1533281189769));
#11007=CARTESIAN_POINT('Ctrl Pts',(1.73414445083969,-7.21644966006352E-16,
90.0864615176879));
#11008=CARTESIAN_POINT('Ctrl Pts',(1.68026655123979,-8.11546710843128E-16,
90.0387957433177));
#11009=CARTESIAN_POINT('Ctrl Pts',(1.62473753764879,-1.420037607679E-15,
89.993075876053));
#11010=CARTESIAN_POINT('Ctrl Pts',(1.5676517920493,-1.49880108324396E-15,
89.9494202684166));
#11011=CARTESIAN_POINT('Ctrl Pts',(1.54118567024669,-1.53531744500831E-15,
89.9291806338644));
#11012=CARTESIAN_POINT('Ctrl Pts',(1.51438478595389,-6.72035448999636E-16,
89.9093848126418));
#11013=CARTESIAN_POINT('Ctrl Pts',(1.48725779836726,-6.66133814775094E-16,
89.8900452564654));
#11014=CARTESIAN_POINT('Ctrl Pts',(1.47189159003845,-6.627908066108E-16,
89.8790902748905));
#11015=CARTESIAN_POINT('Ctrl Pts',(1.45642073645727,-1.15424258529165E-15,
89.8682817036584));
#11016=CARTESIAN_POINT('Ctrl Pts',(1.44084674981552,-1.16573417585641E-15,
89.857621874351));
#11017=CARTESIAN_POINT('Ctrl Pts',(1.42461205234039,-1.17771328567707E-15,
89.8465098124287));
#11018=CARTESIAN_POINT('Ctrl Pts',(1.40827305555646,-8.31578258485171E-16,
89.8355647256888));
#11019=CARTESIAN_POINT('Ctrl Pts',(1.39183454815768,-8.32667268468867E-16,
89.8247906048401));
#11020=CARTESIAN_POINT('Ctrl Pts',(1.3065907967799,-8.38314453705711E-16,
89.7689201747176));
#11021=CARTESIAN_POINT('Ctrl Pts',(1.21865131587373,-6.96291143233679E-16,
89.7176287454662));
#11022=CARTESIAN_POINT('Ctrl Pts',(1.12829031872142,-5.55111512312578E-16,
89.6712379682335));
#11023=CARTESIAN_POINT('Ctrl Pts',(1.09134842865562,-4.97393663136721E-16,
89.6522722302868));
#11024=CARTESIAN_POINT('Ctrl Pts',(1.05400134658626,-5.81430851536769E-16,
89.6341259589007));
#11025=CARTESIAN_POINT('Ctrl Pts',(1.01626602162366,-5.55111512312578E-16,
89.6168229161852));
#11026=CARTESIAN_POINT('Ctrl Pts',(0.944217444746201,-5.63015621500511E-16,
89.5837859778644));
#11027=CARTESIAN_POINT('Ctrl Pts',(0.87075417976874,6.96169414663171E-17,
89.5538218213874));
#11028=CARTESIAN_POINT('Ctrl Pts',(0.796063249901653,5.55111512312578E-17,
89.5268862796849));
#11029=CARTESIAN_POINT('Ctrl Pts',(-2.51412331647523,1.61258330249198,92.4994078913023));
#11030=CARTESIAN_POINT('Ctrl Pts',(-2.51493885898381,1.58946110043149,92.1324513014989));
#11031=CARTESIAN_POINT('Ctrl Pts',(-2.43933646662271,1.566338898371,91.7658147490403));
#11032=CARTESIAN_POINT('Ctrl Pts',(-2.28554725924957,1.54321669631051,91.4355913872885));
#11033=CARTESIAN_POINT('Ctrl Pts',(-1.94340846135347,1.49177613976683,90.7009349965259));
#11034=CARTESIAN_POINT('Ctrl Pts',(-1.21429150341005,1.44033558322314,90.14650220918));
#11035=CARTESIAN_POINT('Ctrl Pts',(-0.414920683539984,1.38889502667946,
90.01312983356));
#11036=CARTESIAN_POINT('Ctrl Pts',(0.384450136330076,1.33745447013578,89.8797574579399));
#11037=CARTESIAN_POINT('Ctrl Pts',(1.25407481812677,1.28601391359209,90.1674454940456));
#11038=CARTESIAN_POINT('Ctrl Pts',(1.81618782468788,1.23457335704841,90.7512377325079));
#11039=CARTESIAN_POINT('Ctrl Pts',(2.37830083124899,1.18313280050473,91.3350299709703));
#11040=CARTESIAN_POINT('Ctrl Pts',(2.6329021625745,1.13169224396104,92.2149264117894));
#11041=CARTESIAN_POINT('Ctrl Pts',(2.46940111864945,1.08025168741736,93.0086726590279));
#11042=CARTESIAN_POINT('Ctrl Pts',(2.30590007472439,1.02881113087368,93.8024189062664));
#11043=CARTESIAN_POINT('Ctrl Pts',(1.72429665554878,0.977370574329992,94.5100149599243));
#11044=CARTESIAN_POINT('Ctrl Pts',(0.977222260376535,0.925930017786308,
94.8241468054993));
#11045=CARTESIAN_POINT('Ctrl Pts',(0.230147865204294,0.874489461242624,
95.1382786510744));
#11046=CARTESIAN_POINT('Ctrl Pts',(-0.682397505964567,0.823048904698941,
95.0589462885665));
#11047=CARTESIAN_POINT('Ctrl Pts',(-1.36397550307398,0.771608348155257,
94.6204790651791));
#11048=CARTESIAN_POINT('Ctrl Pts',(-2.04555350018338,0.720167791611573,
94.1820118417917));
#11049=CARTESIAN_POINT('Ctrl Pts',(-2.49616412323334,0.668727235067889,
93.3844097575247));
#11050=CARTESIAN_POINT('Ctrl Pts',(-2.52013008085773,0.617286678524205,
92.5744247845614));
#11051=CARTESIAN_POINT('Ctrl Pts',(-2.52086050913102,0.615718886513463,
92.5497382715305));
#11052=CARTESIAN_POINT('Ctrl Pts',(-2.52119463026457,0.61415109450272,92.5250402561239));
#11053=CARTESIAN_POINT('Ctrl Pts',(-2.52113739255502,0.612583302491977,
92.5003408353973));
#11054=CARTESIAN_POINT('Ctrl Pts',(-0.793799282532889,0.,89.5307770462543));
#11055=CARTESIAN_POINT('Ctrl Pts',(-1.75348346371957,0.0514405565436838,
89.7873413482119));
#11056=CARTESIAN_POINT('Ctrl Pts',(-3.39062709938407,0.154321669631051,
91.2978245688921));
#11057=CARTESIAN_POINT('Ctrl Pts',(-2.9101537046169,0.308643339262102,94.6207455344843));
#11058=CARTESIAN_POINT('Ctrl Pts',(0.103283631777013,0.462965008893154,
96.0972488960469));
#11059=CARTESIAN_POINT('Ctrl Pts',(3.02480622638548,0.617286678524204,94.4504815892058));
#11060=CARTESIAN_POINT('Ctrl Pts',(3.31944398692393,0.771608348155256,91.1082107612565));
#11061=CARTESIAN_POINT('Ctrl Pts',(0.729670455563822,0.925930017786307,
88.9755674320404));
#11062=CARTESIAN_POINT('Ctrl Pts',(-2.49379633593594,1.08025168741736,89.9047122215386));
#11063=CARTESIAN_POINT('Ctrl Pts',(-3.55078417310792,1.23457335704841,93.0887287467837));
#11064=CARTESIAN_POINT('Ctrl Pts',(-1.52281959273335,1.38889502667946,95.7612123628388));
#11065=CARTESIAN_POINT('Ctrl Pts',(1.82813421542721,1.54321669631051,95.6004000541672));
#11066=CARTESIAN_POINT('Ctrl Pts',(3.59082980883185,1.69753836594156,92.7459696509997));
#11067=CARTESIAN_POINT('Ctrl Pts',(2.23383042937939,1.85186003557261,89.6778477693348));
#11068=CARTESIAN_POINT('Ctrl Pts',(-1.06390297297228,2.00618170520367,89.0615904946067));
#11069=CARTESIAN_POINT('Ctrl Pts',(-3.4373260589435,2.16050337483471,91.4326012430208));
#11070=CARTESIAN_POINT('Ctrl Pts',(-2.82442237213983,2.31482504446577,94.7309611665009));
#11071=CARTESIAN_POINT('Ctrl Pts',(0.242319845803541,2.46914671409682,96.0910754228503));
#11072=CARTESIAN_POINT('Ctrl Pts',(3.09853725786356,2.62346838372787,94.3312909782008));
#11073=CARTESIAN_POINT('Ctrl Pts',(3.26276424452853,2.77779005335892,90.980485376799));
#11074=CARTESIAN_POINT('Ctrl Pts',(0.592327452012691,2.93211172298997,88.9498403166706));
#11075=CARTESIAN_POINT('Ctrl Pts',(-2.59272775354515,3.08643339262102,90.0035159569346));
#11076=CARTESIAN_POINT('Ctrl Pts',(-3.52522113592644,3.24075506225208,93.2261919587659));
#11077=CARTESIAN_POINT('Ctrl Pts',(-1.3950620500583,3.39507673188312,95.817807374804));
#11078=CARTESIAN_POINT('Ctrl Pts',(1.94719306070615,3.54939840151418,95.5272470747769));
#11079=CARTESIAN_POINT('Ctrl Pts',(3.59758243146922,3.70372007114523,92.6059801198123));
#11080=CARTESIAN_POINT('Ctrl Pts',(2.12274732610085,3.85804174077628,89.5940043155166));
#11081=CARTESIAN_POINT('Ctrl Pts',(-1.19698503966064,4.01236341040733,89.1038576264593));
#11082=CARTESIAN_POINT('Ctrl Pts',(-3.47518445776748,4.16668508003838,91.5701231916385));
#11083=CARTESIAN_POINT('Ctrl Pts',(-2.98161159056688,4.26956619312575,93.7422614626785));
#11084=CARTESIAN_POINT('Ctrl Pts',(-2.33606265769611,4.32100674966943,94.4973015569307));
#11085=CARTESIAN_POINT('Ctrl Pts',(-0.745932854346969,-0.107002249889811,
89.7098224301579));
#11086=CARTESIAN_POINT('Ctrl Pts',(-1.64774767869402,-0.0555616933461268,
89.9509157975795));
#11087=CARTESIAN_POINT('Ctrl Pts',(-3.18617086954213,0.0473194197412408,
91.3703162493536));
#11088=CARTESIAN_POINT('Ctrl Pts',(-2.73467022110006,0.201641089372292,
94.4928636932422));
#11089=CARTESIAN_POINT('Ctrl Pts',(0.0970555856550058,0.355962759003343,
95.8803332855917));
#11090=CARTESIAN_POINT('Ctrl Pts',(2.84240914793308,0.510284428634394,94.3328667349573));
#11091=CARTESIAN_POINT('Ctrl Pts',(3.1192801284857,0.664606098265445,91.1921362334913));
#11092=CARTESIAN_POINT('Ctrl Pts',(0.685671022420986,0.818927767896497,
89.1880921875077));
#11093=CARTESIAN_POINT('Ctrl Pts',(-2.34341937559969,0.973249437527548,
90.0612091582367));
#11094=CARTESIAN_POINT('Ctrl Pts',(-3.33667040484719,1.1275711071586,93.0532281575302));
#11095=CARTESIAN_POINT('Ctrl Pts',(-1.43099293544148,1.28189277678965,95.5645598956474));
#11096=CARTESIAN_POINT('Ctrl Pts',(1.71789695890343,1.4362144464207,95.4134446363356));
#11097=CARTESIAN_POINT('Ctrl Pts',(3.374301272016,1.59053611605175,92.7311375783403));
#11098=CARTESIAN_POINT('Ctrl Pts',(2.09912952175671,1.7448577856828,89.8480247272276));
#11099=CARTESIAN_POINT('Ctrl Pts',(-0.999749179471647,1.89917945531386,
89.2689280234824));
#11100=CARTESIAN_POINT('Ctrl Pts',(-3.23005386234108,2.0535011249449,91.4969658337567));
#11101=CARTESIAN_POINT('Ctrl Pts',(-2.65410852376829,2.20782279457596,94.5964332766278));
#11102=CARTESIAN_POINT('Ctrl Pts',(0.227707857921457,2.36214446420701,95.8745320754065));
#11103=CARTESIAN_POINT('Ctrl Pts',(2.9116941674268,2.51646613383806,94.2208633675637));
#11104=CARTESIAN_POINT('Ctrl Pts',(3.06601819822325,2.67078780346911,91.072112743048));
#11105=CARTESIAN_POINT('Ctrl Pts',(0.556609859331265,2.82510947310016,89.1639164279369));
#11106=CARTESIAN_POINT('Ctrl Pts',(-2.43638518741846,2.97943114273121,90.1540549871331));
#11107=CARTESIAN_POINT('Ctrl Pts',(-3.31264882948155,3.13375281236226,93.1824022804324));
#11108=CARTESIAN_POINT('Ctrl Pts',(-1.31093922593461,3.28807448199332,95.6177422047599));
#11109=CARTESIAN_POINT('Ctrl Pts',(1.82977650609929,3.44239615162437,95.3447028121474));
#11110=CARTESIAN_POINT('Ctrl Pts',(3.3806467086888,3.59671782125542,92.5995894743358));
#11111=CARTESIAN_POINT('Ctrl Pts',(1.99474477598838,3.75103949088647,89.7692370686833));
#11112=CARTESIAN_POINT('Ctrl Pts',(-1.12480634197057,3.90536116051752,89.3086464296357));
#11113=CARTESIAN_POINT('Ctrl Pts',(-3.26562938390829,4.05968283014857,91.6261951514508));
#11114=CARTESIAN_POINT('Ctrl Pts',(-2.80181916669017,4.16256394323594,93.6673525777754));
#11115=CARTESIAN_POINT('Ctrl Pts',(-2.19519710401908,4.21400449977962,94.3768634390788));
#11116=CARTESIAN_POINT('Ctrl Pts',(-0.69806642616105,-0.214004499779621,
89.8888678140614));
#11117=CARTESIAN_POINT('Ctrl Pts',(-1.54201189366848,-0.162563943235938,
90.1144902469471));
#11118=CARTESIAN_POINT('Ctrl Pts',(-2.9817146397002,-0.0596828301485699,
91.4428079298152));
#11119=CARTESIAN_POINT('Ctrl Pts',(-2.55918673758322,0.0946388394824809,
94.364981852));
#11120=CARTESIAN_POINT('Ctrl Pts',(0.090827539532993,0.248960509113532,
95.6634176751366));
#11121=CARTESIAN_POINT('Ctrl Pts',(2.66001206948069,0.403282178744583,94.2152518807088));
#11122=CARTESIAN_POINT('Ctrl Pts',(2.91911627004746,0.557603848375634,91.2760617057261));
#11123=CARTESIAN_POINT('Ctrl Pts',(0.641671589278153,0.711925518006687,
89.4006169429748));
#11124=CARTESIAN_POINT('Ctrl Pts',(-2.19304241526345,0.866247187637736,
90.2177060949347));
#11125=CARTESIAN_POINT('Ctrl Pts',(-3.12255663658647,1.02056885726879,93.0177275682767));
#11126=CARTESIAN_POINT('Ctrl Pts',(-1.3391662781496,1.17489052689984,95.367907428456));
#11127=CARTESIAN_POINT('Ctrl Pts',(1.60765970237965,1.32921219653089,95.2264892185038));
#11128=CARTESIAN_POINT('Ctrl Pts',(3.15777273520016,1.48353386616194,92.716305505681));
#11129=CARTESIAN_POINT('Ctrl Pts',(1.96442861413403,1.63785553579299,90.0182016851202));
#11130=CARTESIAN_POINT('Ctrl Pts',(-0.935595385971014,1.79217720542405,
89.4762655523581));
#11131=CARTESIAN_POINT('Ctrl Pts',(-3.02278166573867,1.94649887505509,91.5613304244926));
#11132=CARTESIAN_POINT('Ctrl Pts',(-2.48379467539675,2.10082054468615,94.4619053867547));
#11133=CARTESIAN_POINT('Ctrl Pts',(0.213095870039374,2.2551422143172,95.6579887279629));
#11134=CARTESIAN_POINT('Ctrl Pts',(2.72485107699005,2.40946388394825,94.1104357569265));
#11135=CARTESIAN_POINT('Ctrl Pts',(2.86927215191796,2.5637855535793,91.1637401092971));
#11136=CARTESIAN_POINT('Ctrl Pts',(0.520892266649844,2.71810722321035,89.3779925392032));
#11137=CARTESIAN_POINT('Ctrl Pts',(-2.28004262129178,2.8724288928414,90.3045940173314));
#11138=CARTESIAN_POINT('Ctrl Pts',(-3.10007652303666,3.02675056247246,93.1386126020989));
#11139=CARTESIAN_POINT('Ctrl Pts',(-1.22681640181093,3.18107223210351,95.4176770347159));
#11140=CARTESIAN_POINT('Ctrl Pts',(1.71235995149242,3.33539390173455,95.1621585495177));
#11141=CARTESIAN_POINT('Ctrl Pts',(3.16371098590837,3.48971557136561,92.5931988288594));
#11142=CARTESIAN_POINT('Ctrl Pts',(1.8667422258759,3.64403724099665,89.9444698218499));
#11143=CARTESIAN_POINT('Ctrl Pts',(-1.0526276442805,3.79835891062771,89.5134352328121));
#11144=CARTESIAN_POINT('Ctrl Pts',(-3.05607431004909,3.95268058025876,91.6822671112631));
#11145=CARTESIAN_POINT('Ctrl Pts',(-2.62202674281346,4.05556169334613,93.5924436928723));
#11146=CARTESIAN_POINT('Ctrl Pts',(-2.05433155034205,4.10700224988981,94.2564253212269));
#11147=CARTESIAN_POINT('Ctrl Pts',(-0.65019999797513,-0.321006749669432,
90.0679131979649));
#11148=CARTESIAN_POINT('Ctrl Pts',(-1.43627610864293,-0.269566193125748,
90.2780646963147));
#11149=CARTESIAN_POINT('Ctrl Pts',(-2.77725840985827,-0.16668508003838,
91.5152996102768));
#11150=CARTESIAN_POINT('Ctrl Pts',(-2.38370325406638,-0.0123634104073297,
94.2371000107578));
#11151=CARTESIAN_POINT('Ctrl Pts',(0.0845994934109844,0.141958259223722,
95.4465020646814));
#11152=CARTESIAN_POINT('Ctrl Pts',(2.47761499102829,0.296279928854773,94.0976370264602));
#11153=CARTESIAN_POINT('Ctrl Pts',(2.71895241160924,0.450601598485824,91.3599871779611));
#11154=CARTESIAN_POINT('Ctrl Pts',(0.597672156135318,0.604923268116876,
89.613141698442));
#11155=CARTESIAN_POINT('Ctrl Pts',(-2.0426654549272,0.759244937747927,90.3742030316329));
#11156=CARTESIAN_POINT('Ctrl Pts',(-2.90844286832575,0.913566607378978,
92.9822269790232));
#11157=CARTESIAN_POINT('Ctrl Pts',(-1.24733962085772,1.06788827701003,95.1712549612647));
#11158=CARTESIAN_POINT('Ctrl Pts',(1.49742244585587,1.22220994664108,95.0395338006722));
#11159=CARTESIAN_POINT('Ctrl Pts',(2.94124419838431,1.37653161627213,92.7014734330216));
#11160=CARTESIAN_POINT('Ctrl Pts',(1.82972770651134,1.53085328590318,90.188378643013));
#11161=CARTESIAN_POINT('Ctrl Pts',(-0.871441592470385,1.68517495553423,
89.6836030812339));
#11162=CARTESIAN_POINT('Ctrl Pts',(-2.81550946913625,1.83949662516528,91.6256950152285));
#11163=CARTESIAN_POINT('Ctrl Pts',(-2.31348082702521,1.99381829479634,94.3273774968817));
#11164=CARTESIAN_POINT('Ctrl Pts',(0.198483882157292,2.14813996442739,95.4414453805192));
#11165=CARTESIAN_POINT('Ctrl Pts',(2.53800798655329,2.30246163405844,94.0000081462894));
#11166=CARTESIAN_POINT('Ctrl Pts',(2.67252610561268,2.45678330368949,91.2553674755463));
#11167=CARTESIAN_POINT('Ctrl Pts',(0.485174673968419,2.61110497332054,89.5920686504695));
#11168=CARTESIAN_POINT('Ctrl Pts',(-2.1237000551651,2.76542664295159,90.4551330475299));
#11169=CARTESIAN_POINT('Ctrl Pts',(-2.88750421659177,2.91974831258265,93.0948229237654));
#11170=CARTESIAN_POINT('Ctrl Pts',(-1.14269357768725,3.07406998221369,95.2176118646719));
#11171=CARTESIAN_POINT('Ctrl Pts',(1.59494339688556,3.22839165184475,94.9796142868883));
#11172=CARTESIAN_POINT('Ctrl Pts',(2.94677526312795,3.3827133214758,92.5868081833828));
#11173=CARTESIAN_POINT('Ctrl Pts',(1.73873967576342,3.53703499110685,90.1197025750166));
#11174=CARTESIAN_POINT('Ctrl Pts',(-0.98044894659043,3.6913566607379,89.7182240359886));
#11175=CARTESIAN_POINT('Ctrl Pts',(-2.8465192361899,3.84567833036895,91.7383390710753));
#11176=CARTESIAN_POINT('Ctrl Pts',(-2.44223431893675,3.94855944345632,93.5175348079691));
#11177=CARTESIAN_POINT('Ctrl Pts',(-1.91346599666502,4.,94.135987203375));
#11178=CARTESIAN_POINT('Ctrl Pts',(-1.91346599666502,4.,94.135987203375));
#11179=CARTESIAN_POINT('Ctrl Pts',(-1.97562998129568,4.,94.0775683223357));
#11180=CARTESIAN_POINT('Ctrl Pts',(-2.03442987042197,4.,94.0158978211036));
#11181=CARTESIAN_POINT('Ctrl Pts',(-2.08984892033411,4.,93.9513514583765));
#11182=CARTESIAN_POINT('Ctrl Pts',(-2.14661678888787,4.,93.8852341315597));
#11183=CARTESIAN_POINT('Ctrl Pts',(-2.19983772188732,4.,93.8160987598368));
#11184=CARTESIAN_POINT('Ctrl Pts',(-2.24946501460013,4.,93.7443029527016));
#11185=CARTESIAN_POINT('Ctrl Pts',(-2.26250156778626,4.,93.7254429704802));
#11186=CARTESIAN_POINT('Ctrl Pts',(-2.27528996728722,4.,93.7063991839877));
#11187=CARTESIAN_POINT('Ctrl Pts',(-2.28782898383544,4.,93.6871776333115));
#11188=CARTESIAN_POINT('Ctrl Pts',(-2.29788971032706,4.,93.6717551507464));
#11189=CARTESIAN_POINT('Ctrl Pts',(-2.30779023639932,4.,93.656217476542));
#11190=CARTESIAN_POINT('Ctrl Pts',(-2.3175213457805,4.,93.6405818827477));
#11191=CARTESIAN_POINT('Ctrl Pts',(-2.36499991246359,4.,93.5642950429315));
#11192=CARTESIAN_POINT('Ctrl Pts',(-2.40849905572167,4.,93.4856041107499));
#11193=CARTESIAN_POINT('Ctrl Pts',(-2.44797894269619,4.,93.4049001450976));
#11194=CARTESIAN_POINT('Ctrl Pts',(-2.47867191021371,4.,93.3421582178499));
#11195=CARTESIAN_POINT('Ctrl Pts',(-2.50693508012144,4.,93.2781985277528));
#11196=CARTESIAN_POINT('Ctrl Pts',(-2.53273471549212,4.,93.2131891487069));
#11197=CARTESIAN_POINT('Ctrl Pts',(-2.54308798101705,4.,93.1871012078038));
#11198=CARTESIAN_POINT('Ctrl Pts',(-2.5530443657893,4.,93.1608440948201));
#11199=CARTESIAN_POINT('Ctrl Pts',(-2.56260102558288,4.,93.1344281887146));
#11200=CARTESIAN_POINT('Ctrl Pts',(-2.56919573353384,4.,93.1161995199341));
#11201=CARTESIAN_POINT('Ctrl Pts',(-2.57560077649236,4.,93.0978928373028));
#11202=CARTESIAN_POINT('Ctrl Pts',(-2.58180779429631,4.,93.079534197202));
#11203=CARTESIAN_POINT('Ctrl Pts',(-2.6113505479284,4.,92.9921549115852));
#11204=CARTESIAN_POINT('Ctrl Pts',(-2.6364501489894,4.,92.9034953409275));
#11205=CARTESIAN_POINT('Ctrl Pts',(-2.65706877640327,4.,92.8139516607619));
#11206=CARTESIAN_POINT('Ctrl Pts',(-2.67800272594717,4.,92.7230385827508));
#11207=CARTESIAN_POINT('Ctrl Pts',(-2.69431810637997,4.,92.6312133440822));
#11208=CARTESIAN_POINT('Ctrl Pts',(-2.70593359662524,4.,92.5388575021875));
#11209=CARTESIAN_POINT('Ctrl Pts',(-2.71746213594112,4.,92.4471930152092));
#11210=CARTESIAN_POINT('Ctrl Pts',(-2.72436124286551,4.,92.3550049141554));
#11211=CARTESIAN_POINT('Ctrl Pts',(-2.72650436313436,4.,92.2626470674758));
#11212=CARTESIAN_POINT('Ctrl Pts',(-2.72744728805054,4.,92.2220116835895));
#11213=CARTESIAN_POINT('Ctrl Pts',(-2.7274689007626,4.,92.1813432723151));
#11214=CARTESIAN_POINT('Ctrl Pts',(-2.72655522698039,4.,92.1406714926878));
#11215=CARTESIAN_POINT('Ctrl Pts',(-2.72618088052231,4.,92.1240076275932));
#11216=CARTESIAN_POINT('Ctrl Pts',(-2.72564950658836,4.,92.1073431959427));
#11217=CARTESIAN_POINT('Ctrl Pts',(-2.7249600431094,4.,92.0906802367263));
#11218=CARTESIAN_POINT('Ctrl Pts',(-2.72438284687834,4.,92.0767305533109));
#11219=CARTESIAN_POINT('Ctrl Pts',(-2.72369494929847,4.,92.0627855052758));
#11220=CARTESIAN_POINT('Ctrl Pts',(-2.7228965876753,4.,92.048856113909));
#11221=CARTESIAN_POINT('Ctrl Pts',(-2.71766585180453,4.,91.9575930008459));
#11222=CARTESIAN_POINT('Ctrl Pts',(-2.7076916540988,4.,91.8668804021989));
#11223=CARTESIAN_POINT('Ctrl Pts',(-2.69291006070578,4.,91.7770623972216));
#11224=CARTESIAN_POINT('Ctrl Pts',(-2.67807363035273,4.,91.6869111841647));
#11225=CARTESIAN_POINT('Ctrl Pts',(-2.65839512770293,4.,91.5976602758304));
#11226=CARTESIAN_POINT('Ctrl Pts',(-2.63417420734028,4.,91.5095499943622));
#11227=CARTESIAN_POINT('Ctrl Pts',(-2.60938571033518,4.,91.4193749962369));
#11228=CARTESIAN_POINT('Ctrl Pts',(-2.57983923829757,4.,91.3303940155359));
#11229=CARTESIAN_POINT('Ctrl Pts',(-2.54580163024574,4.,91.2428655452065));
#11230=CARTESIAN_POINT('Ctrl Pts',(-2.52860009324933,4.,91.1986314081216));
#11231=CARTESIAN_POINT('Ctrl Pts',(-2.51025069641648,4.,91.1547683176925));
#11232=CARTESIAN_POINT('Ctrl Pts',(-2.49078302704422,4.,91.1113106132057));
#11233=CARTESIAN_POINT('Ctrl Pts',(-2.48322287709188,4.,91.0944340803131));
#11234=CARTESIAN_POINT('Ctrl Pts',(-2.47549404629699,4.,91.0776186941427));
#11235=CARTESIAN_POINT('Ctrl Pts',(-2.4675981440034,4.,91.0608665089845));
#11236=CARTESIAN_POINT('Ctrl Pts',(-2.45993307782297,4.,91.0446040727068));
#11237=CARTESIAN_POINT('Ctrl Pts',(-2.45210914897391,4.,91.0283985514689));
#11238=CARTESIAN_POINT('Ctrl Pts',(-2.44413904905169,4.,91.0122740056959));
#11239=CARTESIAN_POINT('Ctrl Pts',(-2.40134163356791,4.,90.9256892838395));
#11240=CARTESIAN_POINT('Ctrl Pts',(-2.35427402404399,4.,90.8413082888218));
#11241=CARTESIAN_POINT('Ctrl Pts',(-2.3032666758433,4.,90.7593924114952));
#11242=CARTESIAN_POINT('Ctrl Pts',(-2.25128679297078,4.,90.6759146801675));
#11243=CARTESIAN_POINT('Ctrl Pts',(-2.19521520273639,4.,90.5949961719727));
#11244=CARTESIAN_POINT('Ctrl Pts',(-2.1353470936203,4.,90.5169204039123));
#11245=CARTESIAN_POINT('Ctrl Pts',(-2.07506608117723,4.,90.4383061564367));
#11246=CARTESIAN_POINT('Ctrl Pts',(-2.01093555612747,4.,90.3625731427069));
#11247=CARTESIAN_POINT('Ctrl Pts',(-1.94320792400875,4.,90.2900301887656));
#11248=CARTESIAN_POINT('Ctrl Pts',(-1.91031603299836,4.,90.2547997390958));
#11249=CARTESIAN_POINT('Ctrl Pts',(-1.87657505440705,4.,90.2203220529362));
#11250=CARTESIAN_POINT('Ctrl Pts',(-1.84201026961757,4.,90.1866350776748));
#11251=CARTESIAN_POINT('Ctrl Pts',(-1.82848504154441,4.,90.1734533371756));
#11252=CARTESIAN_POINT('Ctrl Pts',(-1.81483365149271,4.,90.1603926887137));
#11253=CARTESIAN_POINT('Ctrl Pts',(-1.80105752515632,4.,90.1474554928037));
#11254=CARTESIAN_POINT('Ctrl Pts',(-1.7892051481452,4.,90.1363248948658));
#11255=CARTESIAN_POINT('Ctrl Pts',(-1.7772592255286,4.,90.1252846783394));
#11256=CARTESIAN_POINT('Ctrl Pts',(-1.76523484271776,4.,90.1143489885377));
#11257=CARTESIAN_POINT('Ctrl Pts',(-1.68988449675342,4.,90.0458208966698));
#11258=CARTESIAN_POINT('Ctrl Pts',(-1.61133776742425,4.,89.9812820017261));
#11259=CARTESIAN_POINT('Ctrl Pts',(-1.52990778199975,4.,89.9210245145714));
#11260=CARTESIAN_POINT('Ctrl Pts',(-1.44886137968722,4.,89.8610508756125));
#11261=CARTESIAN_POINT('Ctrl Pts',(-1.36495824240852,4.,89.8053175897318));
#11262=CARTESIAN_POINT('Ctrl Pts',(-1.2784628798384,4.,89.7541379865364));
#11263=CARTESIAN_POINT('Ctrl Pts',(-1.19349374383765,4.,89.7038614568455));
#11264=CARTESIAN_POINT('Ctrl Pts',(-1.10602244393615,4.,89.657978634129));
#11265=CARTESIAN_POINT('Ctrl Pts',(-1.01626588714664,4.,89.6168219649381));
#11266=CARTESIAN_POINT('Ctrl Pts',(-0.944276633906314,4.,89.5838122552646));
#11267=CARTESIAN_POINT('Ctrl Pts',(-0.870816516402809,4.,89.5538434570272));
#11268=CARTESIAN_POINT('Ctrl Pts',(-0.796063246783127,4.,89.5268854555916));
#11269=CARTESIAN_POINT('Ctrl Pts',(-2.51901258058295,0.887416697508025,
92.5017845806106));
#11270=CARTESIAN_POINT('Ctrl Pts',(-2.52012631255353,0.896133334131677,
92.6394346261566));
#11271=CARTESIAN_POINT('Ctrl Pts',(-2.50975750704224,0.904849970755329,
92.7769170432128));
#11272=CARTESIAN_POINT('Ctrl Pts',(-2.48729609151466,0.913566607378981,
92.9123943181651));
#11273=CARTESIAN_POINT('Ctrl Pts',(-2.35474178583641,0.965007163922665,
93.7119029731037));
#11274=CARTESIAN_POINT('Ctrl Pts',(-1.80104070334707,1.01644772046635,94.4415789671842));
#11275=CARTESIAN_POINT('Ctrl Pts',(-1.06672981765013,1.06788827701003,94.784463437459));
#11276=CARTESIAN_POINT('Ctrl Pts',(-0.332418931953193,1.11932883355372,
95.1273479077338));
#11277=CARTESIAN_POINT('Ctrl Pts',(0.582501756951342,1.1707693900974,95.083440854203));
#11278=CARTESIAN_POINT('Ctrl Pts',(1.28059906015835,1.22220994664108,94.6718105994958));
#11279=CARTESIAN_POINT('Ctrl Pts',(1.97869636336535,1.27365050318477,94.2601803447886));
#11280=CARTESIAN_POINT('Ctrl Pts',(2.45997028087483,1.32509105972845,93.4808268889051));
#11281=CARTESIAN_POINT('Ctrl Pts',(2.51535449098408,1.37653161627213,92.6723010292952));
#11282=CARTESIAN_POINT('Ctrl Pts',(2.57073870109333,1.42797217281582,91.8637751696854));
#11283=CARTESIAN_POINT('Ctrl Pts',(2.20023320380234,1.4794127293595,91.0260769063492));
#11284=CARTESIAN_POINT('Ctrl Pts',(1.56478557199322,1.53085328590319,90.5230985143845));
#11285=CARTESIAN_POINT('Ctrl Pts',(0.929337940184099,1.58229384244687,90.0201201224199));
#11286=CARTESIAN_POINT('Ctrl Pts',(0.0289481738568591,1.63373439899055,
89.8518616018269));
#11287=CARTESIAN_POINT('Ctrl Pts',(-0.745258022084408,1.68517495553424,
90.0914143305295));
#11288=CARTESIAN_POINT('Ctrl Pts',(-1.51946421802568,1.73661551207792,90.3309670592321));
#11289=CARTESIAN_POINT('Ctrl Pts',(-2.16748684358097,1.7880560686216,90.9783310372303));
#11290=CARTESIAN_POINT('Ctrl Pts',(-2.40782671600677,1.83949662516529,91.7522934398383));
#11291=CARTESIAN_POINT('Ctrl Pts',(-2.48245722059517,1.85546998261287,91.9926247841803));
#11292=CARTESIAN_POINT('Ctrl Pts',(-2.51777768909931,1.87144334006045,92.2451631414543));
#11293=CARTESIAN_POINT('Ctrl Pts',(-2.51596466169743,1.88741669750802,92.4981954223921));
#11294=CARTESIAN_POINT('Ctrl Pts',(-0.793799282532889,0.,89.5307770462543));
#11295=CARTESIAN_POINT('Ctrl Pts',(-0.886882004509419,1.21043838696293E-17,
89.5648271217511));
#11296=CARTESIAN_POINT('Ctrl Pts',(-0.977907885524646,-1.04071787101025E-16,
89.6036357176584));
#11297=CARTESIAN_POINT('Ctrl Pts',(-1.06666467795433,-1.73472347597681E-18,
89.6468781991952));
#11298=CARTESIAN_POINT('Ctrl Pts',(-1.15735197770803,1.02828225576421E-16,
89.6910612276471));
#11299=CARTESIAN_POINT('Ctrl Pts',(-1.24567108020998,2.06687037826261E-16,
89.7398737306531));
#11300=CARTESIAN_POINT('Ctrl Pts',(-1.33136672734023,1.14491749414469E-16,
89.7930148696019));
#11301=CARTESIAN_POINT('Ctrl Pts',(-1.41725448240052,2.20897825235719E-17,
89.8462751375211));
#11302=CARTESIAN_POINT('Ctrl Pts',(-1.50050760404401,-1.19976921497715E-16,
89.9038842321666));
#11303=CARTESIAN_POINT('Ctrl Pts',(-1.58083094996422,-1.52655665885959E-16,
89.9655738135973));
#11304=CARTESIAN_POINT('Ctrl Pts',(-1.64576969626781,-1.79075340851395E-16,
90.0154477827679));
#11305=CARTESIAN_POINT('Ctrl Pts',(-1.70879289238901,2.15393734790953E-16,
90.0679896475807));
#11306=CARTESIAN_POINT('Ctrl Pts',(-1.76972238399186,2.63677968348475E-16,
90.1230689407657));
#11307=CARTESIAN_POINT('Ctrl Pts',(-1.78325095277158,2.74398828763931E-16,
90.1352985521836));
#11308=CARTESIAN_POINT('Ctrl Pts',(-1.79667830059011,2.39440718051999E-16,
90.1476553677442));
#11309=CARTESIAN_POINT('Ctrl Pts',(-1.80998473110516,2.22044604925031E-16,
90.1601211413208));
#11310=CARTESIAN_POINT('Ctrl Pts',(-1.88239275617052,1.27382238942455E-16,
90.2279546632087));
#11311=CARTESIAN_POINT('Ctrl Pts',(-1.95133389533253,1.03554672131139E-16,
90.2991092660505));
#11312=CARTESIAN_POINT('Ctrl Pts',(-2.0165649515585,1.38777878078145E-16,
90.3732987845945));
#11313=CARTESIAN_POINT('Ctrl Pts',(-2.08143187887624,1.73804463147493E-16,
90.4470741668367));
#11314=CARTESIAN_POINT('Ctrl Pts',(-2.14263051867179,-1.23921509941968E-17,
90.5238514645355));
#11315=CARTESIAN_POINT('Ctrl Pts',(-2.19987811412562,1.38777878078145E-17,
90.6033760728773));
#11316=CARTESIAN_POINT('Ctrl Pts',(-2.25191200529821,3.77552472172136E-17,
90.67565814487));
#11317=CARTESIAN_POINT('Ctrl Pts',(-2.30068150846257,-5.06209508808716E-16,
90.750210619352));
#11318=CARTESIAN_POINT('Ctrl Pts',(-2.34593765277012,-5.96744875736022E-16,
90.8268536700496));
#11319=CARTESIAN_POINT('Ctrl Pts',(-2.37987976100078,-6.64646400931501E-16,
90.8843359580728));
#11320=CARTESIAN_POINT('Ctrl Pts',(-2.41184491563873,-3.55000381324337E-16,
90.9429944532013));
#11321=CARTESIAN_POINT('Ctrl Pts',(-2.44171349980374,-3.88578058618805E-16,
91.0027549006793));
#11322=CARTESIAN_POINT('Ctrl Pts',(-2.44837129823737,-3.96062625214286E-16,
91.0160756865396));
#11323=CARTESIAN_POINT('Ctrl Pts',(-2.45492567825393,2.99843132240611E-16,
91.0294529022126));
#11324=CARTESIAN_POINT('Ctrl Pts',(-2.46137268106818,2.77555756156289E-16,
91.0428804183503));
#11325=CARTESIAN_POINT('Ctrl Pts',(-2.50199233692333,1.37133055477702E-16,
91.1274811390605));
#11326=CARTESIAN_POINT('Ctrl Pts',(-2.53822575606459,-3.6136103364368E-16,
91.2138088038724));
#11327=CARTESIAN_POINT('Ctrl Pts',(-2.56982844389384,-3.33066907387547E-16,
91.3016343951205));
#11328=CARTESIAN_POINT('Ctrl Pts',(-2.60071721692202,-3.05411954470927E-16,
91.3874759782411));
#11329=CARTESIAN_POINT('Ctrl Pts',(-2.62718232580351,-2.87152714827255E-18,
91.4747492235678));
#11330=CARTESIAN_POINT('Ctrl Pts',(-2.64894830992379,5.55111512312578E-17,
91.563249951953));
#11331=CARTESIAN_POINT('Ctrl Pts',(-2.67168789992007,8.87497471586774E-17,
91.655709372429));
#11332=CARTESIAN_POINT('Ctrl Pts',(-2.68929833276729,5.61567469875243E-18,
91.7495096393023));
#11333=CARTESIAN_POINT('Ctrl Pts',(-2.70185021464999,-1.11022302462516E-16,
91.8442454573914));
#11334=CARTESIAN_POINT('Ctrl Pts',(-2.70817131210186,-1.69760906531291E-16,
91.8919541869604));
#11335=CARTESIAN_POINT('Ctrl Pts',(-2.7132086912368,2.70822610116857E-16,
91.9399000482833));
#11336=CARTESIAN_POINT('Ctrl Pts',(-2.71696661131688,3.05311331771918E-16,
91.9880298018565));
#11337=CARTESIAN_POINT('Ctrl Pts',(-2.71932463721242,3.26952371771156E-16,
92.0182303390829));
#11338=CARTESIAN_POINT('Ctrl Pts',(-2.72117883564795,-1.3607274807824E-16,
92.0485032565135));
#11339=CARTESIAN_POINT('Ctrl Pts',(-2.72252965516546,-1.38777878078145E-16,
92.0788350857436));
#11340=CARTESIAN_POINT('Ctrl Pts',(-2.72318564495752,-1.40091552957082E-16,
92.0935649368389));
#11341=CARTESIAN_POINT('Ctrl Pts',(-2.72372253364791,-4.46059722168469E-16,
92.1083007389807));
#11342=CARTESIAN_POINT('Ctrl Pts',(-2.72414065211642,-4.44089209850063E-16,
92.1230355192134));
#11343=CARTESIAN_POINT('Ctrl Pts',(-2.72678889385177,-4.31608553398269E-16,
92.2163613656239));
#11344=CARTESIAN_POINT('Ctrl Pts',(-2.72468008607114,2.21268101120024E-16,
92.309716572832));
#11345=CARTESIAN_POINT('Ctrl Pts',(-2.71793000825841,1.11022302462516E-16,
92.4027242615041));
#11346=CARTESIAN_POINT('Ctrl Pts',(-2.71118123310462,7.977795116624E-19,
92.4957140011538));
#11347=CARTESIAN_POINT('Ctrl Pts',(-2.69979262134653,-5.59270928272988E-16,
92.5883573284951));
#11348=CARTESIAN_POINT('Ctrl Pts',(-2.68382955775756,-5.55111512312578E-16,
92.6802647793189));
#11349=CARTESIAN_POINT('Ctrl Pts',(-2.66811275687638,-5.51016263799195E-16,
92.7707543708716));
#11350=CARTESIAN_POINT('Ctrl Pts',(-2.64796112221877,-3.82885778449888E-16,
92.8605314444323));
#11351=CARTESIAN_POINT('Ctrl Pts',(-2.62339431421288,-4.9960036108132E-16,
92.9491986097696));
#11352=CARTESIAN_POINT('Ctrl Pts',(-2.6153280619971,-5.37922362887103E-16,
92.978311538022));
#11353=CARTESIAN_POINT('Ctrl Pts',(-2.60678550448354,-5.32588932303917E-16,
93.0073045497406));
#11354=CARTESIAN_POINT('Ctrl Pts',(-2.59776642870156,-5.55111512312578E-16,
93.036162733146));
#11355=CARTESIAN_POINT('Ctrl Pts',(-2.59145951144528,-5.70861246758353E-16,
93.0563428690384));
#11356=CARTESIAN_POINT('Ctrl Pts',(-2.58491956689028,-1.52882117880331E-16,
93.0764570644002));
#11357=CARTESIAN_POINT('Ctrl Pts',(-2.57814639945473,-1.38777878078145E-16,
93.0965000768615));
#11358=CARTESIAN_POINT('Ctrl Pts',(-2.57273164125067,-1.27502348732723E-16,
93.1125233137283));
#11359=CARTESIAN_POINT('Ctrl Pts',(-2.56716735020517,5.18100382191958E-17,
93.1285021281107));
#11360=CARTESIAN_POINT('Ctrl Pts',(-2.56145950823639,2.77555756156289E-17,
93.1444174630313));
#11361=CARTESIAN_POINT('Ctrl Pts',(-2.53113877123439,-1.00024597401834E-16,
93.2289616194855));
#11362=CARTESIAN_POINT('Ctrl Pts',(-2.49673501557961,-3.39875144809491E-16,
93.3118247554668));
#11363=CARTESIAN_POINT('Ctrl Pts',(-2.45829046332665,-4.9960036108132E-16,
93.3926376549613));
#11364=CARTESIAN_POINT('Ctrl Pts',(-2.43210525375403,-6.08391802703281E-16,
93.4476806346665));
#11365=CARTESIAN_POINT('Ctrl Pts',(-2.40404456437277,-6.95753557331283E-16,
93.5017719573972));
#11366=CARTESIAN_POINT('Ctrl Pts',(-2.37411165171892,-8.88178419700125E-16,
93.5547855194396));
#11367=CARTESIAN_POINT('Ctrl Pts',(-2.35717175266391,-9.97077202184E-16,
93.5847874240297));
#11368=CARTESIAN_POINT('Ctrl Pts',(-2.33963208392652,-6.69497270328404E-16,
93.6144439950951));
#11369=CARTESIAN_POINT('Ctrl Pts',(-2.32149217712232,-6.10622663543836E-16,
93.6437310364209));
#11370=CARTESIAN_POINT('Ctrl Pts',(-2.30880424221804,-5.69442894184457E-16,
93.664215820488));
#11371=CARTESIAN_POINT('Ctrl Pts',(-2.29581979645669,4.59095049286499E-16,
93.6845238366509));
#11372=CARTESIAN_POINT('Ctrl Pts',(-2.28255540855959,3.88578058618805E-16,
93.7046216305503));
#11373=CARTESIAN_POINT('Ctrl Pts',(-2.23513553748469,1.36481495099026E-16,
93.7764707654664));
#11374=CARTESIAN_POINT('Ctrl Pts',(-2.18410724712214,1.96954642977088E-16,
93.845693160548));
#11375=CARTESIAN_POINT('Ctrl Pts',(-2.12948837946609,5.55111512312578E-17,
93.9119326786139));
#11376=CARTESIAN_POINT('Ctrl Pts',(-2.10543788689016,-6.77109287474673E-18,
93.9411001276264));
#11377=CARTESIAN_POINT('Ctrl Pts',(-2.08069077418095,-3.90688575403987E-16,
93.9696887158606));
#11378=CARTESIAN_POINT('Ctrl Pts',(-2.05524663004581,-3.33066907387547E-16,
93.997665433599));
#11379=CARTESIAN_POINT('Ctrl Pts',(-2.01114270889541,-2.32453272134826E-16,
94.0461592224499));
#11380=CARTESIAN_POINT('Ctrl Pts',(-1.96494467588047,-4.70097135356411E-16,
94.0928153885181));
#11381=CARTESIAN_POINT('Ctrl Pts',(-1.91679980705707,-3.88578058618805E-16,
94.1375636933471));
#11382=CARTESIAN_POINT('Origin',(5.38458166943201E-15,0.,92.5));
#11383=CARTESIAN_POINT('Origin',(5.55111512312578E-15,4.,92.5));
#11384=CARTESIAN_POINT('Origin',(-187.,0.,-107.));
#11385=CARTESIAN_POINT('Origin',(-187.,4.,-107.));
#11386=CARTESIAN_POINT('Origin',(187.,0.,-107.));
#11387=CARTESIAN_POINT('Origin',(187.,4.,-107.));
#11388=CARTESIAN_POINT('Origin',(26.,0.,-83.));
#11389=CARTESIAN_POINT('',(26.,0.,-83.));
#11390=CARTESIAN_POINT('',(26.,0.,-111.));
#11391=CARTESIAN_POINT('',(26.,0.,-36.25));
#11392=CARTESIAN_POINT('',(26.,1.5,-83.));
#11393=CARTESIAN_POINT('',(26.,0.,-83.));
#11394=CARTESIAN_POINT('',(26.,1.5,-111.));
#11395=CARTESIAN_POINT('',(26.,1.5,-112.));
#11396=CARTESIAN_POINT('',(26.,0.,-111.));
#11397=CARTESIAN_POINT('Origin',(-26.,0.,-83.));
#11398=CARTESIAN_POINT('',(-26.,0.,-83.));
#11399=CARTESIAN_POINT('',(-13.,0.,-83.));
#11400=CARTESIAN_POINT('',(-26.,1.5,-83.));
#11401=CARTESIAN_POINT('',(-26.,0.,-83.));
#11402=CARTESIAN_POINT('',(26.,1.5,-83.));
#11403=CARTESIAN_POINT('Origin',(-26.,0.,-111.));
#11404=CARTESIAN_POINT('',(-26.,0.,-111.));
#11405=CARTESIAN_POINT('',(-26.,0.,-50.25));
#11406=CARTESIAN_POINT('',(-26.,1.5,-111.));
#11407=CARTESIAN_POINT('',(-26.,0.,-111.));
#11408=CARTESIAN_POINT('',(-26.,1.5,-83.));
#11409=CARTESIAN_POINT('Origin',(26.,0.,-111.));
#11410=CARTESIAN_POINT('',(13.,0.,-111.));
#11411=CARTESIAN_POINT('',(-26.,1.5,-111.));
#11412=CARTESIAN_POINT('Origin',(0.,1.5,-97.));
#11413=CARTESIAN_POINT('Origin',(-30.,0.,-52.5));
#11414=CARTESIAN_POINT('',(-30.,0.,-52.5));
#11415=CARTESIAN_POINT('',(-30.,0.,52.5));
#11416=CARTESIAN_POINT('',(-30.,0.,-21.));
#11417=CARTESIAN_POINT('',(-30.,1.5,-52.5));
#11418=CARTESIAN_POINT('',(-30.,0.,-52.5));
#11419=CARTESIAN_POINT('',(-30.,1.5,52.5));
#11420=CARTESIAN_POINT('',(-30.,1.5,-52.5));
#11421=CARTESIAN_POINT('',(-30.,0.,52.5));
#11422=CARTESIAN_POINT('Origin',(30.,0.,-52.5));
#11423=CARTESIAN_POINT('',(30.,0.,-52.5));
#11424=CARTESIAN_POINT('',(15.,0.,-52.5));
#11425=CARTESIAN_POINT('',(30.,1.5,-52.5));
#11426=CARTESIAN_POINT('',(30.,0.,-52.5));
#11427=CARTESIAN_POINT('',(30.,1.5,-52.5));
#11428=CARTESIAN_POINT('Origin',(30.,0.,52.5));
#11429=CARTESIAN_POINT('',(30.,0.,52.5));
#11430=CARTESIAN_POINT('',(30.,0.,31.5));
#11431=CARTESIAN_POINT('',(30.,1.5,52.5));
#11432=CARTESIAN_POINT('',(30.,0.,52.5));
#11433=CARTESIAN_POINT('',(30.,1.5,52.5));
#11434=CARTESIAN_POINT('Origin',(-30.,0.,52.5));
#11435=CARTESIAN_POINT('',(-15.,0.,52.5));
#11436=CARTESIAN_POINT('',(-30.,1.5,52.5));
#11437=CARTESIAN_POINT('Origin',(-4.44089209850063E-15,1.5,8.88178419700125E-15));
#11438=CARTESIAN_POINT('Origin',(-46.,0.,-102.));
#11439=CARTESIAN_POINT('',(-46.,0.,-102.));
#11440=CARTESIAN_POINT('',(-182.,0.,-102.));
#11441=CARTESIAN_POINT('',(-23.,0.,-102.));
#11442=CARTESIAN_POINT('',(-46.,1.5,-102.));
#11443=CARTESIAN_POINT('',(-46.,0.,-102.));
#11444=CARTESIAN_POINT('',(-182.,1.5,-102.));
#11445=CARTESIAN_POINT('',(-182.,1.5,-102.));
#11446=CARTESIAN_POINT('',(-182.,0.,-102.));
#11447=CARTESIAN_POINT('Origin',(-46.,0.,-36.));
#11448=CARTESIAN_POINT('',(-46.,0.,-36.));
#11449=CARTESIAN_POINT('',(-46.,0.,-12.75));
#11450=CARTESIAN_POINT('',(-46.,1.5,-36.));
#11451=CARTESIAN_POINT('',(-46.,0.,-36.));
#11452=CARTESIAN_POINT('',(-46.,1.5,-102.));
#11453=CARTESIAN_POINT('Origin',(-182.,0.,-36.));
#11454=CARTESIAN_POINT('',(-182.,0.,-36.));
#11455=CARTESIAN_POINT('',(-91.,0.,-36.));
#11456=CARTESIAN_POINT('',(-182.,1.5,-36.));
#11457=CARTESIAN_POINT('',(-182.,0.,-36.));
#11458=CARTESIAN_POINT('',(-46.,1.5,-36.));
#11459=CARTESIAN_POINT('Origin',(-182.,0.,-102.));
#11460=CARTESIAN_POINT('',(-182.,0.,-45.75));
#11461=CARTESIAN_POINT('',(-182.,1.5,-36.));
#11462=CARTESIAN_POINT('Origin',(-114.,1.5,-69.));
#11463=CARTESIAN_POINT('Origin',(182.,0.,-59.));
#11464=CARTESIAN_POINT('',(182.,0.,-59.));
#11465=CARTESIAN_POINT('',(182.,0.,-102.));
#11466=CARTESIAN_POINT('',(182.,0.,-24.25));
#11467=CARTESIAN_POINT('',(182.,1.5,-59.));
#11468=CARTESIAN_POINT('',(182.,0.,-59.));
#11469=CARTESIAN_POINT('',(182.,1.5,-102.));
#11470=CARTESIAN_POINT('',(182.,1.5,-59.));
#11471=CARTESIAN_POINT('',(182.,0.,-102.));
#11472=CARTESIAN_POINT('Origin',(90.,0.,-59.));
#11473=CARTESIAN_POINT('',(90.,0.,-59.));
#11474=CARTESIAN_POINT('',(45.,0.,-59.));
#11475=CARTESIAN_POINT('',(90.,1.5,-59.));
#11476=CARTESIAN_POINT('',(90.,0.,-59.));
#11477=CARTESIAN_POINT('',(90.,1.5,-59.));
#11478=CARTESIAN_POINT('Origin',(90.,0.,-102.));
#11479=CARTESIAN_POINT('',(90.,0.,-102.));
#11480=CARTESIAN_POINT('',(90.,0.,-45.75));
#11481=CARTESIAN_POINT('',(90.,1.5,-102.));
#11482=CARTESIAN_POINT('',(90.,0.,-102.));
#11483=CARTESIAN_POINT('',(90.,1.5,-102.));
#11484=CARTESIAN_POINT('Origin',(182.,0.,-102.));
#11485=CARTESIAN_POINT('',(91.,0.,-102.));
#11486=CARTESIAN_POINT('',(182.,1.5,-102.));
#11487=CARTESIAN_POINT('Origin',(136.,1.5,-80.5));
#11488=CARTESIAN_POINT('Origin',(-192.,0.,-112.));
#11489=CARTESIAN_POINT('',(-192.,0.,135.));
#11490=CARTESIAN_POINT('',(-192.,0.,-112.));
#11491=CARTESIAN_POINT('',(-192.,0.,135.));
#11492=CARTESIAN_POINT('',(-192.,13.5,135.));
#11493=CARTESIAN_POINT('',(-192.,0.,135.));
#11494=CARTESIAN_POINT('',(-192.,13.5,-112.));
#11495=CARTESIAN_POINT('',(-192.,13.5,135.));
#11496=CARTESIAN_POINT('',(-192.,0.,-112.));
#11497=CARTESIAN_POINT('Origin',(192.,0.,-112.));
#11498=CARTESIAN_POINT('',(192.,0.,-112.));
#11499=CARTESIAN_POINT('',(-192.,0.,-112.));
#11500=CARTESIAN_POINT('',(192.,13.5,-112.));
#11501=CARTESIAN_POINT('',(-192.,13.5,-112.));
#11502=CARTESIAN_POINT('',(192.,0.,-112.));
#11503=CARTESIAN_POINT('Origin',(192.,0.,135.));
#11504=CARTESIAN_POINT('',(192.,0.,135.));
#11505=CARTESIAN_POINT('',(192.,0.,-112.));
#11506=CARTESIAN_POINT('',(192.,13.5,135.));
#11507=CARTESIAN_POINT('',(192.,13.5,-112.));
#11508=CARTESIAN_POINT('',(192.,0.,135.));
#11509=CARTESIAN_POINT('Origin',(187.,0.,-109.));
#11510=CARTESIAN_POINT('',(187.,8.5,135.));
#11511=CARTESIAN_POINT('',(187.,8.5,-109.));
#11512=CARTESIAN_POINT('',(187.,8.5,-109.));
#11513=CARTESIAN_POINT('',(187.,13.5,135.));
#11514=CARTESIAN_POINT('',(187.,0.,135.));
#11515=CARTESIAN_POINT('',(187.,13.5,-109.));
#11516=CARTESIAN_POINT('',(187.,13.5,-109.));
#11517=CARTESIAN_POINT('',(187.,0.,-109.));
#11518=CARTESIAN_POINT('Origin',(-187.,0.,-109.));
#11519=CARTESIAN_POINT('',(-187.,8.5,-109.));
#11520=CARTESIAN_POINT('',(-187.,8.5,-109.));
#11521=CARTESIAN_POINT('',(-187.,13.5,-109.));
#11522=CARTESIAN_POINT('',(-187.,13.5,-109.));
#11523=CARTESIAN_POINT('',(-187.,0.,-109.));
#11524=CARTESIAN_POINT('Origin',(-187.,0.,135.));
#11525=CARTESIAN_POINT('',(-187.,8.5,135.));
#11526=CARTESIAN_POINT('',(-187.,8.5,135.));
#11527=CARTESIAN_POINT('',(-187.,13.5,135.));
#11528=CARTESIAN_POINT('',(-187.,13.5,135.));
#11529=CARTESIAN_POINT('',(-187.,0.,135.));
#11530=CARTESIAN_POINT('Origin',(0.,13.5,11.5));
#11531=CARTESIAN_POINT('',(192.,13.5,135.));
#11532=CARTESIAN_POINT('',(192.,13.5,135.));
#11533=CARTESIAN_POINT('Origin',(157.,0.,-105.));
#11534=CARTESIAN_POINT('',(155.5,7.,-105.));
#11535=CARTESIAN_POINT('Origin',(157.,7.,-105.));
#11536=CARTESIAN_POINT('',(155.5,0.,-105.));
#11537=CARTESIAN_POINT('',(155.5,0.,-105.));
#11538=CARTESIAN_POINT('Origin',(157.,0.,-105.));
#11539=CARTESIAN_POINT('Origin',(150.,0.,-105.));
#11540=CARTESIAN_POINT('',(148.5,7.,-105.));
#11541=CARTESIAN_POINT('Origin',(150.,7.,-105.));
#11542=CARTESIAN_POINT('',(148.5,0.,-105.));
#11543=CARTESIAN_POINT('',(148.5,0.,-105.));
#11544=CARTESIAN_POINT('Origin',(150.,0.,-105.));
#11545=CARTESIAN_POINT('Origin',(153.5,7.,-105.));
#11546=CARTESIAN_POINT('',(147.,7.,-102.));
#11547=CARTESIAN_POINT('',(160.,7.,-102.));
#11548=CARTESIAN_POINT('',(160.,7.,-102.));
#11549=CARTESIAN_POINT('',(160.,7.,-108.));
#11550=CARTESIAN_POINT('',(160.,7.,-106.5));
#11551=CARTESIAN_POINT('',(147.,7.,-108.));
#11552=CARTESIAN_POINT('',(150.25,7.,-108.));
#11553=CARTESIAN_POINT('',(147.,7.,-103.5));
#11554=CARTESIAN_POINT('Origin',(147.,0.,-102.));
#11555=CARTESIAN_POINT('',(147.,8.5,-108.));
#11556=CARTESIAN_POINT('',(147.,0.,-108.));
#11557=CARTESIAN_POINT('',(147.,8.5,-102.));
#11558=CARTESIAN_POINT('',(147.,8.5,-102.));
#11559=CARTESIAN_POINT('',(147.,0.,-102.));
#11560=CARTESIAN_POINT('Origin',(147.,0.,-108.));
#11561=CARTESIAN_POINT('',(160.,8.5,-108.));
#11562=CARTESIAN_POINT('',(160.,0.,-108.));
#11563=CARTESIAN_POINT('',(147.,8.5,-108.));
#11564=CARTESIAN_POINT('Origin',(160.,0.,-108.));
#11565=CARTESIAN_POINT('',(160.,8.5,-102.));
#11566=CARTESIAN_POINT('',(160.,0.,-102.));
#11567=CARTESIAN_POINT('',(160.,8.5,-108.));
#11568=CARTESIAN_POINT('Origin',(-157.,0.,109.));
#11569=CARTESIAN_POINT('',(-158.5,7.,109.));
#11570=CARTESIAN_POINT('Origin',(-157.,7.,109.));
#11571=CARTESIAN_POINT('',(-158.5,0.,109.));
#11572=CARTESIAN_POINT('',(-158.5,0.,109.));
#11573=CARTESIAN_POINT('Origin',(-157.,0.,109.));
#11574=CARTESIAN_POINT('Origin',(-148.,0.,109.));
#11575=CARTESIAN_POINT('',(-149.5,7.,109.));
#11576=CARTESIAN_POINT('Origin',(-148.,7.,109.));
#11577=CARTESIAN_POINT('',(-149.5,0.,109.));
#11578=CARTESIAN_POINT('',(-149.5,0.,109.));
#11579=CARTESIAN_POINT('Origin',(-148.,0.,109.));
#11580=CARTESIAN_POINT('Origin',(-152.5,7.,109.));
#11581=CARTESIAN_POINT('',(-145.,7.,105.));
#11582=CARTESIAN_POINT('',(-160.,7.,105.));
#11583=CARTESIAN_POINT('',(180.,7.,105.));
#11584=CARTESIAN_POINT('',(-160.,7.,113.));
#11585=CARTESIAN_POINT('',(-160.,7.,111.));
#11586=CARTESIAN_POINT('',(-145.,7.,113.));
#11587=CARTESIAN_POINT('',(-148.75,7.,113.));
#11588=CARTESIAN_POINT('',(-145.,7.,107.));
#11589=CARTESIAN_POINT('Origin',(-145.,0.,105.));
#11590=CARTESIAN_POINT('',(-145.,8.5,113.));
#11591=CARTESIAN_POINT('',(-145.,0.,113.));
#11592=CARTESIAN_POINT('',(-145.,8.5,105.));
#11593=CARTESIAN_POINT('',(-145.,8.5,105.));
#11594=CARTESIAN_POINT('',(-145.,0.,105.));
#11595=CARTESIAN_POINT('Origin',(-145.,0.,113.));
#11596=CARTESIAN_POINT('',(-160.,8.5,113.));
#11597=CARTESIAN_POINT('',(-160.,0.,113.));
#11598=CARTESIAN_POINT('',(-145.,8.5,113.));
#11599=CARTESIAN_POINT('Origin',(-160.,0.,113.));
#11600=CARTESIAN_POINT('',(-160.,8.5,105.));
#11601=CARTESIAN_POINT('',(-160.,0.,105.));
#11602=CARTESIAN_POINT('',(-160.,8.5,113.));
#11603=CARTESIAN_POINT('Origin',(-157.,0.,-105.));
#11604=CARTESIAN_POINT('',(-158.5,7.,-105.));
#11605=CARTESIAN_POINT('Origin',(-157.,7.,-105.));
#11606=CARTESIAN_POINT('',(-158.5,0.,-105.));
#11607=CARTESIAN_POINT('',(-158.5,0.,-105.));
#11608=CARTESIAN_POINT('Origin',(-157.,0.,-105.));
#11609=CARTESIAN_POINT('Origin',(-150.,0.,-105.));
#11610=CARTESIAN_POINT('',(-151.5,7.,-105.));
#11611=CARTESIAN_POINT('Origin',(-150.,7.,-105.));
#11612=CARTESIAN_POINT('',(-151.5,0.,-105.));
#11613=CARTESIAN_POINT('',(-151.5,0.,-105.));
#11614=CARTESIAN_POINT('Origin',(-150.,0.,-105.));
#11615=CARTESIAN_POINT('Origin',(-153.5,7.,-105.));
#11616=CARTESIAN_POINT('',(-160.,7.,-102.));
#11617=CARTESIAN_POINT('',(-160.,7.,-108.));
#11618=CARTESIAN_POINT('',(-160.,7.,-103.5));
#11619=CARTESIAN_POINT('',(-147.,7.,-102.));
#11620=CARTESIAN_POINT('',(-160.,7.,-102.));
#11621=CARTESIAN_POINT('',(-147.,7.,-108.));
#11622=CARTESIAN_POINT('',(-147.,7.,-106.5));
#11623=CARTESIAN_POINT('',(-156.75,7.,-108.));
#11624=CARTESIAN_POINT('Origin',(-147.,0.,-108.));
#11625=CARTESIAN_POINT('',(-147.,8.5,-102.));
#11626=CARTESIAN_POINT('',(-147.,0.,-102.));
#11627=CARTESIAN_POINT('',(-147.,8.5,-108.));
#11628=CARTESIAN_POINT('',(-147.,8.5,-102.));
#11629=CARTESIAN_POINT('',(-147.,0.,-108.));
#11630=CARTESIAN_POINT('Origin',(157.,0.,109.));
#11631=CARTESIAN_POINT('',(155.5,7.,109.));
#11632=CARTESIAN_POINT('Origin',(157.,7.,109.));
#11633=CARTESIAN_POINT('',(155.5,0.,109.));
#11634=CARTESIAN_POINT('',(155.5,0.,109.));
#11635=CARTESIAN_POINT('Origin',(157.,0.,109.));
#11636=CARTESIAN_POINT('Origin',(148.,0.,109.));
#11637=CARTESIAN_POINT('',(146.5,7.,109.));
#11638=CARTESIAN_POINT('Origin',(148.,7.,109.));
#11639=CARTESIAN_POINT('',(146.5,0.,109.));
#11640=CARTESIAN_POINT('',(146.5,0.,109.));
#11641=CARTESIAN_POINT('Origin',(148.,0.,109.));
#11642=CARTESIAN_POINT('Origin',(152.5,7.,109.));
#11643=CARTESIAN_POINT('',(160.,7.,113.));
#11644=CARTESIAN_POINT('',(145.,7.,113.));
#11645=CARTESIAN_POINT('',(156.25,7.,113.));
#11646=CARTESIAN_POINT('',(160.,7.,105.));
#11647=CARTESIAN_POINT('',(160.,7.,107.));
#11648=CARTESIAN_POINT('',(145.,7.,105.));
#11649=CARTESIAN_POINT('',(180.,7.,105.));
#11650=CARTESIAN_POINT('',(145.,7.,111.));
#11651=CARTESIAN_POINT('Origin',(160.,0.,105.));
#11652=CARTESIAN_POINT('',(160.,8.5,113.));
#11653=CARTESIAN_POINT('',(160.,0.,113.));
#11654=CARTESIAN_POINT('',(160.,8.5,105.));
#11655=CARTESIAN_POINT('',(160.,8.5,113.));
#11656=CARTESIAN_POINT('',(160.,0.,105.));
#11657=CARTESIAN_POINT('Origin',(-147.,0.,-102.));
#11658=CARTESIAN_POINT('',(180.,5.,-102.));
#11659=CARTESIAN_POINT('',(-180.,5.,-102.));
#11660=CARTESIAN_POINT('',(-180.,5.,-102.));
#11661=CARTESIAN_POINT('',(180.,8.5,-102.));
#11662=CARTESIAN_POINT('',(180.,0.,-102.));
#11663=CARTESIAN_POINT('',(-180.,8.5,-102.));
#11664=CARTESIAN_POINT('',(-180.,8.5,-102.));
#11665=CARTESIAN_POINT('',(-160.,8.5,-102.));
#11666=CARTESIAN_POINT('',(-160.,0.,-102.));
#11667=CARTESIAN_POINT('',(-180.,8.5,-102.));
#11668=CARTESIAN_POINT('',(-180.,8.5,-102.));
#11669=CARTESIAN_POINT('',(-180.,0.,-102.));
#11670=CARTESIAN_POINT('Origin',(145.,0.,105.));
#11671=CARTESIAN_POINT('',(143.,5.,105.));
#11672=CARTESIAN_POINT('',(180.,5.,105.));
#11673=CARTESIAN_POINT('',(180.,5.,105.));
#11674=CARTESIAN_POINT('',(143.,8.5,105.));
#11675=CARTESIAN_POINT('',(143.,0.,105.));
#11676=CARTESIAN_POINT('',(145.,8.5,105.));
#11677=CARTESIAN_POINT('',(180.,8.5,105.));
#11678=CARTESIAN_POINT('',(145.,0.,105.));
#11679=CARTESIAN_POINT('',(180.,8.5,105.));
#11680=CARTESIAN_POINT('',(180.,8.5,105.));
#11681=CARTESIAN_POINT('',(180.,0.,105.));
#11682=CARTESIAN_POINT('Origin',(-146.5,0.,119.5));
#11683=CARTESIAN_POINT('',(-148.5,8.5,119.5));
#11684=CARTESIAN_POINT('Origin',(-146.5,8.5,119.5));
#11685=CARTESIAN_POINT('',(-148.5,0.,119.5));
#11686=CARTESIAN_POINT('',(-148.5,0.,119.5));
#11687=CARTESIAN_POINT('Origin',(-146.5,0.,119.5));
#11688=CARTESIAN_POINT('Origin',(145.5,0.,120.5));
#11689=CARTESIAN_POINT('',(143.75,8.5,120.5));
#11690=CARTESIAN_POINT('Origin',(145.5,8.5,120.5));
#11691=CARTESIAN_POINT('',(143.75,0.,120.5));
#11692=CARTESIAN_POINT('',(143.75,0.,120.5));
#11693=CARTESIAN_POINT('Origin',(145.5,0.,120.5));
#11694=CARTESIAN_POINT('Origin',(160.,0.,113.));
#11695=CARTESIAN_POINT('',(145.,8.5,113.));
#11696=CARTESIAN_POINT('',(145.,0.,113.));
#11697=CARTESIAN_POINT('',(145.,8.5,113.));
#11698=CARTESIAN_POINT('Origin',(180.,0.,-102.));
#11699=CARTESIAN_POINT('',(180.,5.,-102.));
#11700=CARTESIAN_POINT('',(180.,8.5,-102.));
#11701=CARTESIAN_POINT('Origin',(-160.,0.,-108.));
#11702=CARTESIAN_POINT('',(-160.,8.5,-108.));
#11703=CARTESIAN_POINT('',(-147.,8.5,-108.));
#11704=CARTESIAN_POINT('',(-160.,0.,-108.));
#11705=CARTESIAN_POINT('Origin',(-160.,0.,-102.));
#11706=CARTESIAN_POINT('',(-160.,8.5,-108.));
#11707=CARTESIAN_POINT('Origin',(-180.,0.,105.));
#11708=CARTESIAN_POINT('',(-180.,5.,105.));
#11709=CARTESIAN_POINT('',(-180.,5.,105.));
#11710=CARTESIAN_POINT('',(-180.,8.5,105.));
#11711=CARTESIAN_POINT('',(-180.,8.5,105.));
#11712=CARTESIAN_POINT('',(-180.,0.,105.));
#11713=CARTESIAN_POINT('Origin',(-143.,0.,105.));
#11714=CARTESIAN_POINT('',(-143.,5.,105.));
#11715=CARTESIAN_POINT('',(180.,5.,105.));
#11716=CARTESIAN_POINT('',(180.,8.5,105.));
#11717=CARTESIAN_POINT('',(-143.,8.5,105.));
#11718=CARTESIAN_POINT('',(180.,8.5,105.));
#11719=CARTESIAN_POINT('',(-143.,0.,105.));
#11720=CARTESIAN_POINT('Origin',(-143.,0.,123.));
#11721=CARTESIAN_POINT('',(-143.,5.,123.));
#11722=CARTESIAN_POINT('',(-143.,5.,123.));
#11723=CARTESIAN_POINT('',(-143.,8.5,123.));
#11724=CARTESIAN_POINT('',(-143.,8.5,123.));
#11725=CARTESIAN_POINT('',(-143.,0.,123.));
#11726=CARTESIAN_POINT('Origin',(143.,0.,123.));
#11727=CARTESIAN_POINT('',(143.,5.,123.));
#11728=CARTESIAN_POINT('',(143.,5.,123.));
#11729=CARTESIAN_POINT('',(143.,8.5,123.));
#11730=CARTESIAN_POINT('',(143.,8.5,123.));
#11731=CARTESIAN_POINT('',(143.,0.,123.));
#11732=CARTESIAN_POINT('Origin',(143.,0.,105.));
#11733=CARTESIAN_POINT('',(143.,5.,105.));
#11734=CARTESIAN_POINT('',(143.,8.5,105.));
#11735=CARTESIAN_POINT('Origin',(145.,0.,113.));
#11736=CARTESIAN_POINT('',(145.,8.5,105.));
#11737=CARTESIAN_POINT('Origin',(-163.5,0.,131.5));
#11738=CARTESIAN_POINT('',(-165.25,8.5,131.5));
#11739=CARTESIAN_POINT('Origin',(-163.5,8.5,131.5));
#11740=CARTESIAN_POINT('',(-165.25,0.,131.5));
#11741=CARTESIAN_POINT('',(-165.25,0.,131.5));
#11742=CARTESIAN_POINT('Origin',(-163.5,0.,131.5));
#11743=CARTESIAN_POINT('Origin',(-147.5,0.,129.5));
#11744=CARTESIAN_POINT('',(-149.5,8.5,129.5));
#11745=CARTESIAN_POINT('Origin',(-147.5,8.5,129.5));
#11746=CARTESIAN_POINT('',(-149.5,0.,129.5));
#11747=CARTESIAN_POINT('',(-149.5,0.,129.5));
#11748=CARTESIAN_POINT('Origin',(-147.5,0.,129.5));
#11749=CARTESIAN_POINT('Origin',(146.5,0.,130.5));
#11750=CARTESIAN_POINT('',(144.75,8.5,130.5));
#11751=CARTESIAN_POINT('Origin',(146.5,8.5,130.5));
#11752=CARTESIAN_POINT('',(144.75,0.,130.5));
#11753=CARTESIAN_POINT('',(144.75,0.,130.5));
#11754=CARTESIAN_POINT('Origin',(146.5,0.,130.5));
#11755=CARTESIAN_POINT('Origin',(161.5,0.,131.5));
#11756=CARTESIAN_POINT('',(159.75,8.5,131.5));
#11757=CARTESIAN_POINT('Origin',(161.5,8.5,131.5));
#11758=CARTESIAN_POINT('',(159.75,0.,131.5));
#11759=CARTESIAN_POINT('',(159.75,0.,131.5));
#11760=CARTESIAN_POINT('Origin',(161.5,0.,131.5));
#11761=CARTESIAN_POINT('Origin',(-187.,0.,135.));
#11762=CARTESIAN_POINT('',(187.,0.,135.));
#11763=CARTESIAN_POINT('',(187.,8.5,135.));
#11764=CARTESIAN_POINT('Origin',(3.5527136788005E-14,8.5,13.));
#11765=CARTESIAN_POINT('Origin',(0.,5.,10.5));
#11766=CARTESIAN_POINT('Origin',(0.,0.,10.5));
#11767=CARTESIAN_POINT('Origin',(184.5,0.,392.707343793655));
#11768=CARTESIAN_POINT('',(184.5,0.,173.707343793685));
#11769=CARTESIAN_POINT('',(184.5,0.,392.707343793655));
#11770=CARTESIAN_POINT('',(184.5,0.,338.457343793663));
#11771=CARTESIAN_POINT('',(184.5,-1.5,173.707343793685));
#11772=CARTESIAN_POINT('',(184.5,0.,173.707343793685));
#11773=CARTESIAN_POINT('',(184.5,-1.5,392.707343793655));
#11774=CARTESIAN_POINT('',(184.5,-1.5,392.707343793655));
#11775=CARTESIAN_POINT('',(184.5,0.,392.707343793655));
#11776=CARTESIAN_POINT('Origin',(-184.5,0.,392.707343793655));
#11777=CARTESIAN_POINT('',(-184.5,0.,392.707343793655));
#11778=CARTESIAN_POINT('',(-92.25,0.,392.707343793655));
#11779=CARTESIAN_POINT('',(-184.5,-1.5,392.707343793655));
#11780=CARTESIAN_POINT('',(-184.5,-1.5,392.707343793655));
#11781=CARTESIAN_POINT('',(-184.5,0.,392.707343793655));
#11782=CARTESIAN_POINT('Origin',(-184.5,0.,173.707343793686));
#11783=CARTESIAN_POINT('',(-184.5,0.,173.707343793686));
#11784=CARTESIAN_POINT('',(-184.5,0.,228.957343793678));
#11785=CARTESIAN_POINT('',(-184.5,-1.5,173.707343793686));
#11786=CARTESIAN_POINT('',(-184.5,-1.5,173.707343793686));
#11787=CARTESIAN_POINT('',(-184.5,0.,173.707343793686));
#11788=CARTESIAN_POINT('Origin',(0.,-1.5,284.20734379367));
#11789=CARTESIAN_POINT('',(-187.5,-1.5,173.70734379367));
#11790=CARTESIAN_POINT('',(-187.5,-1.5,173.70734379367));
#11791=CARTESIAN_POINT('',(187.5,-1.5,173.707343793685));
#11792=CARTESIAN_POINT('',(-187.5,-1.5,173.70734379367));
#11793=CARTESIAN_POINT('',(187.5,-1.5,394.707343793655));
#11794=CARTESIAN_POINT('',(187.5,-1.5,173.707343793685));
#11795=CARTESIAN_POINT('',(-187.5,-1.5,394.70734379367));
#11796=CARTESIAN_POINT('',(187.5,-1.5,394.707343793655));
#11797=CARTESIAN_POINT('',(-187.5,-1.5,394.70734379367));
#11798=CARTESIAN_POINT('Origin',(0.,0.,284.20734379367));
#11799=CARTESIAN_POINT('',(-187.5,0.,173.70734379367));
#11800=CARTESIAN_POINT('',(175.,0.,384.707343793655));
#11801=CARTESIAN_POINT('',(-175.,0.,384.707343793655));
#11802=CARTESIAN_POINT('',(175.,0.,384.707343793655));
#11803=CARTESIAN_POINT('',(175.,0.,188.70734379367));
#11804=CARTESIAN_POINT('',(175.,0.,188.70734379367));
#11805=CARTESIAN_POINT('',(-175.,0.,188.70734379367));
#11806=CARTESIAN_POINT('',(-175.,0.,188.70734379367));
#11807=CARTESIAN_POINT('',(-175.,0.,384.707343793655));
#11808=CARTESIAN_POINT('Origin',(175.,0.,188.70734379367));
#11809=CARTESIAN_POINT('',(175.,1.,384.707343793655));
#11810=CARTESIAN_POINT('',(175.,0.,384.707343793655));
#11811=CARTESIAN_POINT('',(175.,1.,188.70734379367));
#11812=CARTESIAN_POINT('',(175.,1.,188.70734379367));
#11813=CARTESIAN_POINT('',(175.,0.,188.70734379367));
#11814=CARTESIAN_POINT('Origin',(-175.,0.,188.70734379367));
#11815=CARTESIAN_POINT('',(-175.,1.,188.70734379367));
#11816=CARTESIAN_POINT('',(-175.,1.,188.70734379367));
#11817=CARTESIAN_POINT('',(-175.,0.,188.70734379367));
#11818=CARTESIAN_POINT('Origin',(-175.,0.,384.707343793655));
#11819=CARTESIAN_POINT('',(-175.,1.,384.707343793655));
#11820=CARTESIAN_POINT('',(-175.,1.,384.707343793655));
#11821=CARTESIAN_POINT('',(-175.,0.,384.707343793655));
#11822=CARTESIAN_POINT('Origin',(175.,0.,384.707343793655));
#11823=CARTESIAN_POINT('',(175.,1.,384.707343793655));
#11824=CARTESIAN_POINT('Origin',(187.5,0.,394.707343793655));
#11825=CARTESIAN_POINT('',(187.5,1.,173.707343793685));
#11826=CARTESIAN_POINT('',(187.5,0.,173.707343793685));
#11827=CARTESIAN_POINT('',(187.5,1.,394.707343793655));
#11828=CARTESIAN_POINT('',(187.5,1.,173.707343793685));
#11829=CARTESIAN_POINT('',(187.5,0.,394.707343793655));
#11830=CARTESIAN_POINT('Origin',(-187.5,0.,394.70734379367));
#11831=CARTESIAN_POINT('',(-187.5,1.,394.70734379367));
#11832=CARTESIAN_POINT('',(187.5,1.,394.707343793655));
#11833=CARTESIAN_POINT('',(-187.5,0.,394.70734379367));
#11834=CARTESIAN_POINT('Origin',(-187.5,0.,173.70734379367));
#11835=CARTESIAN_POINT('',(-187.5,1.,173.70734379367));
#11836=CARTESIAN_POINT('',(-187.5,1.,394.70734379367));
#11837=CARTESIAN_POINT('',(-187.5,0.,173.70734379367));
#11838=CARTESIAN_POINT('Origin',(187.5,0.,173.707343793685));
#11839=CARTESIAN_POINT('',(-187.5,1.,173.70734379367));
#11840=CARTESIAN_POINT('Origin',(0.,1.,284.20734379367));
#11841=CARTESIAN_POINT('Origin',(-138.888888888889,-47.,-218.5));
#11842=CARTESIAN_POINT('',(-139.888888888889,-47.,-218.5));
#11843=CARTESIAN_POINT('Origin',(-138.888888888889,-47.,-218.5));
#11844=CARTESIAN_POINT('',(-139.888888888889,-45.,-218.5));
#11845=CARTESIAN_POINT('',(-139.888888888889,-47.,-218.5));
#11846=CARTESIAN_POINT('Origin',(-138.888888888889,-45.,-218.5));
#11847=CARTESIAN_POINT('Origin',(-105.555555555556,-47.,-218.5));
#11848=CARTESIAN_POINT('',(-106.555555555556,-47.,-218.5));
#11849=CARTESIAN_POINT('Origin',(-105.555555555556,-47.,-218.5));
#11850=CARTESIAN_POINT('',(-106.555555555556,-45.,-218.5));
#11851=CARTESIAN_POINT('',(-106.555555555556,-47.,-218.5));
#11852=CARTESIAN_POINT('Origin',(-105.555555555556,-45.,-218.5));
#11853=CARTESIAN_POINT('Origin',(-111.111111111111,-47.,-228.5));
#11854=CARTESIAN_POINT('',(-112.111111111111,-47.,-228.5));
#11855=CARTESIAN_POINT('Origin',(-111.111111111111,-47.,-228.5));
#11856=CARTESIAN_POINT('',(-112.111111111111,-45.,-228.5));
#11857=CARTESIAN_POINT('',(-112.111111111111,-47.,-228.5));
#11858=CARTESIAN_POINT('Origin',(-111.111111111111,-45.,-228.5));
#11859=CARTESIAN_POINT('Origin',(-127.777777777778,-47.,-218.5));
#11860=CARTESIAN_POINT('',(-128.777777777778,-47.,-218.5));
#11861=CARTESIAN_POINT('Origin',(-127.777777777778,-47.,-218.5));
#11862=CARTESIAN_POINT('',(-128.777777777778,-45.,-218.5));
#11863=CARTESIAN_POINT('',(-128.777777777778,-47.,-218.5));
#11864=CARTESIAN_POINT('Origin',(-127.777777777778,-45.,-218.5));
#11865=CARTESIAN_POINT('Origin',(-100.,-47.,-223.5));
#11866=CARTESIAN_POINT('',(-101.,-47.,-223.5));
#11867=CARTESIAN_POINT('Origin',(-100.,-47.,-223.5));
#11868=CARTESIAN_POINT('',(-101.,-45.,-223.5));
#11869=CARTESIAN_POINT('',(-101.,-47.,-223.5));
#11870=CARTESIAN_POINT('Origin',(-100.,-45.,-223.5));
#11871=CARTESIAN_POINT('Origin',(-144.444444444445,-47.,-218.5));
#11872=CARTESIAN_POINT('',(-145.444444444445,-47.,-218.5));
#11873=CARTESIAN_POINT('Origin',(-144.444444444445,-47.,-218.5));
#11874=CARTESIAN_POINT('',(-145.444444444445,-45.,-218.5));
#11875=CARTESIAN_POINT('',(-145.444444444445,-47.,-218.5));
#11876=CARTESIAN_POINT('Origin',(-144.444444444445,-45.,-218.5));
#11877=CARTESIAN_POINT('Origin',(-100.,-47.,-238.5));
#11878=CARTESIAN_POINT('',(-101.,-47.,-238.5));
#11879=CARTESIAN_POINT('Origin',(-100.,-47.,-238.5));
#11880=CARTESIAN_POINT('',(-101.,-45.,-238.5));
#11881=CARTESIAN_POINT('',(-101.,-47.,-238.5));
#11882=CARTESIAN_POINT('Origin',(-100.,-45.,-238.5));
#11883=CARTESIAN_POINT('Origin',(-116.666666666667,-47.,-238.5));
#11884=CARTESIAN_POINT('',(-117.666666666667,-47.,-238.5));
#11885=CARTESIAN_POINT('Origin',(-116.666666666667,-47.,-238.5));
#11886=CARTESIAN_POINT('',(-117.666666666667,-45.,-238.5));
#11887=CARTESIAN_POINT('',(-117.666666666667,-47.,-238.5));
#11888=CARTESIAN_POINT('Origin',(-116.666666666667,-45.,-238.5));
#11889=CARTESIAN_POINT('Origin',(-150.,-47.,-238.5));
#11890=CARTESIAN_POINT('',(-151.,-47.,-238.5));
#11891=CARTESIAN_POINT('Origin',(-150.,-47.,-238.5));
#11892=CARTESIAN_POINT('',(-151.,-45.,-238.5));
#11893=CARTESIAN_POINT('',(-151.,-47.,-238.5));
#11894=CARTESIAN_POINT('Origin',(-150.,-45.,-238.5));
#11895=CARTESIAN_POINT('Origin',(-144.444444444445,-47.,-228.5));
#11896=CARTESIAN_POINT('',(-145.444444444445,-47.,-228.5));
#11897=CARTESIAN_POINT('Origin',(-144.444444444445,-47.,-228.5));
#11898=CARTESIAN_POINT('',(-145.444444444445,-45.,-228.5));
#11899=CARTESIAN_POINT('',(-145.444444444445,-47.,-228.5));
#11900=CARTESIAN_POINT('Origin',(-144.444444444445,-45.,-228.5));
#11901=CARTESIAN_POINT('Origin',(-150.,-47.,-233.5));
#11902=CARTESIAN_POINT('',(-151.,-47.,-233.5));
#11903=CARTESIAN_POINT('Origin',(-150.,-47.,-233.5));
#11904=CARTESIAN_POINT('',(-151.,-45.,-233.5));
#11905=CARTESIAN_POINT('',(-151.,-47.,-233.5));
#11906=CARTESIAN_POINT('Origin',(-150.,-45.,-233.5));
#11907=CARTESIAN_POINT('Origin',(-138.888888888889,-47.,-233.5));
#11908=CARTESIAN_POINT('',(-139.888888888889,-47.,-233.5));
#11909=CARTESIAN_POINT('Origin',(-138.888888888889,-47.,-233.5));
#11910=CARTESIAN_POINT('',(-139.888888888889,-45.,-233.5));
#11911=CARTESIAN_POINT('',(-139.888888888889,-47.,-233.5));
#11912=CARTESIAN_POINT('Origin',(-138.888888888889,-45.,-233.5));
#11913=CARTESIAN_POINT('Origin',(127.777777777778,-47.,-238.5));
#11914=CARTESIAN_POINT('',(126.777777777778,-47.,-238.5));
#11915=CARTESIAN_POINT('Origin',(127.777777777778,-47.,-238.5));
#11916=CARTESIAN_POINT('',(126.777777777778,-45.,-238.5));
#11917=CARTESIAN_POINT('',(126.777777777778,-47.,-238.5));
#11918=CARTESIAN_POINT('Origin',(127.777777777778,-45.,-238.5));
#11919=CARTESIAN_POINT('Origin',(99.9999999999999,-47.,-238.5));
#11920=CARTESIAN_POINT('',(98.9999999999999,-47.,-238.5));
#11921=CARTESIAN_POINT('Origin',(99.9999999999999,-47.,-238.5));
#11922=CARTESIAN_POINT('',(98.9999999999999,-45.,-238.5));
#11923=CARTESIAN_POINT('',(98.9999999999999,-47.,-238.5));
#11924=CARTESIAN_POINT('Origin',(99.9999999999999,-45.,-238.5));
#11925=CARTESIAN_POINT('Origin',(116.666666666667,-47.,-238.5));
#11926=CARTESIAN_POINT('',(115.666666666667,-47.,-238.5));
#11927=CARTESIAN_POINT('Origin',(116.666666666667,-47.,-238.5));
#11928=CARTESIAN_POINT('',(115.666666666667,-45.,-238.5));
#11929=CARTESIAN_POINT('',(115.666666666667,-47.,-238.5));
#11930=CARTESIAN_POINT('Origin',(116.666666666667,-45.,-238.5));
#11931=CARTESIAN_POINT('Origin',(150.,-47.,-233.5));
#11932=CARTESIAN_POINT('',(149.,-47.,-233.5));
#11933=CARTESIAN_POINT('Origin',(150.,-47.,-233.5));
#11934=CARTESIAN_POINT('',(149.,-45.,-233.5));
#11935=CARTESIAN_POINT('',(149.,-47.,-233.5));
#11936=CARTESIAN_POINT('Origin',(150.,-45.,-233.5));
#11937=CARTESIAN_POINT('Origin',(99.9999999999999,-47.,-228.5));
#11938=CARTESIAN_POINT('',(98.9999999999999,-47.,-228.5));
#11939=CARTESIAN_POINT('Origin',(99.9999999999999,-47.,-228.5));
#11940=CARTESIAN_POINT('',(98.9999999999999,-45.,-228.5));
#11941=CARTESIAN_POINT('',(98.9999999999999,-47.,-228.5));
#11942=CARTESIAN_POINT('Origin',(99.9999999999999,-45.,-228.5));
#11943=CARTESIAN_POINT('Origin',(111.111111111111,-47.,-223.5));
#11944=CARTESIAN_POINT('',(110.111111111111,-47.,-223.5));
#11945=CARTESIAN_POINT('Origin',(111.111111111111,-47.,-223.5));
#11946=CARTESIAN_POINT('',(110.111111111111,-45.,-223.5));
#11947=CARTESIAN_POINT('',(110.111111111111,-47.,-223.5));
#11948=CARTESIAN_POINT('Origin',(111.111111111111,-45.,-223.5));
#11949=CARTESIAN_POINT('Origin',(144.444444444444,-47.,-223.5));
#11950=CARTESIAN_POINT('',(143.444444444444,-47.,-223.5));
#11951=CARTESIAN_POINT('Origin',(144.444444444444,-47.,-223.5));
#11952=CARTESIAN_POINT('',(143.444444444444,-45.,-223.5));
#11953=CARTESIAN_POINT('',(143.444444444444,-47.,-223.5));
#11954=CARTESIAN_POINT('Origin',(144.444444444444,-45.,-223.5));
#11955=CARTESIAN_POINT('Origin',(144.444444444444,-47.,-238.5));
#11956=CARTESIAN_POINT('',(143.444444444444,-47.,-238.5));
#11957=CARTESIAN_POINT('Origin',(144.444444444444,-47.,-238.5));
#11958=CARTESIAN_POINT('',(143.444444444444,-45.,-238.5));
#11959=CARTESIAN_POINT('',(143.444444444444,-47.,-238.5));
#11960=CARTESIAN_POINT('Origin',(144.444444444444,-45.,-238.5));
#11961=CARTESIAN_POINT('Origin',(105.555555555555,-47.,-223.5));
#11962=CARTESIAN_POINT('',(104.555555555555,-47.,-223.5));
#11963=CARTESIAN_POINT('Origin',(105.555555555555,-47.,-223.5));
#11964=CARTESIAN_POINT('',(104.555555555555,-45.,-223.5));
#11965=CARTESIAN_POINT('',(104.555555555555,-47.,-223.5));
#11966=CARTESIAN_POINT('Origin',(105.555555555555,-45.,-223.5));
#11967=CARTESIAN_POINT('Origin',(122.222222222222,-47.,-238.5));
#11968=CARTESIAN_POINT('',(121.222222222222,-47.,-238.5));
#11969=CARTESIAN_POINT('Origin',(122.222222222222,-47.,-238.5));
#11970=CARTESIAN_POINT('',(121.222222222222,-45.,-238.5));
#11971=CARTESIAN_POINT('',(121.222222222222,-47.,-238.5));
#11972=CARTESIAN_POINT('Origin',(122.222222222222,-45.,-238.5));
#11973=CARTESIAN_POINT('Origin',(111.111111111111,-47.,-218.5));
#11974=CARTESIAN_POINT('',(110.111111111111,-47.,-218.5));
#11975=CARTESIAN_POINT('Origin',(111.111111111111,-47.,-218.5));
#11976=CARTESIAN_POINT('',(110.111111111111,-45.,-218.5));
#11977=CARTESIAN_POINT('',(110.111111111111,-47.,-218.5));
#11978=CARTESIAN_POINT('Origin',(111.111111111111,-45.,-218.5));
#11979=CARTESIAN_POINT('Origin',(122.222222222222,-47.,-218.5));
#11980=CARTESIAN_POINT('',(121.222222222222,-47.,-218.5));
#11981=CARTESIAN_POINT('Origin',(122.222222222222,-47.,-218.5));
#11982=CARTESIAN_POINT('',(121.222222222222,-45.,-218.5));
#11983=CARTESIAN_POINT('',(121.222222222222,-47.,-218.5));
#11984=CARTESIAN_POINT('Origin',(122.222222222222,-45.,-218.5));
#11985=CARTESIAN_POINT('Origin',(105.555555555555,-47.,-218.5));
#11986=CARTESIAN_POINT('',(104.555555555555,-47.,-218.5));
#11987=CARTESIAN_POINT('Origin',(105.555555555555,-47.,-218.5));
#11988=CARTESIAN_POINT('',(104.555555555555,-45.,-218.5));
#11989=CARTESIAN_POINT('',(104.555555555555,-47.,-218.5));
#11990=CARTESIAN_POINT('Origin',(105.555555555555,-45.,-218.5));
#11991=CARTESIAN_POINT('Origin',(99.9999999999999,-47.,-218.5));
#11992=CARTESIAN_POINT('',(98.9999999999999,-47.,-218.5));
#11993=CARTESIAN_POINT('Origin',(99.9999999999999,-47.,-218.5));
#11994=CARTESIAN_POINT('',(98.9999999999999,-45.,-218.5));
#11995=CARTESIAN_POINT('',(98.9999999999999,-47.,-218.5));
#11996=CARTESIAN_POINT('Origin',(99.9999999999999,-45.,-218.5));
#11997=CARTESIAN_POINT('Origin',(116.666666666667,-47.,-218.5));
#11998=CARTESIAN_POINT('',(115.666666666667,-47.,-218.5));
#11999=CARTESIAN_POINT('Origin',(116.666666666667,-47.,-218.5));
#12000=CARTESIAN_POINT('',(115.666666666667,-45.,-218.5));
#12001=CARTESIAN_POINT('',(115.666666666667,-47.,-218.5));
#12002=CARTESIAN_POINT('Origin',(116.666666666667,-45.,-218.5));
#12003=CARTESIAN_POINT('Origin',(138.888888888889,-47.,-218.5));
#12004=CARTESIAN_POINT('',(137.888888888889,-47.,-218.5));
#12005=CARTESIAN_POINT('Origin',(138.888888888889,-47.,-218.5));
#12006=CARTESIAN_POINT('',(137.888888888889,-45.,-218.5));
#12007=CARTESIAN_POINT('',(137.888888888889,-47.,-218.5));
#12008=CARTESIAN_POINT('Origin',(138.888888888889,-45.,-218.5));
#12009=CARTESIAN_POINT('Origin',(105.555555555555,-47.,-233.5));
#12010=CARTESIAN_POINT('',(104.555555555555,-47.,-233.5));
#12011=CARTESIAN_POINT('Origin',(105.555555555555,-47.,-233.5));
#12012=CARTESIAN_POINT('',(104.555555555555,-45.,-233.5));
#12013=CARTESIAN_POINT('',(104.555555555555,-47.,-233.5));
#12014=CARTESIAN_POINT('Origin',(105.555555555555,-45.,-233.5));
#12015=CARTESIAN_POINT('Origin',(105.555555555555,-47.,-228.5));
#12016=CARTESIAN_POINT('',(104.555555555555,-47.,-228.5));
#12017=CARTESIAN_POINT('Origin',(105.555555555555,-47.,-228.5));
#12018=CARTESIAN_POINT('',(104.555555555555,-45.,-228.5));
#12019=CARTESIAN_POINT('',(104.555555555555,-47.,-228.5));
#12020=CARTESIAN_POINT('Origin',(105.555555555555,-45.,-228.5));
#12021=CARTESIAN_POINT('Origin',(138.888888888889,-47.,-228.5));
#12022=CARTESIAN_POINT('',(137.888888888889,-47.,-228.5));
#12023=CARTESIAN_POINT('Origin',(138.888888888889,-47.,-228.5));
#12024=CARTESIAN_POINT('',(137.888888888889,-45.,-228.5));
#12025=CARTESIAN_POINT('',(137.888888888889,-47.,-228.5));
#12026=CARTESIAN_POINT('Origin',(138.888888888889,-45.,-228.5));
#12027=CARTESIAN_POINT('Origin',(133.333333333333,-47.,-223.5));
#12028=CARTESIAN_POINT('',(132.333333333333,-47.,-223.5));
#12029=CARTESIAN_POINT('Origin',(133.333333333333,-47.,-223.5));
#12030=CARTESIAN_POINT('',(132.333333333333,-45.,-223.5));
#12031=CARTESIAN_POINT('',(132.333333333333,-47.,-223.5));
#12032=CARTESIAN_POINT('Origin',(133.333333333333,-45.,-223.5));
#12033=CARTESIAN_POINT('Origin',(122.222222222222,-47.,-228.5));
#12034=CARTESIAN_POINT('',(121.222222222222,-47.,-228.5));
#12035=CARTESIAN_POINT('Origin',(122.222222222222,-47.,-228.5));
#12036=CARTESIAN_POINT('',(121.222222222222,-45.,-228.5));
#12037=CARTESIAN_POINT('',(121.222222222222,-47.,-228.5));
#12038=CARTESIAN_POINT('Origin',(122.222222222222,-45.,-228.5));
#12039=CARTESIAN_POINT('Origin',(138.888888888889,-47.,-223.5));
#12040=CARTESIAN_POINT('',(137.888888888889,-47.,-223.5));
#12041=CARTESIAN_POINT('Origin',(138.888888888889,-47.,-223.5));
#12042=CARTESIAN_POINT('',(137.888888888889,-45.,-223.5));
#12043=CARTESIAN_POINT('',(137.888888888889,-47.,-223.5));
#12044=CARTESIAN_POINT('Origin',(138.888888888889,-45.,-223.5));
#12045=CARTESIAN_POINT('Origin',(99.9999999999999,-47.,-233.5));
#12046=CARTESIAN_POINT('',(98.9999999999999,-47.,-233.5));
#12047=CARTESIAN_POINT('Origin',(99.9999999999999,-47.,-233.5));
#12048=CARTESIAN_POINT('',(98.9999999999999,-45.,-233.5));
#12049=CARTESIAN_POINT('',(98.9999999999999,-47.,-233.5));
#12050=CARTESIAN_POINT('Origin',(99.9999999999999,-45.,-233.5));
#12051=CARTESIAN_POINT('Origin',(105.555555555555,-47.,-238.5));
#12052=CARTESIAN_POINT('',(104.555555555555,-47.,-238.5));
#12053=CARTESIAN_POINT('Origin',(105.555555555555,-47.,-238.5));
#12054=CARTESIAN_POINT('',(104.555555555555,-45.,-238.5));
#12055=CARTESIAN_POINT('',(104.555555555555,-47.,-238.5));
#12056=CARTESIAN_POINT('Origin',(105.555555555555,-45.,-238.5));
#12057=CARTESIAN_POINT('Origin',(127.777777777778,-47.,-233.5));
#12058=CARTESIAN_POINT('',(126.777777777778,-47.,-233.5));
#12059=CARTESIAN_POINT('Origin',(127.777777777778,-47.,-233.5));
#12060=CARTESIAN_POINT('',(126.777777777778,-45.,-233.5));
#12061=CARTESIAN_POINT('',(126.777777777778,-47.,-233.5));
#12062=CARTESIAN_POINT('Origin',(127.777777777778,-45.,-233.5));
#12063=CARTESIAN_POINT('Origin',(-150.,-47.,-218.5));
#12064=CARTESIAN_POINT('',(-151.,-47.,-218.5));
#12065=CARTESIAN_POINT('Origin',(-150.,-47.,-218.5));
#12066=CARTESIAN_POINT('',(-151.,-45.,-218.5));
#12067=CARTESIAN_POINT('',(-151.,-47.,-218.5));
#12068=CARTESIAN_POINT('Origin',(-150.,-45.,-218.5));
#12069=CARTESIAN_POINT('Origin',(-144.444444444445,-47.,-233.5));
#12070=CARTESIAN_POINT('',(-145.444444444445,-47.,-233.5));
#12071=CARTESIAN_POINT('Origin',(-144.444444444445,-47.,-233.5));
#12072=CARTESIAN_POINT('',(-145.444444444445,-45.,-233.5));
#12073=CARTESIAN_POINT('',(-145.444444444445,-47.,-233.5));
#12074=CARTESIAN_POINT('Origin',(-144.444444444445,-45.,-233.5));
#12075=CARTESIAN_POINT('Origin',(-133.333333333333,-47.,-238.5));
#12076=CARTESIAN_POINT('',(-134.333333333333,-47.,-238.5));
#12077=CARTESIAN_POINT('Origin',(-133.333333333333,-47.,-238.5));
#12078=CARTESIAN_POINT('',(-134.333333333333,-45.,-238.5));
#12079=CARTESIAN_POINT('',(-134.333333333333,-47.,-238.5));
#12080=CARTESIAN_POINT('Origin',(-133.333333333333,-45.,-238.5));
#12081=CARTESIAN_POINT('Origin',(-133.333333333333,-47.,-233.5));
#12082=CARTESIAN_POINT('',(-134.333333333333,-47.,-233.5));
#12083=CARTESIAN_POINT('Origin',(-133.333333333333,-47.,-233.5));
#12084=CARTESIAN_POINT('',(-134.333333333333,-45.,-233.5));
#12085=CARTESIAN_POINT('',(-134.333333333333,-47.,-233.5));
#12086=CARTESIAN_POINT('Origin',(-133.333333333333,-45.,-233.5));
#12087=CARTESIAN_POINT('Origin',(-138.888888888889,-47.,-228.5));
#12088=CARTESIAN_POINT('',(-139.888888888889,-47.,-228.5));
#12089=CARTESIAN_POINT('Origin',(-138.888888888889,-47.,-228.5));
#12090=CARTESIAN_POINT('',(-139.888888888889,-45.,-228.5));
#12091=CARTESIAN_POINT('',(-139.888888888889,-47.,-228.5));
#12092=CARTESIAN_POINT('Origin',(-138.888888888889,-45.,-228.5));
#12093=CARTESIAN_POINT('Origin',(-116.666666666667,-47.,-233.5));
#12094=CARTESIAN_POINT('',(-117.666666666667,-47.,-233.5));
#12095=CARTESIAN_POINT('Origin',(-116.666666666667,-47.,-233.5));
#12096=CARTESIAN_POINT('',(-117.666666666667,-45.,-233.5));
#12097=CARTESIAN_POINT('',(-117.666666666667,-47.,-233.5));
#12098=CARTESIAN_POINT('Origin',(-116.666666666667,-45.,-233.5));
#12099=CARTESIAN_POINT('Origin',(-111.111111111111,-47.,-238.5));
#12100=CARTESIAN_POINT('',(-112.111111111111,-47.,-238.5));
#12101=CARTESIAN_POINT('Origin',(-111.111111111111,-47.,-238.5));
#12102=CARTESIAN_POINT('',(-112.111111111111,-45.,-238.5));
#12103=CARTESIAN_POINT('',(-112.111111111111,-47.,-238.5));
#12104=CARTESIAN_POINT('Origin',(-111.111111111111,-45.,-238.5));
#12105=CARTESIAN_POINT('Origin',(-105.555555555556,-47.,-228.5));
#12106=CARTESIAN_POINT('',(-106.555555555556,-47.,-228.5));
#12107=CARTESIAN_POINT('Origin',(-105.555555555556,-47.,-228.5));
#12108=CARTESIAN_POINT('',(-106.555555555556,-45.,-228.5));
#12109=CARTESIAN_POINT('',(-106.555555555556,-47.,-228.5));
#12110=CARTESIAN_POINT('Origin',(-105.555555555556,-45.,-228.5));
#12111=CARTESIAN_POINT('Origin',(-122.222222222222,-47.,-228.5));
#12112=CARTESIAN_POINT('',(-123.222222222222,-47.,-228.5));
#12113=CARTESIAN_POINT('Origin',(-122.222222222222,-47.,-228.5));
#12114=CARTESIAN_POINT('',(-123.222222222222,-45.,-228.5));
#12115=CARTESIAN_POINT('',(-123.222222222222,-47.,-228.5));
#12116=CARTESIAN_POINT('Origin',(-122.222222222222,-45.,-228.5));
#12117=CARTESIAN_POINT('Origin',(-127.777777777778,-47.,-223.5));
#12118=CARTESIAN_POINT('',(-128.777777777778,-47.,-223.5));
#12119=CARTESIAN_POINT('Origin',(-127.777777777778,-47.,-223.5));
#12120=CARTESIAN_POINT('',(-128.777777777778,-45.,-223.5));
#12121=CARTESIAN_POINT('',(-128.777777777778,-47.,-223.5));
#12122=CARTESIAN_POINT('Origin',(-127.777777777778,-45.,-223.5));
#12123=CARTESIAN_POINT('Origin',(-127.777777777778,-47.,-228.5));
#12124=CARTESIAN_POINT('',(-128.777777777778,-47.,-228.5));
#12125=CARTESIAN_POINT('Origin',(-127.777777777778,-47.,-228.5));
#12126=CARTESIAN_POINT('',(-128.777777777778,-45.,-228.5));
#12127=CARTESIAN_POINT('',(-128.777777777778,-47.,-228.5));
#12128=CARTESIAN_POINT('Origin',(-127.777777777778,-45.,-228.5));
#12129=CARTESIAN_POINT('Origin',(-111.111111111111,-47.,-223.5));
#12130=CARTESIAN_POINT('',(-112.111111111111,-47.,-223.5));
#12131=CARTESIAN_POINT('Origin',(-111.111111111111,-47.,-223.5));
#12132=CARTESIAN_POINT('',(-112.111111111111,-45.,-223.5));
#12133=CARTESIAN_POINT('',(-112.111111111111,-47.,-223.5));
#12134=CARTESIAN_POINT('Origin',(-111.111111111111,-45.,-223.5));
#12135=CARTESIAN_POINT('Origin',(-100.,-47.,-218.5));
#12136=CARTESIAN_POINT('',(-101.,-47.,-218.5));
#12137=CARTESIAN_POINT('Origin',(-100.,-47.,-218.5));
#12138=CARTESIAN_POINT('',(-101.,-45.,-218.5));
#12139=CARTESIAN_POINT('',(-101.,-47.,-218.5));
#12140=CARTESIAN_POINT('Origin',(-100.,-45.,-218.5));
#12141=CARTESIAN_POINT('Origin',(-116.666666666667,-47.,-228.5));
#12142=CARTESIAN_POINT('',(-117.666666666667,-47.,-228.5));
#12143=CARTESIAN_POINT('Origin',(-116.666666666667,-47.,-228.5));
#12144=CARTESIAN_POINT('',(-117.666666666667,-45.,-228.5));
#12145=CARTESIAN_POINT('',(-117.666666666667,-47.,-228.5));
#12146=CARTESIAN_POINT('Origin',(-116.666666666667,-45.,-228.5));
#12147=CARTESIAN_POINT('Origin',(-105.555555555556,-47.,-223.5));
#12148=CARTESIAN_POINT('',(-106.555555555556,-47.,-223.5));
#12149=CARTESIAN_POINT('Origin',(-105.555555555556,-47.,-223.5));
#12150=CARTESIAN_POINT('',(-106.555555555556,-45.,-223.5));
#12151=CARTESIAN_POINT('',(-106.555555555556,-47.,-223.5));
#12152=CARTESIAN_POINT('Origin',(-105.555555555556,-45.,-223.5));
#12153=CARTESIAN_POINT('Origin',(-144.444444444445,-47.,-223.5));
#12154=CARTESIAN_POINT('',(-145.444444444445,-47.,-223.5));
#12155=CARTESIAN_POINT('Origin',(-144.444444444445,-47.,-223.5));
#12156=CARTESIAN_POINT('',(-145.444444444445,-45.,-223.5));
#12157=CARTESIAN_POINT('',(-145.444444444445,-47.,-223.5));
#12158=CARTESIAN_POINT('Origin',(-144.444444444445,-45.,-223.5));
#12159=CARTESIAN_POINT('Origin',(-100.,-47.,-233.5));
#12160=CARTESIAN_POINT('',(-101.,-47.,-233.5));
#12161=CARTESIAN_POINT('Origin',(-100.,-47.,-233.5));
#12162=CARTESIAN_POINT('',(-101.,-45.,-233.5));
#12163=CARTESIAN_POINT('',(-101.,-47.,-233.5));
#12164=CARTESIAN_POINT('Origin',(-100.,-45.,-233.5));
#12165=CARTESIAN_POINT('Origin',(-100.,-47.,-228.5));
#12166=CARTESIAN_POINT('',(-101.,-47.,-228.5));
#12167=CARTESIAN_POINT('Origin',(-100.,-47.,-228.5));
#12168=CARTESIAN_POINT('',(-101.,-45.,-228.5));
#12169=CARTESIAN_POINT('',(-101.,-47.,-228.5));
#12170=CARTESIAN_POINT('Origin',(-100.,-45.,-228.5));
#12171=CARTESIAN_POINT('Origin',(-122.222222222222,-47.,-223.5));
#12172=CARTESIAN_POINT('',(-123.222222222222,-47.,-223.5));
#12173=CARTESIAN_POINT('Origin',(-122.222222222222,-47.,-223.5));
#12174=CARTESIAN_POINT('',(-123.222222222222,-45.,-223.5));
#12175=CARTESIAN_POINT('',(-123.222222222222,-47.,-223.5));
#12176=CARTESIAN_POINT('Origin',(-122.222222222222,-45.,-223.5));
#12177=CARTESIAN_POINT('Origin',(-122.222222222222,-47.,-233.5));
#12178=CARTESIAN_POINT('',(-123.222222222222,-47.,-233.5));
#12179=CARTESIAN_POINT('Origin',(-122.222222222222,-47.,-233.5));
#12180=CARTESIAN_POINT('',(-123.222222222222,-45.,-233.5));
#12181=CARTESIAN_POINT('',(-123.222222222222,-47.,-233.5));
#12182=CARTESIAN_POINT('Origin',(-122.222222222222,-45.,-233.5));
#12183=CARTESIAN_POINT('Origin',(-111.111111111111,-47.,-233.5));
#12184=CARTESIAN_POINT('',(-112.111111111111,-47.,-233.5));
#12185=CARTESIAN_POINT('Origin',(-111.111111111111,-47.,-233.5));
#12186=CARTESIAN_POINT('',(-112.111111111111,-45.,-233.5));
#12187=CARTESIAN_POINT('',(-112.111111111111,-47.,-233.5));
#12188=CARTESIAN_POINT('Origin',(-111.111111111111,-45.,-233.5));
#12189=CARTESIAN_POINT('Origin',(-144.444444444445,-47.,-238.5));
#12190=CARTESIAN_POINT('',(-145.444444444444,-47.,-238.5));
#12191=CARTESIAN_POINT('Origin',(-144.444444444445,-47.,-238.5));
#12192=CARTESIAN_POINT('',(-145.444444444444,-45.,-238.5));
#12193=CARTESIAN_POINT('',(-145.444444444444,-47.,-238.5));
#12194=CARTESIAN_POINT('Origin',(-144.444444444445,-45.,-238.5));
#12195=CARTESIAN_POINT('Origin',(-138.888888888889,-47.,-238.5));
#12196=CARTESIAN_POINT('',(-139.888888888889,-47.,-238.5));
#12197=CARTESIAN_POINT('Origin',(-138.888888888889,-47.,-238.5));
#12198=CARTESIAN_POINT('',(-139.888888888889,-45.,-238.5));
#12199=CARTESIAN_POINT('',(-139.888888888889,-47.,-238.5));
#12200=CARTESIAN_POINT('Origin',(-138.888888888889,-45.,-238.5));
#12201=CARTESIAN_POINT('Origin',(-122.222222222222,-47.,-238.5));
#12202=CARTESIAN_POINT('',(-123.222222222222,-47.,-238.5));
#12203=CARTESIAN_POINT('Origin',(-122.222222222222,-47.,-238.5));
#12204=CARTESIAN_POINT('',(-123.222222222222,-45.,-238.5));
#12205=CARTESIAN_POINT('',(-123.222222222222,-47.,-238.5));
#12206=CARTESIAN_POINT('Origin',(-122.222222222222,-45.,-238.5));
#12207=CARTESIAN_POINT('Origin',(-116.666666666667,-47.,-218.5));
#12208=CARTESIAN_POINT('',(-117.666666666667,-47.,-218.5));
#12209=CARTESIAN_POINT('Origin',(-116.666666666667,-47.,-218.5));
#12210=CARTESIAN_POINT('',(-117.666666666667,-45.,-218.5));
#12211=CARTESIAN_POINT('',(-117.666666666667,-47.,-218.5));
#12212=CARTESIAN_POINT('Origin',(-116.666666666667,-45.,-218.5));
#12213=CARTESIAN_POINT('Origin',(133.333333333333,-47.,-238.5));
#12214=CARTESIAN_POINT('',(132.333333333333,-47.,-238.5));
#12215=CARTESIAN_POINT('Origin',(133.333333333333,-47.,-238.5));
#12216=CARTESIAN_POINT('',(132.333333333333,-45.,-238.5));
#12217=CARTESIAN_POINT('',(132.333333333333,-47.,-238.5));
#12218=CARTESIAN_POINT('Origin',(133.333333333333,-45.,-238.5));
#12219=CARTESIAN_POINT('Origin',(150.,-47.,-238.5));
#12220=CARTESIAN_POINT('',(149.,-47.,-238.5));
#12221=CARTESIAN_POINT('Origin',(150.,-47.,-238.5));
#12222=CARTESIAN_POINT('',(149.,-45.,-238.5));
#12223=CARTESIAN_POINT('',(149.,-47.,-238.5));
#12224=CARTESIAN_POINT('Origin',(150.,-45.,-238.5));
#12225=CARTESIAN_POINT('Origin',(138.888888888889,-47.,-233.5));
#12226=CARTESIAN_POINT('',(137.888888888889,-47.,-233.5));
#12227=CARTESIAN_POINT('Origin',(138.888888888889,-47.,-233.5));
#12228=CARTESIAN_POINT('',(137.888888888889,-45.,-233.5));
#12229=CARTESIAN_POINT('',(137.888888888889,-47.,-233.5));
#12230=CARTESIAN_POINT('Origin',(138.888888888889,-45.,-233.5));
#12231=CARTESIAN_POINT('Origin',(122.222222222222,-47.,-233.5));
#12232=CARTESIAN_POINT('',(121.222222222222,-47.,-233.5));
#12233=CARTESIAN_POINT('Origin',(122.222222222222,-47.,-233.5));
#12234=CARTESIAN_POINT('',(121.222222222222,-45.,-233.5));
#12235=CARTESIAN_POINT('',(121.222222222222,-47.,-233.5));
#12236=CARTESIAN_POINT('Origin',(122.222222222222,-45.,-233.5));
#12237=CARTESIAN_POINT('Origin',(150.,-47.,-228.5));
#12238=CARTESIAN_POINT('',(149.,-47.,-228.5));
#12239=CARTESIAN_POINT('Origin',(150.,-47.,-228.5));
#12240=CARTESIAN_POINT('',(149.,-45.,-228.5));
#12241=CARTESIAN_POINT('',(149.,-47.,-228.5));
#12242=CARTESIAN_POINT('Origin',(150.,-45.,-228.5));
#12243=CARTESIAN_POINT('Origin',(99.9999999999999,-47.,-223.5));
#12244=CARTESIAN_POINT('',(98.9999999999999,-47.,-223.5));
#12245=CARTESIAN_POINT('Origin',(99.9999999999999,-47.,-223.5));
#12246=CARTESIAN_POINT('',(98.9999999999999,-45.,-223.5));
#12247=CARTESIAN_POINT('',(98.9999999999999,-47.,-223.5));
#12248=CARTESIAN_POINT('Origin',(99.9999999999999,-45.,-223.5));
#12249=CARTESIAN_POINT('Origin',(116.666666666667,-47.,-223.5));
#12250=CARTESIAN_POINT('',(115.666666666667,-47.,-223.5));
#12251=CARTESIAN_POINT('Origin',(116.666666666667,-47.,-223.5));
#12252=CARTESIAN_POINT('',(115.666666666667,-45.,-223.5));
#12253=CARTESIAN_POINT('',(115.666666666667,-47.,-223.5));
#12254=CARTESIAN_POINT('Origin',(116.666666666667,-45.,-223.5));
#12255=CARTESIAN_POINT('Origin',(111.111111111111,-47.,-233.5));
#12256=CARTESIAN_POINT('',(110.111111111111,-47.,-233.5));
#12257=CARTESIAN_POINT('Origin',(111.111111111111,-47.,-233.5));
#12258=CARTESIAN_POINT('',(110.111111111111,-45.,-233.5));
#12259=CARTESIAN_POINT('',(110.111111111111,-47.,-233.5));
#12260=CARTESIAN_POINT('Origin',(111.111111111111,-45.,-233.5));
#12261=CARTESIAN_POINT('Origin',(150.,-47.,-223.5));
#12262=CARTESIAN_POINT('',(149.,-47.,-223.5));
#12263=CARTESIAN_POINT('Origin',(150.,-47.,-223.5));
#12264=CARTESIAN_POINT('',(149.,-45.,-223.5));
#12265=CARTESIAN_POINT('',(149.,-47.,-223.5));
#12266=CARTESIAN_POINT('Origin',(150.,-45.,-223.5));
#12267=CARTESIAN_POINT('Origin',(111.111111111111,-47.,-228.5));
#12268=CARTESIAN_POINT('',(110.111111111111,-47.,-228.5));
#12269=CARTESIAN_POINT('Origin',(111.111111111111,-47.,-228.5));
#12270=CARTESIAN_POINT('',(110.111111111111,-45.,-228.5));
#12271=CARTESIAN_POINT('',(110.111111111111,-47.,-228.5));
#12272=CARTESIAN_POINT('Origin',(111.111111111111,-45.,-228.5));
#12273=CARTESIAN_POINT('Origin',(150.,-47.,-218.5));
#12274=CARTESIAN_POINT('',(149.,-47.,-218.5));
#12275=CARTESIAN_POINT('Origin',(150.,-47.,-218.5));
#12276=CARTESIAN_POINT('',(149.,-45.,-218.5));
#12277=CARTESIAN_POINT('',(149.,-47.,-218.5));
#12278=CARTESIAN_POINT('Origin',(150.,-45.,-218.5));
#12279=CARTESIAN_POINT('Origin',(127.777777777778,-47.,-218.5));
#12280=CARTESIAN_POINT('',(126.777777777778,-47.,-218.5));
#12281=CARTESIAN_POINT('Origin',(127.777777777778,-47.,-218.5));
#12282=CARTESIAN_POINT('',(126.777777777778,-45.,-218.5));
#12283=CARTESIAN_POINT('',(126.777777777778,-47.,-218.5));
#12284=CARTESIAN_POINT('Origin',(127.777777777778,-45.,-218.5));
#12285=CARTESIAN_POINT('Origin',(133.333333333333,-47.,-218.5));
#12286=CARTESIAN_POINT('',(132.333333333333,-47.,-218.5));
#12287=CARTESIAN_POINT('Origin',(133.333333333333,-47.,-218.5));
#12288=CARTESIAN_POINT('',(132.333333333333,-45.,-218.5));
#12289=CARTESIAN_POINT('',(132.333333333333,-47.,-218.5));
#12290=CARTESIAN_POINT('Origin',(133.333333333333,-45.,-218.5));
#12291=CARTESIAN_POINT('Origin',(122.222222222222,-47.,-223.5));
#12292=CARTESIAN_POINT('',(121.222222222222,-47.,-223.5));
#12293=CARTESIAN_POINT('Origin',(122.222222222222,-47.,-223.5));
#12294=CARTESIAN_POINT('',(121.222222222222,-45.,-223.5));
#12295=CARTESIAN_POINT('',(121.222222222222,-47.,-223.5));
#12296=CARTESIAN_POINT('Origin',(122.222222222222,-45.,-223.5));
#12297=CARTESIAN_POINT('Origin',(144.444444444444,-47.,-218.5));
#12298=CARTESIAN_POINT('',(143.444444444444,-47.,-218.5));
#12299=CARTESIAN_POINT('Origin',(144.444444444444,-47.,-218.5));
#12300=CARTESIAN_POINT('',(143.444444444444,-45.,-218.5));
#12301=CARTESIAN_POINT('',(143.444444444444,-47.,-218.5));
#12302=CARTESIAN_POINT('Origin',(144.444444444444,-45.,-218.5));
#12303=CARTESIAN_POINT('Origin',(127.777777777778,-47.,-228.5));
#12304=CARTESIAN_POINT('',(126.777777777778,-47.,-228.5));
#12305=CARTESIAN_POINT('Origin',(127.777777777778,-47.,-228.5));
#12306=CARTESIAN_POINT('',(126.777777777778,-45.,-228.5));
#12307=CARTESIAN_POINT('',(126.777777777778,-47.,-228.5));
#12308=CARTESIAN_POINT('Origin',(127.777777777778,-45.,-228.5));
#12309=CARTESIAN_POINT('Origin',(133.333333333333,-47.,-228.5));
#12310=CARTESIAN_POINT('',(132.333333333333,-47.,-228.5));
#12311=CARTESIAN_POINT('Origin',(133.333333333333,-47.,-228.5));
#12312=CARTESIAN_POINT('',(132.333333333333,-45.,-228.5));
#12313=CARTESIAN_POINT('',(132.333333333333,-47.,-228.5));
#12314=CARTESIAN_POINT('Origin',(133.333333333333,-45.,-228.5));
#12315=CARTESIAN_POINT('Origin',(116.666666666667,-47.,-233.5));
#12316=CARTESIAN_POINT('',(115.666666666667,-47.,-233.5));
#12317=CARTESIAN_POINT('Origin',(116.666666666667,-47.,-233.5));
#12318=CARTESIAN_POINT('',(115.666666666667,-45.,-233.5));
#12319=CARTESIAN_POINT('',(115.666666666667,-47.,-233.5));
#12320=CARTESIAN_POINT('Origin',(116.666666666667,-45.,-233.5));
#12321=CARTESIAN_POINT('Origin',(111.111111111111,-47.,-238.5));
#12322=CARTESIAN_POINT('',(110.111111111111,-47.,-238.5));
#12323=CARTESIAN_POINT('Origin',(111.111111111111,-47.,-238.5));
#12324=CARTESIAN_POINT('',(110.111111111111,-45.,-238.5));
#12325=CARTESIAN_POINT('',(110.111111111111,-47.,-238.5));
#12326=CARTESIAN_POINT('Origin',(111.111111111111,-45.,-238.5));
#12327=CARTESIAN_POINT('Origin',(116.666666666667,-47.,-228.5));
#12328=CARTESIAN_POINT('',(115.666666666667,-47.,-228.5));
#12329=CARTESIAN_POINT('Origin',(116.666666666667,-47.,-228.5));
#12330=CARTESIAN_POINT('',(115.666666666667,-45.,-228.5));
#12331=CARTESIAN_POINT('',(115.666666666667,-47.,-228.5));
#12332=CARTESIAN_POINT('Origin',(116.666666666667,-45.,-228.5));
#12333=CARTESIAN_POINT('Origin',(127.777777777778,-47.,-223.5));
#12334=CARTESIAN_POINT('',(126.777777777778,-47.,-223.5));
#12335=CARTESIAN_POINT('Origin',(127.777777777778,-47.,-223.5));
#12336=CARTESIAN_POINT('',(126.777777777778,-45.,-223.5));
#12337=CARTESIAN_POINT('',(126.777777777778,-47.,-223.5));
#12338=CARTESIAN_POINT('Origin',(127.777777777778,-45.,-223.5));
#12339=CARTESIAN_POINT('Origin',(144.444444444444,-47.,-228.5));
#12340=CARTESIAN_POINT('',(143.444444444444,-47.,-228.5));
#12341=CARTESIAN_POINT('Origin',(144.444444444444,-47.,-228.5));
#12342=CARTESIAN_POINT('',(143.444444444444,-45.,-228.5));
#12343=CARTESIAN_POINT('',(143.444444444444,-47.,-228.5));
#12344=CARTESIAN_POINT('Origin',(144.444444444444,-45.,-228.5));
#12345=CARTESIAN_POINT('Origin',(144.444444444444,-47.,-233.5));
#12346=CARTESIAN_POINT('',(143.444444444444,-47.,-233.5));
#12347=CARTESIAN_POINT('Origin',(144.444444444444,-47.,-233.5));
#12348=CARTESIAN_POINT('',(143.444444444444,-45.,-233.5));
#12349=CARTESIAN_POINT('',(143.444444444444,-47.,-233.5));
#12350=CARTESIAN_POINT('Origin',(144.444444444444,-45.,-233.5));
#12351=CARTESIAN_POINT('Origin',(133.333333333333,-47.,-233.5));
#12352=CARTESIAN_POINT('',(132.333333333333,-47.,-233.5));
#12353=CARTESIAN_POINT('Origin',(133.333333333333,-47.,-233.5));
#12354=CARTESIAN_POINT('',(132.333333333333,-45.,-233.5));
#12355=CARTESIAN_POINT('',(132.333333333333,-47.,-233.5));
#12356=CARTESIAN_POINT('Origin',(133.333333333333,-45.,-233.5));
#12357=CARTESIAN_POINT('Origin',(138.888888888889,-47.,-238.5));
#12358=CARTESIAN_POINT('',(137.888888888889,-47.,-238.5));
#12359=CARTESIAN_POINT('Origin',(138.888888888889,-47.,-238.5));
#12360=CARTESIAN_POINT('',(137.888888888889,-45.,-238.5));
#12361=CARTESIAN_POINT('',(137.888888888889,-47.,-238.5));
#12362=CARTESIAN_POINT('Origin',(138.888888888889,-45.,-238.5));
#12363=CARTESIAN_POINT('Origin',(-122.222222222222,-47.,-218.5));
#12364=CARTESIAN_POINT('',(-123.222222222222,-47.,-218.5));
#12365=CARTESIAN_POINT('Origin',(-122.222222222222,-47.,-218.5));
#12366=CARTESIAN_POINT('',(-123.222222222222,-45.,-218.5));
#12367=CARTESIAN_POINT('',(-123.222222222222,-47.,-218.5));
#12368=CARTESIAN_POINT('Origin',(-122.222222222222,-45.,-218.5));
#12369=CARTESIAN_POINT('Origin',(-150.,-47.,-228.5));
#12370=CARTESIAN_POINT('',(-151.,-47.,-228.5));
#12371=CARTESIAN_POINT('Origin',(-150.,-47.,-228.5));
#12372=CARTESIAN_POINT('',(-151.,-45.,-228.5));
#12373=CARTESIAN_POINT('',(-151.,-47.,-228.5));
#12374=CARTESIAN_POINT('Origin',(-150.,-45.,-228.5));
#12375=CARTESIAN_POINT('Origin',(-127.777777777778,-47.,-238.5));
#12376=CARTESIAN_POINT('',(-128.777777777778,-47.,-238.5));
#12377=CARTESIAN_POINT('Origin',(-127.777777777778,-47.,-238.5));
#12378=CARTESIAN_POINT('',(-128.777777777778,-45.,-238.5));
#12379=CARTESIAN_POINT('',(-128.777777777778,-47.,-238.5));
#12380=CARTESIAN_POINT('Origin',(-127.777777777778,-45.,-238.5));
#12381=CARTESIAN_POINT('Origin',(-105.555555555556,-47.,-238.5));
#12382=CARTESIAN_POINT('',(-106.555555555556,-47.,-238.5));
#12383=CARTESIAN_POINT('Origin',(-105.555555555556,-47.,-238.5));
#12384=CARTESIAN_POINT('',(-106.555555555556,-45.,-238.5));
#12385=CARTESIAN_POINT('',(-106.555555555556,-47.,-238.5));
#12386=CARTESIAN_POINT('Origin',(-105.555555555556,-45.,-238.5));
#12387=CARTESIAN_POINT('Origin',(-105.555555555556,-47.,-233.5));
#12388=CARTESIAN_POINT('',(-106.555555555556,-47.,-233.5));
#12389=CARTESIAN_POINT('Origin',(-105.555555555556,-47.,-233.5));
#12390=CARTESIAN_POINT('',(-106.555555555556,-45.,-233.5));
#12391=CARTESIAN_POINT('',(-106.555555555556,-47.,-233.5));
#12392=CARTESIAN_POINT('Origin',(-105.555555555556,-45.,-233.5));
#12393=CARTESIAN_POINT('Origin',(-127.777777777778,-47.,-233.5));
#12394=CARTESIAN_POINT('',(-128.777777777778,-47.,-233.5));
#12395=CARTESIAN_POINT('Origin',(-127.777777777778,-47.,-233.5));
#12396=CARTESIAN_POINT('',(-128.777777777778,-45.,-233.5));
#12397=CARTESIAN_POINT('',(-128.777777777778,-47.,-233.5));
#12398=CARTESIAN_POINT('Origin',(-127.777777777778,-45.,-233.5));
#12399=CARTESIAN_POINT('Origin',(-150.,-47.,-223.5));
#12400=CARTESIAN_POINT('',(-151.,-47.,-223.5));
#12401=CARTESIAN_POINT('Origin',(-150.,-47.,-223.5));
#12402=CARTESIAN_POINT('',(-151.,-45.,-223.5));
#12403=CARTESIAN_POINT('',(-151.,-47.,-223.5));
#12404=CARTESIAN_POINT('Origin',(-150.,-45.,-223.5));
#12405=CARTESIAN_POINT('Origin',(-133.333333333333,-47.,-228.5));
#12406=CARTESIAN_POINT('',(-134.333333333333,-47.,-228.5));
#12407=CARTESIAN_POINT('Origin',(-133.333333333333,-47.,-228.5));
#12408=CARTESIAN_POINT('',(-134.333333333333,-45.,-228.5));
#12409=CARTESIAN_POINT('',(-134.333333333333,-47.,-228.5));
#12410=CARTESIAN_POINT('Origin',(-133.333333333333,-45.,-228.5));
#12411=CARTESIAN_POINT('Origin',(-138.888888888889,-47.,-223.5));
#12412=CARTESIAN_POINT('',(-139.888888888889,-47.,-223.5));
#12413=CARTESIAN_POINT('Origin',(-138.888888888889,-47.,-223.5));
#12414=CARTESIAN_POINT('',(-139.888888888889,-45.,-223.5));
#12415=CARTESIAN_POINT('',(-139.888888888889,-47.,-223.5));
#12416=CARTESIAN_POINT('Origin',(-138.888888888889,-45.,-223.5));
#12417=CARTESIAN_POINT('Origin',(-133.333333333333,-47.,-223.5));
#12418=CARTESIAN_POINT('',(-134.333333333333,-47.,-223.5));
#12419=CARTESIAN_POINT('Origin',(-133.333333333333,-47.,-223.5));
#12420=CARTESIAN_POINT('',(-134.333333333333,-45.,-223.5));
#12421=CARTESIAN_POINT('',(-134.333333333333,-47.,-223.5));
#12422=CARTESIAN_POINT('Origin',(-133.333333333333,-45.,-223.5));
#12423=CARTESIAN_POINT('Origin',(-111.111111111111,-47.,-218.5));
#12424=CARTESIAN_POINT('',(-112.111111111111,-47.,-218.5));
#12425=CARTESIAN_POINT('Origin',(-111.111111111111,-47.,-218.5));
#12426=CARTESIAN_POINT('',(-112.111111111111,-45.,-218.5));
#12427=CARTESIAN_POINT('',(-112.111111111111,-47.,-218.5));
#12428=CARTESIAN_POINT('Origin',(-111.111111111111,-45.,-218.5));
#12429=CARTESIAN_POINT('Origin',(-116.666666666667,-47.,-223.5));
#12430=CARTESIAN_POINT('',(-117.666666666667,-47.,-223.5));
#12431=CARTESIAN_POINT('Origin',(-116.666666666667,-47.,-223.5));
#12432=CARTESIAN_POINT('',(-117.666666666667,-45.,-223.5));
#12433=CARTESIAN_POINT('',(-117.666666666667,-47.,-223.5));
#12434=CARTESIAN_POINT('Origin',(-116.666666666667,-45.,-223.5));
#12435=CARTESIAN_POINT('Origin',(-133.333333333333,-47.,-218.5));
#12436=CARTESIAN_POINT('',(-134.333333333333,-47.,-218.5));
#12437=CARTESIAN_POINT('Origin',(-133.333333333333,-47.,-218.5));
#12438=CARTESIAN_POINT('',(-134.333333333333,-45.,-218.5));
#12439=CARTESIAN_POINT('',(-134.333333333333,-47.,-218.5));
#12440=CARTESIAN_POINT('Origin',(-133.333333333333,-45.,-218.5));
#12441=CARTESIAN_POINT('Ctrl Pts',(-14.6959526996957,-45.,-208.5));
#12442=CARTESIAN_POINT('Ctrl Pts',(-14.7114155943647,-45.,-208.399194650373));
#12443=CARTESIAN_POINT('Ctrl Pts',(-14.7268578849281,-45.,-208.298385012344));
#12444=CARTESIAN_POINT('Ctrl Pts',(-14.7422797340381,-45.,-208.197571136134));
#12445=CARTESIAN_POINT('Ctrl Pts',(-14.6959526996957,-45.5983986006838,
-208.5));
#12446=CARTESIAN_POINT('Ctrl Pts',(-14.7114154588897,-45.5983986006838,
-208.399195533558));
#12447=CARTESIAN_POINT('Ctrl Pts',(-14.7268580189522,-45.5983986006838,
-208.298384136217));
#12448=CARTESIAN_POINT('Ctrl Pts',(-14.7422797340381,-45.5983986006838,
-208.197571136134));
#12449=CARTESIAN_POINT('Ctrl Pts',(-15.1923466697902,-46.6343315939184,
-208.576143654104));
#12450=CARTESIAN_POINT('Ctrl Pts',(-15.207820059116,-46.6343315939184,-208.47526988795));
#12451=CARTESIAN_POINT('Ctrl Pts',(-15.2232726866535,-46.6343315939184,
-208.374392768188));
#12452=CARTESIAN_POINT('Ctrl Pts',(-15.2387049180263,-46.6343315939184,
-208.273511022286));
#12453=CARTESIAN_POINT('Ctrl Pts',(-16.2292200498268,-47.,-208.735193386285));
#12454=CARTESIAN_POINT('Ctrl Pts',(-16.2447152792153,-47.,-208.634177240893));
#12455=CARTESIAN_POINT('Ctrl Pts',(-16.2601896604638,-47.,-208.533158108786));
#12456=CARTESIAN_POINT('Ctrl Pts',(-16.2756434979998,-47.,-208.432135121646));
#12457=CARTESIAN_POINT('Ctrl Pts',(-16.6728303592847,-47.,-208.803240365087));
#12458=CARTESIAN_POINT('Ctrl Pts',(-16.6883349138802,-47.,-208.702163427018));
#12459=CARTESIAN_POINT('Ctrl Pts',(-16.7038186393735,-47.,-208.601083293917));
#12460=CARTESIAN_POINT('Ctrl Pts',(-16.7192817022468,-47.,-208.5));
#12461=CARTESIAN_POINT('',(-14.7422797340381,-45.,-208.197571136134));
#12462=CARTESIAN_POINT('',(-16.7192817022467,-47.,-208.5));
#12463=CARTESIAN_POINT('Origin',(-16.7192817022468,-45.,-208.5));
#12464=CARTESIAN_POINT('',(-16.6728303592847,-47.,-208.803240365087));
#12465=CARTESIAN_POINT('Ctrl Pts',(-16.7192817022468,-47.,-208.5));
#12466=CARTESIAN_POINT('Ctrl Pts',(-16.7038186393735,-47.,-208.601083293917));
#12467=CARTESIAN_POINT('Ctrl Pts',(-16.6883349138802,-47.,-208.702163427018));
#12468=CARTESIAN_POINT('Ctrl Pts',(-16.6728303592847,-47.,-208.803240365087));
#12469=CARTESIAN_POINT('',(-14.6959526996957,-45.,-208.5));
#12470=CARTESIAN_POINT('Origin',(-16.6728303592847,-45.,-208.803240365087));
#12471=CARTESIAN_POINT('Ctrl Pts',(-14.6959526996957,-45.,-208.5));
#12472=CARTESIAN_POINT('Ctrl Pts',(-14.7114155943647,-45.,-208.399194650373));
#12473=CARTESIAN_POINT('Ctrl Pts',(-14.7268578849281,-45.,-208.298385012344));
#12474=CARTESIAN_POINT('Ctrl Pts',(-14.7422797340381,-45.,-208.197571136134));
#12475=CARTESIAN_POINT('Ctrl Pts',(14.6959526996926,-45.,-208.5));
#12476=CARTESIAN_POINT('Ctrl Pts',(14.288338987632,-45.,-211.157305998417));
#12477=CARTESIAN_POINT('Ctrl Pts',(13.4412491799017,-45.,-216.499373299052));
#12478=CARTESIAN_POINT('Ctrl Pts',(11.6085964317553,-45.,-227.052292701017));
#12479=CARTESIAN_POINT('Ctrl Pts',(9.70496413729387,-45.,-236.618048251389));
#12480=CARTESIAN_POINT('Ctrl Pts',(7.51235870675458,-45.,-245.251256607009));
#12481=CARTESIAN_POINT('Ctrl Pts',(5.9773768566776,-45.,-250.317533460334));
#12482=CARTESIAN_POINT('Ctrl Pts',(4.41297896037185,-45.,-254.341316170627));
#12483=CARTESIAN_POINT('Ctrl Pts',(2.80590714578665,-45.,-257.158476038839));
#12484=CARTESIAN_POINT('Ctrl Pts',(1.61547233926639,-45.,-258.442936090539));
#12485=CARTESIAN_POINT('Ctrl Pts',(0.670284278257272,-45.,-258.924134532698));
#12486=CARTESIAN_POINT('Ctrl Pts',(-0.212307033620534,-45.,-259.074325045057));
#12487=CARTESIAN_POINT('Ctrl Pts',(-1.35830539995681,-45.,-258.708211330188));
#12488=CARTESIAN_POINT('Ctrl Pts',(-2.79867743297442,-45.,-257.171310224156));
#12489=CARTESIAN_POINT('Ctrl Pts',(-4.20039313226547,-45.,-254.714797002184));
#12490=CARTESIAN_POINT('Ctrl Pts',(-5.51937463818364,-45.,-251.542506421029));
#12491=CARTESIAN_POINT('Ctrl Pts',(-7.1568421272026,-45.,-246.580464087342));
#12492=CARTESIAN_POINT('Ctrl Pts',(-8.51088981258339,-45.,-241.417023038142));
#12493=CARTESIAN_POINT('Ctrl Pts',(-9.70680223445697,-45.,-236.201791778615));
#12494=CARTESIAN_POINT('Ctrl Pts',(-10.8145309007243,-45.,-230.968723328924));
#12495=CARTESIAN_POINT('Ctrl Pts',(-12.0705574665255,-45.,-224.410952716401));
#12496=CARTESIAN_POINT('Ctrl Pts',(-13.4411686670526,-45.,-216.488070324879));
#12497=CARTESIAN_POINT('Ctrl Pts',(-14.2883389876392,-45.,-211.157305998418));
#12498=CARTESIAN_POINT('Ctrl Pts',(-14.6959526996957,-45.,-208.5));
#12499=CARTESIAN_POINT('Ctrl Pts',(14.6959526996926,-45.5983986006838,-208.5));
#12500=CARTESIAN_POINT('Ctrl Pts',(14.2883425588562,-45.5983986006838,-211.157282716974));
#12501=CARTESIAN_POINT('Ctrl Pts',(13.4412568237198,-45.5983986006838,-216.499400028753));
#12502=CARTESIAN_POINT('Ctrl Pts',(11.6085632555626,-45.5983986006838,-227.052279338495));
#12503=CARTESIAN_POINT('Ctrl Pts',(9.70501127015747,-45.5983986006837,-236.618105180912));
#12504=CARTESIAN_POINT('Ctrl Pts',(7.51195769099978,-45.5983986006838,-245.251633751531));
#12505=CARTESIAN_POINT('Ctrl Pts',(5.9771078492179,-45.5983986006838,-250.317676988207));
#12506=CARTESIAN_POINT('Ctrl Pts',(4.41119688425025,-45.5983986006838,-254.342193044877));
#12507=CARTESIAN_POINT('Ctrl Pts',(2.80369611583505,-45.5983986006838,-257.158915420311));
#12508=CARTESIAN_POINT('Ctrl Pts',(1.61275539631976,-45.5983986006838,-258.442622604513));
#12509=CARTESIAN_POINT('Ctrl Pts',(0.668697537299322,-45.5983986006838,
-258.922815259658));
#12510=CARTESIAN_POINT('Ctrl Pts',(-0.211708788580133,-45.5983986006838,
-259.072538084799));
#12511=CARTESIAN_POINT('Ctrl Pts',(-1.3559786207701,-45.5983986006837,-258.707523711894));
#12512=CARTESIAN_POINT('Ctrl Pts',(-2.79631987989487,-45.5983986006838,
-257.171909718971));
#12513=CARTESIAN_POINT('Ctrl Pts',(-4.19878072141877,-45.5983986006837,
-254.715467695114));
#12514=CARTESIAN_POINT('Ctrl Pts',(-5.5184400371605,-45.5983986006838,-251.543132822921));
#12515=CARTESIAN_POINT('Ctrl Pts',(-7.15639234940296,-45.5983986006837,
-246.580846378583));
#12516=CARTESIAN_POINT('Ctrl Pts',(-8.51085122600132,-45.5983986006838,
-241.417033062003));
#12517=CARTESIAN_POINT('Ctrl Pts',(-9.70675410770675,-45.5983986006838,
-236.201844857608));
#12518=CARTESIAN_POINT('Ctrl Pts',(-10.8145184843749,-45.5983986006838,
-230.968765885181));
#12519=CARTESIAN_POINT('Ctrl Pts',(-12.0705366213124,-45.5983986006838,
-224.411008668511));
#12520=CARTESIAN_POINT('Ctrl Pts',(-13.4411718158899,-45.5983986006838,
-216.488068703851));
#12521=CARTESIAN_POINT('Ctrl Pts',(-14.2883425588634,-45.5983986006838,
-211.157282716975));
#12522=CARTESIAN_POINT('Ctrl Pts',(-14.6959526996957,-45.5983986006838,
-208.5));
#12523=CARTESIAN_POINT('Ctrl Pts',(15.1923592755283,-46.6343209705256,-208.576145587745));
#12524=CARTESIAN_POINT('Ctrl Pts',(14.7844689162976,-46.6343209705256,-211.235255098073));
#12525=CARTESIAN_POINT('Ctrl Pts',(13.936764403767,-46.6343209705256,-216.581174691569));
#12526=CARTESIAN_POINT('Ctrl Pts',(12.1022995722891,-46.6343209705255,-227.144763832099));
#12527=CARTESIAN_POINT('Ctrl Pts',(10.1960491822008,-46.6343209705256,-236.723683044422));
#12528=CARTESIAN_POINT('Ctrl Pts',(7.99708840486719,-46.6343209705256,-245.384144432121));
#12529=CARTESIAN_POINT('Ctrl Pts',(6.4537094375796,-46.6343209705256,-250.477258859645));
#12530=CARTESIAN_POINT('Ctrl Pts',(4.87503964766987,-46.6343209705256,-254.54404958871));
#12531=CARTESIAN_POINT('Ctrl Pts',(3.2255790224162,-46.6343209705256,-257.439734332263));
#12532=CARTESIAN_POINT('Ctrl Pts',(1.95349491999836,-46.6343209705256,-258.829759957938));
#12533=CARTESIAN_POINT('Ctrl Pts',(0.844024412811732,-46.6343209705256,
-259.404498505769));
#12534=CARTESIAN_POINT('Ctrl Pts',(-0.271019463969758,-46.6343209705256,
-259.599618486553));
#12535=CARTESIAN_POINT('Ctrl Pts',(-1.68384882106364,-46.6343209705255,
-259.11960285928));
#12536=CARTESIAN_POINT('Ctrl Pts',(-3.21629480709198,-46.6343209705256,
-257.453107807318));
#12537=CARTESIAN_POINT('Ctrl Pts',(-4.65916156696521,-46.6343209705256,
-254.928879726077));
#12538=CARTESIAN_POINT('Ctrl Pts',(-5.99156709269561,-46.6343209705256,
-251.713476001886));
#12539=CARTESIAN_POINT('Ctrl Pts',(-7.64110819560129,-46.6343209705256,
-246.718524045654));
#12540=CARTESIAN_POINT('Ctrl Pts',(-8.99841383715746,-46.6343209705256,
-241.536882922273));
#12541=CARTESIAN_POINT('Ctrl Pts',(-10.1974342224377,-46.6343209705256,
-236.309580197031));
#12542=CARTESIAN_POINT('Ctrl Pts',(-11.3070325700603,-46.6343209705256,
-231.066948067534));
#12543=CARTESIAN_POINT('Ctrl Pts',(-12.5647811443345,-46.6343209705256,
-224.500546655348));
#12544=CARTESIAN_POINT('Ctrl Pts',(-13.9366515696655,-46.6343209705256,
-216.569990246689));
#12545=CARTESIAN_POINT('Ctrl Pts',(-14.7844689163049,-46.6343209705256,
-211.235255098072));
#12546=CARTESIAN_POINT('Ctrl Pts',(-15.1923592755315,-46.6343209705256,
-208.576145587744));
#12547=CARTESIAN_POINT('Ctrl Pts',(16.2292200498233,-47.,-208.735193386287));
#12548=CARTESIAN_POINT('Ctrl Pts',(15.8207539698634,-47.,-211.398056122038));
#12549=CARTESIAN_POINT('Ctrl Pts',(14.9717679223076,-47.,-216.752051833558));
#12550=CARTESIAN_POINT('Ctrl Pts',(13.1334938852863,-47.,-227.337903393594));
#12551=CARTESIAN_POINT('Ctrl Pts',(11.2218226967202,-47.,-236.944359734415));
#12552=CARTESIAN_POINT('Ctrl Pts',(9.0093210936935,-47.,-245.661935638295));
#12553=CARTESIAN_POINT('Ctrl Pts',(7.44848120480304,-47.,-250.810967821579));
#12554=CARTESIAN_POINT('Ctrl Pts',(5.83910246706408,-47.,-254.96802642966));
#12555=CARTESIAN_POINT('Ctrl Pts',(4.10084813445919,-47.,-258.027468794411));
#12556=CARTESIAN_POINT('Ctrl Pts',(2.65791994106167,-47.0000000000001,-259.637545504884));
#12557=CARTESIAN_POINT('Ctrl Pts',(1.20597862237816,-47.,-260.407066909604));
#12558=CARTESIAN_POINT('Ctrl Pts',(-0.393298690420474,-47.,-260.695754742297));
#12559=CARTESIAN_POINT('Ctrl Pts',(-2.36243997015057,-47.,-259.97848145367));
#12560=CARTESIAN_POINT('Ctrl Pts',(-4.08718557627267,-47.,-258.042063810155));
#12561=CARTESIAN_POINT('Ctrl Pts',(-5.61644853221407,-47.,-255.376439762954));
#12562=CARTESIAN_POINT('Ctrl Pts',(-6.97729587427686,-47.,-252.070957886903));
#12563=CARTESIAN_POINT('Ctrl Pts',(-8.65234352077079,-47.,-247.007121514081));
#12564=CARTESIAN_POINT('Ctrl Pts',(-10.0166984132045,-47.,-241.787244166547));
#12565=CARTESIAN_POINT('Ctrl Pts',(-11.2222048371506,-47.,-236.534752948093));
#12566=CARTESIAN_POINT('Ctrl Pts',(-12.3357296620631,-47.,-231.272138594831));
#12567=CARTESIAN_POINT('Ctrl Pts',(-13.5970700453808,-47.,-224.687717704186));
#12568=CARTESIAN_POINT('Ctrl Pts',(-14.9715849076912,-47.,-216.741098124188));
#12569=CARTESIAN_POINT('Ctrl Pts',(-15.820753969871,-47.,-211.398056122037));
#12570=CARTESIAN_POINT('Ctrl Pts',(-16.2292200498268,-47.,-208.735193386285));
#12571=CARTESIAN_POINT('Ctrl Pts',(16.6728303592811,-47.,-208.80324036509));
#12572=CARTESIAN_POINT('Ctrl Pts',(16.2641184597435,-47.,-211.467705642216));
#12573=CARTESIAN_POINT('Ctrl Pts',(15.4145846868883,-47.,-216.825163593746));
#12574=CARTESIAN_POINT('Ctrl Pts',(13.5746752431009,-47.,-227.42053432716));
#12575=CARTESIAN_POINT('Ctrl Pts',(11.6606959901118,-47.,-237.038781923435));
#12576=CARTESIAN_POINT('Ctrl Pts',(9.44233875690767,-47.,-245.780838224362));
#12577=CARTESIAN_POINT('Ctrl Pts',(7.87404674972615,-47.,-250.953761759173));
#12578=CARTESIAN_POINT('Ctrl Pts',(6.25131907274836,-47.,-255.149542548508));
#12579=CARTESIAN_POINT('Ctrl Pts',(4.4750156014017,-47.,-258.278986097633));
#12580=CARTESIAN_POINT('Ctrl Pts',(2.95892314624493,-47.0000000000001,-259.983104716323));
#12581=CARTESIAN_POINT('Ctrl Pts',(1.36061636513485,-47.,-260.835822100992));
#12582=CARTESIAN_POINT('Ctrl Pts',(-0.445531410038452,-47.,-261.164476941719));
#12583=CARTESIAN_POINT('Ctrl Pts',(-2.65244467840879,-47.,-260.345848272262));
#12584=CARTESIAN_POINT('Ctrl Pts',(-4.45945943625783,-47.,-258.294126004764));
#12585=CARTESIAN_POINT('Ctrl Pts',(-6.025789753884,-47.,-255.568017037168));
#12586=CARTESIAN_POINT('Ctrl Pts',(-7.3988999030085,-47.,-252.22398998262));
#12587=CARTESIAN_POINT('Ctrl Pts',(-9.08492769056455,-47.,-247.13064816504));
#12588=CARTESIAN_POINT('Ctrl Pts',(-10.4523557192586,-47.,-241.894360066049));
#12589=CARTESIAN_POINT('Ctrl Pts',(-11.6606358019173,-47.,-236.631098195485));
#12590=CARTESIAN_POINT('Ctrl Pts',(-12.7758454965011,-47.,-231.3599331881));
#12591=CARTESIAN_POINT('Ctrl Pts',(-14.0387214264537,-47.,-224.767804710361));
#12592=CARTESIAN_POINT('Ctrl Pts',(-15.4143710211176,-47.,-216.814304659352));
#12593=CARTESIAN_POINT('Ctrl Pts',(-16.2641184597512,-47.,-211.467705642213));
#12594=CARTESIAN_POINT('Ctrl Pts',(-16.6728303592847,-47.,-208.803240365087));
#12595=CARTESIAN_POINT('',(16.6728303592811,-47.,-208.80324036509));
#12596=CARTESIAN_POINT('Ctrl Pts',(-16.6728303592847,-47.,-208.803240365087));
#12597=CARTESIAN_POINT('Ctrl Pts',(-16.2641184597512,-47.,-211.467705642213));
#12598=CARTESIAN_POINT('Ctrl Pts',(-15.4143710211176,-47.,-216.814304659352));
#12599=CARTESIAN_POINT('Ctrl Pts',(-14.0387214264537,-47.,-224.767804710361));
#12600=CARTESIAN_POINT('Ctrl Pts',(-12.7758454965011,-47.,-231.3599331881));
#12601=CARTESIAN_POINT('Ctrl Pts',(-11.6606358019173,-47.,-236.631098195485));
#12602=CARTESIAN_POINT('Ctrl Pts',(-10.4523557192586,-47.,-241.894360066049));
#12603=CARTESIAN_POINT('Ctrl Pts',(-9.08492769056455,-47.,-247.13064816504));
#12604=CARTESIAN_POINT('Ctrl Pts',(-7.3988999030085,-47.,-252.22398998262));
#12605=CARTESIAN_POINT('Ctrl Pts',(-6.025789753884,-47.,-255.568017037168));
#12606=CARTESIAN_POINT('Ctrl Pts',(-4.45945943625783,-47.,-258.294126004764));
#12607=CARTESIAN_POINT('Ctrl Pts',(-2.65244467840879,-47.,-260.345848272262));
#12608=CARTESIAN_POINT('Ctrl Pts',(-0.445531410038452,-47.,-261.164476941719));
#12609=CARTESIAN_POINT('Ctrl Pts',(1.36061636513485,-47.,-260.835822100992));
#12610=CARTESIAN_POINT('Ctrl Pts',(2.95892314624493,-47.0000000000001,-259.983104716323));
#12611=CARTESIAN_POINT('Ctrl Pts',(4.4750156014017,-47.,-258.278986097633));
#12612=CARTESIAN_POINT('Ctrl Pts',(6.25131907274836,-47.,-255.149542548508));
#12613=CARTESIAN_POINT('Ctrl Pts',(7.87404674972615,-47.,-250.953761759173));
#12614=CARTESIAN_POINT('Ctrl Pts',(9.44233875690767,-47.,-245.780838224362));
#12615=CARTESIAN_POINT('Ctrl Pts',(11.6606959901118,-47.,-237.038781923435));
#12616=CARTESIAN_POINT('Ctrl Pts',(13.5746752431009,-47.,-227.42053432716));
#12617=CARTESIAN_POINT('Ctrl Pts',(15.4145846868883,-47.,-216.825163593746));
#12618=CARTESIAN_POINT('Ctrl Pts',(16.2641184597435,-47.,-211.467705642216));
#12619=CARTESIAN_POINT('Ctrl Pts',(16.6728303592811,-47.,-208.80324036509));
#12620=CARTESIAN_POINT('',(14.6959526996926,-45.,-208.5));
#12621=CARTESIAN_POINT('Origin',(16.6728303592811,-45.,-208.80324036509));
#12622=CARTESIAN_POINT('Ctrl Pts',(14.6959526996926,-45.,-208.5));
#12623=CARTESIAN_POINT('Ctrl Pts',(14.288338987632,-45.,-211.157305998417));
#12624=CARTESIAN_POINT('Ctrl Pts',(13.4412491799017,-45.,-216.499373299052));
#12625=CARTESIAN_POINT('Ctrl Pts',(11.6085964317553,-45.,-227.052292701017));
#12626=CARTESIAN_POINT('Ctrl Pts',(9.70496413729387,-45.,-236.618048251389));
#12627=CARTESIAN_POINT('Ctrl Pts',(7.51235870675458,-45.,-245.251256607009));
#12628=CARTESIAN_POINT('Ctrl Pts',(5.9773768566776,-45.,-250.317533460334));
#12629=CARTESIAN_POINT('Ctrl Pts',(4.41297896037185,-45.,-254.341316170627));
#12630=CARTESIAN_POINT('Ctrl Pts',(2.80590714578665,-45.,-257.158476038839));
#12631=CARTESIAN_POINT('Ctrl Pts',(1.61547233926639,-45.,-258.442936090539));
#12632=CARTESIAN_POINT('Ctrl Pts',(0.670284278257272,-45.,-258.924134532698));
#12633=CARTESIAN_POINT('Ctrl Pts',(-0.212307033620534,-45.,-259.074325045057));
#12634=CARTESIAN_POINT('Ctrl Pts',(-1.35830539995681,-45.,-258.708211330188));
#12635=CARTESIAN_POINT('Ctrl Pts',(-2.79867743297442,-45.,-257.171310224156));
#12636=CARTESIAN_POINT('Ctrl Pts',(-4.20039313226547,-45.,-254.714797002184));
#12637=CARTESIAN_POINT('Ctrl Pts',(-5.51937463818364,-45.,-251.542506421029));
#12638=CARTESIAN_POINT('Ctrl Pts',(-7.1568421272026,-45.,-246.580464087342));
#12639=CARTESIAN_POINT('Ctrl Pts',(-8.51088981258339,-45.,-241.417023038142));
#12640=CARTESIAN_POINT('Ctrl Pts',(-9.70680223445697,-45.,-236.201791778615));
#12641=CARTESIAN_POINT('Ctrl Pts',(-10.8145309007243,-45.,-230.968723328924));
#12642=CARTESIAN_POINT('Ctrl Pts',(-12.0705574665255,-45.,-224.410952716401));
#12643=CARTESIAN_POINT('Ctrl Pts',(-13.4411686670526,-45.,-216.488070324879));
#12644=CARTESIAN_POINT('Ctrl Pts',(-14.2883389876392,-45.,-211.157305998418));
#12645=CARTESIAN_POINT('Ctrl Pts',(-14.6959526996957,-45.,-208.5));
#12646=CARTESIAN_POINT('Ctrl Pts',(14.7422797340359,-45.,-208.197571136131));
#12647=CARTESIAN_POINT('Ctrl Pts',(14.7268578849256,-45.,-208.298385012342));
#12648=CARTESIAN_POINT('Ctrl Pts',(14.7114155943618,-45.,-208.399194650372));
#12649=CARTESIAN_POINT('Ctrl Pts',(14.6959526996926,-45.,-208.5));
#12650=CARTESIAN_POINT('Ctrl Pts',(14.7422797340359,-45.5983986006838,-208.197571136131));
#12651=CARTESIAN_POINT('Ctrl Pts',(14.7268580189497,-45.5983986006838,-208.298384136215));
#12652=CARTESIAN_POINT('Ctrl Pts',(14.7114154588869,-45.5983986006838,-208.399195533557));
#12653=CARTESIAN_POINT('Ctrl Pts',(14.6959526996926,-45.5983986006838,-208.5));
#12654=CARTESIAN_POINT('Ctrl Pts',(15.238704918024,-46.6343315939184,-208.273511022284));
#12655=CARTESIAN_POINT('Ctrl Pts',(15.2232726866509,-46.6343315939184,-208.374392768187));
#12656=CARTESIAN_POINT('Ctrl Pts',(15.2078200591131,-46.6343315939184,-208.475269887949));
#12657=CARTESIAN_POINT('Ctrl Pts',(15.1923466697869,-46.6343315939184,-208.576143654105));
#12658=CARTESIAN_POINT('Ctrl Pts',(16.2756434979973,-47.,-208.432135121646));
#12659=CARTESIAN_POINT('Ctrl Pts',(16.260189660461,-47.,-208.533158108786));
#12660=CARTESIAN_POINT('Ctrl Pts',(16.2447152792121,-47.,-208.634177240894));
#12661=CARTESIAN_POINT('Ctrl Pts',(16.2292200498233,-47.,-208.735193386287));
#12662=CARTESIAN_POINT('Ctrl Pts',(16.7192817022441,-47.,-208.5));
#12663=CARTESIAN_POINT('Ctrl Pts',(16.7038186393705,-47.,-208.601083293918));
#12664=CARTESIAN_POINT('Ctrl Pts',(16.6883349138769,-47.,-208.70216342702));
#12665=CARTESIAN_POINT('Ctrl Pts',(16.6728303592811,-47.,-208.803240365089));
#12666=CARTESIAN_POINT('',(16.7192817022441,-47.,-208.5));
#12667=CARTESIAN_POINT('Ctrl Pts',(16.6728303592811,-47.,-208.803240365089));
#12668=CARTESIAN_POINT('Ctrl Pts',(16.6883349138769,-47.,-208.70216342702));
#12669=CARTESIAN_POINT('Ctrl Pts',(16.7038186393705,-47.,-208.601083293918));
#12670=CARTESIAN_POINT('Ctrl Pts',(16.7192817022441,-47.,-208.5));
#12671=CARTESIAN_POINT('',(14.7422797340359,-45.,-208.197571136131));
#12672=CARTESIAN_POINT('Origin',(16.7192817022441,-45.,-208.5));
#12673=CARTESIAN_POINT('Ctrl Pts',(14.7422797340359,-45.,-208.197571136131));
#12674=CARTESIAN_POINT('Ctrl Pts',(14.7268578849256,-45.,-208.298385012342));
#12675=CARTESIAN_POINT('Ctrl Pts',(14.7114155943618,-45.,-208.399194650372));
#12676=CARTESIAN_POINT('Ctrl Pts',(14.6959526996926,-45.,-208.5));
#12677=CARTESIAN_POINT('Origin',(141.,-45.,-208.5));
#12678=CARTESIAN_POINT('',(187.,-47.,-208.5));
#12679=CARTESIAN_POINT('',(187.,-45.,-206.5));
#12680=CARTESIAN_POINT('Origin',(187.,-45.,-208.5));
#12681=CARTESIAN_POINT('',(16.7192817022441,-45.,-206.5));
#12682=CARTESIAN_POINT('',(141.,-45.,-206.5));
#12683=CARTESIAN_POINT('Origin',(16.7192817022441,-45.,-208.5));
#12684=CARTESIAN_POINT('',(141.,-47.,-208.5));
#12685=CARTESIAN_POINT('Origin',(187.,-45.,-211.5));
#12686=CARTESIAN_POINT('',(190.,-47.,-211.5));
#12687=CARTESIAN_POINT('',(192.,-45.,-211.5));
#12688=CARTESIAN_POINT('Origin',(190.,-45.,-211.5));
#12689=CARTESIAN_POINT('Origin',(187.,-45.,-211.5));
#12690=CARTESIAN_POINT('Origin',(187.,-47.,-211.5));
#12691=CARTESIAN_POINT('Origin',(190.,-45.,-391.75));
#12692=CARTESIAN_POINT('',(190.,-47.,-440.884342381419));
#12693=CARTESIAN_POINT('',(192.,-45.,-440.884342381419));
#12694=CARTESIAN_POINT('Origin',(190.,-45.,-440.884342381419));
#12695=CARTESIAN_POINT('',(192.,-45.,-391.75));
#12696=CARTESIAN_POINT('',(190.,-47.,-391.75));
#12697=CARTESIAN_POINT('Origin',(16.7192817022441,-45.,-208.5));
#12698=CARTESIAN_POINT('Origin',(16.7192817022441,-45.,-208.5));
#12699=CARTESIAN_POINT('Ctrl Pts',(181.333234035896,-45.,-451.050754722104));
#12700=CARTESIAN_POINT('Ctrl Pts',(181.13540244347,-45.,-450.192532369172));
#12701=CARTESIAN_POINT('Ctrl Pts',(180.827445865555,-45.,-448.490623268264));
#12702=CARTESIAN_POINT('Ctrl Pts',(180.769754121801,-45.,-446.048121608177));
#12703=CARTESIAN_POINT('Ctrl Pts',(181.358485167722,-45.,-444.08228600752));
#12704=CARTESIAN_POINT('Ctrl Pts',(182.583552958972,-45.,-442.85723807553));
#12705=CARTESIAN_POINT('Ctrl Pts',(184.544228455445,-45.,-442.266538053132));
#12706=CARTESIAN_POINT('Ctrl Pts',(186.988915481667,-45.,-442.325523302262));
#12707=CARTESIAN_POINT('Ctrl Pts',(188.692532369096,-45.,-442.635402443254));
#12708=CARTESIAN_POINT('Ctrl Pts',(189.550754722008,-45.,-442.833234035719));
#12709=CARTESIAN_POINT('Ctrl Pts',(181.333234035896,-45.5983986006838,-451.050754722104));
#12710=CARTESIAN_POINT('Ctrl Pts',(181.135448210959,-45.5983986006838,-450.192730915224));
#12711=CARTESIAN_POINT('Ctrl Pts',(180.829056935966,-45.5983986006838,-448.489582528158));
#12712=CARTESIAN_POINT('Ctrl Pts',(180.771749544663,-45.5983986006838,-446.04797410182));
#12713=CARTESIAN_POINT('Ctrl Pts',(181.361457172014,-45.5983986006837,-444.083191728183));
#12714=CARTESIAN_POINT('Ctrl Pts',(182.584579702852,-45.5983986006838,-442.859981915507));
#12715=CARTESIAN_POINT('Ctrl Pts',(184.543849654146,-45.5983986006838,-442.268718673906));
#12716=CARTESIAN_POINT('Ctrl Pts',(186.988095197532,-45.5983986006838,-442.326886510609));
#12717=CARTESIAN_POINT('Ctrl Pts',(188.692730915149,-45.5983986006838,-442.635448210742));
#12718=CARTESIAN_POINT('Ctrl Pts',(189.550754722008,-45.5983986006838,-442.833234035719));
#12719=CARTESIAN_POINT('Ctrl Pts',(180.843804432228,-46.6342778076788,-451.163574712801));
#12720=CARTESIAN_POINT('Ctrl Pts',(180.642427431955,-46.6342778076788,-450.289971862615));
#12721=CARTESIAN_POINT('Ctrl Pts',(180.325723479003,-46.6342778076787,-448.548625462552));
#12722=CARTESIAN_POINT('Ctrl Pts',(180.262307054737,-46.6342778076787,-446.006357339896));
#12723=CARTESIAN_POINT('Ctrl Pts',(180.891453691667,-46.6342778076787,-443.832469273902));
#12724=CARTESIAN_POINT('Ctrl Pts',(182.333303860385,-46.6342778076789,-442.392764083095));
#12725=CARTESIAN_POINT('Ctrl Pts',(184.504400126349,-46.6342778076788,-441.760329042055));
#12726=CARTESIAN_POINT('Ctrl Pts',(187.047844577506,-46.6342778076788,-441.825142123723));
#12727=CARTESIAN_POINT('Ctrl Pts',(188.789971862561,-46.6342778076788,-442.142427431744));
#12728=CARTESIAN_POINT('Ctrl Pts',(189.663574712729,-46.6342778076788,-442.343804432057));
#12729=CARTESIAN_POINT('Ctrl Pts',(179.821672646135,-47.,-451.399189595379));
#12730=CARTESIAN_POINT('Ctrl Pts',(179.61291742186,-47.,-450.493578931443));
#12731=CARTESIAN_POINT('Ctrl Pts',(179.27883648803,-46.9999999999999,-448.669165558047));
#12732=CARTESIAN_POINT('Ctrl Pts',(179.203683379609,-47.,-445.919052265836));
#12733=CARTESIAN_POINT('Ctrl Pts',(179.917790504845,-46.9999999999999,-443.311264080748));
#12734=CARTESIAN_POINT('Ctrl Pts',(181.811264611294,-47.0000000000001,-441.424312082554));
#12735=CARTESIAN_POINT('Ctrl Pts',(184.42100641395,-47.,-440.704396378114));
#12736=CARTESIAN_POINT('Ctrl Pts',(187.170445938021,-47.,-440.780915017281));
#12737=CARTESIAN_POINT('Ctrl Pts',(188.993578931434,-47.,-441.112917421657));
#12738=CARTESIAN_POINT('Ctrl Pts',(189.899189595357,-47.,-441.321672645975));
#12739=CARTESIAN_POINT('Ctrl Pts',(179.384342381573,-47.,-451.5));
#12740=CARTESIAN_POINT('Ctrl Pts',(179.172436824478,-47.,-450.580722731998));
#12741=CARTESIAN_POINT('Ctrl Pts',(178.83114398604,-46.9999999999999,-448.720591670125));
#12742=CARTESIAN_POINT('Ctrl Pts',(178.751023972049,-47.,-445.881676818045));
#12743=CARTESIAN_POINT('Ctrl Pts',(179.501621516286,-46.9999999999999,-443.088389786463));
#12744=CARTESIAN_POINT('Ctrl Pts',(181.588050700625,-47.0000000000001,-441.010340247849));
#12745=CARTESIAN_POINT('Ctrl Pts',(184.385271529774,-47.,-440.252914736403));
#12746=CARTESIAN_POINT('Ctrl Pts',(187.222785395784,-47.,-440.33432526022));
#12747=CARTESIAN_POINT('Ctrl Pts',(189.080722732008,-47.,-440.672436824279));
#12748=CARTESIAN_POINT('Ctrl Pts',(190.,-47.,-440.884342381419));
#12749=CARTESIAN_POINT('',(189.550754722008,-45.,-442.833234035719));
#12750=CARTESIAN_POINT('Origin',(190.,-45.,-440.884342381419));
#12751=CARTESIAN_POINT('',(179.384342381573,-47.,-451.5));
#12752=CARTESIAN_POINT('Ctrl Pts',(190.,-47.,-440.884342381419));
#12753=CARTESIAN_POINT('Ctrl Pts',(189.080722732008,-47.,-440.672436824279));
#12754=CARTESIAN_POINT('Ctrl Pts',(187.222785395784,-47.,-440.33432526022));
#12755=CARTESIAN_POINT('Ctrl Pts',(184.385271529774,-47.,-440.252914736403));
#12756=CARTESIAN_POINT('Ctrl Pts',(181.588050700625,-47.0000000000001,-441.010340247849));
#12757=CARTESIAN_POINT('Ctrl Pts',(179.501621516286,-46.9999999999999,-443.088389786463));
#12758=CARTESIAN_POINT('Ctrl Pts',(178.751023972049,-47.,-445.881676818045));
#12759=CARTESIAN_POINT('Ctrl Pts',(178.83114398604,-46.9999999999999,-448.720591670125));
#12760=CARTESIAN_POINT('Ctrl Pts',(179.172436824478,-47.,-450.580722731998));
#12761=CARTESIAN_POINT('Ctrl Pts',(179.384342381573,-47.,-451.5));
#12762=CARTESIAN_POINT('',(181.333234035896,-45.,-451.050754722104));
#12763=CARTESIAN_POINT('Origin',(179.384342381573,-45.,-451.5));
#12764=CARTESIAN_POINT('Ctrl Pts',(181.333234035896,-45.,-451.050754722104));
#12765=CARTESIAN_POINT('Ctrl Pts',(181.13540244347,-45.,-450.192532369172));
#12766=CARTESIAN_POINT('Ctrl Pts',(180.827445865555,-45.,-448.490623268264));
#12767=CARTESIAN_POINT('Ctrl Pts',(180.769754121801,-45.,-446.048121608177));
#12768=CARTESIAN_POINT('Ctrl Pts',(181.358485167722,-45.,-444.08228600752));
#12769=CARTESIAN_POINT('Ctrl Pts',(182.583552958972,-45.,-442.85723807553));
#12770=CARTESIAN_POINT('Ctrl Pts',(184.544228455445,-45.,-442.266538053132));
#12771=CARTESIAN_POINT('Ctrl Pts',(186.988915481667,-45.,-442.325523302262));
#12772=CARTESIAN_POINT('Ctrl Pts',(188.692532369096,-45.,-442.635402443254));
#12773=CARTESIAN_POINT('Ctrl Pts',(189.550754722008,-45.,-442.833234035719));
#12774=CARTESIAN_POINT('Origin',(190.,-45.,-440.884342381419));
#12775=CARTESIAN_POINT('Origin',(190.,-45.,-440.884342381419));
#12776=CARTESIAN_POINT('Origin',(-51.0000000000001,-45.,-451.5));
#12777=CARTESIAN_POINT('',(-179.384342381574,-47.,-451.5));
#12778=CARTESIAN_POINT('',(-179.384342381574,-45.,-453.5));
#12779=CARTESIAN_POINT('Origin',(-179.384342381574,-45.,-451.5));
#12780=CARTESIAN_POINT('',(179.384342381573,-45.,-453.5));
#12781=CARTESIAN_POINT('',(-51.0000000000001,-45.,-453.5));
#12782=CARTESIAN_POINT('Origin',(179.384342381573,-45.,-451.5));
#12783=CARTESIAN_POINT('',(-51.0000000000001,-47.,-451.5));
#12784=CARTESIAN_POINT('Origin',(179.384342381573,-45.,-451.5));
#12785=CARTESIAN_POINT('Origin',(179.384342381573,-45.,-451.5));
#12786=CARTESIAN_POINT('Ctrl Pts',(-189.550754722141,-45.,-442.83323403599));
#12787=CARTESIAN_POINT('Ctrl Pts',(-188.692532369193,-45.,-442.635402443578));
#12788=CARTESIAN_POINT('Ctrl Pts',(-186.991580058904,-45.,-442.327346589721));
#12789=CARTESIAN_POINT('Ctrl Pts',(-184.545797611566,-45.,-442.269557208395));
#12790=CARTESIAN_POINT('Ctrl Pts',(-182.581655719685,-45.,-442.858462320947));
#12791=CARTESIAN_POINT('Ctrl Pts',(-181.356382094019,-45.,-444.083487339428));
#12792=CARTESIAN_POINT('Ctrl Pts',(-180.766148338328,-45.,-446.044207083278));
#12793=CARTESIAN_POINT('Ctrl Pts',(-180.825208982386,-45.,-448.488892910612));
#12794=CARTESIAN_POINT('Ctrl Pts',(-181.135402443458,-45.,-450.192532369149));
#12795=CARTESIAN_POINT('Ctrl Pts',(-181.333234035893,-45.,-451.050754722087));
#12796=CARTESIAN_POINT('Ctrl Pts',(-189.550754722141,-45.5983986006838,
-442.83323403599));
#12797=CARTESIAN_POINT('Ctrl Pts',(-188.692730915245,-45.5983986006838,
-442.635448211066));
#12798=CARTESIAN_POINT('Ctrl Pts',(-186.990363818344,-45.5983986006838,
-442.329105992468));
#12799=CARTESIAN_POINT('Ctrl Pts',(-184.545378573599,-45.5983986006838,
-442.271749199614));
#12800=CARTESIAN_POINT('Ctrl Pts',(-182.582524620898,-45.5983986006838,
-442.861454098541));
#12801=CARTESIAN_POINT('Ctrl Pts',(-181.359033115814,-45.5983986006837,
-444.084579408502));
#12802=CARTESIAN_POINT('Ctrl Pts',(-180.768297264787,-45.5983986006838,
-446.043848548641));
#12803=CARTESIAN_POINT('Ctrl Pts',(-180.826539999659,-45.5983986006838,
-448.488094916218));
#12804=CARTESIAN_POINT('Ctrl Pts',(-181.135448210947,-45.5983986006838,
-450.192730915201));
#12805=CARTESIAN_POINT('Ctrl Pts',(-181.333234035893,-45.5983986006838,
-451.050754722087));
#12806=CARTESIAN_POINT('Ctrl Pts',(-189.663574712829,-46.6342778076787,
-442.34380443232));
#12807=CARTESIAN_POINT('Ctrl Pts',(-188.789971862631,-46.6342778076787,
-442.142427432062));
#12808=CARTESIAN_POINT('Ctrl Pts',(-187.049527809135,-46.6342778076788,
-441.825876759498));
#12809=CARTESIAN_POINT('Ctrl Pts',(-184.50475032433,-46.6342778076787,-441.761638305321));
#12810=CARTESIAN_POINT('Ctrl Pts',(-182.331997043869,-46.6342778076788,
-442.391291731527));
#12811=CARTESIAN_POINT('Ctrl Pts',(-180.892164374192,-46.6342778076786,
-443.833061811568));
#12812=CARTESIAN_POINT('Ctrl Pts',(-180.26004575898,-46.6342778076788,-446.004295360711));
#12813=CARTESIAN_POINT('Ctrl Pts',(-180.324920072028,-46.6342778076787,
-448.547756670535));
#12814=CARTESIAN_POINT('Ctrl Pts',(-180.642427431945,-46.6342778076788,
-450.289971862599));
#12815=CARTESIAN_POINT('Ctrl Pts',(-180.843804432226,-46.6342778076788,
-451.163574712788));
#12816=CARTESIAN_POINT('Ctrl Pts',(-189.899189595387,-47.,-441.321672646222));
#12817=CARTESIAN_POINT('Ctrl Pts',(-188.993578931448,-47.,-441.112917421965));
#12818=CARTESIAN_POINT('Ctrl Pts',(-187.169854286514,-47.,-440.77960165972));
#12819=CARTESIAN_POINT('Ctrl Pts',(-184.418788014667,-47.,-440.702141151924));
#12820=CARTESIAN_POINT('Ctrl Pts',(-181.811100978746,-47.0000000000001,
-441.41734927575));
#12821=CARTESIAN_POINT('Ctrl Pts',(-179.924194733547,-46.9999999999998,
-443.310691296169));
#12822=CARTESIAN_POINT('Ctrl Pts',(-179.204317324298,-47.0000000000001,
-445.920739026462));
#12823=CARTESIAN_POINT('Ctrl Pts',(-179.28086733267,-47.,-448.670234272641));
#12824=CARTESIAN_POINT('Ctrl Pts',(-179.612917421853,-47.,-450.493578931442));
#12825=CARTESIAN_POINT('Ctrl Pts',(-179.821672646135,-47.,-451.399189595375));
#12826=CARTESIAN_POINT('Ctrl Pts',(-190.,-47.,-440.884342381659));
#12827=CARTESIAN_POINT('Ctrl Pts',(-189.080722731998,-47.,-440.672436824582));
#12828=CARTESIAN_POINT('Ctrl Pts',(-187.221163994175,-47.,-440.332192096687));
#12829=CARTESIAN_POINT('Ctrl Pts',(-184.381948395076,-47.,-440.249136024489));
#12830=CARTESIAN_POINT('Ctrl Pts',(-181.58835370218,-47.0000000000001,-441.001063616245));
#12831=CARTESIAN_POINT('Ctrl Pts',(-179.510416056925,-46.9999999999998,
-443.08734495722));
#12832=CARTESIAN_POINT('Ctrl Pts',(-178.752918548455,-47.0000000000001,
-445.884937450373));
#12833=CARTESIAN_POINT('Ctrl Pts',(-178.83434759384,-47.,-448.722523954891));
#12834=CARTESIAN_POINT('Ctrl Pts',(-179.172436824472,-47.,-450.580722732004));
#12835=CARTESIAN_POINT('Ctrl Pts',(-179.384342381574,-47.,-451.5));
#12836=CARTESIAN_POINT('',(-181.333234035893,-45.,-451.050754722087));
#12837=CARTESIAN_POINT('Origin',(-179.384342381574,-45.,-451.5));
#12838=CARTESIAN_POINT('',(-190.,-47.,-440.884342381659));
#12839=CARTESIAN_POINT('Ctrl Pts',(-179.384342381574,-47.,-451.5));
#12840=CARTESIAN_POINT('Ctrl Pts',(-179.172436824472,-47.,-450.580722732004));
#12841=CARTESIAN_POINT('Ctrl Pts',(-178.83434759384,-47.,-448.722523954891));
#12842=CARTESIAN_POINT('Ctrl Pts',(-178.752918548455,-47.0000000000001,
-445.884937450373));
#12843=CARTESIAN_POINT('Ctrl Pts',(-179.510416056925,-46.9999999999998,
-443.08734495722));
#12844=CARTESIAN_POINT('Ctrl Pts',(-181.58835370218,-47.0000000000001,-441.001063616245));
#12845=CARTESIAN_POINT('Ctrl Pts',(-184.381948395076,-47.,-440.249136024489));
#12846=CARTESIAN_POINT('Ctrl Pts',(-187.221163994175,-47.,-440.332192096687));
#12847=CARTESIAN_POINT('Ctrl Pts',(-189.080722731998,-47.,-440.672436824582));
#12848=CARTESIAN_POINT('Ctrl Pts',(-190.,-47.,-440.884342381659));
#12849=CARTESIAN_POINT('',(-189.550754722141,-45.,-442.83323403599));
#12850=CARTESIAN_POINT('Origin',(-190.,-45.,-440.884342381659));
#12851=CARTESIAN_POINT('Ctrl Pts',(-189.550754722141,-45.,-442.83323403599));
#12852=CARTESIAN_POINT('Ctrl Pts',(-188.692532369193,-45.,-442.635402443578));
#12853=CARTESIAN_POINT('Ctrl Pts',(-186.991580058904,-45.,-442.327346589721));
#12854=CARTESIAN_POINT('Ctrl Pts',(-184.545797611566,-45.,-442.269557208395));
#12855=CARTESIAN_POINT('Ctrl Pts',(-182.581655719685,-45.,-442.858462320947));
#12856=CARTESIAN_POINT('Ctrl Pts',(-181.356382094019,-45.,-444.083487339428));
#12857=CARTESIAN_POINT('Ctrl Pts',(-180.766148338328,-45.,-446.044207083278));
#12858=CARTESIAN_POINT('Ctrl Pts',(-180.825208982386,-45.,-448.488892910612));
#12859=CARTESIAN_POINT('Ctrl Pts',(-181.135402443458,-45.,-450.192532369149));
#12860=CARTESIAN_POINT('Ctrl Pts',(-181.333234035893,-45.,-451.050754722087));
#12861=CARTESIAN_POINT('Origin',(-179.384342381574,-45.,-451.5));
#12862=CARTESIAN_POINT('Origin',(-179.384342381574,-45.,-451.5));
#12863=CARTESIAN_POINT('Origin',(-190.,-45.,-386.75));
#12864=CARTESIAN_POINT('',(-190.,-47.,-211.5));
#12865=CARTESIAN_POINT('',(-192.,-45.,-211.5));
#12866=CARTESIAN_POINT('Origin',(-190.,-45.,-211.5));
#12867=CARTESIAN_POINT('',(-192.,-45.,-440.884342381659));
#12868=CARTESIAN_POINT('',(-192.,-45.,-386.75));
#12869=CARTESIAN_POINT('Origin',(-190.,-45.,-440.884342381659));
#12870=CARTESIAN_POINT('',(-190.,-47.,-386.75));
#12871=CARTESIAN_POINT('Origin',(-187.,-45.,-211.5));
#12872=CARTESIAN_POINT('',(-187.,-47.,-208.5));
#12873=CARTESIAN_POINT('',(-187.,-45.,-206.5));
#12874=CARTESIAN_POINT('Origin',(-187.,-45.,-208.5));
#12875=CARTESIAN_POINT('Origin',(-187.,-45.,-211.5));
#12876=CARTESIAN_POINT('Origin',(-187.,-47.,-211.5));
#12877=CARTESIAN_POINT('Origin',(141.,-45.,-208.5));
#12878=CARTESIAN_POINT('',(-16.7192817022467,-45.,-206.5));
#12879=CARTESIAN_POINT('Origin',(-16.7192817022467,-45.,-208.5));
#12880=CARTESIAN_POINT('',(141.,-45.,-206.5));
#12881=CARTESIAN_POINT('',(141.,-47.,-208.5));
#12882=CARTESIAN_POINT('Origin',(-190.,-45.,-440.884342381659));
#12883=CARTESIAN_POINT('Origin',(-190.,-45.,-440.884342381659));
#12884=CARTESIAN_POINT('Origin',(-16.7192817022468,-45.,-208.5));
#12885=CARTESIAN_POINT('Origin',(-16.7192817022468,-45.,-208.5));
#12886=CARTESIAN_POINT('Origin',(192.,0.,-453.5));
#12887=CARTESIAN_POINT('',(192.,-0.999999999999998,-440.884342381419));
#12888=CARTESIAN_POINT('Ctrl Pts',(192.,-0.999999999999999,-440.884342381419));
#12889=CARTESIAN_POINT('Ctrl Pts',(192.,-15.6666666666667,-440.884342381419));
#12890=CARTESIAN_POINT('Ctrl Pts',(192.,-30.3333333333333,-440.884342381419));
#12891=CARTESIAN_POINT('Ctrl Pts',(192.,-45.,-440.884342381419));
#12892=CARTESIAN_POINT('',(192.,-1.,-448.5));
#12893=CARTESIAN_POINT('',(192.,-1.,-206.5));
#12894=CARTESIAN_POINT('',(192.,0.,-448.5));
#12895=CARTESIAN_POINT('',(192.,0.,-448.5));
#12896=CARTESIAN_POINT('',(192.,0.,-211.5));
#12897=CARTESIAN_POINT('',(192.,0.,-206.5));
#12898=CARTESIAN_POINT('',(192.,0.,-211.5));
#12899=CARTESIAN_POINT('Ctrl Pts',(192.,-0.999999999999999,-440.884342381419));
#12900=CARTESIAN_POINT('Ctrl Pts',(192.,-15.6666666666667,-440.884342381419));
#12901=CARTESIAN_POINT('Ctrl Pts',(192.,-30.3333333333333,-440.884342381419));
#12902=CARTESIAN_POINT('Ctrl Pts',(192.,-45.,-440.884342381419));
#12903=CARTESIAN_POINT('Ctrl Pts',(192.,-0.999999999999999,-441.226695160207));
#12904=CARTESIAN_POINT('Ctrl Pts',(192.,-15.6666666666667,-441.226695160207));
#12905=CARTESIAN_POINT('Ctrl Pts',(192.,-30.3333333333333,-441.226695160207));
#12906=CARTESIAN_POINT('Ctrl Pts',(192.,-45.,-441.226695160207));
#12907=CARTESIAN_POINT('Ctrl Pts',(191.820148778319,-0.999999999999999,
-441.909729123083));
#12908=CARTESIAN_POINT('Ctrl Pts',(191.820148778319,-15.6666666666666,-441.909729123083));
#12909=CARTESIAN_POINT('Ctrl Pts',(191.820148778319,-30.3333333333334,-441.909729123083));
#12910=CARTESIAN_POINT('Ctrl Pts',(191.820148778319,-45.,-441.909729123083));
#12911=CARTESIAN_POINT('Ctrl Pts',(190.957878260363,-0.999999999999999,
-442.800712273613));
#12912=CARTESIAN_POINT('Ctrl Pts',(190.957878260363,-15.6666666666667,-442.800712273613));
#12913=CARTESIAN_POINT('Ctrl Pts',(190.957878260363,-30.3333333333333,-442.800712273613));
#12914=CARTESIAN_POINT('Ctrl Pts',(190.957878260363,-45.,-442.800712273613));
#12915=CARTESIAN_POINT('Ctrl Pts',(190.051161077064,-0.999999999999999,
-442.948584312678));
#12916=CARTESIAN_POINT('Ctrl Pts',(190.051161077064,-15.6666666666666,-442.948584312678));
#12917=CARTESIAN_POINT('Ctrl Pts',(190.051161077064,-30.3333333333333,-442.948584312678));
#12918=CARTESIAN_POINT('Ctrl Pts',(190.051161077064,-45.,-442.948584312678));
#12919=CARTESIAN_POINT('Ctrl Pts',(189.550754722008,-0.999999999999999,
-442.833234035719));
#12920=CARTESIAN_POINT('Ctrl Pts',(189.550754722008,-15.6666666666667,-442.833234035719));
#12921=CARTESIAN_POINT('Ctrl Pts',(189.550754722008,-30.3333333333333,-442.833234035719));
#12922=CARTESIAN_POINT('Ctrl Pts',(189.550754722008,-45.,-442.833234035719));
#12923=CARTESIAN_POINT('',(189.550754722008,-1.,-442.833234035719));
#12924=CARTESIAN_POINT('Ctrl Pts',(189.550754722008,-45.,-442.833234035719));
#12925=CARTESIAN_POINT('Ctrl Pts',(189.550754722008,-30.3333333333333,-442.833234035719));
#12926=CARTESIAN_POINT('Ctrl Pts',(189.550754722008,-15.6666666666667,-442.833234035719));
#12927=CARTESIAN_POINT('Ctrl Pts',(189.550754722008,-0.999999999999999,
-442.833234035719));
#12928=CARTESIAN_POINT('Ctrl Pts',(192.,-1.,-440.884342381419));
#12929=CARTESIAN_POINT('Ctrl Pts',(192.,-1.,-441.226695160207));
#12930=CARTESIAN_POINT('Ctrl Pts',(191.910074389159,-1.,-441.568212141645));
#12931=CARTESIAN_POINT('Ctrl Pts',(191.741930081174,-1.,-441.866253939583));
#12932=CARTESIAN_POINT('Ctrl Pts',(191.573785773189,-1.,-442.16429573752));
#12933=CARTESIAN_POINT('Ctrl Pts',(191.327422768058,-1.,-442.418862351957));
#12934=CARTESIAN_POINT('Ctrl Pts',(191.034530215652,-1.,-442.59526184687));
#12935=CARTESIAN_POINT('Ctrl Pts',(190.595191387043,-1.,-442.859861089239));
#12936=CARTESIAN_POINT('Ctrl Pts',(190.051161077064,-1.,-442.948584312678));
#12937=CARTESIAN_POINT('Ctrl Pts',(189.550754722008,-1.,-442.833234035719));
#12938=CARTESIAN_POINT('Ctrl Pts',(181.440577281222,0.,-451.5));
#12939=CARTESIAN_POINT('Ctrl Pts',(181.440577281222,-47.,-451.5));
#12940=CARTESIAN_POINT('Ctrl Pts',(181.403843367875,0.,-451.351381542904));
#12941=CARTESIAN_POINT('Ctrl Pts',(181.403843367875,-47.,-451.351381542904));
#12942=CARTESIAN_POINT('Ctrl Pts',(181.241783178755,0.,-450.67743681004));
#12943=CARTESIAN_POINT('Ctrl Pts',(181.241783178755,-47.,-450.67743681004));
#12944=CARTESIAN_POINT('Ctrl Pts',(181.00215454091,0.,-449.525923628454));
#12945=CARTESIAN_POINT('Ctrl Pts',(181.00215454091,-47.,-449.525923628454));
#12946=CARTESIAN_POINT('Ctrl Pts',(180.785323431674,0.,-447.997207975472));
#12947=CARTESIAN_POINT('Ctrl Pts',(180.785323431674,-47.,-447.997207975472));
#12948=CARTESIAN_POINT('Ctrl Pts',(180.754693052875,0.,-446.254693052918));
#12949=CARTESIAN_POINT('Ctrl Pts',(180.754693052875,-47.,-446.254693052918));
#12950=CARTESIAN_POINT('Ctrl Pts',(181.11055518037,0.,-444.610555180394));
#12951=CARTESIAN_POINT('Ctrl Pts',(181.11055518037,-47.,-444.610555180394));
#12952=CARTESIAN_POINT('Ctrl Pts',(181.890026432103,0.,-443.390026432103));
#12953=CARTESIAN_POINT('Ctrl Pts',(181.890026432103,-47.,-443.390026432103));
#12954=CARTESIAN_POINT('Ctrl Pts',(183.110555180232,0.,-442.610555180208));
#12955=CARTESIAN_POINT('Ctrl Pts',(183.110555180232,-47.,-442.610555180208));
#12956=CARTESIAN_POINT('Ctrl Pts',(184.754693052635,0.,-442.254693052592));
#12957=CARTESIAN_POINT('Ctrl Pts',(184.754693052635,-47.,-442.254693052592));
#12958=CARTESIAN_POINT('Ctrl Pts',(186.497207975172,0.,-442.285323431354));
#12959=CARTESIAN_POINT('Ctrl Pts',(186.497207975172,-47.,-442.285323431354));
#12960=CARTESIAN_POINT('Ctrl Pts',(188.025923628213,0.,-442.502154540631));
#12961=CARTESIAN_POINT('Ctrl Pts',(188.025923628213,-47.,-442.502154540631));
#12962=CARTESIAN_POINT('Ctrl Pts',(189.177436809885,0.,-442.741783178543));
#12963=CARTESIAN_POINT('Ctrl Pts',(189.177436809885,-47.,-442.741783178543));
#12964=CARTESIAN_POINT('Ctrl Pts',(189.85138154282,0.,-442.903843367717));
#12965=CARTESIAN_POINT('Ctrl Pts',(189.85138154282,-47.,-442.903843367717));
#12966=CARTESIAN_POINT('Ctrl Pts',(189.999999999952,0.,-442.940577281082));
#12967=CARTESIAN_POINT('Ctrl Pts',(189.999999999952,-47.,-442.940577281082));
#12968=CARTESIAN_POINT('',(181.333234035896,-1.,-451.050754722104));
#12969=CARTESIAN_POINT('Ctrl Pts',(181.333234035896,-0.999999999999992,
-451.050754722104));
#12970=CARTESIAN_POINT('Ctrl Pts',(181.333234035896,-15.6666666666667,-451.050754722104));
#12971=CARTESIAN_POINT('Ctrl Pts',(181.333234035896,-30.3333333333333,-451.050754722104));
#12972=CARTESIAN_POINT('Ctrl Pts',(181.333234035896,-45.,-451.050754722104));
#12973=CARTESIAN_POINT('Ctrl Pts',(189.550754722004,-1.,-442.833234035718));
#12974=CARTESIAN_POINT('Ctrl Pts',(189.494218160216,-1.,-442.82020161118));
#12975=CARTESIAN_POINT('Ctrl Pts',(188.919889552529,-1.,-442.689377140739));
#12976=CARTESIAN_POINT('Ctrl Pts',(187.867084024859,-1.,-442.480075750313));
#12977=CARTESIAN_POINT('Ctrl Pts',(186.427604052874,-1.,-442.284099915574));
#12978=CARTESIAN_POINT('Ctrl Pts',(184.754693052635,-1.,-442.254693052592));
#12979=CARTESIAN_POINT('Ctrl Pts',(183.110555180232,-1.,-442.610555180208));
#12980=CARTESIAN_POINT('Ctrl Pts',(181.890026432103,-1.,-443.390026432103));
#12981=CARTESIAN_POINT('Ctrl Pts',(181.11055518037,-1.,-444.610555180394));
#12982=CARTESIAN_POINT('Ctrl Pts',(180.754693052875,-1.,-446.254693052918));
#12983=CARTESIAN_POINT('Ctrl Pts',(180.784099915893,-1.,-447.927604053177));
#12984=CARTESIAN_POINT('Ctrl Pts',(180.980075750597,-1.,-449.367084025112));
#12985=CARTESIAN_POINT('Ctrl Pts',(181.189377140967,-1.,-450.41988955271));
#12986=CARTESIAN_POINT('Ctrl Pts',(181.320201611366,-1.,-450.994218160339));
#12987=CARTESIAN_POINT('Ctrl Pts',(181.333234035896,-1.,-451.050754722104));
#12988=CARTESIAN_POINT('Ctrl Pts',(181.333234035896,-0.999999999999992,
-451.050754722104));
#12989=CARTESIAN_POINT('Ctrl Pts',(181.333234035896,-15.6666666666667,-451.050754722104));
#12990=CARTESIAN_POINT('Ctrl Pts',(181.333234035896,-30.3333333333333,-451.050754722104));
#12991=CARTESIAN_POINT('Ctrl Pts',(181.333234035896,-45.,-451.050754722104));
#12992=CARTESIAN_POINT('Ctrl Pts',(181.410134220517,-0.999999999999992,
-451.384358958802));
#12993=CARTESIAN_POINT('Ctrl Pts',(181.410134220517,-15.6666666666667,-451.384358958802));
#12994=CARTESIAN_POINT('Ctrl Pts',(181.410134220517,-30.3333333333333,-451.384358958802));
#12995=CARTESIAN_POINT('Ctrl Pts',(181.410134220517,-45.,-451.384358958802));
#12996=CARTESIAN_POINT('Ctrl Pts',(181.388303839277,-0.999999999999992,
-452.090337209748));
#12997=CARTESIAN_POINT('Ctrl Pts',(181.388303839277,-15.6666666666666,-452.090337209748));
#12998=CARTESIAN_POINT('Ctrl Pts',(181.388303839277,-30.3333333333333,-452.090337209748));
#12999=CARTESIAN_POINT('Ctrl Pts',(181.388303839277,-45.,-452.090337209748));
#13000=CARTESIAN_POINT('Ctrl Pts',(180.748202917742,-0.999999999999992,
-453.152237502066));
#13001=CARTESIAN_POINT('Ctrl Pts',(180.748202917742,-15.6666666666667,-453.152237502066));
#13002=CARTESIAN_POINT('Ctrl Pts',(180.748202917742,-30.3333333333333,-453.152237502066));
#13003=CARTESIAN_POINT('Ctrl Pts',(180.748202917742,-45.,-453.152237502066));
#13004=CARTESIAN_POINT('Ctrl Pts',(179.897871549742,-0.999999999999992,
-453.5));
#13005=CARTESIAN_POINT('Ctrl Pts',(179.897871549742,-15.6666666666667,-453.5));
#13006=CARTESIAN_POINT('Ctrl Pts',(179.897871549742,-30.3333333333333,-453.5));
#13007=CARTESIAN_POINT('Ctrl Pts',(179.897871549742,-45.,-453.5));
#13008=CARTESIAN_POINT('Ctrl Pts',(179.384342381573,-0.999999999999992,
-453.5));
#13009=CARTESIAN_POINT('Ctrl Pts',(179.384342381573,-15.6666666666667,-453.5));
#13010=CARTESIAN_POINT('Ctrl Pts',(179.384342381573,-30.3333333333333,-453.5));
#13011=CARTESIAN_POINT('Ctrl Pts',(179.384342381573,-45.,-453.5));
#13012=CARTESIAN_POINT('',(179.384342381573,-0.999999999999996,-453.5));
#13013=CARTESIAN_POINT('Ctrl Pts',(179.384342381573,-45.,-453.5));
#13014=CARTESIAN_POINT('Ctrl Pts',(179.384342381573,-30.3333333333333,-453.5));
#13015=CARTESIAN_POINT('Ctrl Pts',(179.384342381573,-15.6666666666667,-453.5));
#13016=CARTESIAN_POINT('Ctrl Pts',(179.384342381573,-0.999999999999992,
-453.5));
#13017=CARTESIAN_POINT('Ctrl Pts',(181.333234035896,-1.00000000000001,-451.050754722104));
#13018=CARTESIAN_POINT('Ctrl Pts',(181.410134220517,-1.00000000000001,-451.384358958802));
#13019=CARTESIAN_POINT('Ctrl Pts',(181.399219029897,-1.00000000000001,-451.737348084275));
#13020=CARTESIAN_POINT('Ctrl Pts',(181.302318445796,-1.00000000000001,-452.065542688771));
#13021=CARTESIAN_POINT('Ctrl Pts',(181.205417861696,-1.00000000000001,-452.393737293267));
#13022=CARTESIAN_POINT('Ctrl Pts',(181.022531884115,-1.00000000000001,-452.697137376787));
#13023=CARTESIAN_POINT('Ctrl Pts',(180.776747278686,-1.00000000000001,-452.934819426568));
#13024=CARTESIAN_POINT('Ctrl Pts',(180.408070370542,-1.00000000000001,-453.291342501239));
#13025=CARTESIAN_POINT('Ctrl Pts',(179.897871549742,-1.00000000000001,-453.5));
#13026=CARTESIAN_POINT('Ctrl Pts',(179.384342381573,-1.00000000000001,-453.5));
#13027=CARTESIAN_POINT('Origin',(-192.,0.,-453.5));
#13028=CARTESIAN_POINT('',(-179.384342381574,-0.99999999999999,-453.5));
#13029=CARTESIAN_POINT('Ctrl Pts',(-179.384342381574,-0.999999999999988,
-453.5));
#13030=CARTESIAN_POINT('Ctrl Pts',(-179.384342381574,-15.6666666666667,
-453.5));
#13031=CARTESIAN_POINT('Ctrl Pts',(-179.384342381574,-30.3333333333333,
-453.5));
#13032=CARTESIAN_POINT('Ctrl Pts',(-179.384342381574,-45.,-453.5));
#13033=CARTESIAN_POINT('',(-187.,-1.,-453.5));
#13034=CARTESIAN_POINT('',(192.,-1.,-453.5));
#13035=CARTESIAN_POINT('',(-187.,0.,-453.5));
#13036=CARTESIAN_POINT('',(-187.,0.,-453.5));
#13037=CARTESIAN_POINT('',(-92.0000000000001,0.,-453.5));
#13038=CARTESIAN_POINT('',(192.,0.,-453.5));
#13039=CARTESIAN_POINT('',(-92.0000000000001,-15.,-453.5));
#13040=CARTESIAN_POINT('',(-92.0000000000001,0.,-453.5));
#13041=CARTESIAN_POINT('',(-82.0000000000001,-15.,-453.5));
#13042=CARTESIAN_POINT('',(192.,-15.,-453.5));
#13043=CARTESIAN_POINT('',(-82.0000000000001,0.,-453.5));
#13044=CARTESIAN_POINT('',(-82.0000000000001,0.,-453.5));
#13045=CARTESIAN_POINT('',(-22.0000000000001,0.,-453.5));
#13046=CARTESIAN_POINT('',(192.,0.,-453.5));
#13047=CARTESIAN_POINT('',(-22.0000000000001,-25.,-453.5));
#13048=CARTESIAN_POINT('',(-22.0000000000001,0.,-453.5));
#13049=CARTESIAN_POINT('',(-12.0000000000001,-25.,-453.5));
#13050=CARTESIAN_POINT('',(192.,-25.,-453.5));
#13051=CARTESIAN_POINT('',(-12.0000000000001,0.,-453.5));
#13052=CARTESIAN_POINT('',(-12.0000000000001,0.,-453.5));
#13053=CARTESIAN_POINT('',(187.,0.,-453.5));
#13054=CARTESIAN_POINT('',(192.,0.,-453.5));
#13055=CARTESIAN_POINT('',(187.,-1.,-453.5));
#13056=CARTESIAN_POINT('',(187.,0.,-453.5));
#13057=CARTESIAN_POINT('',(-2.81132673678119,-1.,-453.5));
#13058=CARTESIAN_POINT('Ctrl Pts',(-179.384342381574,-0.999999999999988,
-453.5));
#13059=CARTESIAN_POINT('Ctrl Pts',(-179.384342381574,-15.6666666666667,
-453.5));
#13060=CARTESIAN_POINT('Ctrl Pts',(-179.384342381574,-30.3333333333333,
-453.5));
#13061=CARTESIAN_POINT('Ctrl Pts',(-179.384342381574,-45.,-453.5));
#13062=CARTESIAN_POINT('Ctrl Pts',(-179.726695160355,-0.999999999999988,
-453.5));
#13063=CARTESIAN_POINT('Ctrl Pts',(-179.726695160355,-15.6666666666667,
-453.5));
#13064=CARTESIAN_POINT('Ctrl Pts',(-179.726695160355,-30.3333333333333,
-453.5));
#13065=CARTESIAN_POINT('Ctrl Pts',(-179.726695160355,-45.,-453.5));
#13066=CARTESIAN_POINT('Ctrl Pts',(-180.409729123216,-0.999999999999988,
-453.320148778327));
#13067=CARTESIAN_POINT('Ctrl Pts',(-180.409729123216,-15.6666666666666,
-453.320148778327));
#13068=CARTESIAN_POINT('Ctrl Pts',(-180.409729123216,-30.3333333333334,
-453.320148778327));
#13069=CARTESIAN_POINT('Ctrl Pts',(-180.409729123216,-45.,-453.320148778327));
#13070=CARTESIAN_POINT('Ctrl Pts',(-181.300712273739,-0.999999999999987,
-452.457878260407));
#13071=CARTESIAN_POINT('Ctrl Pts',(-181.300712273739,-15.6666666666667,
-452.457878260407));
#13072=CARTESIAN_POINT('Ctrl Pts',(-181.300712273739,-30.3333333333333,
-452.457878260407));
#13073=CARTESIAN_POINT('Ctrl Pts',(-181.300712273739,-45.,-452.457878260407));
#13074=CARTESIAN_POINT('Ctrl Pts',(-181.448584312829,-0.999999999999988,
-451.551161077136));
#13075=CARTESIAN_POINT('Ctrl Pts',(-181.448584312829,-15.6666666666666,
-451.551161077136));
#13076=CARTESIAN_POINT('Ctrl Pts',(-181.448584312829,-30.3333333333334,
-451.551161077136));
#13077=CARTESIAN_POINT('Ctrl Pts',(-181.448584312829,-45.,-451.551161077136));
#13078=CARTESIAN_POINT('Ctrl Pts',(-181.333234035893,-0.999999999999988,
-451.050754722087));
#13079=CARTESIAN_POINT('Ctrl Pts',(-181.333234035893,-15.6666666666667,
-451.050754722087));
#13080=CARTESIAN_POINT('Ctrl Pts',(-181.333234035893,-30.3333333333333,
-451.050754722087));
#13081=CARTESIAN_POINT('Ctrl Pts',(-181.333234035893,-45.,-451.050754722087));
#13082=CARTESIAN_POINT('',(-181.333234035893,-1.,-451.050754722087));
#13083=CARTESIAN_POINT('Ctrl Pts',(-181.333234035893,-45.,-451.050754722087));
#13084=CARTESIAN_POINT('Ctrl Pts',(-181.333234035893,-30.3333333333333,
-451.050754722087));
#13085=CARTESIAN_POINT('Ctrl Pts',(-181.333234035893,-15.6666666666667,
-451.050754722087));
#13086=CARTESIAN_POINT('Ctrl Pts',(-181.333234035893,-0.999999999999988,
-451.050754722087));
#13087=CARTESIAN_POINT('Ctrl Pts',(-179.384342381574,-0.999999999999999,
-453.5));
#13088=CARTESIAN_POINT('Ctrl Pts',(-179.726695160355,-0.999999999999999,
-453.5));
#13089=CARTESIAN_POINT('Ctrl Pts',(-180.068212141785,-0.999999999999999,
-453.410074389163));
#13090=CARTESIAN_POINT('Ctrl Pts',(-180.366253939718,-0.999999999999999,
-453.241930081185));
#13091=CARTESIAN_POINT('Ctrl Pts',(-180.664295737651,-0.999999999999999,
-453.073785773207));
#13092=CARTESIAN_POINT('Ctrl Pts',(-180.918862352086,-0.999999999999999,
-452.827422768087));
#13093=CARTESIAN_POINT('Ctrl Pts',(-181.095261847002,-0.999999999999999,
-452.534530215692));
#13094=CARTESIAN_POINT('Ctrl Pts',(-181.359861089375,-0.999999999999999,
-452.095191387099));
#13095=CARTESIAN_POINT('Ctrl Pts',(-181.448584312829,-0.999999999999999,
-451.551161077136));
#13096=CARTESIAN_POINT('Ctrl Pts',(-181.333234035893,-0.999999999999999,
-451.050754722087));
#13097=CARTESIAN_POINT('Ctrl Pts',(-190.,0.,-442.940577281297));
#13098=CARTESIAN_POINT('Ctrl Pts',(-190.,-47.,-442.940577281297));
#13099=CARTESIAN_POINT('Ctrl Pts',(-189.851381542871,0.,-442.903843367946));
#13100=CARTESIAN_POINT('Ctrl Pts',(-189.851381542871,-47.,-442.903843367946));
#13101=CARTESIAN_POINT('Ctrl Pts',(-189.177436809948,0.,-442.741783178829));
#13102=CARTESIAN_POINT('Ctrl Pts',(-189.177436809948,-47.,-442.741783178829));
#13103=CARTESIAN_POINT('Ctrl Pts',(-188.025923628293,0.,-442.502154540992));
#13104=CARTESIAN_POINT('Ctrl Pts',(-188.025923628293,-47.,-442.502154540992));
#13105=CARTESIAN_POINT('Ctrl Pts',(-186.497207975262,0.,-442.28532343176));
#13106=CARTESIAN_POINT('Ctrl Pts',(-186.497207975262,-47.,-442.28532343176));
#13107=CARTESIAN_POINT('Ctrl Pts',(-184.754693052715,0.,-442.254693052954));
#13108=CARTESIAN_POINT('Ctrl Pts',(-184.754693052715,-47.,-442.254693052954));
#13109=CARTESIAN_POINT('Ctrl Pts',(-183.110555180279,0.,-442.610555180416));
#13110=CARTESIAN_POINT('Ctrl Pts',(-183.110555180279,-47.,-442.610555180416));
#13111=CARTESIAN_POINT('Ctrl Pts',(-181.890026432104,0.,-443.390026432104));
#13112=CARTESIAN_POINT('Ctrl Pts',(-181.890026432104,-47.,-443.390026432104));
#13113=CARTESIAN_POINT('Ctrl Pts',(-181.110555180323,0.,-444.610555180185));
#13114=CARTESIAN_POINT('Ctrl Pts',(-181.110555180323,-47.,-444.610555180185));
#13115=CARTESIAN_POINT('Ctrl Pts',(-180.754693052792,0.,-446.254693052549));
#13116=CARTESIAN_POINT('Ctrl Pts',(-180.754693052792,-47.,-446.254693052549));
#13117=CARTESIAN_POINT('Ctrl Pts',(-180.785323431579,0.,-447.997207975081));
#13118=CARTESIAN_POINT('Ctrl Pts',(-180.785323431579,-47.,-447.997207975081));
#13119=CARTESIAN_POINT('Ctrl Pts',(-181.002154540834,0.,-449.525923628143));
#13120=CARTESIAN_POINT('Ctrl Pts',(-181.002154540834,-47.,-449.525923628143));
#13121=CARTESIAN_POINT('Ctrl Pts',(-181.241783178709,0.,-450.677436809845));
#13122=CARTESIAN_POINT('Ctrl Pts',(-181.241783178709,-47.,-450.677436809845));
#13123=CARTESIAN_POINT('Ctrl Pts',(-181.403843367855,0.,-451.351381542806));
#13124=CARTESIAN_POINT('Ctrl Pts',(-181.403843367855,-47.,-451.351381542806));
#13125=CARTESIAN_POINT('Ctrl Pts',(-181.440577281215,0.,-451.499999999952));
#13126=CARTESIAN_POINT('Ctrl Pts',(-181.440577281215,-47.,-451.499999999952));
#13127=CARTESIAN_POINT('',(-189.550754722141,-0.999999999999998,-442.83323403599));
#13128=CARTESIAN_POINT('Ctrl Pts',(-189.550754722141,-0.999999999999996,
-442.83323403599));
#13129=CARTESIAN_POINT('Ctrl Pts',(-189.550754722141,-15.6666666666667,
-442.83323403599));
#13130=CARTESIAN_POINT('Ctrl Pts',(-189.550754722141,-30.3333333333333,
-442.83323403599));
#13131=CARTESIAN_POINT('Ctrl Pts',(-189.550754722141,-45.,-442.83323403599));
#13132=CARTESIAN_POINT('Ctrl Pts',(-181.333234035892,-1.,-451.050754722083));
#13133=CARTESIAN_POINT('Ctrl Pts',(-181.320201611349,-1.,-450.994218160265));
#13134=CARTESIAN_POINT('Ctrl Pts',(-181.189377140924,-1.,-450.419889552536));
#13135=CARTESIAN_POINT('Ctrl Pts',(-180.980075750523,-1.,-449.36708402482));
#13136=CARTESIAN_POINT('Ctrl Pts',(-180.784099915799,-1.,-447.927604052798));
#13137=CARTESIAN_POINT('Ctrl Pts',(-180.754693052792,-1.,-446.254693052549));
#13138=CARTESIAN_POINT('Ctrl Pts',(-181.110555180323,-1.,-444.610555180185));
#13139=CARTESIAN_POINT('Ctrl Pts',(-181.890026432104,-1.,-443.390026432104));
#13140=CARTESIAN_POINT('Ctrl Pts',(-183.110555180279,-1.,-442.610555180416));
#13141=CARTESIAN_POINT('Ctrl Pts',(-184.754693052715,-1.,-442.254693052954));
#13142=CARTESIAN_POINT('Ctrl Pts',(-186.427604052977,-1.,-442.284099915979));
#13143=CARTESIAN_POINT('Ctrl Pts',(-187.867084024969,-1.,-442.480075750682));
#13144=CARTESIAN_POINT('Ctrl Pts',(-188.919889552643,-1.,-442.68937714105));
#13145=CARTESIAN_POINT('Ctrl Pts',(-189.494218160337,-1.,-442.820201611453));
#13146=CARTESIAN_POINT('Ctrl Pts',(-189.550754722141,-1.,-442.83323403599));
#13147=CARTESIAN_POINT('Ctrl Pts',(-189.550754722141,-0.999999999999996,
-442.83323403599));
#13148=CARTESIAN_POINT('Ctrl Pts',(-189.550754722141,-15.6666666666667,
-442.83323403599));
#13149=CARTESIAN_POINT('Ctrl Pts',(-189.550754722141,-30.3333333333333,
-442.83323403599));
#13150=CARTESIAN_POINT('Ctrl Pts',(-189.550754722141,-45.,-442.83323403599));
#13151=CARTESIAN_POINT('Ctrl Pts',(-189.884358958837,-0.999999999999996,
-442.910134220603));
#13152=CARTESIAN_POINT('Ctrl Pts',(-189.884358958837,-15.6666666666667,
-442.910134220603));
#13153=CARTESIAN_POINT('Ctrl Pts',(-189.884358958837,-30.3333333333333,
-442.910134220603));
#13154=CARTESIAN_POINT('Ctrl Pts',(-189.884358958837,-45.,-442.910134220603));
#13155=CARTESIAN_POINT('Ctrl Pts',(-190.590337209774,-0.999999999999997,
-442.888303839353));
#13156=CARTESIAN_POINT('Ctrl Pts',(-190.590337209774,-15.6666666666666,
-442.888303839353));
#13157=CARTESIAN_POINT('Ctrl Pts',(-190.590337209774,-30.3333333333334,
-442.888303839353));
#13158=CARTESIAN_POINT('Ctrl Pts',(-190.590337209774,-45.,-442.888303839353));
#13159=CARTESIAN_POINT('Ctrl Pts',(-191.652237502073,-0.999999999999997,
-442.248202917814));
#13160=CARTESIAN_POINT('Ctrl Pts',(-191.652237502073,-15.6666666666667,
-442.248202917814));
#13161=CARTESIAN_POINT('Ctrl Pts',(-191.652237502073,-30.3333333333333,
-442.248202917814));
#13162=CARTESIAN_POINT('Ctrl Pts',(-191.652237502073,-45.,-442.248202917814));
#13163=CARTESIAN_POINT('Ctrl Pts',(-192.,-0.999999999999996,-441.397871549822));
#13164=CARTESIAN_POINT('Ctrl Pts',(-192.,-15.6666666666666,-441.397871549822));
#13165=CARTESIAN_POINT('Ctrl Pts',(-192.,-30.3333333333333,-441.397871549822));
#13166=CARTESIAN_POINT('Ctrl Pts',(-192.,-45.,-441.397871549822));
#13167=CARTESIAN_POINT('Ctrl Pts',(-192.,-0.999999999999996,-440.884342381659));
#13168=CARTESIAN_POINT('Ctrl Pts',(-192.,-15.6666666666667,-440.884342381659));
#13169=CARTESIAN_POINT('Ctrl Pts',(-192.,-30.3333333333333,-440.884342381659));
#13170=CARTESIAN_POINT('Ctrl Pts',(-192.,-45.,-440.884342381659));
#13171=CARTESIAN_POINT('',(-192.,-0.999999999999998,-440.884342381659));
#13172=CARTESIAN_POINT('Ctrl Pts',(-192.,-45.,-440.884342381659));
#13173=CARTESIAN_POINT('Ctrl Pts',(-192.,-30.3333333333333,-440.884342381659));
#13174=CARTESIAN_POINT('Ctrl Pts',(-192.,-15.6666666666667,-440.884342381659));
#13175=CARTESIAN_POINT('Ctrl Pts',(-192.,-0.999999999999996,-440.884342381659));
#13176=CARTESIAN_POINT('Ctrl Pts',(-189.550754722141,-0.999999999999996,
-442.83323403599));
#13177=CARTESIAN_POINT('Ctrl Pts',(-189.884358958837,-0.999999999999996,
-442.910134220603));
#13178=CARTESIAN_POINT('Ctrl Pts',(-190.237348084306,-0.999999999999997,
-442.899219029978));
#13179=CARTESIAN_POINT('Ctrl Pts',(-190.565542688797,-0.999999999999997,
-442.802318445874));
#13180=CARTESIAN_POINT('Ctrl Pts',(-190.893737293288,-0.999999999999997,
-442.70541786177));
#13181=CARTESIAN_POINT('Ctrl Pts',(-191.197137376802,-1.,-442.522531884188));
#13182=CARTESIAN_POINT('Ctrl Pts',(-191.434819426579,-1.00000000000001,
-442.27674727876));
#13183=CARTESIAN_POINT('Ctrl Pts',(-191.791342501244,-1.00000000000001,
-441.908070370617));
#13184=CARTESIAN_POINT('Ctrl Pts',(-192.,-0.999999999999996,-441.397871549822));
#13185=CARTESIAN_POINT('Ctrl Pts',(-192.,-0.999999999999996,-440.884342381659));
#13186=CARTESIAN_POINT('Origin',(-192.,0.,-443.5));
#13187=CARTESIAN_POINT('',(-192.,0.,-211.5));
#13188=CARTESIAN_POINT('',(-192.,0.,-211.5));
#13189=CARTESIAN_POINT('',(-192.,0.,-448.5));
#13190=CARTESIAN_POINT('',(-192.,0.,-453.5));
#13191=CARTESIAN_POINT('',(-192.,-1.,-448.5));
#13192=CARTESIAN_POINT('',(-192.,0.,-448.5));
#13193=CARTESIAN_POINT('',(-192.,-1.,-445.688673263239));
#13194=CARTESIAN_POINT('Origin',(89.9999999999999,-47.,-330.));
#13195=CARTESIAN_POINT('Origin',(-187.,0.,-448.5));
#13196=CARTESIAN_POINT('Origin',(-187.,-1.,-448.5));
#13197=CARTESIAN_POINT('Origin',(-187.,0.,-448.5));
#13198=CARTESIAN_POINT('Origin',(-186.377346526396,-1.,-447.877346526477));
#13199=CARTESIAN_POINT('',(-190.5,-1.,-448.5));
#13200=CARTESIAN_POINT('Origin',(-187.,-1.,-448.5));
#13201=CARTESIAN_POINT('Origin',(187.,0.,-448.5));
#13202=CARTESIAN_POINT('Origin',(187.,-1.,-448.5));
#13203=CARTESIAN_POINT('Origin',(187.,0.,-448.5));
#13204=CARTESIAN_POINT('Origin',(186.377346526438,-1.,-447.877346526296));
#13205=CARTESIAN_POINT('',(183.5,-1.,-448.5));
#13206=CARTESIAN_POINT('Origin',(187.,-1.,-448.5));
#13207=CARTESIAN_POINT('Origin',(187.,0.,-211.5));
#13208=CARTESIAN_POINT('',(187.,0.,-206.5));
#13209=CARTESIAN_POINT('Origin',(187.,0.,-211.5));
#13210=CARTESIAN_POINT('',(187.,0.,-206.5));
#13211=CARTESIAN_POINT('Origin',(192.,0.,-206.5));
#13212=CARTESIAN_POINT('',(166.,0.,-206.5));
#13213=CARTESIAN_POINT('',(-192.,0.,-206.5));
#13214=CARTESIAN_POINT('',(166.,-7.,-206.5));
#13215=CARTESIAN_POINT('',(166.,0.,-206.5));
#13216=CARTESIAN_POINT('',(158.,-7.,-206.5));
#13217=CARTESIAN_POINT('',(-192.,-7.,-206.5));
#13218=CARTESIAN_POINT('',(158.,0.,-206.5));
#13219=CARTESIAN_POINT('',(158.,0.,-206.5));
#13220=CARTESIAN_POINT('',(-47.0000000000001,0.,-206.5));
#13221=CARTESIAN_POINT('',(-192.,0.,-206.5));
#13222=CARTESIAN_POINT('',(-47.0000000000001,-1.,-206.5));
#13223=CARTESIAN_POINT('',(-47.0000000000001,0.,-206.5));
#13224=CARTESIAN_POINT('',(-67.0000000000001,-1.,-206.5));
#13225=CARTESIAN_POINT('',(-192.,-1.,-206.5));
#13226=CARTESIAN_POINT('',(-67.0000000000001,0.,-206.5));
#13227=CARTESIAN_POINT('',(-67.0000000000001,0.,-206.5));
#13228=CARTESIAN_POINT('',(-142.,0.,-206.5));
#13229=CARTESIAN_POINT('',(-192.,0.,-206.5));
#13230=CARTESIAN_POINT('',(-142.,-10.,-206.5));
#13231=CARTESIAN_POINT('',(-142.,0.,-206.5));
#13232=CARTESIAN_POINT('',(-152.,-10.,-206.5));
#13233=CARTESIAN_POINT('',(-192.,-10.,-206.5));
#13234=CARTESIAN_POINT('',(-152.,0.,-206.5));
#13235=CARTESIAN_POINT('',(-152.,0.,-206.5));
#13236=CARTESIAN_POINT('',(-158.,0.,-206.5));
#13237=CARTESIAN_POINT('',(-192.,0.,-206.5));
#13238=CARTESIAN_POINT('',(-158.,-7.,-206.5));
#13239=CARTESIAN_POINT('',(-158.,0.,-206.5));
#13240=CARTESIAN_POINT('',(-166.,-7.,-206.5));
#13241=CARTESIAN_POINT('',(-192.,-7.,-206.5));
#13242=CARTESIAN_POINT('',(-166.,0.,-206.5));
#13243=CARTESIAN_POINT('',(-166.,0.,-206.5));
#13244=CARTESIAN_POINT('',(-187.,0.,-206.5));
#13245=CARTESIAN_POINT('',(-192.,0.,-206.5));
#13246=CARTESIAN_POINT('',(-187.,0.,-206.5));
#13247=CARTESIAN_POINT('',(-16.7192817022467,-0.999999999999996,-206.5));
#13248=CARTESIAN_POINT('Ctrl Pts',(-16.7192817022467,-0.999999999999996,
-206.5));
#13249=CARTESIAN_POINT('Ctrl Pts',(-16.7192817022467,-15.6666666666667,
-206.5));
#13250=CARTESIAN_POINT('Ctrl Pts',(-16.7192817022467,-30.3333333333333,
-206.5));
#13251=CARTESIAN_POINT('Ctrl Pts',(-16.7192817022467,-45.,-206.5));
#13252=CARTESIAN_POINT('',(16.7192817022441,-0.999999999999996,-206.5));
#13253=CARTESIAN_POINT('',(-192.,-1.,-206.5));
#13254=CARTESIAN_POINT('Ctrl Pts',(16.7192817022441,-45.,-206.5));
#13255=CARTESIAN_POINT('Ctrl Pts',(16.7192817022441,-30.3333333333333,-206.5));
#13256=CARTESIAN_POINT('Ctrl Pts',(16.7192817022441,-15.6666666666667,-206.5));
#13257=CARTESIAN_POINT('Ctrl Pts',(16.7192817022441,-0.999999999999996,
-206.5));
#13258=CARTESIAN_POINT('Origin',(-187.,0.,-211.5));
#13259=CARTESIAN_POINT('Origin',(-187.,0.,-211.5));
#13260=CARTESIAN_POINT('Ctrl Pts',(14.7422797340359,-0.999999999999996,
-208.197571136131));
#13261=CARTESIAN_POINT('Ctrl Pts',(14.7422797340359,-15.6666666666667,-208.197571136131));
#13262=CARTESIAN_POINT('Ctrl Pts',(14.7422797340359,-30.3333333333333,-208.197571136131));
#13263=CARTESIAN_POINT('Ctrl Pts',(14.7422797340359,-45.,-208.197571136131));
#13264=CARTESIAN_POINT('Ctrl Pts',(14.82402191306,-0.999999999999996,-207.663215893881));
#13265=CARTESIAN_POINT('Ctrl Pts',(14.82402191306,-15.6666666666666,-207.663215893881));
#13266=CARTESIAN_POINT('Ctrl Pts',(14.82402191306,-30.3333333333333,-207.663215893881));
#13267=CARTESIAN_POINT('Ctrl Pts',(14.82402191306,-45.,-207.663215893881));
#13268=CARTESIAN_POINT('Ctrl Pts',(15.366886913892,-0.999999999999996,-206.796359132853));
#13269=CARTESIAN_POINT('Ctrl Pts',(15.366886913892,-15.6666666666667,-206.796359132853));
#13270=CARTESIAN_POINT('Ctrl Pts',(15.366886913892,-30.3333333333333,-206.796359132853));
#13271=CARTESIAN_POINT('Ctrl Pts',(15.366886913892,-45.,-206.796359132853));
#13272=CARTESIAN_POINT('Ctrl Pts',(16.3138532422505,-0.999999999999996,
-206.5));
#13273=CARTESIAN_POINT('Ctrl Pts',(16.3138532422505,-15.6666666666666,-206.5));
#13274=CARTESIAN_POINT('Ctrl Pts',(16.3138532422505,-30.3333333333333,-206.5));
#13275=CARTESIAN_POINT('Ctrl Pts',(16.3138532422505,-45.,-206.5));
#13276=CARTESIAN_POINT('Ctrl Pts',(16.7192817022441,-0.999999999999996,
-206.5));
#13277=CARTESIAN_POINT('Ctrl Pts',(16.7192817022441,-15.6666666666667,-206.5));
#13278=CARTESIAN_POINT('Ctrl Pts',(16.7192817022441,-30.3333333333333,-206.5));
#13279=CARTESIAN_POINT('Ctrl Pts',(16.7192817022441,-45.,-206.5));
#13280=CARTESIAN_POINT('',(14.7422797340359,-1.,-208.197571136131));
#13281=CARTESIAN_POINT('Ctrl Pts',(14.7422797340359,-0.999999999999999,
-208.197571136131));
#13282=CARTESIAN_POINT('Ctrl Pts',(14.82402191306,-0.999999999999999,-207.663215893881));
#13283=CARTESIAN_POINT('Ctrl Pts',(15.134230484964,-0.999999999999999,-207.167869173294));
#13284=CARTESIAN_POINT('Ctrl Pts',(15.5763905107542,-0.999999999999999,
-206.858807392518));
#13285=CARTESIAN_POINT('Ctrl Pts',(15.9080105300969,-0.999999999999999,
-206.627011056937));
#13286=CARTESIAN_POINT('Ctrl Pts',(16.3138532422505,-0.999999999999999,
-206.5));
#13287=CARTESIAN_POINT('Ctrl Pts',(16.7192817022441,-0.999999999999999,
-206.5));
#13288=CARTESIAN_POINT('Ctrl Pts',(14.7422797340359,-0.999999999999996,
-208.197571136131));
#13289=CARTESIAN_POINT('Ctrl Pts',(14.7422797340359,-15.6666666666667,-208.197571136131));
#13290=CARTESIAN_POINT('Ctrl Pts',(14.7422797340359,-30.3333333333333,-208.197571136131));
#13291=CARTESIAN_POINT('Ctrl Pts',(14.7422797340359,-45.,-208.197571136131));
#13292=CARTESIAN_POINT('Ctrl Pts',(15.,0.,-206.5));
#13293=CARTESIAN_POINT('Ctrl Pts',(15.,-47.,-206.5));
#13294=CARTESIAN_POINT('Ctrl Pts',(14.9391905399385,0.,-206.90357206418));
#13295=CARTESIAN_POINT('Ctrl Pts',(14.9391905399385,-47.,-206.90357206418));
#13296=CARTESIAN_POINT('Ctrl Pts',(14.878381079877,0.,-207.305358166881));
#13297=CARTESIAN_POINT('Ctrl Pts',(14.878381079877,-47.,-207.305358166881));
#13298=CARTESIAN_POINT('Ctrl Pts',(14.8175716198155,0.,-207.705358313649));
#13299=CARTESIAN_POINT('Ctrl Pts',(14.8175716198155,-47.,-207.705358313649));
#13300=CARTESIAN_POINT('Ctrl Pts',(14.756762159754,0.,-208.103572357355));
#13301=CARTESIAN_POINT('Ctrl Pts',(14.756762159754,-47.,-208.103572357355));
#13302=CARTESIAN_POINT('Ctrl Pts',(14.6959526996926,0.,-208.5));
#13303=CARTESIAN_POINT('Ctrl Pts',(14.6959526996926,-47.,-208.5));
#13304=CARTESIAN_POINT('',(14.6959526996925,-1.,-208.5));
#13305=CARTESIAN_POINT('Ctrl Pts',(14.6959526996926,-1.,-208.5));
#13306=CARTESIAN_POINT('Ctrl Pts',(14.7052181065625,-1.,-208.439597171232));
#13307=CARTESIAN_POINT('Ctrl Pts',(14.7144835134324,-1.,-208.379152869443));
#13308=CARTESIAN_POINT('Ctrl Pts',(14.7237489203023,-1.,-208.318667095688));
#13309=CARTESIAN_POINT('Ctrl Pts',(14.7330143271723,-1.,-208.25813985094));
#13310=CARTESIAN_POINT('Ctrl Pts',(14.7422797340422,-1.,-208.19757113609));
#13311=CARTESIAN_POINT('',(14.6959526996925,0.,-208.5));
#13312=CARTESIAN_POINT('Ctrl Pts',(-16.7192817022467,-0.999999999999996,
-206.5));
#13313=CARTESIAN_POINT('Ctrl Pts',(-16.7192817022467,-15.6666666666667,
-206.5));
#13314=CARTESIAN_POINT('Ctrl Pts',(-16.7192817022467,-30.3333333333333,
-206.5));
#13315=CARTESIAN_POINT('Ctrl Pts',(-16.7192817022467,-45.,-206.5));
#13316=CARTESIAN_POINT('Ctrl Pts',(-16.1787104222547,-0.999999999999996,
-206.5));
#13317=CARTESIAN_POINT('Ctrl Pts',(-16.1787104222547,-15.6666666666667,
-206.5));
#13318=CARTESIAN_POINT('Ctrl Pts',(-16.1787104222547,-30.3333333333334,
-206.5));
#13319=CARTESIAN_POINT('Ctrl Pts',(-16.1787104222547,-45.,-206.5));
#13320=CARTESIAN_POINT('Ctrl Pts',(-15.2397326381821,-0.999999999999996,
-206.905541334872));
#13321=CARTESIAN_POINT('Ctrl Pts',(-15.2397326381821,-15.6666666666667,
-206.905541334872));
#13322=CARTESIAN_POINT('Ctrl Pts',(-15.2397326381821,-30.3333333333333,
-206.905541334872));
#13323=CARTESIAN_POINT('Ctrl Pts',(-15.2397326381821,-45.,-206.905541334872));
#13324=CARTESIAN_POINT('Ctrl Pts',(-14.8035863683056,-0.999999999999996,
-207.796804704446));
#13325=CARTESIAN_POINT('Ctrl Pts',(-14.8035863683056,-15.6666666666667,
-207.796804704446));
#13326=CARTESIAN_POINT('Ctrl Pts',(-14.8035863683056,-30.3333333333334,
-207.796804704446));
#13327=CARTESIAN_POINT('Ctrl Pts',(-14.8035863683056,-45.,-207.796804704446));
#13328=CARTESIAN_POINT('Ctrl Pts',(-14.7422797340381,-0.999999999999996,
-208.197571136134));
#13329=CARTESIAN_POINT('Ctrl Pts',(-14.7422797340381,-15.6666666666667,
-208.197571136134));
#13330=CARTESIAN_POINT('Ctrl Pts',(-14.7422797340381,-30.3333333333333,
-208.197571136134));
#13331=CARTESIAN_POINT('Ctrl Pts',(-14.7422797340381,-45.,-208.197571136134));
#13332=CARTESIAN_POINT('',(-14.7422797340381,-1.,-208.197571136134));
#13333=CARTESIAN_POINT('Ctrl Pts',(-14.7422797340381,-45.,-208.197571136134));
#13334=CARTESIAN_POINT('Ctrl Pts',(-14.7422797340381,-30.3333333333333,
-208.197571136134));
#13335=CARTESIAN_POINT('Ctrl Pts',(-14.7422797340381,-15.6666666666667,
-208.197571136134));
#13336=CARTESIAN_POINT('Ctrl Pts',(-14.7422797340381,-0.999999999999996,
-208.197571136134));
#13337=CARTESIAN_POINT('Ctrl Pts',(-16.7192817022467,-1.,-206.5));
#13338=CARTESIAN_POINT('Ctrl Pts',(-16.1787104222547,-1.,-206.5));
#13339=CARTESIAN_POINT('Ctrl Pts',(-15.6421516884989,-1.,-206.731737905641));
#13340=CARTESIAN_POINT('Ctrl Pts',(-15.2697828369296,-1.,-207.122078924654));
#13341=CARTESIAN_POINT('Ctrl Pts',(-14.9905061982527,-1.,-207.414834688914));
#13342=CARTESIAN_POINT('Ctrl Pts',(-14.8035863683056,-1.,-207.796804704446));
#13343=CARTESIAN_POINT('Ctrl Pts',(-14.7422797340381,-1.,-208.197571136134));
#13344=CARTESIAN_POINT('Origin',(-7.105427357601E-14,-45.,-330.));
#13345=CARTESIAN_POINT('',(16.6681681491974,-45.,-208.5));
#13346=CARTESIAN_POINT('',(-16.6681681491997,-45.,-208.5));
#13347=CARTESIAN_POINT('Ctrl Pts',(16.6681681491974,-45.,-208.5));
#13348=CARTESIAN_POINT('Ctrl Pts',(16.4351401783093,-45.,-209.892419309408));
#13349=CARTESIAN_POINT('Ctrl Pts',(16.2021122074213,-45.,-211.259401189756));
#13350=CARTESIAN_POINT('Ctrl Pts',(15.9690842365332,-45.,-212.600894427587));
#13351=CARTESIAN_POINT('Ctrl Pts',(15.7346186852281,-45.,-213.950663514884));
#13352=CARTESIAN_POINT('Ctrl Pts',(15.5001531339229,-45.,-215.274628470415));
#13353=CARTESIAN_POINT('Ctrl Pts',(15.2656875826178,-45.,-216.572684201728));
#13354=CARTESIAN_POINT('Ctrl Pts',(15.0297296884118,-45.,-217.879001889839));
#13355=CARTESIAN_POINT('Ctrl Pts',(14.7937717942059,-45.,-219.159079451718));
#13356=CARTESIAN_POINT('Ctrl Pts',(14.5578138999999,-45.,-220.412756851947));
#13357=CARTESIAN_POINT('Ctrl Pts',(14.3203049319869,-45.,-221.674675324951));
#13358=CARTESIAN_POINT('Ctrl Pts',(14.082795963974,-45.,-222.909845375731));
#13359=CARTESIAN_POINT('Ctrl Pts',(13.845286995961,-45.,-224.118050870585));
#13360=CARTESIAN_POINT('Ctrl Pts',(13.605138274603,-45.,-225.339684761526));
#13361=CARTESIAN_POINT('Ctrl Pts',(13.364989553245,-45.,-226.533751354807));
#13362=CARTESIAN_POINT('Ctrl Pts',(13.124840831887,-45.,-227.699973605071));
#13363=CARTESIAN_POINT('Ctrl Pts',(12.8798258534582,-45.,-228.889827616684));
#13364=CARTESIAN_POINT('Ctrl Pts',(12.6348108750295,-45.,-230.050697290478));
#13365=CARTESIAN_POINT('Ctrl Pts',(12.3897958966007,-45.,-231.182233953145));
#13366=CARTESIAN_POINT('Ctrl Pts',(12.1391867702916,-45.,-232.33960570338));
#13367=CARTESIAN_POINT('Ctrl Pts',(11.8885776439826,-45.,-233.466289569981));
#13368=CARTESIAN_POINT('Ctrl Pts',(11.6379685176735,-45.,-234.561857878204));
#13369=CARTESIAN_POINT('Ctrl Pts',(11.380908718204,-45.,-235.68562608954));
#13370=CARTESIAN_POINT('Ctrl Pts',(11.1238489187345,-45.,-236.776656155263));
#13371=CARTESIAN_POINT('Ctrl Pts',(10.8667891192649,-45.,-237.834431795482));
#13372=CARTESIAN_POINT('Ctrl Pts',(10.6020757256635,-45.,-238.923701218274));
#13373=CARTESIAN_POINT('Ctrl Pts',(10.3373623320621,-45.,-239.977706364163));
#13374=CARTESIAN_POINT('Ctrl Pts',(10.0726489384608,-45.,-240.995828485715));
#13375=CARTESIAN_POINT('Ctrl Pts',(9.78167932863447,-45.,-242.11493542788));
#13376=CARTESIAN_POINT('Ctrl Pts',(9.49070971880819,-45.,-243.190688062964));
#13377=CARTESIAN_POINT('Ctrl Pts',(9.19974010898192,-45.,-244.222198447278));
#13378=CARTESIAN_POINT('Ctrl Pts',(8.87495251646218,-45.,-245.373596267073));
#13379=CARTESIAN_POINT('Ctrl Pts',(8.55016492394244,-45.,-246.469869485113));
#13380=CARTESIAN_POINT('Ctrl Pts',(8.22537733142271,-45.,-247.509708649213));
#13381=CARTESIAN_POINT('Ctrl Pts',(7.8365927428169,-45.,-248.754440439903));
#13382=CARTESIAN_POINT('Ctrl Pts',(7.4478081542111,-45.,-249.918305352225));
#13383=CARTESIAN_POINT('Ctrl Pts',(7.0590235656053,-45.,-250.998973464792));
#13384=CARTESIAN_POINT('Ctrl Pts',(6.67663673092298,-45.,-252.061858339907));
#13385=CARTESIAN_POINT('Ctrl Pts',(6.29424989624067,-45.,-253.04425623128));
#13386=CARTESIAN_POINT('Ctrl Pts',(5.91186306155835,-45.,-253.943939295303));
#13387=CARTESIAN_POINT('Ctrl Pts',(5.62398171831027,-45.,-254.621269018707));
#13388=CARTESIAN_POINT('Ctrl Pts',(5.33610037506219,-45.,-255.251715732124));
#13389=CARTESIAN_POINT('Ctrl Pts',(5.0482190318141,-45.,-255.834360118308));
#13390=CARTESIAN_POINT('Ctrl Pts',(4.78861230789914,-45.,-256.359779371248));
#13391=CARTESIAN_POINT('Ctrl Pts',(4.52900558398417,-45.,-256.846324532556));
#13392=CARTESIAN_POINT('Ctrl Pts',(4.2693988600692,-45.,-257.293360727753));
#13393=CARTESIAN_POINT('Ctrl Pts',(4.02685154656486,-45.,-257.711021050834));
#13394=CARTESIAN_POINT('Ctrl Pts',(3.78430423306053,-45.,-258.094193903086));
#13395=CARTESIAN_POINT('Ctrl Pts',(3.54175691955618,-45.,-258.442404050882));
#13396=CARTESIAN_POINT('Ctrl Pts',(3.31354259153,-45.,-258.770037219616));
#13397=CARTESIAN_POINT('Ctrl Pts',(3.08532826350381,-45.,-259.066717487253));
#13398=CARTESIAN_POINT('Ctrl Pts',(2.85711393547762,-45.,-259.332091934215));
#13399=CARTESIAN_POINT('Ctrl Pts',(2.64030707397367,-45.,-259.584201437886));
#13400=CARTESIAN_POINT('Ctrl Pts',(2.42350021246971,-45.,-259.808056295783));
#13401=CARTESIAN_POINT('Ctrl Pts',(2.20669335096576,-45.,-260.003398123191));
#13402=CARTESIAN_POINT('Ctrl Pts',(1.9985115518406,-45.,-260.190968815337));
#13403=CARTESIAN_POINT('Ctrl Pts',(1.79032975271543,-45.,-260.352249742037));
#13404=CARTESIAN_POINT('Ctrl Pts',(1.58214795359027,-45.,-260.487057789952));
#13405=CARTESIAN_POINT('Ctrl Pts',(1.38084791581445,-45.,-260.617409555821));
#13406=CARTESIAN_POINT('Ctrl Pts',(1.17954787803863,-45.,-260.7230095232));
#13407=CARTESIAN_POINT('Ctrl Pts',(0.978247840262808,-45.,-260.80373880761));
#13408=CARTESIAN_POINT('Ctrl Pts',(0.782615959362577,-45.,-260.882194936716));
#13409=CARTESIAN_POINT('Ctrl Pts',(0.586984078462344,-45.,-260.937161103168));
#13410=CARTESIAN_POINT('Ctrl Pts',(0.391352197562109,-45.,-260.968575638394));
#13411=CARTESIAN_POINT('Ctrl Pts',(0.197510703448872,-45.,-260.999702673605));
#13412=CARTESIAN_POINT('Ctrl Pts',(0.00366920933563233,-45.,-261.007706905528));
#13413=CARTESIAN_POINT('Ctrl Pts',(-0.190172284777609,-45.,-260.992579139482));
#13414=CARTESIAN_POINT('Ctrl Pts',(-0.388384713338336,-45.,-260.977110257237));
#13415=CARTESIAN_POINT('Ctrl Pts',(-0.586597141899065,-45.,-260.937454474738));
#13416=CARTESIAN_POINT('Ctrl Pts',(-0.784809570459796,-45.,-260.873658230167));
#13417=CARTESIAN_POINT('Ctrl Pts',(-0.989031208875351,-45.,-260.807927873671));
#13418=CARTESIAN_POINT('Ctrl Pts',(-1.1932528472909,-45.,-260.716571302906));
#13419=CARTESIAN_POINT('Ctrl Pts',(-1.39747448570646,-45.,-260.599696225058));
#13420=CARTESIAN_POINT('Ctrl Pts',(-1.60897654766529,-45.,-260.478654595248));
#13421=CARTESIAN_POINT('Ctrl Pts',(-1.82047860962413,-45.,-260.330242778369));
#13422=CARTESIAN_POINT('Ctrl Pts',(-2.03198067158296,-45.,-260.154637757931));
#13423=CARTESIAN_POINT('Ctrl Pts',(-2.25262828502234,-45.,-259.971439408427));
#13424=CARTESIAN_POINT('Ctrl Pts',(-2.47327589846171,-45.,-259.758645538057));
#13425=CARTESIAN_POINT('Ctrl Pts',(-2.69392351190109,-45.,-259.516515026709));
#13426=CARTESIAN_POINT('Ctrl Pts',(-2.92664987986981,-45.,-259.261129737912));
#13427=CARTESIAN_POINT('Ctrl Pts',(-3.15937624783853,-45.,-258.973108309562));
#13428=CARTESIAN_POINT('Ctrl Pts',(-3.39210261580726,-45.,-258.652813283367));
#13429=CARTESIAN_POINT('Ctrl Pts',(-3.63872864004301,-45.,-258.313388534971));
#13430=CARTESIAN_POINT('Ctrl Pts',(-3.88535466427876,-45.,-257.937720356684));
#13431=CARTESIAN_POINT('Ctrl Pts',(-4.13198068851452,-45.,-257.526298328482));
#13432=CARTESIAN_POINT('Ctrl Pts',(-4.40831185949469,-45.,-257.065322114912));
#13433=CARTESIAN_POINT('Ctrl Pts',(-4.68464303047486,-45.,-256.559460573177));
#13434=CARTESIAN_POINT('Ctrl Pts',(-4.96097420145504,-45.,-256.009471074432));
#13435=CARTESIAN_POINT('Ctrl Pts',(-5.27545334129784,-45.,-255.383554628328));
#13436=CARTESIAN_POINT('Ctrl Pts',(-5.58993248114065,-45.,-254.700486127585));
#13437=CARTESIAN_POINT('Ctrl Pts',(-5.90441162098346,-45.,-253.961460639614));
#13438=CARTESIAN_POINT('Ctrl Pts',(-6.3752954646026,-45.,-252.854884341795));
#13439=CARTESIAN_POINT('Ctrl Pts',(-6.84617930822173,-45.,-251.622854051594));
#13440=CARTESIAN_POINT('Ctrl Pts',(-7.31706315184087,-45.,-250.269533541782));
#13441=CARTESIAN_POINT('Ctrl Pts',(-7.67472521537297,-45.,-249.241612510474));
#13442=CARTESIAN_POINT('Ctrl Pts',(-8.03238727890506,-45.,-248.143721321146));
#13443=CARTESIAN_POINT('Ctrl Pts',(-8.39004934243715,-45.,-246.977665446196));
#13444=CARTESIAN_POINT('Ctrl Pts',(-8.69208395247993,-45.,-245.992967130696));
#13445=CARTESIAN_POINT('Ctrl Pts',(-8.99411856252271,-45.,-244.959659390028));
#13446=CARTESIAN_POINT('Ctrl Pts',(-9.29615317256548,-45.,-243.878788360063));
#13447=CARTESIAN_POINT('Ctrl Pts',(-9.57308108254589,-45.,-242.887764996072));
#13448=CARTESIAN_POINT('Ctrl Pts',(-9.8500089925263,-45.,-241.85675756222));
#13449=CARTESIAN_POINT('Ctrl Pts',(-10.1269369025067,-45.,-240.786527000596));
#13450=CARTESIAN_POINT('Ctrl Pts',(-10.3994882044523,-45.,-239.733210514825));
#13451=CARTESIAN_POINT('Ctrl Pts',(-10.6720395063979,-45.,-238.641901518002));
#13452=CARTESIAN_POINT('Ctrl Pts',(-10.9445908083435,-45.,-237.513270564305));
#13453=CARTESIAN_POINT('Ctrl Pts',(-11.197508385258,-45.,-236.465942578704));
#13454=CARTESIAN_POINT('Ctrl Pts',(-11.4504259621726,-45.,-235.386475839908));
#13455=CARTESIAN_POINT('Ctrl Pts',(-11.7033435390871,-45.,-234.275357403956));
#13456=CARTESIAN_POINT('Ctrl Pts',(-11.950873184612,-45.,-233.187909248147));
#13457=CARTESIAN_POINT('Ctrl Pts',(-12.1984028301368,-45.,-232.070143745281));
#13458=CARTESIAN_POINT('Ctrl Pts',(-12.4459324756616,-45.,-230.922468883601));
#13459=CARTESIAN_POINT('Ctrl Pts',(-12.6887018573973,-45.,-229.796865055369));
#13460=CARTESIAN_POINT('Ctrl Pts',(-12.9314712391329,-45.,-228.64249132394));
#13461=CARTESIAN_POINT('Ctrl Pts',(-13.1742406208686,-45.,-227.459683171006));
#13462=CARTESIAN_POINT('Ctrl Pts',(-13.4131128574435,-45.,-226.295862482785));
#13463=CARTESIAN_POINT('Ctrl Pts',(-13.6519850940184,-45.,-225.104513087499));
#13464=CARTESIAN_POINT('Ctrl Pts',(-13.8908573305932,-45.,-223.885904207355));
#13465=CARTESIAN_POINT('Ctrl Pts',(-14.1272144379651,-45.,-222.68012628164));
#13466=CARTESIAN_POINT('Ctrl Pts',(-14.363571545337,-45.,-221.447659908991));
#13467=CARTESIAN_POINT('Ctrl Pts',(-14.5999286527089,-45.,-220.188714914513));
#13468=CARTESIAN_POINT('Ctrl Pts',(-14.8351256993425,-45.,-218.935948928891));
#13469=CARTESIAN_POINT('Ctrl Pts',(-15.0703227459762,-45.,-217.656963650615));
#13470=CARTESIAN_POINT('Ctrl Pts',(-15.3055197926099,-45.,-216.351914565616));
#13471=CARTESIAN_POINT('Ctrl Pts',(-15.5388790013965,-45.,-215.057063179248));
#13472=CARTESIAN_POINT('Ctrl Pts',(-15.7722382101831,-45.,-213.736553742096));
#13473=CARTESIAN_POINT('Ctrl Pts',(-16.0055974189698,-45.,-212.390487059262));
#13474=CARTESIAN_POINT('Ctrl Pts',(-16.2264543290464,-45.,-211.116536355223));
#13475=CARTESIAN_POINT('Ctrl Pts',(-16.4473112391231,-45.,-209.819693189779));
#13476=CARTESIAN_POINT('Ctrl Pts',(-16.6681681491997,-45.,-208.5));
#13477=CARTESIAN_POINT('',(190.,-45.,-208.5));
#13478=CARTESIAN_POINT('',(82.9999999999999,-45.,-208.5));
#13479=CARTESIAN_POINT('',(190.,-45.,-441.029230175635));
#13480=CARTESIAN_POINT('',(190.,-45.,-269.25));
#13481=CARTESIAN_POINT('',(179.529230175772,-45.,-451.5));
#13482=CARTESIAN_POINT('Ctrl Pts',(179.529230175772,-45.,-451.5));
#13483=CARTESIAN_POINT('Ctrl Pts',(179.45784816369,-45.,-451.154079458918));
#13484=CARTESIAN_POINT('Ctrl Pts',(179.393571233372,-45.,-450.815263999599));
#13485=CARTESIAN_POINT('Ctrl Pts',(179.336492080329,-45.,-450.483646317553));
#13486=CARTESIAN_POINT('Ctrl Pts',(179.277961461534,-45.,-450.143595929651));
#13487=CARTESIAN_POINT('Ctrl Pts',(179.226999389139,-45.,-449.811114088147));
#13488=CARTESIAN_POINT('Ctrl Pts',(179.183745424695,-45.,-449.486340354592));
#13489=CARTESIAN_POINT('Ctrl Pts',(179.138876212606,-45.,-449.149438484003));
#13490=CARTESIAN_POINT('Ctrl Pts',(179.10230170223,-45.,-448.820831315126));
#13491=CARTESIAN_POINT('Ctrl Pts',(179.074218021101,-45.,-448.500714975494));
#13492=CARTESIAN_POINT('Ctrl Pts',(179.044787698078,-45.,-448.165248722446));
#13493=CARTESIAN_POINT('Ctrl Pts',(179.024682193563,-45.,-447.839107287905));
#13494=CARTESIAN_POINT('Ctrl Pts',(179.014168256784,-45.,-447.522557421099));
#13495=CARTESIAN_POINT('Ctrl Pts',(179.002511097553,-45.,-447.171587819515));
#13496=CARTESIAN_POINT('Ctrl Pts',(179.002645217298,-45.,-446.832409496906));
#13497=CARTESIAN_POINT('Ctrl Pts',(179.014980329756,-45.,-446.505432167008));
#13498=CARTESIAN_POINT('Ctrl Pts',(179.033270172326,-45.,-446.020607735268));
#13499=CARTESIAN_POINT('Ctrl Pts',(179.078385869325,-45.,-445.562609157954));
#13500=CARTESIAN_POINT('Ctrl Pts',(179.151756075709,-45.,-445.132865090023));
#13501=CARTESIAN_POINT('Ctrl Pts',(179.198899969318,-45.,-444.856733815269));
#13502=CARTESIAN_POINT('Ctrl Pts',(179.25771189304,-45.,-444.592270570626));
#13503=CARTESIAN_POINT('Ctrl Pts',(179.328562516012,-45.,-444.339846025232));
#13504=CARTESIAN_POINT('Ctrl Pts',(179.392403716305,-45.,-444.11239444774));
#13505=CARTESIAN_POINT('Ctrl Pts',(179.46602023634,-45.,-443.894718189989));
#13506=CARTESIAN_POINT('Ctrl Pts',(179.549657492701,-45.,-443.687062668563));
#13507=CARTESIAN_POINT('Ctrl Pts',(179.62806742054,-45.,-443.492385617227));
#13508=CARTESIAN_POINT('Ctrl Pts',(179.715285214631,-45.,-443.306516432143));
#13509=CARTESIAN_POINT('Ctrl Pts',(179.811479953042,-45.,-443.129624191378));
#13510=CARTESIAN_POINT('Ctrl Pts',(179.901662520303,-45.,-442.963787715662));
#13511=CARTESIAN_POINT('Ctrl Pts',(179.999735466198,-45.,-442.805841618579));
#13512=CARTESIAN_POINT('Ctrl Pts',(180.105800300432,-45.,-442.655887409835));
#13513=CARTESIAN_POINT('Ctrl Pts',(180.205236082526,-45.,-442.515305339138));
#13514=CARTESIAN_POINT('Ctrl Pts',(180.311696208937,-45.,-442.381747612757));
#13515=CARTESIAN_POINT('Ctrl Pts',(180.425225252534,-45.,-442.255258803562));
#13516=CARTESIAN_POINT('Ctrl Pts',(180.532456044489,-45.,-442.135787215027));
#13517=CARTESIAN_POINT('Ctrl Pts',(180.645993244156,-45.,-442.022622034203));
#13518=CARTESIAN_POINT('Ctrl Pts',(180.765836271767,-45.,-441.915762681322));
#13519=CARTESIAN_POINT('Ctrl Pts',(180.891081747387,-45.,-441.804086176291));
#13520=CARTESIAN_POINT('Ctrl Pts',(181.023214226569,-45.,-441.69929667482));
#13521=CARTESIAN_POINT('Ctrl Pts',(181.162189962347,-45.,-441.601350429946));
#13522=CARTESIAN_POINT('Ctrl Pts',(181.309749066521,-45.,-441.497354865038));
#13523=CARTESIAN_POINT('Ctrl Pts',(181.465022570334,-45.,-441.401073699768));
#13524=CARTESIAN_POINT('Ctrl Pts',(181.62791395693,-45.,-441.312410417282));
#13525=CARTESIAN_POINT('Ctrl Pts',(181.804617029363,-45.,-441.216229306944));
#13526=CARTESIAN_POINT('Ctrl Pts',(181.990284193607,-45.,-441.129012288418));
#13527=CARTESIAN_POINT('Ctrl Pts',(182.184746888279,-45.,-441.050590800321));
#13528=CARTESIAN_POINT('Ctrl Pts',(182.399327407122,-45.,-440.964056343762));
#13529=CARTESIAN_POINT('Ctrl Pts',(182.624616940718,-45.,-440.888230901957));
#13530=CARTESIAN_POINT('Ctrl Pts',(182.86034395035,-45.,-440.822842936189));
#13531=CARTESIAN_POINT('Ctrl Pts',(183.159644038708,-45.,-440.739820528351));
#13532=CARTESIAN_POINT('Ctrl Pts',(183.475769594787,-45.,-440.673623588235));
#13533=CARTESIAN_POINT('Ctrl Pts',(183.808103577665,-45.,-440.62363507492));
#13534=CARTESIAN_POINT('Ctrl Pts',(184.190958409689,-45.,-440.566047392484));
#13535=CARTESIAN_POINT('Ctrl Pts',(184.595318434572,-45.,-440.52996490291));
#13536=CARTESIAN_POINT('Ctrl Pts',(185.020226881103,-45.,-440.514430834987));
#13537=CARTESIAN_POINT('Ctrl Pts',(185.34180123942,-45.,-440.50267451909));
#13538=CARTESIAN_POINT('Ctrl Pts',(185.675144083304,-45.,-440.502686688762));
#13539=CARTESIAN_POINT('Ctrl Pts',(186.019867195009,-45.,-440.514079126256));
#13540=CARTESIAN_POINT('Ctrl Pts',(186.326893223962,-45.,-440.524225747487));
#13541=CARTESIAN_POINT('Ctrl Pts',(186.642946393429,-45.,-440.543399509234));
#13542=CARTESIAN_POINT('Ctrl Pts',(186.967782559064,-45.,-440.571356267149));
#13543=CARTESIAN_POINT('Ctrl Pts',(187.282281083134,-45.,-440.598423324431));
#13544=CARTESIAN_POINT('Ctrl Pts',(187.6050122525,-45.,-440.633723027009));
#13545=CARTESIAN_POINT('Ctrl Pts',(187.935787535175,-45.,-440.677066842897));
#13546=CARTESIAN_POINT('Ctrl Pts',(188.264157715584,-45.,-440.72009550129));
#13547=CARTESIAN_POINT('Ctrl Pts',(188.600455126721,-45.,-440.771051390413));
#13548=CARTESIAN_POINT('Ctrl Pts',(188.944532661858,-45.,-440.829787403538));
#13549=CARTESIAN_POINT('Ctrl Pts',(189.288610196995,-45.,-440.888523416662));
#13550=CARTESIAN_POINT('Ctrl Pts',(189.640467609199,-45.,-440.955039306855));
#13551=CARTESIAN_POINT('Ctrl Pts',(189.999999999983,-45.,-441.029230175631));
#13552=CARTESIAN_POINT('',(-179.529230175732,-45.,-451.5));
#13553=CARTESIAN_POINT('',(-46.0000000000001,-45.,-451.5));
#13554=CARTESIAN_POINT('',(-190.,-45.,-441.029230175992));
#13555=CARTESIAN_POINT('Ctrl Pts',(-190.,-45.,-441.029230175992));
#13556=CARTESIAN_POINT('Ctrl Pts',(-189.65407945912,-45.,-440.957848163983));
#13557=CARTESIAN_POINT('Ctrl Pts',(-189.315263999994,-45.,-440.893571233725));
#13558=CARTESIAN_POINT('Ctrl Pts',(-188.983646318135,-45.,-440.836492080731));
#13559=CARTESIAN_POINT('Ctrl Pts',(-188.643595930851,-45.,-440.777961462059));
#13560=CARTESIAN_POINT('Ctrl Pts',(-188.311114089937,-45.,-440.726999389754));
#13561=CARTESIAN_POINT('Ctrl Pts',(-187.986340356945,-45.,-440.683745425368));
#13562=CARTESIAN_POINT('Ctrl Pts',(-187.64943848639,-45.,-440.638876213266));
#13563=CARTESIAN_POINT('Ctrl Pts',(-187.320831317544,-45.,-440.602301702868));
#13564=CARTESIAN_POINT('Ctrl Pts',(-187.000714977939,-45.,-440.574218021709));
#13565=CARTESIAN_POINT('Ctrl Pts',(-186.665248724857,-45.,-440.54478769865));
#13566=CARTESIAN_POINT('Ctrl Pts',(-186.339107290281,-45.,-440.524682194092));
#13567=CARTESIAN_POINT('Ctrl Pts',(-186.02255742344,-45.,-440.514168257267));
#13568=CARTESIAN_POINT('Ctrl Pts',(-185.671587822008,-45.,-440.502511097989));
#13569=CARTESIAN_POINT('Ctrl Pts',(-185.332409499537,-45.,-440.502645217669));
#13570=CARTESIAN_POINT('Ctrl Pts',(-185.005432169763,-45.,-440.514980330041));
#13571=CARTESIAN_POINT('Ctrl Pts',(-184.520607755105,-45.,-440.533270171847));
#13572=CARTESIAN_POINT('Ctrl Pts',(-184.062609192969,-45.,-440.578385866169));
#13573=CARTESIAN_POINT('Ctrl Pts',(-183.632865138162,-45.,-440.651756067814));
#13574=CARTESIAN_POINT('Ctrl Pts',(-183.356733859248,-45.,-440.698899960528));
#13575=CARTESIAN_POINT('Ctrl Pts',(-183.092270610661,-45.,-440.757711883566));
#13576=CARTESIAN_POINT('Ctrl Pts',(-182.839846061551,-45.,-440.82856250608));
#13577=CARTESIAN_POINT('Ctrl Pts',(-182.61239448226,-45.,-440.892403705525));
#13578=CARTESIAN_POINT('Ctrl Pts',(-182.394718222763,-45.,-440.966020224762));
#13579=CARTESIAN_POINT('Ctrl Pts',(-182.187062699647,-45.,-441.049657480379));
#13580=CARTESIAN_POINT('Ctrl Pts',(-181.992385646725,-45.,-441.128067407521));
#13581=CARTESIAN_POINT('Ctrl Pts',(-181.806516460106,-45.,-441.215285200962));
#13582=CARTESIAN_POINT('Ctrl Pts',(-181.629624217859,-45.,-441.311479938776));
#13583=CARTESIAN_POINT('Ctrl Pts',(-181.463787740752,-45.,-441.401662505477));
#13584=CARTESIAN_POINT('Ctrl Pts',(-181.305841642325,-45.,-441.499735450857));
#13585=CARTESIAN_POINT('Ctrl Pts',(-181.155887432287,-45.,-441.605800284626));
#13586=CARTESIAN_POINT('Ctrl Pts',(-181.015305360377,-45.,-441.705236066284));
#13587=CARTESIAN_POINT('Ctrl Pts',(-180.881747632826,-45.,-441.811696192302));
#13588=CARTESIAN_POINT('Ctrl Pts',(-180.755258822508,-45.,-441.925225235552));
#13589=CARTESIAN_POINT('Ctrl Pts',(-180.635787233494,-45.,-442.032456026656));
#13590=CARTESIAN_POINT('Ctrl Pts',(-180.522622052171,-45.,-442.145993225452));
#13591=CARTESIAN_POINT('Ctrl Pts',(-180.415762698774,-45.,-442.265836252173));
#13592=CARTESIAN_POINT('Ctrl Pts',(-180.304086193345,-45.,-442.391081726704));
#13593=CARTESIAN_POINT('Ctrl Pts',(-180.199296691439,-45.,-442.52321420476));
#13594=CARTESIAN_POINT('Ctrl Pts',(-180.101350446094,-45.,-442.662189939378));
#13595=CARTESIAN_POINT('Ctrl Pts',(-179.997354880789,-45.,-442.809749042174));
#13596=CARTESIAN_POINT('Ctrl Pts',(-179.901073715068,-45.,-442.965022544553));
#13597=CARTESIAN_POINT('Ctrl Pts',(-179.812410432079,-45.,-443.127913929666));
#13598=CARTESIAN_POINT('Ctrl Pts',(-179.716229321326,-45.,-443.304617000248));
#13599=CARTESIAN_POINT('Ctrl Pts',(-179.629012302301,-45.,-443.490284162558));
#13600=CARTESIAN_POINT('Ctrl Pts',(-179.550590813624,-45.,-443.684746855217));
#13601=CARTESIAN_POINT('Ctrl Pts',(-179.464056356636,-45.,-443.899327371316));
#13602=CARTESIAN_POINT('Ctrl Pts',(-179.388230914251,-45.,-444.12461690202));
#13603=CARTESIAN_POINT('Ctrl Pts',(-179.32284294776,-45.,-444.360343908619));
#13604=CARTESIAN_POINT('Ctrl Pts',(-179.239820540725,-45.,-444.659643986933));
#13605=CARTESIAN_POINT('Ctrl Pts',(-179.173623600485,-45.,-444.975769532046));
#13606=CARTESIAN_POINT('Ctrl Pts',(-179.123635086175,-45.,-445.308103503092));
#13607=CARTESIAN_POINT('Ctrl Pts',(-179.066047398958,-45.,-445.690958345658));
#13608=CARTESIAN_POINT('Ctrl Pts',(-179.029964906163,-45.,-446.095318382651));
#13609=CARTESIAN_POINT('Ctrl Pts',(-179.014430836476,-45.,-446.520226842757));
#13610=CARTESIAN_POINT('Ctrl Pts',(-179.002674519595,-45.,-446.841801201775));
#13611=CARTESIAN_POINT('Ctrl Pts',(-179.002686688417,-45.,-447.1751440465));
#13612=CARTESIAN_POINT('Ctrl Pts',(-179.014079125189,-45.,-447.519867159178));
#13613=CARTESIAN_POINT('Ctrl Pts',(-179.024225745741,-45.,-447.826893187935));
#13614=CARTESIAN_POINT('Ctrl Pts',(-179.043399506847,-45.,-448.142946357249));
#13615=CARTESIAN_POINT('Ctrl Pts',(-179.071356264158,-45.,-448.467782522771));
#13616=CARTESIAN_POINT('Ctrl Pts',(-179.098423320842,-45.,-448.782281046594));
#13617=CARTESIAN_POINT('Ctrl Pts',(-179.133723022849,-45.,-449.105012215743));
#13618=CARTESIAN_POINT('Ctrl Pts',(-179.177066838192,-45.,-449.43578749823));
#13619=CARTESIAN_POINT('Ctrl Pts',(-179.220095496794,-45.,-449.764157684196));
#13620=CARTESIAN_POINT('Ctrl Pts',(-179.271051386429,-45.,-450.100455101197));
#13621=CARTESIAN_POINT('Ctrl Pts',(-179.329787400357,-45.,-450.444532642494));
#13622=CARTESIAN_POINT('Ctrl Pts',(-179.388523414284,-45.,-450.788610183791));
#13623=CARTESIAN_POINT('Ctrl Pts',(-179.455039305572,-45.,-451.140467602452));
#13624=CARTESIAN_POINT('Ctrl Pts',(-179.529230175728,-45.,-451.499999999983));
#13625=CARTESIAN_POINT('',(-190.,-45.,-208.5));
#13626=CARTESIAN_POINT('',(-190.,-45.,-385.514615087996));
#13627=CARTESIAN_POINT('',(-23.5000000000001,-45.,-208.5));
#13628=CARTESIAN_POINT('Ctrl Pts',(189.999999999983,0.,-441.029230175631));
#13629=CARTESIAN_POINT('Ctrl Pts',(189.999999999983,-47.,-441.029230175631));
#13630=CARTESIAN_POINT('Ctrl Pts',(189.780564739021,0.,-440.983948879514));
#13631=CARTESIAN_POINT('Ctrl Pts',(189.780564739021,-47.,-440.983948879514));
#13632=CARTESIAN_POINT('Ctrl Pts',(188.965279357118,0.,-440.822817462436));
#13633=CARTESIAN_POINT('Ctrl Pts',(188.965279357118,-47.,-440.822817462436));
#13634=CARTESIAN_POINT('Ctrl Pts',(187.610281092284,0.,-440.60197316242));
#13635=CARTESIAN_POINT('Ctrl Pts',(187.610281092284,-47.,-440.60197316242));
#13636=CARTESIAN_POINT('Ctrl Pts',(185.828739008124,0.,-440.434585043096));
#13637=CARTESIAN_POINT('Ctrl Pts',(185.828739008124,-47.,-440.434585043096));
#13638=CARTESIAN_POINT('Ctrl Pts',(183.803000309897,0.,-440.503000309747));
#13639=CARTESIAN_POINT('Ctrl Pts',(183.803000309897,-47.,-440.503000309747));
#13640=CARTESIAN_POINT('Ctrl Pts',(181.905500308904,0.,-441.005500308821));
#13641=CARTESIAN_POINT('Ctrl Pts',(181.905500308904,-47.,-441.005500308821));
#13642=CARTESIAN_POINT('Ctrl Pts',(180.466702361063,0.,-441.966702361064));
#13643=CARTESIAN_POINT('Ctrl Pts',(180.466702361063,-47.,-441.966702361064));
#13644=CARTESIAN_POINT('Ctrl Pts',(179.505500308985,0.,-443.405500309066));
#13645=CARTESIAN_POINT('Ctrl Pts',(179.505500308985,-47.,-443.405500309066));
#13646=CARTESIAN_POINT('Ctrl Pts',(179.003000310041,0.,-445.303000310178));
#13647=CARTESIAN_POINT('Ctrl Pts',(179.003000310041,-47.,-445.303000310178));
#13648=CARTESIAN_POINT('Ctrl Pts',(178.934585043435,0.,-447.328739008419));
#13649=CARTESIAN_POINT('Ctrl Pts',(178.934585043435,-47.,-447.328739008419));
#13650=CARTESIAN_POINT('Ctrl Pts',(179.101973162718,0.,-449.110281092514));
#13651=CARTESIAN_POINT('Ctrl Pts',(179.101973162718,-47.,-449.110281092514));
#13652=CARTESIAN_POINT('Ctrl Pts',(179.32281746266,0.,-450.465279357256));
#13653=CARTESIAN_POINT('Ctrl Pts',(179.32281746266,-47.,-450.465279357256));
#13654=CARTESIAN_POINT('Ctrl Pts',(179.483948879676,0.,-451.28056473908));
#13655=CARTESIAN_POINT('Ctrl Pts',(179.483948879676,-47.,-451.28056473908));
#13656=CARTESIAN_POINT('Ctrl Pts',(179.529230175772,0.,-451.5));
#13657=CARTESIAN_POINT('Ctrl Pts',(179.529230175772,-47.,-451.5));
#13658=CARTESIAN_POINT('',(190.,0.,-441.029230175635));
#13659=CARTESIAN_POINT('',(190.,0.,-441.029230175635));
#13660=CARTESIAN_POINT('',(179.529230175772,0.,-451.5));
#13661=CARTESIAN_POINT('Ctrl Pts',(190.,0.,-441.029230175635));
#13662=CARTESIAN_POINT('Ctrl Pts',(189.780564739034,0.,-440.983948879517));
#13663=CARTESIAN_POINT('Ctrl Pts',(188.965279357128,0.,-440.822817462438));
#13664=CARTESIAN_POINT('Ctrl Pts',(187.610281092289,0.,-440.601973162421));
#13665=CARTESIAN_POINT('Ctrl Pts',(185.828739008127,0.,-440.434585043096));
#13666=CARTESIAN_POINT('Ctrl Pts',(183.803000309897,0.,-440.503000309747));
#13667=CARTESIAN_POINT('Ctrl Pts',(181.905500308904,0.,-441.005500308821));
#13668=CARTESIAN_POINT('Ctrl Pts',(180.466702361063,0.,-441.966702361064));
#13669=CARTESIAN_POINT('Ctrl Pts',(179.505500308985,0.,-443.405500309066));
#13670=CARTESIAN_POINT('Ctrl Pts',(179.003000310041,0.,-445.303000310178));
#13671=CARTESIAN_POINT('Ctrl Pts',(178.934585043435,0.,-447.328739008419));
#13672=CARTESIAN_POINT('Ctrl Pts',(179.101973162718,0.,-449.110281092514));
#13673=CARTESIAN_POINT('Ctrl Pts',(179.32281746266,0.,-450.465279357256));
#13674=CARTESIAN_POINT('Ctrl Pts',(179.483948879676,0.,-451.28056473908));
#13675=CARTESIAN_POINT('Ctrl Pts',(179.529230175772,0.,-451.5));
#13676=CARTESIAN_POINT('',(179.529230175772,0.,-451.5));
#13677=CARTESIAN_POINT('Origin',(190.,0.,-208.5));
#13678=CARTESIAN_POINT('',(190.,0.,-208.5));
#13679=CARTESIAN_POINT('',(190.,0.,-208.5));
#13680=CARTESIAN_POINT('',(190.,0.,-208.5));
#13681=CARTESIAN_POINT('Origin',(166.,0.,-208.5));
#13682=CARTESIAN_POINT('',(16.6681681491974,0.,-208.5));
#13683=CARTESIAN_POINT('',(16.6681681491974,0.,-208.5));
#13684=CARTESIAN_POINT('',(158.,0.,-208.5));
#13685=CARTESIAN_POINT('',(-190.,0.,-208.5));
#13686=CARTESIAN_POINT('',(158.,-7.,-208.5));
#13687=CARTESIAN_POINT('',(158.,0.,-208.5));
#13688=CARTESIAN_POINT('',(166.,-7.,-208.5));
#13689=CARTESIAN_POINT('',(-190.,-7.,-208.5));
#13690=CARTESIAN_POINT('',(166.,0.,-208.5));
#13691=CARTESIAN_POINT('',(166.,0.,-208.5));
#13692=CARTESIAN_POINT('',(-190.,0.,-208.5));
#13693=CARTESIAN_POINT('Ctrl Pts',(-16.6681681491997,0.,-208.5));
#13694=CARTESIAN_POINT('Ctrl Pts',(-16.6681681491997,-47.,-208.5));
#13695=CARTESIAN_POINT('Ctrl Pts',(-16.05453451936,0.,-212.166664185592));
#13696=CARTESIAN_POINT('Ctrl Pts',(-16.05453451936,-47.,-212.166664185592));
#13697=CARTESIAN_POINT('Ctrl Pts',(-14.7609008895205,0.,-219.586618257014));
#13698=CARTESIAN_POINT('Ctrl Pts',(-14.7609008895205,-47.,-219.586618257014));
#13699=CARTESIAN_POINT('Ctrl Pts',(-12.7872672596809,0.,-229.908607582816));
#13700=CARTESIAN_POINT('Ctrl Pts',(-12.7872672596809,-47.,-229.908607582816));
#13701=CARTESIAN_POINT('Ctrl Pts',(-10.1336336298409,0.,-241.704159665447));
#13702=CARTESIAN_POINT('Ctrl Pts',(-10.1336336298409,-47.,-241.704159665447));
#13703=CARTESIAN_POINT('Ctrl Pts',(-6.80000000000051,0.,-252.773845725072));
#13704=CARTESIAN_POINT('Ctrl Pts',(-6.80000000000051,-47.,-252.773845725072));
#13705=CARTESIAN_POINT('Ctrl Pts',(-3.40000000000005,0.,-259.794948534759));
#13706=CARTESIAN_POINT('Ctrl Pts',(-3.40000000000005,-47.,-259.794948534759));
#13707=CARTESIAN_POINT('Ctrl Pts',(1.11213122044873E-13,0.,-262.198711890068));
#13708=CARTESIAN_POINT('Ctrl Pts',(1.11213122044873E-13,-47.,-262.198711890068));
#13709=CARTESIAN_POINT('Ctrl Pts',(3.39999999999981,0.,-259.794948534684));
#13710=CARTESIAN_POINT('Ctrl Pts',(3.39999999999981,-47.,-259.794948534684));
#13711=CARTESIAN_POINT('Ctrl Pts',(6.79999999999924,0.,-252.773845724943));
#13712=CARTESIAN_POINT('Ctrl Pts',(6.79999999999924,-47.,-252.773845724943));
#13713=CARTESIAN_POINT('Ctrl Pts',(10.1336336298382,0.,-241.704159665301));
#13714=CARTESIAN_POINT('Ctrl Pts',(10.1336336298382,-47.,-241.704159665301));
#13715=CARTESIAN_POINT('Ctrl Pts',(12.7872672596778,0.,-229.908607582698));
#13716=CARTESIAN_POINT('Ctrl Pts',(12.7872672596778,-47.,-229.908607582698));
#13717=CARTESIAN_POINT('Ctrl Pts',(14.7609008895177,0.,-219.586618256944));
#13718=CARTESIAN_POINT('Ctrl Pts',(14.7609008895177,-47.,-219.586618256944));
#13719=CARTESIAN_POINT('Ctrl Pts',(16.0545345193576,0.,-212.166664185568));
#13720=CARTESIAN_POINT('Ctrl Pts',(16.0545345193576,-47.,-212.166664185568));
#13721=CARTESIAN_POINT('Ctrl Pts',(16.6681681491974,0.,-208.5));
#13722=CARTESIAN_POINT('Ctrl Pts',(16.6681681491974,-47.,-208.5));
#13723=CARTESIAN_POINT('',(-16.6681681491997,0.,-208.5));
#13724=CARTESIAN_POINT('',(-16.6681681491997,0.,-208.5));
#13725=CARTESIAN_POINT('Ctrl Pts',(16.6681681491974,0.,-208.5));
#13726=CARTESIAN_POINT('Ctrl Pts',(16.0545345193576,0.,-212.166664185567));
#13727=CARTESIAN_POINT('Ctrl Pts',(14.7609008895177,0.,-219.586618256944));
#13728=CARTESIAN_POINT('Ctrl Pts',(12.7872672596778,0.,-229.908607582698));
#13729=CARTESIAN_POINT('Ctrl Pts',(10.1336336298382,0.,-241.704159665301));
#13730=CARTESIAN_POINT('Ctrl Pts',(6.79999999999924,0.,-252.773845724943));
#13731=CARTESIAN_POINT('Ctrl Pts',(3.39999999999981,0.,-259.794948534684));
#13732=CARTESIAN_POINT('Ctrl Pts',(1.11213122044873E-13,0.,-262.198711890068));
#13733=CARTESIAN_POINT('Ctrl Pts',(-3.40000000000005,0.,-259.794948534759));
#13734=CARTESIAN_POINT('Ctrl Pts',(-6.80000000000051,0.,-252.773845725072));
#13735=CARTESIAN_POINT('Ctrl Pts',(-10.1336336298409,0.,-241.704159665447));
#13736=CARTESIAN_POINT('Ctrl Pts',(-12.7872672596809,0.,-229.908607582816));
#13737=CARTESIAN_POINT('Ctrl Pts',(-14.7609008895205,0.,-219.586618257014));
#13738=CARTESIAN_POINT('Ctrl Pts',(-16.05453451936,0.,-212.166664185592));
#13739=CARTESIAN_POINT('Ctrl Pts',(-16.6681681491997,0.,-208.5));
#13740=CARTESIAN_POINT('Origin',(-87.0000000000001,-15.,-452.5));
#13741=CARTESIAN_POINT('',(-82.0000000000001,-15.,-451.5));
#13742=CARTESIAN_POINT('',(-82.0000000000001,-15.,-452.));
#13743=CARTESIAN_POINT('',(-92.0000000000001,-15.,-451.5));
#13744=CARTESIAN_POINT('',(-92.0000000000001,-15.,-453.));
#13745=CARTESIAN_POINT('',(190.,-15.,-451.5));
#13746=CARTESIAN_POINT('Origin',(-82.0000000000001,0.,-451.5));
#13747=CARTESIAN_POINT('',(-82.0000000000001,0.,-451.5));
#13748=CARTESIAN_POINT('',(-82.0000000000001,0.,-451.5));
#13749=CARTESIAN_POINT('',(-82.0000000000001,0.,-453.5));
#13750=CARTESIAN_POINT('Origin',(-17.0000000000001,-25.,-452.5));
#13751=CARTESIAN_POINT('',(-12.0000000000001,-25.,-451.5));
#13752=CARTESIAN_POINT('',(-12.0000000000001,-25.,-452.));
#13753=CARTESIAN_POINT('',(-22.0000000000001,-25.,-451.5));
#13754=CARTESIAN_POINT('',(-22.0000000000001,-25.,-453.));
#13755=CARTESIAN_POINT('',(190.,-25.,-451.5));
#13756=CARTESIAN_POINT('Origin',(-22.0000000000001,0.,-453.5));
#13757=CARTESIAN_POINT('',(-22.0000000000001,0.,-451.5));
#13758=CARTESIAN_POINT('',(-22.0000000000001,0.,-451.5));
#13759=CARTESIAN_POINT('',(-22.0000000000001,0.,-451.5));
#13760=CARTESIAN_POINT('Origin',(-52.0000000000001,0.,-452.5));
#13761=CARTESIAN_POINT('',(190.,0.,-451.5));
#13762=CARTESIAN_POINT('Origin',(-12.0000000000001,0.,-451.5));
#13763=CARTESIAN_POINT('',(-12.0000000000001,0.,-451.5));
#13764=CARTESIAN_POINT('',(-12.0000000000001,0.,-451.5));
#13765=CARTESIAN_POINT('',(-12.0000000000001,0.,-453.5));
#13766=CARTESIAN_POINT('Origin',(-57.0000000000001,-1.,-207.5));
#13767=CARTESIAN_POINT('',(-67.0000000000001,-1.,-208.5));
#13768=CARTESIAN_POINT('',(-67.0000000000001,-1.,-208.));
#13769=CARTESIAN_POINT('',(-47.0000000000001,-1.,-208.5));
#13770=CARTESIAN_POINT('',(-47.0000000000001,-1.,-207.));
#13771=CARTESIAN_POINT('',(-190.,-1.,-208.5));
#13772=CARTESIAN_POINT('Origin',(-67.0000000000001,0.,-208.5));
#13773=CARTESIAN_POINT('',(-67.0000000000001,0.,-208.5));
#13774=CARTESIAN_POINT('',(-67.0000000000001,0.,-208.5));
#13775=CARTESIAN_POINT('',(-67.0000000000001,0.,-206.5));
#13776=CARTESIAN_POINT('Origin',(-147.,-10.,-207.5));
#13777=CARTESIAN_POINT('',(-152.,-10.,-208.5));
#13778=CARTESIAN_POINT('',(-152.,-10.,-208.));
#13779=CARTESIAN_POINT('',(-142.,-10.,-208.5));
#13780=CARTESIAN_POINT('',(-142.,-10.,-207.));
#13781=CARTESIAN_POINT('',(-190.,-10.,-208.5));
#13782=CARTESIAN_POINT('Origin',(-142.,0.,-206.5));
#13783=CARTESIAN_POINT('',(-142.,0.,-208.5));
#13784=CARTESIAN_POINT('',(-142.,0.,-206.5));
#13785=CARTESIAN_POINT('',(-142.,0.,-208.5));
#13786=CARTESIAN_POINT('Origin',(-104.5,0.,-207.5));
#13787=CARTESIAN_POINT('',(-190.,0.,-208.5));
#13788=CARTESIAN_POINT('Origin',(-152.,0.,-208.5));
#13789=CARTESIAN_POINT('',(-152.,0.,-208.5));
#13790=CARTESIAN_POINT('',(-152.,0.,-208.5));
#13791=CARTESIAN_POINT('',(-152.,0.,-206.5));
#13792=CARTESIAN_POINT('Origin',(-162.,-7.,-207.5));
#13793=CARTESIAN_POINT('',(-166.,-7.,-208.5));
#13794=CARTESIAN_POINT('',(-166.,-7.,-208.));
#13795=CARTESIAN_POINT('',(-158.,-7.,-208.5));
#13796=CARTESIAN_POINT('',(-158.,-7.,-207.));
#13797=CARTESIAN_POINT('',(-190.,-7.,-208.5));
#13798=CARTESIAN_POINT('Origin',(-158.,0.,-206.5));
#13799=CARTESIAN_POINT('',(-158.,0.,-208.5));
#13800=CARTESIAN_POINT('',(-158.,0.,-206.5));
#13801=CARTESIAN_POINT('',(-158.,0.,-208.5));
#13802=CARTESIAN_POINT('Origin',(-155.,0.,-207.5));
#13803=CARTESIAN_POINT('',(-190.,0.,-208.5));
#13804=CARTESIAN_POINT('Origin',(-166.,0.,-208.5));
#13805=CARTESIAN_POINT('',(-166.,0.,-208.5));
#13806=CARTESIAN_POINT('',(-166.,0.,-208.5));
#13807=CARTESIAN_POINT('',(-166.,0.,-206.5));
#13808=CARTESIAN_POINT('Origin',(-92.0000000000001,0.,-453.5));
#13809=CARTESIAN_POINT('',(-92.0000000000001,0.,-451.5));
#13810=CARTESIAN_POINT('',(-92.0000000000001,0.,-451.5));
#13811=CARTESIAN_POINT('',(-92.0000000000001,0.,-451.5));
#13812=CARTESIAN_POINT('Origin',(-190.,0.,-441.029230175992));
#13813=CARTESIAN_POINT('',(-190.,0.,-441.029230175992));
#13814=CARTESIAN_POINT('',(-190.,0.,-441.029230175992));
#13815=CARTESIAN_POINT('',(-190.,0.,-208.5));
#13816=CARTESIAN_POINT('',(-190.,0.,-451.5));
#13817=CARTESIAN_POINT('',(-190.,0.,-208.5));
#13818=CARTESIAN_POINT('Ctrl Pts',(-179.529230175728,0.,-451.499999999983));
#13819=CARTESIAN_POINT('Ctrl Pts',(-179.529230175728,-47.,-451.499999999983));
#13820=CARTESIAN_POINT('Ctrl Pts',(-179.483948879607,0.,-451.280564738963));
#13821=CARTESIAN_POINT('Ctrl Pts',(-179.483948879607,-47.,-451.280564738963));
#13822=CARTESIAN_POINT('Ctrl Pts',(-179.322817462534,0.,-450.465279356955));
#13823=CARTESIAN_POINT('Ctrl Pts',(-179.322817462534,-47.,-450.465279356955));
#13824=CARTESIAN_POINT('Ctrl Pts',(-179.101973162528,0.,-449.110281091998));
#13825=CARTESIAN_POINT('Ctrl Pts',(-179.101973162528,-47.,-449.110281091998));
#13826=CARTESIAN_POINT('Ctrl Pts',(-178.934585043207,0.,-447.328739007753));
#13827=CARTESIAN_POINT('Ctrl Pts',(-178.934585043207,-47.,-447.328739007753));
#13828=CARTESIAN_POINT('Ctrl Pts',(-179.003000309842,0.,-445.303000309538));
#13829=CARTESIAN_POINT('Ctrl Pts',(-179.003000309842,-47.,-445.303000309538));
#13830=CARTESIAN_POINT('Ctrl Pts',(-179.505500308874,0.,-443.405500308694));
#13831=CARTESIAN_POINT('Ctrl Pts',(-179.505500308874,-47.,-443.405500308694));
#13832=CARTESIAN_POINT('Ctrl Pts',(-180.466702361064,0.,-441.966702361061));
#13833=CARTESIAN_POINT('Ctrl Pts',(-180.466702361064,-47.,-441.966702361061));
#13834=CARTESIAN_POINT('Ctrl Pts',(-181.905500309013,0.,-441.005500309199));
#13835=CARTESIAN_POINT('Ctrl Pts',(-181.905500309013,-47.,-441.005500309199));
#13836=CARTESIAN_POINT('Ctrl Pts',(-183.803000310086,0.,-440.50300031042));
#13837=CARTESIAN_POINT('Ctrl Pts',(-183.803000310086,-47.,-440.50300031042));
#13838=CARTESIAN_POINT('Ctrl Pts',(-185.828739008322,0.,-440.434585043866));
#13839=CARTESIAN_POINT('Ctrl Pts',(-185.828739008322,-47.,-440.434585043866));
#13840=CARTESIAN_POINT('Ctrl Pts',(-187.610281092439,0.,-440.601973163103));
#13841=CARTESIAN_POINT('Ctrl Pts',(-187.610281092439,-47.,-440.601973163103));
#13842=CARTESIAN_POINT('Ctrl Pts',(-188.965279357213,0.,-440.822817462961));
#13843=CARTESIAN_POINT('Ctrl Pts',(-188.965279357213,-47.,-440.822817462961));
#13844=CARTESIAN_POINT('Ctrl Pts',(-189.780564739065,0.,-440.983948879913));
#13845=CARTESIAN_POINT('Ctrl Pts',(-189.780564739065,-47.,-440.983948879913));
#13846=CARTESIAN_POINT('Ctrl Pts',(-190.,0.,-441.029230175992));
#13847=CARTESIAN_POINT('Ctrl Pts',(-190.,-47.,-441.029230175992));
#13848=CARTESIAN_POINT('',(-179.529230175732,0.,-451.5));
#13849=CARTESIAN_POINT('',(-179.529230175732,0.,-451.5));
#13850=CARTESIAN_POINT('Ctrl Pts',(-179.529230175732,0.,-451.5));
#13851=CARTESIAN_POINT('Ctrl Pts',(-179.483948879609,0.,-451.280564738977));
#13852=CARTESIAN_POINT('Ctrl Pts',(-179.322817462535,0.,-450.465279356965));
#13853=CARTESIAN_POINT('Ctrl Pts',(-179.101973162528,0.,-449.110281092004));
#13854=CARTESIAN_POINT('Ctrl Pts',(-178.934585043207,0.,-447.328739007755));
#13855=CARTESIAN_POINT('Ctrl Pts',(-179.003000309842,0.,-445.303000309538));
#13856=CARTESIAN_POINT('Ctrl Pts',(-179.505500308874,0.,-443.405500308694));
#13857=CARTESIAN_POINT('Ctrl Pts',(-180.466702361064,0.,-441.966702361061));
#13858=CARTESIAN_POINT('Ctrl Pts',(-181.905500309013,0.,-441.005500309199));
#13859=CARTESIAN_POINT('Ctrl Pts',(-183.803000310086,0.,-440.50300031042));
#13860=CARTESIAN_POINT('Ctrl Pts',(-185.828739008322,0.,-440.434585043866));
#13861=CARTESIAN_POINT('Ctrl Pts',(-187.610281092439,0.,-440.601973163103));
#13862=CARTESIAN_POINT('Ctrl Pts',(-188.965279357213,0.,-440.822817462961));
#13863=CARTESIAN_POINT('Ctrl Pts',(-189.780564739065,0.,-440.983948879913));
#13864=CARTESIAN_POINT('Ctrl Pts',(-190.,0.,-441.029230175992));
#13865=CARTESIAN_POINT('Origin',(-92.0000000000001,0.,-451.5));
#13866=CARTESIAN_POINT('',(190.,0.,-451.5));
#13867=CARTESIAN_POINT('',(190.,0.,-451.5));
#13868=CARTESIAN_POINT('Origin',(-187.,0.,-448.5));
#13869=CARTESIAN_POINT('',(-190.5,0.,-448.5));
#13870=CARTESIAN_POINT('',(-190.5,0.,-448.5));
#13871=CARTESIAN_POINT('Origin',(-187.,0.,-448.5));
#13872=CARTESIAN_POINT('Origin',(-186.377346526396,0.,-447.877346526477));
#13873=CARTESIAN_POINT('',(-190.,0.,-208.5));
#13874=CARTESIAN_POINT('Origin',(162.,-7.,-207.5));
#13875=CARTESIAN_POINT('',(166.,-7.,-207.));
#13876=CARTESIAN_POINT('',(158.,-7.,-208.));
#13877=CARTESIAN_POINT('Origin',(158.,0.,-208.5));
#13878=CARTESIAN_POINT('',(158.,0.,-206.5));
#13879=CARTESIAN_POINT('Ctrl Pts',(14.6959526996926,0.,-208.5));
#13880=CARTESIAN_POINT('Ctrl Pts',(14.6959526996926,-47.,-208.5));
#13881=CARTESIAN_POINT('Ctrl Pts',(14.1567621597552,0.,-212.015078648415));
#13882=CARTESIAN_POINT('Ctrl Pts',(14.1567621597552,-47.,-212.015078648415));
#13883=CARTESIAN_POINT('Ctrl Pts',(13.0175716198187,0.,-219.144924124204));
#13884=CARTESIAN_POINT('Ctrl Pts',(13.0175716198187,-47.,-219.144924124204));
#13885=CARTESIAN_POINT('Ctrl Pts',(11.2783810798823,0.,-229.071420043124));
#13886=CARTESIAN_POINT('Ctrl Pts',(11.2783810798823,-47.,-229.071420043124));
#13887=CARTESIAN_POINT('Ctrl Pts',(8.93919053994494,0.,-240.420423965055));
#13888=CARTESIAN_POINT('Ctrl Pts',(8.93919053994494,-47.,-240.420423965055));
#13889=CARTESIAN_POINT('Ctrl Pts',(6.00000000000566,0.,-251.075722945985));
#13890=CARTESIAN_POINT('Ctrl Pts',(6.00000000000566,-47.,-251.075722945985));
#13891=CARTESIAN_POINT('Ctrl Pts',(3.00000000000318,0.,-257.83917060678));
#13892=CARTESIAN_POINT('Ctrl Pts',(3.00000000000318,-47.,-257.83917060678));
#13893=CARTESIAN_POINT('Ctrl Pts',(-2.41300035508374E-14,0.,-260.154722462913));
#13894=CARTESIAN_POINT('Ctrl Pts',(-2.41300035508374E-14,-47.,-260.154722462913));
#13895=CARTESIAN_POINT('Ctrl Pts',(-3.00000000000314,0.,-257.839170606896));
#13896=CARTESIAN_POINT('Ctrl Pts',(-3.00000000000314,-47.,-257.839170606896));
#13897=CARTESIAN_POINT('Ctrl Pts',(-6.00000000000539,0.,-251.075722946188));
#13898=CARTESIAN_POINT('Ctrl Pts',(-6.00000000000539,-47.,-251.075722946188));
#13899=CARTESIAN_POINT('Ctrl Pts',(-8.93919053994511,0.,-240.420423965286));
#13900=CARTESIAN_POINT('Ctrl Pts',(-8.93919053994511,-47.,-240.420423965286));
#13901=CARTESIAN_POINT('Ctrl Pts',(-11.2783810798831,0.,-229.071420043313));
#13902=CARTESIAN_POINT('Ctrl Pts',(-11.2783810798831,-47.,-229.071420043313));
#13903=CARTESIAN_POINT('Ctrl Pts',(-13.0175716198202,0.,-219.144924124316));
#13904=CARTESIAN_POINT('Ctrl Pts',(-13.0175716198202,-47.,-219.144924124316));
#13905=CARTESIAN_POINT('Ctrl Pts',(-14.1567621597576,0.,-212.015078648456));
#13906=CARTESIAN_POINT('Ctrl Pts',(-14.1567621597576,-47.,-212.015078648456));
#13907=CARTESIAN_POINT('Ctrl Pts',(-14.6959526996957,0.,-208.5));
#13908=CARTESIAN_POINT('Ctrl Pts',(-14.6959526996957,-47.,-208.5));
#13909=CARTESIAN_POINT('',(-14.6959526996957,-1.,-208.5));
#13910=CARTESIAN_POINT('Ctrl Pts',(-14.6959526996957,-1.,-208.5));
#13911=CARTESIAN_POINT('Ctrl Pts',(-14.1567621597576,-1.,-212.015078648456));
#13912=CARTESIAN_POINT('Ctrl Pts',(-13.0175716198202,-1.,-219.144924124316));
#13913=CARTESIAN_POINT('Ctrl Pts',(-11.2783810798831,-1.,-229.071420043313));
#13914=CARTESIAN_POINT('Ctrl Pts',(-8.93919053994512,-1.,-240.420423965286));
#13915=CARTESIAN_POINT('Ctrl Pts',(-6.00000000000539,-1.,-251.075722946188));
#13916=CARTESIAN_POINT('Ctrl Pts',(-3.00000000000314,-1.,-257.839170606896));
#13917=CARTESIAN_POINT('Ctrl Pts',(-2.41300035508374E-14,-1.,-260.154722462913));
#13918=CARTESIAN_POINT('Ctrl Pts',(3.00000000000318,-1.,-257.83917060678));
#13919=CARTESIAN_POINT('Ctrl Pts',(6.00000000000566,-1.,-251.075722945985));
#13920=CARTESIAN_POINT('Ctrl Pts',(8.93919053994494,-1.,-240.420423965055));
#13921=CARTESIAN_POINT('Ctrl Pts',(11.2783810798823,-1.,-229.071420043124));
#13922=CARTESIAN_POINT('Ctrl Pts',(13.0175716198187,-1.,-219.144924124204));
#13923=CARTESIAN_POINT('Ctrl Pts',(14.1567621597552,-1.,-212.015078648415));
#13924=CARTESIAN_POINT('Ctrl Pts',(14.6959526996926,-1.,-208.5));
#13925=CARTESIAN_POINT('',(-14.6959526996957,0.,-208.5));
#13926=CARTESIAN_POINT('Ctrl Pts',(-14.6959526996957,0.,-208.5));
#13927=CARTESIAN_POINT('Ctrl Pts',(-14.6959526996957,-47.,-208.5));
#13928=CARTESIAN_POINT('Ctrl Pts',(-14.7567621597566,0.,-208.103572357355));
#13929=CARTESIAN_POINT('Ctrl Pts',(-14.7567621597566,-47.,-208.103572357355));
#13930=CARTESIAN_POINT('Ctrl Pts',(-14.8175716198174,0.,-207.705358313649));
#13931=CARTESIAN_POINT('Ctrl Pts',(-14.8175716198174,-47.,-207.705358313649));
#13932=CARTESIAN_POINT('Ctrl Pts',(-14.8783810798783,0.,-207.305358166881));
#13933=CARTESIAN_POINT('Ctrl Pts',(-14.8783810798783,-47.,-207.305358166881));
#13934=CARTESIAN_POINT('Ctrl Pts',(-14.9391905399391,0.,-206.90357206418));
#13935=CARTESIAN_POINT('Ctrl Pts',(-14.9391905399391,-47.,-206.90357206418));
#13936=CARTESIAN_POINT('Ctrl Pts',(-15.,0.,-206.5));
#13937=CARTESIAN_POINT('Ctrl Pts',(-15.,-47.,-206.5));
#13938=CARTESIAN_POINT('Ctrl Pts',(-14.7422797340381,-1.,-208.197571136134));
#13939=CARTESIAN_POINT('Ctrl Pts',(-14.7330143271697,-1.,-208.258139850975));
#13940=CARTESIAN_POINT('Ctrl Pts',(-14.7237489203012,-1.,-208.318667095715));
#13941=CARTESIAN_POINT('Ctrl Pts',(-14.7144835134327,-1.,-208.379152869461));
#13942=CARTESIAN_POINT('Ctrl Pts',(-14.7052181065642,-1.,-208.43959717124));
#13943=CARTESIAN_POINT('Ctrl Pts',(-14.6959526996957,-1.,-208.5));
#13944=CARTESIAN_POINT('Origin',(-47.0000000000001,0.,-208.5));
#13945=CARTESIAN_POINT('',(-47.0000000000001,0.,-208.5));
#13946=CARTESIAN_POINT('',(-47.0000000000001,0.,-208.5));
#13947=CARTESIAN_POINT('',(-190.,0.,-208.5));
#13948=CARTESIAN_POINT('Origin',(-47.0000000000001,0.,-206.5));
#13949=CARTESIAN_POINT('',(-47.0000000000001,0.,-206.5));
#13950=CARTESIAN_POINT('Origin',(0.,0.,-249.));
#13951=CARTESIAN_POINT('',(-3.5,-1.,-249.));
#13952=CARTESIAN_POINT('Origin',(0.,-1.,-249.));
#13953=CARTESIAN_POINT('',(-3.5,0.,-249.));
#13954=CARTESIAN_POINT('',(-3.5,0.,-249.));
#13955=CARTESIAN_POINT('Origin',(0.,0.,-249.));
#13956=CARTESIAN_POINT('Origin',(0.,-1.,-233.327361231456));
#13957=CARTESIAN_POINT('Origin',(0.,0.,-233.327361231456));
#13958=CARTESIAN_POINT('Origin',(166.,0.,-206.5));
#13959=CARTESIAN_POINT('',(166.,0.,-206.5));
#13960=CARTESIAN_POINT('Origin',(187.,0.,-448.5));
#13961=CARTESIAN_POINT('',(183.5,0.,-448.5));
#13962=CARTESIAN_POINT('',(183.5,0.,-448.5));
#13963=CARTESIAN_POINT('Origin',(187.,0.,-448.5));
#13964=CARTESIAN_POINT('Origin',(186.377346526438,0.,-447.877346526296));
#13965=CARTESIAN_POINT('Origin',(-250.,0.,-350.));
#13966=CARTESIAN_POINT('',(-252.942976075718,2.32217611708959,-350.002458747134));
#13967=CARTESIAN_POINT('',(-252.943086073637,2.17782388291042,-350.000808826104));
#13968=CARTESIAN_POINT('',(-252.942,0.,-350.));
#13969=CARTESIAN_POINT('',(-248.711078145947,2.,-352.644625579197));
#13970=CARTESIAN_POINT('Ctrl Pts',(-252.942976075718,2.32217611708959,-350.002458747134));
#13971=CARTESIAN_POINT('Ctrl Pts',(-252.944698038613,2.31119341396295,-350.205365333202));
#13972=CARTESIAN_POINT('Ctrl Pts',(-252.925406601064,2.30021071083631,-350.407943194786));
#13973=CARTESIAN_POINT('Ctrl Pts',(-252.883858539801,2.28922800770967,-350.605838222605));
#13974=CARTESIAN_POINT('Ctrl Pts',(-252.688886070248,2.23768950781675,-351.534499659815));
#13975=CARTESIAN_POINT('Ctrl Pts',(-252.00379143724,2.18615100792383,-352.360038509988));
#13976=CARTESIAN_POINT('Ctrl Pts',(-251.126864217478,2.1346125080309,-352.723056893649));
#13977=CARTESIAN_POINT('Ctrl Pts',(-250.363387252633,2.0897416720206,-353.039110686364));
#13978=CARTESIAN_POINT('Ctrl Pts',(-249.454502670427,2.0448708360103,-353.004577542027));
#13979=CARTESIAN_POINT('Ctrl Pts',(-248.708280527733,2.,-352.64753083672));
#13980=CARTESIAN_POINT('',(-251.288921854053,2.,-352.644625579197));
#13981=CARTESIAN_POINT('Origin',(-250.,2.,-350.));
#13982=CARTESIAN_POINT('Ctrl Pts',(-251.288921854053,2.,-352.644625579197));
#13983=CARTESIAN_POINT('Ctrl Pts',(-252.145320232152,2.05153849989292,-352.227239241415));
#13984=CARTESIAN_POINT('Ctrl Pts',(-252.776632513905,2.10307699978585,-351.364220504991));
#13985=CARTESIAN_POINT('Ctrl Pts',(-252.914063867493,2.15461549967878,-350.426582346905));
#13986=CARTESIAN_POINT('Ctrl Pts',(-252.934692844075,2.16235162742266,-350.285839240614));
#13987=CARTESIAN_POINT('Ctrl Pts',(-252.944194106186,2.17008775516654,-350.143414871552));
#13988=CARTESIAN_POINT('Ctrl Pts',(-252.943086073637,2.17782388291042,-350.000808826104));
#13989=CARTESIAN_POINT('Origin',(-250.,0.,-350.));
#13990=CARTESIAN_POINT('',(-252.940324590606,3.32217611708959,-349.997924845819));
#13991=CARTESIAN_POINT('',(-252.939120471609,3.17782388291042,-349.99847707445));
#13992=CARTESIAN_POINT('',(-252.942,0.,-350.));
#13993=CARTESIAN_POINT('Ctrl Pts',(-252.940324590606,3.32217611708959,-349.997924845819));
#13994=CARTESIAN_POINT('Ctrl Pts',(-252.935785187935,3.28709107998715,-350.647608669766));
#13995=CARTESIAN_POINT('Ctrl Pts',(-252.722246337978,3.2520060428847,-351.300006215176));
#13996=CARTESIAN_POINT('Ctrl Pts',(-252.32548929226,3.21692100578225,-351.809813061713));
#13997=CARTESIAN_POINT('Ctrl Pts',(-251.742669245682,3.16538250588933,-352.558698691475));
#13998=CARTESIAN_POINT('Ctrl Pts',(-250.764493258353,3.11384400599641,-352.999896104675));
#13999=CARTESIAN_POINT('Ctrl Pts',(-249.817364645266,3.06230550610349,-352.94108237044));
#14000=CARTESIAN_POINT('Ctrl Pts',(-248.87023603218,3.01076700621057,-352.882268636206));
#14001=CARTESIAN_POINT('Ctrl Pts',(-247.954154793335,2.95922850631765,-352.323443754536));
#14002=CARTESIAN_POINT('Ctrl Pts',(-247.468466925618,2.90769000642472,-351.508202874456));
#14003=CARTESIAN_POINT('Ctrl Pts',(-246.982779057901,2.8561515065318,-350.692961994376));
#14004=CARTESIAN_POINT('Ctrl Pts',(-246.927484561313,2.80461300663888,-349.621305115886));
#14005=CARTESIAN_POINT('Ctrl Pts',(-247.326671664294,2.75307450674596,-348.760408246346));
#14006=CARTESIAN_POINT('Ctrl Pts',(-247.725858767276,2.70153600685304,-347.899511376806));
#14007=CARTESIAN_POINT('Ctrl Pts',(-248.579527469827,2.64999750696012,-347.249374516217));
#14008=CARTESIAN_POINT('Ctrl Pts',(-249.515584395965,2.5984590070672,-347.093367932801));
#14009=CARTESIAN_POINT('Ctrl Pts',(-250.451641322103,2.54692050717427,-346.937361349385));
#14010=CARTESIAN_POINT('Ctrl Pts',(-251.470086471827,2.49538200728135,-347.275485043142));
#14011=CARTESIAN_POINT('Ctrl Pts',(-252.12688389364,2.44384350738843,-347.960438902144));
#14012=CARTESIAN_POINT('Ctrl Pts',(-252.643719711737,2.40328771062215,-348.499431103269));
#14013=CARTESIAN_POINT('Ctrl Pts',(-252.936617388208,2.36273191385587,-349.253186170772));
#14014=CARTESIAN_POINT('Ctrl Pts',(-252.942976075718,2.32217611708959,-350.002458747134));
#14015=CARTESIAN_POINT('Ctrl Pts',(-252.943086073637,2.17782388291042,-350.000808826104));
#14016=CARTESIAN_POINT('Ctrl Pts',(-252.936812333636,2.22162625505946,-349.193365712413));
#14017=CARTESIAN_POINT('Ctrl Pts',(-252.590416762948,2.2654286272085,-348.380098261955));
#14018=CARTESIAN_POINT('Ctrl Pts',(-251.998002386309,2.30923099935755,-347.833209835893));
#14019=CARTESIAN_POINT('Ctrl Pts',(-251.300959126115,2.36076949925047,-347.189733062714));
#14020=CARTESIAN_POINT('Ctrl Pts',(-250.263322180306,2.41230799914339,-346.915037096103));
#14021=CARTESIAN_POINT('Ctrl Pts',(-249.338472786314,2.46384649903631,-347.128197653552));
#14022=CARTESIAN_POINT('Ctrl Pts',(-248.413623392323,2.51538499892923,-347.341358211001));
#14023=CARTESIAN_POINT('Ctrl Pts',(-247.601561550149,2.56692349882215,-348.042375292509));
#14024=CARTESIAN_POINT('Ctrl Pts',(-247.255851481645,2.61846199871507,-348.92606707302));
#14025=CARTESIAN_POINT('Ctrl Pts',(-246.910141413141,2.67000049860799,-349.80975885353));
#14026=CARTESIAN_POINT('Ctrl Pts',(-247.030783118307,2.72153899850091,-350.876125333043));
#14027=CARTESIAN_POINT('Ctrl Pts',(-247.565400442593,2.77307749839384,-351.660172011607));
#14028=CARTESIAN_POINT('Ctrl Pts',(-248.100017766879,2.82461599828676,-352.44421869017));
#14029=CARTESIAN_POINT('Ctrl Pts',(-249.048610710287,2.87615449817968,-352.945945567783));
#14030=CARTESIAN_POINT('Ctrl Pts',(-249.99757868283,2.9276929980726,-352.946720877997));
#14031=CARTESIAN_POINT('Ctrl Pts',(-250.946546655373,2.97923149796552,-352.947496188212));
#14032=CARTESIAN_POINT('Ctrl Pts',(-251.895889657051,3.03076999785844,-352.447319931027));
#14033=CARTESIAN_POINT('Ctrl Pts',(-252.431813630243,3.08230849775137,-351.664198338398));
#14034=CARTESIAN_POINT('Ctrl Pts',(-252.762886419334,3.11414695947105,-351.180416565538));
#14035=CARTESIAN_POINT('Ctrl Pts',(-252.93618679533,3.14598542119074,-350.588654837061));
#14036=CARTESIAN_POINT('Ctrl Pts',(-252.939120471609,3.17782388291042,-349.99847707445));
#14037=CARTESIAN_POINT('Origin',(-250.,0.,-350.));
#14038=CARTESIAN_POINT('',(-252.944630695248,4.32217611708959,-350.001949069634));
#14039=CARTESIAN_POINT('',(-252.945950137131,4.17782388291042,-350.001268823504));
#14040=CARTESIAN_POINT('',(-252.942,0.,-350.));
#14041=CARTESIAN_POINT('Ctrl Pts',(-252.944630695248,4.32217611708959,-350.001949069634));
#14042=CARTESIAN_POINT('Ctrl Pts',(-252.945723454774,4.31452724590426,-350.143052712462));
#14043=CARTESIAN_POINT('Ctrl Pts',(-252.936408458835,4.30687837471893,-350.284011696443));
#14044=CARTESIAN_POINT('Ctrl Pts',(-252.916173518023,4.2992295035336,-350.423385255568));
#14045=CARTESIAN_POINT('Ctrl Pts',(-252.779829413173,4.24769100364068,-351.362491692059));
#14046=CARTESIAN_POINT('Ctrl Pts',(-252.14770497048,4.19615250374776,-352.229617685432));
#14047=CARTESIAN_POINT('Ctrl Pts',(-251.295356779582,4.14461400385483,-352.646766217467));
#14048=CARTESIAN_POINT('Ctrl Pts',(-250.443008588683,4.09307550396191,-353.063914749502));
#14049=CARTESIAN_POINT('Ctrl Pts',(-249.370436649579,4.04153700406899,-353.031085820199));
#14050=CARTESIAN_POINT('Ctrl Pts',(-248.545196257314,3.98999850417607,-352.562589970177));
#14051=CARTESIAN_POINT('Ctrl Pts',(-247.719955865049,3.93846000428315,-352.094094120155));
#14052=CARTESIAN_POINT('Ctrl Pts',(-247.142047019623,3.88692150439023,-351.189931349413));
#14053=CARTESIAN_POINT('Ctrl Pts',(-247.063392054214,3.83538300449731,-350.244244478191));
#14054=CARTESIAN_POINT('Ctrl Pts',(-246.984737088806,3.78384450460439,-349.29855760697));
#14055=CARTESIAN_POINT('Ctrl Pts',(-247.405336003415,3.73230600471146,-348.311346635269));
#14056=CARTESIAN_POINT('Ctrl Pts',(-248.141841044753,3.68076750481854,-347.712956803639));
#14057=CARTESIAN_POINT('Ctrl Pts',(-248.878346086091,3.62922900492562,-347.11456697201));
#14058=CARTESIAN_POINT('Ctrl Pts',(-249.930757254158,3.5776905050327,-346.904998280451));
#14059=CARTESIAN_POINT('Ctrl Pts',(-250.840307692903,3.52615200513978,-347.175605626408));
#14060=CARTESIAN_POINT('Ctrl Pts',(-251.749858131648,3.47461350524686,-347.446212972364));
#14061=CARTESIAN_POINT('Ctrl Pts',(-252.516547841071,3.42307500535394,-348.196996355835));
#14062=CARTESIAN_POINT('Ctrl Pts',(-252.806160642868,3.37153650546102,-349.100674970732));
#14063=CARTESIAN_POINT('Ctrl Pts',(-252.898618387427,3.35508304267054,-349.389170803859));
#14064=CARTESIAN_POINT('Ctrl Pts',(-252.942453386785,3.33862957988007,-349.693249419891));
#14065=CARTESIAN_POINT('Ctrl Pts',(-252.940324590606,3.32217611708959,-349.997924845819));
#14066=CARTESIAN_POINT('Ctrl Pts',(-252.939120471609,3.17782388291042,-349.99847707445));
#14067=CARTESIAN_POINT('Ctrl Pts',(-252.940935682883,3.19752392108366,-349.633304769494));
#14068=CARTESIAN_POINT('Ctrl Pts',(-252.877525803296,3.21722395925689,-349.268738887728));
#14069=CARTESIAN_POINT('Ctrl Pts',(-252.745907384342,3.23692399743013,-348.930733921657));
#14070=CARTESIAN_POINT('Ctrl Pts',(-252.401572220545,3.28846249732305,-348.046458025618));
#14071=CARTESIAN_POINT('Ctrl Pts',(-251.590396948245,3.34000099721597,-347.343973161613));
#14072=CARTESIAN_POINT('Ctrl Pts',(-250.665998134982,3.39153949710889,-347.129500148287));
#14073=CARTESIAN_POINT('Ctrl Pts',(-249.74159932172,3.44307799700181,-346.915027134961));
#14074=CARTESIAN_POINT('Ctrl Pts',(-248.703976967493,3.49461649689474,-347.188565972314));
#14075=CARTESIAN_POINT('Ctrl Pts',(-248.005447656439,3.54615499678766,-347.830878880377));
#14076=CARTESIAN_POINT('Ctrl Pts',(-247.306918345385,3.59769349668058,-348.47319178844));
#14077=CARTESIAN_POINT('Ctrl Pts',(-246.947482077503,3.6492319965735,-349.484278767212));
#14078=CARTESIAN_POINT('Ctrl Pts',(-247.083826195876,3.70077049646642,-350.42338529591));
#14079=CARTESIAN_POINT('Ctrl Pts',(-247.220170314249,3.75230899635934,-351.362491824607));
#14080=CARTESIAN_POINT('Ctrl Pts',(-247.852294818876,3.80384749625226,-352.229617903231));
#14081=CARTESIAN_POINT('Ctrl Pts',(-248.704643093303,3.85538599614518,-352.646766476295));
#14082=CARTESIAN_POINT('Ctrl Pts',(-249.556991367729,3.9069244960381,-353.06391504936));
#14083=CARTESIAN_POINT('Ctrl Pts',(-250.629563411956,3.95846299593103,-353.031086116866));
#14084=CARTESIAN_POINT('Ctrl Pts',(-251.454803885076,4.01000149582395,-352.562590220999));
#14085=CARTESIAN_POINT('Ctrl Pts',(-252.280044358196,4.06153999571687,-352.094094325132));
#14086=CARTESIAN_POINT('Ctrl Pts',(-252.857953260211,4.11307849560979,-351.189931465892));
#14087=CARTESIAN_POINT('Ctrl Pts',(-252.936608233318,4.16461699550271,-350.244244502106));
#14088=CARTESIAN_POINT('Ctrl Pts',(-252.943326753622,4.16901929130528,-350.163466176003));
#14089=CARTESIAN_POINT('Ctrl Pts',(-252.946402632809,4.17342158710785,-350.082384883009));
#14090=CARTESIAN_POINT('Ctrl Pts',(-252.945950137131,4.17782388291042,-350.001268823504));
#14091=CARTESIAN_POINT('Origin',(-250.,0.,-350.));
#14092=CARTESIAN_POINT('',(-252.939073682043,5.32217611708959,-349.998366160897));
#14093=CARTESIAN_POINT('',(-252.938361913146,5.17782388291042,-349.999266915194));
#14094=CARTESIAN_POINT('',(-252.942,0.,-350.));
#14095=CARTESIAN_POINT('Ctrl Pts',(-252.939073682043,5.32217611708959,-349.998366160897));
#14096=CARTESIAN_POINT('Ctrl Pts',(-252.936200054021,5.29042491192846,-350.586968963561));
#14097=CARTESIAN_POINT('Ctrl Pts',(-252.763959679992,5.25867370676732,-351.17714621794));
#14098=CARTESIAN_POINT('Ctrl Pts',(-252.434599255694,5.22692250160618,-351.660171989008));
#14099=CARTESIAN_POINT('Ctrl Pts',(-251.899981999237,5.17538400171326,-352.444218563748));
#14100=CARTESIAN_POINT('Ctrl Pts',(-250.951389158102,5.12384550182034,-352.94594535895));
#14101=CARTESIAN_POINT('Ctrl Pts',(-250.002421286168,5.07230700192742,-352.946720649956));
#14102=CARTESIAN_POINT('Ctrl Pts',(-249.053453414234,5.0207685020345,-352.947495940962));
#14103=CARTESIAN_POINT('Ctrl Pts',(-248.1041105115,4.96923000214158,-352.447319727771));
#14104=CARTESIAN_POINT('Ctrl Pts',(-247.568186594606,4.91769150224865,-351.664198205611));
#14105=CARTESIAN_POINT('Ctrl Pts',(-247.032262677711,4.86615300235573,-350.88107668345));
#14106=CARTESIAN_POINT('Ctrl Pts',(-246.909757746657,4.81461450246281,-349.81500985232));
#14107=CARTESIAN_POINT('Ctrl Pts',(-247.25409287826,4.76307600256989,-348.930734038705));
#14108=CARTESIAN_POINT('Ctrl Pts',(-247.598428009863,4.71153750267697,-348.04645822509));
#14109=CARTESIAN_POINT('Ctrl Pts',(-248.409603204125,4.65999900278405,-347.34397342899));
#14110=CARTESIAN_POINT('Ctrl Pts',(-249.334001927673,4.60846050289113,-347.129500435435));
#14111=CARTESIAN_POINT('Ctrl Pts',(-250.258400651221,4.5569220029982,-346.915027441879));
#14112=CARTESIAN_POINT('Ctrl Pts',(-251.296022904056,4.50538350310528,-347.188566250867));
#14113=CARTESIAN_POINT('Ctrl Pts',(-251.994552146969,4.45384500321236,-347.830879095166));
#14114=CARTESIAN_POINT('Ctrl Pts',(-252.589412090051,4.40995537450477,-348.377865761619));
#14115=CARTESIAN_POINT('Ctrl Pts',(-252.938360383111,4.36606574579718,-349.192288880183));
#14116=CARTESIAN_POINT('Ctrl Pts',(-252.944630695248,4.32217611708959,-350.001949069634));
#14117=CARTESIAN_POINT('Ctrl Pts',(-252.945950137131,4.17782388291042,-350.001268823504));
#14118=CARTESIAN_POINT('Ctrl Pts',(-252.941105181313,4.22496008700077,-349.132744011152));
#14119=CARTESIAN_POINT('Ctrl Pts',(-252.531753739522,4.27209629109113,-348.260233432019));
#14120=CARTESIAN_POINT('Ctrl Pts',(-251.858159137117,4.31923249518148,-347.712956579787));
#14121=CARTESIAN_POINT('Ctrl Pts',(-251.121654023608,4.3707709950744,-347.114566689585));
#14122=CARTESIAN_POINT('Ctrl Pts',(-250.069242752391,4.42230949496732,-346.904997977513));
#14123=CARTESIAN_POINT('Ctrl Pts',(-249.159692224487,4.47384799486024,-347.175605350136));
#14124=CARTESIAN_POINT('Ctrl Pts',(-248.250141696583,4.52538649475316,-347.446212722759));
#14125=CARTESIAN_POINT('Ctrl Pts',(-247.483451911993,4.57692499464608,-348.196996180077));
#14126=CARTESIAN_POINT('Ctrl Pts',(-247.193839081626,4.628463494539,-349.10067488368));
#14127=CARTESIAN_POINT('Ctrl Pts',(-246.904226251259,4.68000199443192,-350.004353587282));
#14128=CARTESIAN_POINT('Ctrl Pts',(-247.091690375116,4.73154049432485,-351.060927537168));
#14129=CARTESIAN_POINT('Ctrl Pts',(-247.674510478365,4.78307899421777,-351.809813241074));
#14130=CARTESIAN_POINT('Ctrl Pts',(-248.257330581615,4.83461749411069,-352.55869894498));
#14131=CARTESIAN_POINT('Ctrl Pts',(-249.235506664256,4.88615599400361,-352.999896402906));
#14132=CARTESIAN_POINT('Ctrl Pts',(-250.182635369091,4.93769449389653,-352.941082663993));
#14133=CARTESIAN_POINT('Ctrl Pts',(-251.129764073925,4.98923299378945,-352.882268925081));
#14134=CARTESIAN_POINT('Ctrl Pts',(-252.045845400954,5.04077149368237,-352.323443989331));
#14135=CARTESIAN_POINT('Ctrl Pts',(-252.531533314039,5.0923099935753,-351.508203033278));
#14136=CARTESIAN_POINT('Ctrl Pts',(-252.800154911079,5.12081462335367,-351.057314053569));
#14137=CARTESIAN_POINT('Ctrl Pts',(-252.937122865673,5.14931925313205,-350.527989619317));
#14138=CARTESIAN_POINT('Ctrl Pts',(-252.938361913146,5.17782388291042,-349.999266915194));
#14139=CARTESIAN_POINT('Origin',(-250.,0.151410108094977,-350.));
#14140=CARTESIAN_POINT('',(-252.369390892381,5.65141010809498,-349.998682849119));
#14141=CARTESIAN_POINT('',(-252.374215196253,5.84858989190502,-350.001414532947));
#14142=CARTESIAN_POINT('',(-252.37175,0.151410108094977,-350.));
#14143=CARTESIAN_POINT('',(-248.620363921046,5.99999999999999,-348.067000552031));
#14144=CARTESIAN_POINT('Ctrl Pts',(-252.369390892381,5.65141010809498,-349.998682849119));
#14145=CARTESIAN_POINT('Ctrl Pts',(-252.370834612469,5.67119740282676,-349.702966881866));
#14146=CARTESIAN_POINT('Ctrl Pts',(-252.184891898389,5.74252319745147,-348.638798375411));
#14147=CARTESIAN_POINT('Ctrl Pts',(-250.708923405432,5.85871982808648,-347.364660339008));
#14148=CARTESIAN_POINT('Ctrl Pts',(-249.166127717865,5.9551291639897,-347.683733117502));
#14149=CARTESIAN_POINT('Ctrl Pts',(-248.620363921046,6.,-348.067000552031));
#14150=CARTESIAN_POINT('',(-251.377024790131,6.,-348.068937911442));
#14151=CARTESIAN_POINT('Origin',(-250.,6.,-350.));
#14152=CARTESIAN_POINT('Ctrl Pts',(-252.374215196253,5.84858989190502,-350.001414532947));
#14153=CARTESIAN_POINT('Ctrl Pts',(-252.373217873492,5.89905992793668,-349.253314794998));
#14154=CARTESIAN_POINT('Ctrl Pts',(-251.989388888258,5.94952996396834,-348.505609807547));
#14155=CARTESIAN_POINT('Ctrl Pts',(-251.377024790131,6.,-348.068937911442));
#14156=CARTESIAN_POINT('Origin',(-250.,0.151410108094977,-350.));
#14157=CARTESIAN_POINT('',(-252.373870785675,4.65141010809498,-350.001571280049));
#14158=CARTESIAN_POINT('',(-252.368817086167,4.84858989190502,-349.999409009555));
#14159=CARTESIAN_POINT('',(-252.37175,0.151410108094977,-350.));
#14160=CARTESIAN_POINT('Ctrl Pts',(-252.373870785675,4.65141010809498,-350.001571280049));
#14161=CARTESIAN_POINT('Ctrl Pts',(-252.3688158527,4.69529973680257,-349.348848114063));
#14162=CARTESIAN_POINT('Ctrl Pts',(-251.757167487376,4.79072786540308,-347.921299737818));
#14163=CARTESIAN_POINT('Ctrl Pts',(-249.37181548823,4.93769449389651,-347.292471334146));
#14164=CARTESIAN_POINT('Ctrl Pts',(-247.409981939294,5.09230999357528,-348.991436305407));
#14165=CARTESIAN_POINT('Ctrl Pts',(-247.706261072771,5.24692549325404,-351.569727270804));
#14166=CARTESIAN_POINT('Ctrl Pts',(-250.002254304816,5.40154099293281,-352.779407352689));
#14167=CARTESIAN_POINT('Ctrl Pts',(-252.002830342163,5.53636919787978,-351.721268855063));
#14168=CARTESIAN_POINT('Ctrl Pts',(-252.367074261769,5.61965890293384,-350.473196342395));
#14169=CARTESIAN_POINT('Ctrl Pts',(-252.369390892381,5.65141010809498,-349.998682849119));
#14170=CARTESIAN_POINT('Ctrl Pts',(-252.368817086167,4.84858989190502,-349.999409009555));
#14171=CARTESIAN_POINT('Ctrl Pts',(-252.369624257439,4.87162376201956,-349.654975251842));
#14172=CARTESIAN_POINT('Ctrl Pts',(-252.140917769955,4.94619613202703,-348.540893253695));
#14173=CARTESIAN_POINT('Ctrl Pts',(-250.456939844884,5.07230700192742,-347.258409659066));
#14174=CARTESIAN_POINT('Ctrl Pts',(-247.99382201139,5.22692250160618,-348.076164611515));
#14175=CARTESIAN_POINT('Ctrl Pts',(-247.28000003959,5.38153800128494,-350.571542625835));
#14176=CARTESIAN_POINT('Ctrl Pts',(-248.936906773249,5.53615350096371,-352.568115272777));
#14177=CARTESIAN_POINT('Ctrl Pts',(-251.521710855826,5.69076900064247,-352.327468738962));
#14178=CARTESIAN_POINT('Ctrl Pts',(-252.366828058387,5.79491446428958,-350.797035382972));
#14179=CARTESIAN_POINT('Ctrl Pts',(-252.374236309837,5.84752142804376,-350.017252000036));
#14180=CARTESIAN_POINT('Ctrl Pts',(-252.374215196253,5.84858989190502,-350.001414532947));
#14181=CARTESIAN_POINT('Origin',(-250.,0.151410108094977,-350.));
#14182=CARTESIAN_POINT('',(-252.370399336427,3.65141010809498,-349.998327074463));
#14183=CARTESIAN_POINT('',(-252.374934479177,3.84858989190502,-350.001022886521));
#14184=CARTESIAN_POINT('',(-252.37175,0.151410108094977,-350.));
#14185=CARTESIAN_POINT('Ctrl Pts',(-252.370399336427,3.65141010809498,-349.998327074463));
#14186=CARTESIAN_POINT('Ctrl Pts',(-252.372115506495,3.66786357088545,-349.752707107963));
#14187=CARTESIAN_POINT('Ctrl Pts',(-252.226083682455,3.73585553356885,-348.739700250413));
#14188=CARTESIAN_POINT('Ctrl Pts',(-250.792600171792,3.85538599614516,-347.33595687541));
#14189=CARTESIAN_POINT('Ctrl Pts',(-248.24733553427,4.01000149582393,-347.842800394312));
#14190=CARTESIAN_POINT('Ctrl Pts',(-247.230113771126,4.16461699550269,-350.2303778472));
#14191=CARTESIAN_POINT('Ctrl Pts',(-248.62779083177,4.31923249518146,-352.417102576813));
#14192=CARTESIAN_POINT('Ctrl Pts',(-251.221814451659,4.47384799486022,-352.496499598981));
#14193=CARTESIAN_POINT('Ctrl Pts',(-252.316643107814,4.58457386583139,-350.994652301324));
#14194=CARTESIAN_POINT('Ctrl Pts',(-252.374751734827,4.64376123690965,-350.115324701149));
#14195=CARTESIAN_POINT('Ctrl Pts',(-252.373870785675,4.65141010809498,-350.001571280049));
#14196=CARTESIAN_POINT('Ctrl Pts',(-252.374934479177,3.84858989190502,-350.001022886521));
#14197=CARTESIAN_POINT('Ctrl Pts',(-252.37102862467,3.89572609599537,-349.300844870309));
#14198=CARTESIAN_POINT('Ctrl Pts',(-251.680194484254,3.99440079997864,-347.828369060034));
#14199=CARTESIAN_POINT('Ctrl Pts',(-249.207399750331,4.14461400385483,-347.335956614653));
#14200=CARTESIAN_POINT('Ctrl Pts',(-247.353154512463,4.2992295035336,-349.151732275661));
#14201=CARTESIAN_POINT('Ctrl Pts',(-247.80653796157,4.45384500321236,-351.707064633556));
#14202=CARTESIAN_POINT('Ctrl Pts',(-250.172264464634,4.60846050289112,-352.774104134747));
#14203=CARTESIAN_POINT('Ctrl Pts',(-252.057752403445,4.74004213245535,-351.623924947402));
#14204=CARTESIAN_POINT('Ctrl Pts',(-252.367818204167,4.82008526212664,-350.425649007347));
#14205=CARTESIAN_POINT('Ctrl Pts',(-252.368817086167,4.84858989190502,-349.999409009555));
#14206=CARTESIAN_POINT('Origin',(-250.,0.151410108094977,-350.));
#14207=CARTESIAN_POINT('',(-252.372536882252,2.65141010809498,-350.001982166388));
#14208=CARTESIAN_POINT('',(-252.369428612691,2.84858989190502,-349.998772264217));
#14209=CARTESIAN_POINT('',(-252.37175,0.151410108094977,-350.));
#14210=CARTESIAN_POINT('Ctrl Pts',(-252.372536882252,2.65141010809498,-350.001982166389));
#14211=CARTESIAN_POINT('Ctrl Pts',(-252.367410703767,2.69196590486126,-349.397941638521));
#14212=CARTESIAN_POINT('Ctrl Pts',(-251.831216685474,2.78406020152046,-348.018077641909));
#14213=CARTESIAN_POINT('Ctrl Pts',(-249.543060170578,2.92769299807258,-347.25840989454));
#14214=CARTESIAN_POINT('Ctrl Pts',(-247.478455739636,3.08230849775134,-348.830770974522));
#14215=CARTESIAN_POINT('Ctrl Pts',(-247.612185911917,3.23692399743011,-351.422581513162));
#14216=CARTESIAN_POINT('Ctrl Pts',(-249.827735549814,3.39153949710887,-352.774103858267));
#14217=CARTESIAN_POINT('Ctrl Pts',(-251.941712228831,3.52970153399716,-351.820613837626));
#14218=CARTESIAN_POINT('Ctrl Pts',(-252.366739809478,3.61632507099253,-350.522082210237));
#14219=CARTESIAN_POINT('Ctrl Pts',(-252.370399336427,3.65141010809498,-349.998327074463));
#14220=CARTESIAN_POINT('Ctrl Pts',(-252.369428612691,2.84858989190502,-349.998772264217));
#14221=CARTESIAN_POINT('Ctrl Pts',(-252.370891980244,2.86828993007826,-349.704381572756));
#14222=CARTESIAN_POINT('Ctrl Pts',(-252.186037023614,2.93952846814441,-348.641584880802));
#14223=CARTESIAN_POINT('Ctrl Pts',(-250.628184571694,3.06230550610349,-347.292471063852));
#14224=CARTESIAN_POINT('Ctrl Pts',(-248.118686796062,3.21692100578225,-347.954026880465));
#14225=CARTESIAN_POINT('Ctrl Pts',(-247.249387372185,3.37153650546101,-350.399348643113));
#14226=CARTESIAN_POINT('Ctrl Pts',(-248.778185428456,3.52615200513978,-352.496499843291));
#14227=CARTESIAN_POINT('Ctrl Pts',(-251.372209302583,3.68076750481854,-352.417102813404));
#14228=CARTESIAN_POINT('Ctrl Pts',(-252.343789519055,3.78824680040696,-350.897024573661));
#14229=CARTESIAN_POINT('Ctrl Pts',(-252.375299267289,3.84418759610245,-350.066416161209));
#14230=CARTESIAN_POINT('Ctrl Pts',(-252.374934479177,3.84858989190502,-350.001022886521));
#14231=CARTESIAN_POINT('Origin',(-246.5,0.,-349.));
#14232=CARTESIAN_POINT('',(-246.5,0.,-349.));
#14233=CARTESIAN_POINT('',(-246.5,0.,-351.));
#14234=CARTESIAN_POINT('',(-246.5,0.,-349.5));
#14235=CARTESIAN_POINT('',(-246.5,1.5,-349.));
#14236=CARTESIAN_POINT('',(-246.5,0.,-349.));
#14237=CARTESIAN_POINT('',(-246.5,1.5,-351.));
#14238=CARTESIAN_POINT('',(-246.5,1.5,-349.));
#14239=CARTESIAN_POINT('',(-246.5,0.,-351.));
#14240=CARTESIAN_POINT('Origin',(-253.5,0.,-349.));
#14241=CARTESIAN_POINT('',(-253.5,0.,-349.));
#14242=CARTESIAN_POINT('',(-251.75,0.,-349.));
#14243=CARTESIAN_POINT('',(-253.5,1.5,-349.));
#14244=CARTESIAN_POINT('',(-253.5,0.,-349.));
#14245=CARTESIAN_POINT('',(-253.5,1.5,-349.));
#14246=CARTESIAN_POINT('Origin',(-253.5,0.,-351.));
#14247=CARTESIAN_POINT('',(-253.5,0.,-351.));
#14248=CARTESIAN_POINT('',(-253.5,0.,-350.5));
#14249=CARTESIAN_POINT('',(-253.5,1.5,-351.));
#14250=CARTESIAN_POINT('',(-253.5,0.,-351.));
#14251=CARTESIAN_POINT('',(-253.5,1.5,-351.));
#14252=CARTESIAN_POINT('Origin',(-246.5,0.,-351.));
#14253=CARTESIAN_POINT('',(-248.25,0.,-351.));
#14254=CARTESIAN_POINT('',(-246.5,1.5,-351.));
#14255=CARTESIAN_POINT('Origin',(-250.,1.5,-350.));
#14256=CARTESIAN_POINT('Ctrl Pts',(-251.039089193525,1.67076600899461,-352.13201587949));
#14257=CARTESIAN_POINT('Ctrl Pts',(-251.729491251056,1.72230450888753,-351.795531839166));
#14258=CARTESIAN_POINT('Ctrl Pts',(-252.747380376989,1.82538150867338,-350.404053465193));
#14259=CARTESIAN_POINT('Ctrl Pts',(-251.885304294218,1.97999700835214,-347.955900594935));
#14260=CARTESIAN_POINT('Ctrl Pts',(-249.375771228727,2.1346125080309,-347.291546252167));
#14261=CARTESIAN_POINT('Ctrl Pts',(-247.411793314885,2.28922800770967,-348.986961544213));
#14262=CARTESIAN_POINT('Ctrl Pts',(-247.703566221982,2.44384350738843,-351.565977211567));
#14263=CARTESIAN_POINT('Ctrl Pts',(-249.997745671533,2.5984590070672,-352.779407587481));
#14264=CARTESIAN_POINT('Ctrl Pts',(-252.293739142876,2.75307450674596,-351.569727399196));
#14265=CARTESIAN_POINT('Ctrl Pts',(-252.590018309365,2.90769000642472,-348.991436199342));
#14266=CARTESIAN_POINT('Ctrl Pts',(-250.628184571694,3.06230550610349,-347.292471063852));
#14267=CARTESIAN_POINT('Ctrl Pts',(-248.118686796062,3.21692100578225,-347.954026880465));
#14268=CARTESIAN_POINT('Ctrl Pts',(-247.249387372185,3.37153650546101,-350.399348643113));
#14269=CARTESIAN_POINT('Ctrl Pts',(-248.778185428456,3.52615200513978,-352.496499843291));
#14270=CARTESIAN_POINT('Ctrl Pts',(-251.372209302583,3.68076750481854,-352.417102813404));
#14271=CARTESIAN_POINT('Ctrl Pts',(-252.769886500088,3.83538300449731,-350.230377869757));
#14272=CARTESIAN_POINT('Ctrl Pts',(-251.752664637322,3.98999850417607,-347.842800183168));
#14273=CARTESIAN_POINT('Ctrl Pts',(-249.207399750331,4.14461400385483,-347.335956614653));
#14274=CARTESIAN_POINT('Ctrl Pts',(-247.353154512463,4.2992295035336,-349.151732275661));
#14275=CARTESIAN_POINT('Ctrl Pts',(-247.80653796157,4.45384500321236,-351.707064633556));
#14276=CARTESIAN_POINT('Ctrl Pts',(-250.172264464634,4.60846050289112,-352.774104134747));
#14277=CARTESIAN_POINT('Ctrl Pts',(-252.387814315803,4.76307600256989,-351.422581658848));
#14278=CARTESIAN_POINT('Ctrl Pts',(-252.521544494258,4.91769150224865,-348.830770883519));
#14279=CARTESIAN_POINT('Ctrl Pts',(-250.456939844884,5.07230700192742,-347.258409659066));
#14280=CARTESIAN_POINT('Ctrl Pts',(-247.99382201139,5.22692250160618,-348.076164611515));
#14281=CARTESIAN_POINT('Ctrl Pts',(-247.28000003959,5.38153800128494,-350.571542625835));
#14282=CARTESIAN_POINT('Ctrl Pts',(-248.936906773249,5.53615350096371,-352.568115272777));
#14283=CARTESIAN_POINT('Ctrl Pts',(-251.521710855826,5.69076900064247,-352.327468738962));
#14284=CARTESIAN_POINT('Ctrl Pts',(-252.77638114088,5.84538450032124,-350.055370562288));
#14285=CARTESIAN_POINT('Ctrl Pts',(-252.002352796355,5.94846150010708,-348.514854265782));
#14286=CARTESIAN_POINT('Ctrl Pts',(-251.377024790131,6.,-348.068937911442));
#14287=CARTESIAN_POINT('Ctrl Pts',(-251.122366747034,1.78051067266307,-352.302885779393));
#14288=CARTESIAN_POINT('Ctrl Pts',(-251.868100911421,1.832049172556,-351.939434306582));
#14289=CARTESIAN_POINT('Ctrl Pts',(-252.967568516546,1.93512617234184,-350.436436232984));
#14290=CARTESIAN_POINT('Ctrl Pts',(-252.036401553453,2.0897416720206,-347.792076739731));
#14291=CARTESIAN_POINT('Ctrl Pts',(-249.325742563984,2.24435717169937,-347.074477877942));
#14292=CARTESIAN_POINT('Ctrl Pts',(-247.204362112582,2.39897267137813,-348.905771820814));
#14293=CARTESIAN_POINT('Ctrl Pts',(-247.519519089145,2.55358817105689,-351.691482078564));
#14294=CARTESIAN_POINT('Ctrl Pts',(-249.99756499892,2.70820367073566,-353.002162540119));
#14295=CARTESIAN_POINT('Ctrl Pts',(-252.477570314827,2.86281917041442,-351.695532824078));
#14296=CARTESIAN_POINT('Ctrl Pts',(-252.797594703858,3.01743467009319,-348.910605096102));
#14297=CARTESIAN_POINT('Ctrl Pts',(-250.678530273112,3.17205016977195,-347.075476808437));
#14298=CARTESIAN_POINT('Ctrl Pts',(-247.967909401797,3.32666566945071,-347.790052856866));
#14299=CARTESIAN_POINT('Ctrl Pts',(-247.028940184664,3.48128116912948,-350.43135434407));
#14300=CARTESIAN_POINT('Ctrl Pts',(-248.680263393472,3.63589666880824,-352.696581222812));
#14301=CARTESIAN_POINT('Ctrl Pts',(-251.482184687116,3.79051216848701,-352.61082093706));
#14302=CARTESIAN_POINT('Ctrl Pts',(-252.991878387467,3.94512766816577,-350.248841448722));
#14303=CARTESIAN_POINT('Ctrl Pts',(-251.893131523156,4.09974316784453,-347.669911922664));
#14304=CARTESIAN_POINT('Ctrl Pts',(-249.143876993945,4.2543586675233,-347.122447498249));
#14305=CARTESIAN_POINT('Ctrl Pts',(-247.141023717443,4.40897416720206,-349.083748062906));
#14306=CARTESIAN_POINT('Ctrl Pts',(-247.630743474038,4.56358966688082,-351.843876918056));
#14307=CARTESIAN_POINT('Ctrl Pts',(-250.186070558722,4.71820516655959,-352.996434043441));
#14308=CARTESIAN_POINT('Ctrl Pts',(-252.579185119863,4.87282066623835,-351.536594123759));
#14309=CARTESIAN_POINT('Ctrl Pts',(-252.723633071307,5.02743616591712,-348.737063297184));
#14310=CARTESIAN_POINT('Ctrl Pts',(-250.493561178856,5.18205166559588,-347.038685560557));
#14311=CARTESIAN_POINT('Ctrl Pts',(-247.833037358987,5.33666716527464,-347.921979286996));
#14312=CARTESIAN_POINT('Ctrl Pts',(-247.062006296935,5.49128266495341,-350.617348772124));
#14313=CARTESIAN_POINT('Ctrl Pts',(-248.85170542227,5.64589816463217,-352.773936253671));
#14314=CARTESIAN_POINT('Ctrl Pts',(-251.643668006388,5.80051366431093,-352.514003161279));
#14315=CARTESIAN_POINT('Ctrl Pts',(-252.998893539683,5.9551291639897,-350.059808222686));
#14316=CARTESIAN_POINT('Ctrl Pts',(-252.162830879644,6.05820616377554,-348.395827618098));
#14317=CARTESIAN_POINT('Ctrl Pts',(-251.487386110755,6.10974466366846,-347.914173404784));
#14318=CARTESIAN_POINT('Ctrl Pts',(-251.205644300544,1.89025533633154,-352.473755679295));
#14319=CARTESIAN_POINT('Ctrl Pts',(-252.006710571786,1.94179383622446,-352.083336773998));
#14320=CARTESIAN_POINT('Ctrl Pts',(-253.187756656102,2.0448708360103,-350.468819000775));
#14321=CARTESIAN_POINT('Ctrl Pts',(-252.187498812689,2.19948633568906,-347.628252884528));
#14322=CARTESIAN_POINT('Ctrl Pts',(-249.27571389924,2.35410183536783,-346.857409503718));
#14323=CARTESIAN_POINT('Ctrl Pts',(-246.996930910279,2.50871733504659,-348.824582097416));
#14324=CARTESIAN_POINT('Ctrl Pts',(-247.335471956309,2.66333283472536,-351.81698694556));
#14325=CARTESIAN_POINT('Ctrl Pts',(-249.997384326307,2.81794833440412,-353.224917492758));
#14326=CARTESIAN_POINT('Ctrl Pts',(-252.661401486778,2.97256383408288,-351.82133824896));
#14327=CARTESIAN_POINT('Ctrl Pts',(-253.005171098351,3.12717933376165,-348.829773992863));
#14328=CARTESIAN_POINT('Ctrl Pts',(-250.728875974529,3.28179483344041,-346.858482553022));
#14329=CARTESIAN_POINT('Ctrl Pts',(-247.817132007532,3.43641033311917,-347.626078833267));
#14330=CARTESIAN_POINT('Ctrl Pts',(-246.808492997143,3.59102583279794,-350.463360045027));
#14331=CARTESIAN_POINT('Ctrl Pts',(-248.582341358488,3.7456413324767,-352.896662602333));
#14332=CARTESIAN_POINT('Ctrl Pts',(-251.592160071649,3.90025683215547,-352.804539060716));
#14333=CARTESIAN_POINT('Ctrl Pts',(-253.213870274846,4.05487233183423,-350.267305027687));
#14334=CARTESIAN_POINT('Ctrl Pts',(-252.033598408991,4.20948783151299,-347.497023662161));
#14335=CARTESIAN_POINT('Ctrl Pts',(-249.08035423756,4.36410333119176,-346.908938381844));
#14336=CARTESIAN_POINT('Ctrl Pts',(-246.928892922422,4.51871883087052,-349.015763850151));
#14337=CARTESIAN_POINT('Ctrl Pts',(-247.454948986506,4.67333433054929,-351.980689202555));
#14338=CARTESIAN_POINT('Ctrl Pts',(-250.199876652809,4.82794983022805,-353.218763952136));
#14339=CARTESIAN_POINT('Ctrl Pts',(-252.770555923922,4.98256532990681,-351.65060658867));
#14340=CARTESIAN_POINT('Ctrl Pts',(-252.925721648357,5.13718082958557,-348.643355710848));
#14341=CARTESIAN_POINT('Ctrl Pts',(-250.530182512828,5.29179632926434,-346.818961462048));
#14342=CARTESIAN_POINT('Ctrl Pts',(-247.672252706585,5.44641182894311,-347.767793962477));
#14343=CARTESIAN_POINT('Ctrl Pts',(-246.84401255428,5.60102732862187,-350.663154918413));
#14344=CARTESIAN_POINT('Ctrl Pts',(-248.766504071291,5.75564282830063,-352.979757234564));
#14345=CARTESIAN_POINT('Ctrl Pts',(-251.76562515695,5.9102583279794,-352.700537583596));
#14346=CARTESIAN_POINT('Ctrl Pts',(-253.221405938487,6.06487382765816,-350.064245883083));
#14347=CARTESIAN_POINT('Ctrl Pts',(-252.323308962933,6.167950827444,-348.276800970413));
#14348=CARTESIAN_POINT('Ctrl Pts',(-251.59774743138,6.21948932733692,-347.759408898126));
#14349=CARTESIAN_POINT('Ctrl Pts',(-251.288921854053,2.,-352.644625579197));
#14350=CARTESIAN_POINT('Ctrl Pts',(-252.145320232152,2.05153849989292,-352.227239241415));
#14351=CARTESIAN_POINT('Ctrl Pts',(-253.407944795658,2.15461549967876,-350.501201768567));
#14352=CARTESIAN_POINT('Ctrl Pts',(-252.338596071925,2.30923099935752,-347.464429029324));
#14353=CARTESIAN_POINT('Ctrl Pts',(-249.225685234496,2.46384649903629,-346.640341129493));
#14354=CARTESIAN_POINT('Ctrl Pts',(-246.789499707976,2.61846199871505,-348.743392374017));
#14355=CARTESIAN_POINT('Ctrl Pts',(-247.151424823472,2.77307749839382,-351.942491812557));
#14356=CARTESIAN_POINT('Ctrl Pts',(-249.997203653694,2.92769299807258,-353.447672445396));
#14357=CARTESIAN_POINT('Ctrl Pts',(-252.845232658729,3.08230849775134,-351.947143673842));
#14358=CARTESIAN_POINT('Ctrl Pts',(-253.212747492844,3.23692399743011,-348.748942889623));
#14359=CARTESIAN_POINT('Ctrl Pts',(-250.779221675946,3.39153949710887,-346.641488297608));
#14360=CARTESIAN_POINT('Ctrl Pts',(-247.666354613267,3.54615499678764,-347.462104809667));
#14361=CARTESIAN_POINT('Ctrl Pts',(-246.588045809621,3.7007704964664,-350.495365745984));
#14362=CARTESIAN_POINT('Ctrl Pts',(-248.484419323503,3.85538599614516,-353.096743981854));
#14363=CARTESIAN_POINT('Ctrl Pts',(-251.702135456182,4.01000149582393,-352.998257184372));
#14364=CARTESIAN_POINT('Ctrl Pts',(-253.435862162225,4.16461699550269,-350.285768606652));
#14365=CARTESIAN_POINT('Ctrl Pts',(-252.174065294825,4.31923249518146,-347.324135401657));
#14366=CARTESIAN_POINT('Ctrl Pts',(-249.016831481174,4.47384799486022,-346.69542926544));
#14367=CARTESIAN_POINT('Ctrl Pts',(-246.716762127402,4.62846349453898,-348.947779637396));
#14368=CARTESIAN_POINT('Ctrl Pts',(-247.279154498973,4.78307899421775,-352.117501487055));
#14369=CARTESIAN_POINT('Ctrl Pts',(-250.213682746897,4.93769449389651,-353.441093860831));
#14370=CARTESIAN_POINT('Ctrl Pts',(-252.961926727982,5.09230999357527,-351.764619053581));
#14371=CARTESIAN_POINT('Ctrl Pts',(-253.127810225406,5.24692549325404,-348.549648124513));
#14372=CARTESIAN_POINT('Ctrl Pts',(-250.5668038468,5.4015409929328,-346.599237363539));
#14373=CARTESIAN_POINT('Ctrl Pts',(-247.511468054183,5.55615649261157,-347.613608637958));
#14374=CARTESIAN_POINT('Ctrl Pts',(-246.626018811626,5.71077199229033,-350.708961064702));
#14375=CARTESIAN_POINT('Ctrl Pts',(-248.681302720312,5.86538749196909,-353.185578215457));
#14376=CARTESIAN_POINT('Ctrl Pts',(-251.887582307511,6.02000299164786,-352.887072005913));
#14377=CARTESIAN_POINT('Ctrl Pts',(-253.44391833729,6.17461849132662,-350.068683543481));
#14378=CARTESIAN_POINT('Ctrl Pts',(-252.483787046222,6.27769549111246,-348.157774322729));
#14379=CARTESIAN_POINT('Ctrl Pts',(-251.708108752004,6.32923399100538,-347.604644391468));
#14380=CARTESIAN_POINT('',(-251.288921854053,6.,-352.644625579197));
#14381=CARTESIAN_POINT('Ctrl Pts',(-251.291719081591,6.,-352.647531786146));
#14382=CARTESIAN_POINT('Ctrl Pts',(-251.374101473904,6.,-352.59813394315));
#14383=CARTESIAN_POINT('Ctrl Pts',(-251.453675680508,6.,-352.544707038265));
#14384=CARTESIAN_POINT('Ctrl Pts',(-251.530092658729,6.,-352.487277129929));
#14385=CARTESIAN_POINT('Ctrl Pts',(-251.551513161515,6.,-352.471178907516));
#14386=CARTESIAN_POINT('Ctrl Pts',(-251.572685392929,6.,-352.454765908331));
#14387=CARTESIAN_POINT('Ctrl Pts',(-251.593601173624,6.,-352.438038148205));
#14388=CARTESIAN_POINT('Ctrl Pts',(-251.669263971884,6.,-352.377525506664));
#14389=CARTESIAN_POINT('Ctrl Pts',(-251.741574084346,6.,-352.312896143718));
#14390=CARTESIAN_POINT('Ctrl Pts',(-251.810378160071,6.,-352.244526476777));
#14391=CARTESIAN_POINT('Ctrl Pts',(-251.881575877903,6.,-352.173778280483));
#14392=CARTESIAN_POINT('Ctrl Pts',(-251.949020025005,6.,-352.099024068794));
#14393=CARTESIAN_POINT('Ctrl Pts',(-252.012489084716,6.,-352.020655854091));
#14394=CARTESIAN_POINT('Ctrl Pts',(-252.044729130323,6.,-351.980847562812));
#14395=CARTESIAN_POINT('Ctrl Pts',(-252.07594261913,6.,-351.940106453497));
#14396=CARTESIAN_POINT('Ctrl Pts',(-252.106094850812,6.,-351.898482794796));
#14397=CARTESIAN_POINT('Ctrl Pts',(-252.114786175716,6.,-351.886484852312));
#14398=CARTESIAN_POINT('Ctrl Pts',(-252.123384535754,6.,-351.874420112636));
#14399=CARTESIAN_POINT('Ctrl Pts',(-252.131886627546,6.,-351.86229399596));
#14400=CARTESIAN_POINT('Ctrl Pts',(-252.186864301977,6.,-351.783882034404));
#14401=CARTESIAN_POINT('Ctrl Pts',(-252.237859105126,6.,-351.70285240763));
#14402=CARTESIAN_POINT('Ctrl Pts',(-252.284735356713,6.,-351.619573669108));
#14403=CARTESIAN_POINT('Ctrl Pts',(-252.331515595229,6.,-351.536465504109));
#14404=CARTESIAN_POINT('Ctrl Pts',(-252.374194405847,6.,-351.451116459381));
#14405=CARTESIAN_POINT('Ctrl Pts',(-252.412588261458,6.,-351.363875786117));
#14406=CARTESIAN_POINT('Ctrl Pts',(-252.450356633755,6.,-351.27805637114));
#14407=CARTESIAN_POINT('Ctrl Pts',(-252.483978658356,6.,-351.190405569891));
#14408=CARTESIAN_POINT('Ctrl Pts',(-252.51322970797,6.,-351.101253131185));
#14409=CARTESIAN_POINT('Ctrl Pts',(-252.527094348997,6.,-351.058995961761));
#14410=CARTESIAN_POINT('Ctrl Pts',(-252.539976243895,6.,-351.01640147007));
#14411=CARTESIAN_POINT('Ctrl Pts',(-252.551847326083,6.,-350.973505411666));
#14412=CARTESIAN_POINT('Ctrl Pts',(-252.555897570305,6.,-350.958869887293));
#14413=CARTESIAN_POINT('Ctrl Pts',(-252.55983012457,6.,-350.944199264007));
#14414=CARTESIAN_POINT('Ctrl Pts',(-252.563643800314,6.,-350.929494982072));
#14415=CARTESIAN_POINT('Ctrl Pts',(-252.566858553775,6.,-350.917099947875));
#14416=CARTESIAN_POINT('Ctrl Pts',(-252.569988027119,6.,-350.904683961913));
#14417=CARTESIAN_POINT('Ctrl Pts',(-252.573029779224,6.,-350.892255879444));
#14418=CARTESIAN_POINT('Ctrl Pts',(-252.594880467779,6.,-350.802977677272));
#14419=CARTESIAN_POINT('Ctrl Pts',(-252.612240205638,6.,-350.712954502315));
#14420=CARTESIAN_POINT('Ctrl Pts',(-252.624948151499,6.,-350.622505445247));
#14421=CARTESIAN_POINT('Ctrl Pts',(-252.637457772153,6.,-350.533467971777));
#14422=CARTESIAN_POINT('Ctrl Pts',(-252.645459739624,6.,-350.444016998482));
#14423=CARTESIAN_POINT('Ctrl Pts',(-252.648750586714,6.,-350.354459997608));
#14424=CARTESIAN_POINT('Ctrl Pts',(-252.651949075985,6.,-350.267416419307));
#14425=CARTESIAN_POINT('Ctrl Pts',(-252.650697122713,6.,-350.180272045002));
#14426=CARTESIAN_POINT('Ctrl Pts',(-252.644760231851,6.,-350.093322563716));
#14427=CARTESIAN_POINT('Ctrl Pts',(-252.643875145272,6.,-350.080359916981));
#14428=CARTESIAN_POINT('Ctrl Pts',(-252.642885845219,6.,-350.067401636614));
#14429=CARTESIAN_POINT('Ctrl Pts',(-252.641791461484,6.,-350.05444874184));
#14430=CARTESIAN_POINT('Ctrl Pts',(-252.638948285038,6.,-350.020797505861));
#14431=CARTESIAN_POINT('Ctrl Pts',(-252.635395899763,6.,-349.98718257722));
#14432=CARTESIAN_POINT('Ctrl Pts',(-252.631142136898,6.,-349.953622131755));
#14433=CARTESIAN_POINT('Ctrl Pts',(-252.62897480294,6.,-349.936522755173));
#14434=CARTESIAN_POINT('Ctrl Pts',(-252.626625379239,6.,-349.919437531869));
#14435=CARTESIAN_POINT('Ctrl Pts',(-252.624094830165,6.,-349.902368928709));
#14436=CARTESIAN_POINT('Ctrl Pts',(-252.621902947919,6.,-349.88758463995));
#14437=CARTESIAN_POINT('Ctrl Pts',(-252.61957617054,6.,-349.872819855114));
#14438=CARTESIAN_POINT('Ctrl Pts',(-252.617116929563,6.,-349.858083961655));
#14439=CARTESIAN_POINT('Ctrl Pts',(-252.602605211519,6.,-349.771129030031));
#14440=CARTESIAN_POINT('Ctrl Pts',(-252.583472427723,6.,-349.685092394652));
#14441=CARTESIAN_POINT('Ctrl Pts',(-252.559946033859,6.,-349.600266370116));
#14442=CARTESIAN_POINT('Ctrl Pts',(-252.536035460969,6.,-349.514055161783));
#14443=CARTESIAN_POINT('Ctrl Pts',(-252.507586085581,6.,-349.429093555778));
#14444=CARTESIAN_POINT('Ctrl Pts',(-252.474789056834,6.,-349.34571166458));
#14445=CARTESIAN_POINT('Ctrl Pts',(-252.447114767677,6.,-349.275353627416));
#14446=CARTESIAN_POINT('Ctrl Pts',(-252.416343899389,6.,-349.206120506985));
#14447=CARTESIAN_POINT('Ctrl Pts',(-252.382569891383,6.,-349.138230034159));
#14448=CARTESIAN_POINT('Ctrl Pts',(-252.365227317523,6.,-349.103369038709));
#14449=CARTESIAN_POINT('Ctrl Pts',(-252.347092616252,6.,-349.068862384105));
#14450=CARTESIAN_POINT('Ctrl Pts',(-252.328176815675,6.,-349.034741846707));
#14451=CARTESIAN_POINT('Ctrl Pts',(-252.318510066388,6.,-349.017304853796));
#14452=CARTESIAN_POINT('Ctrl Pts',(-252.308639306819,6.,-348.999968727394));
#14453=CARTESIAN_POINT('Ctrl Pts',(-252.298565914492,6.,-348.98273788651));
#14454=CARTESIAN_POINT('Ctrl Pts',(-252.290421225178,6.,-348.968806150201));
#14455=CARTESIAN_POINT('Ctrl Pts',(-252.282143355052,6.,-348.954942239889));
#14456=CARTESIAN_POINT('Ctrl Pts',(-252.273742369767,6.,-348.941163418807));
#14457=CARTESIAN_POINT('Ctrl Pts',(-252.228164865976,6.,-348.866409773997));
#14458=CARTESIAN_POINT('Ctrl Pts',(-252.178907419177,6.,-348.794054459693));
#14459=CARTESIAN_POINT('Ctrl Pts',(-252.126140736268,6.,-348.724422613983));
#14460=CARTESIAN_POINT('Ctrl Pts',(-252.075600027003,6.,-348.657728202368));
#14461=CARTESIAN_POINT('Ctrl Pts',(-252.021839180236,6.,-348.593531978288));
#14462=CARTESIAN_POINT('Ctrl Pts',(-251.964982517257,6.,-348.532157609436));
#14463=CARTESIAN_POINT('Ctrl Pts',(-251.946152692795,6.,-348.511831608376));
#14464=CARTESIAN_POINT('Ctrl Pts',(-251.926983146771,6.,-348.49181545142));
#14465=CARTESIAN_POINT('Ctrl Pts',(-251.907477936249,6.,-348.472121964858));
#14466=CARTESIAN_POINT('Ctrl Pts',(-251.892242522945,6.,-348.456739490167));
#14467=CARTESIAN_POINT('Ctrl Pts',(-251.87679902073,6.,-348.441550922702));
#14468=CARTESIAN_POINT('Ctrl Pts',(-251.861170154246,6.,-348.426582051791));
#14469=CARTESIAN_POINT('Ctrl Pts',(-251.800581221964,6.,-348.368551745703));
#14470=CARTESIAN_POINT('Ctrl Pts',(-251.737155404495,6.,-348.31376379503));
#14471=CARTESIAN_POINT('Ctrl Pts',(-251.671030097377,6.,-348.262536974818));
#14472=CARTESIAN_POINT('Ctrl Pts',(-251.606773572632,6.,-348.212757887446));
#14473=CARTESIAN_POINT('Ctrl Pts',(-251.539967389091,6.,-348.166341166496));
#14474=CARTESIAN_POINT('Ctrl Pts',(-251.470720315841,6.,-348.123625091129));
#14475=CARTESIAN_POINT('Ctrl Pts',(-251.43996712999,6.,-348.104654536231));
#14476=CARTESIAN_POINT('Ctrl Pts',(-251.408732342664,6.,-348.086414510641));
#14477=CARTESIAN_POINT('Ctrl Pts',(-251.377024790131,6.,-348.068937911442));
#14478=CARTESIAN_POINT('Ctrl Pts',(-252.938361913146,5.17782388291042,-349.999266915194));
#14479=CARTESIAN_POINT('Ctrl Pts',(-252.93936315606,5.20085775302497,-349.572019475459));
#14480=CARTESIAN_POINT('Ctrl Pts',(-252.85173549678,5.22389162313951,-349.145164956302));
#14481=CARTESIAN_POINT('Ctrl Pts',(-252.673328579401,5.24692549325406,-348.760408152528));
#14482=CARTESIAN_POINT('Ctrl Pts',(-252.274141432537,5.29846399314698,-347.899511204188));
#14483=CARTESIAN_POINT('Ctrl Pts',(-251.420472639669,5.3500024930399,-347.249374283863));
#14484=CARTESIAN_POINT('Ctrl Pts',(-250.484415611132,5.40154099293282,-347.093367702771));
#14485=CARTESIAN_POINT('Ctrl Pts',(-249.548358582594,5.45307949282574,-346.937361121679));
#14486=CARTESIAN_POINT('Ctrl Pts',(-248.529913318389,5.50461799271866,-347.275484879819));
#14487=CARTESIAN_POINT('Ctrl Pts',(-247.873115812526,5.55615649261158,-347.960438830012));
#14488=CARTESIAN_POINT('Ctrl Pts',(-247.216318306664,5.6076949925045,-348.645392780206));
#14489=CARTESIAN_POINT('Ctrl Pts',(-246.921168559145,5.65923349239742,-349.677176922454));
#14490=CARTESIAN_POINT('Ctrl Pts',(-247.116141003499,5.71077199229034,-350.605838518704));
#14491=CARTESIAN_POINT('Ctrl Pts',(-247.311113447854,5.76231049218326,-351.534500114954));
#14492=CARTESIAN_POINT('Ctrl Pts',(-247.996208084083,5.81384899207618,-352.360039165205));
#14493=CARTESIAN_POINT('Ctrl Pts',(-248.873135333397,5.8653874919691,-352.723057655407));
#14494=CARTESIAN_POINT('Ctrl Pts',(-249.636612323971,5.91025832797939,-353.039111540879));
#14495=CARTESIAN_POINT('Ctrl Pts',(-250.545496951866,5.95512916398968,-353.004578418399));
#14496=CARTESIAN_POINT('Ctrl Pts',(-251.29171908159,5.99999999999997,-352.647531786146));
#14497=CARTESIAN_POINT('',(-251.379635894776,2.,-348.066999745118));
#14498=CARTESIAN_POINT('Ctrl Pts',(-251.379635894776,2.,-348.066999745118));
#14499=CARTESIAN_POINT('Ctrl Pts',(-251.454761590519,2.,-348.107669433036));
#14500=CARTESIAN_POINT('Ctrl Pts',(-251.527381760823,2.,-348.152418856105));
#14501=CARTESIAN_POINT('Ctrl Pts',(-251.597108013906,2.,-348.201144845254));
#14502=CARTESIAN_POINT('Ctrl Pts',(-251.609584570128,2.,-348.209863692406));
#14503=CARTESIAN_POINT('Ctrl Pts',(-251.621968457149,2.,-348.218709996172));
#14504=CARTESIAN_POINT('Ctrl Pts',(-251.634257425453,2.,-348.227683340442));
#14505=CARTESIAN_POINT('Ctrl Pts',(-251.700741046146,2.,-348.276229353579));
#14506=CARTESIAN_POINT('Ctrl Pts',(-251.764448353952,2.,-348.328489706252));
#14507=CARTESIAN_POINT('Ctrl Pts',(-251.825298801706,2.,-348.384116870587));
#14508=CARTESIAN_POINT('Ctrl Pts',(-251.845190680661,2.,-348.402301269559));
#14509=CARTESIAN_POINT('Ctrl Pts',(-251.864777086734,2.,-348.420845830564));
#14510=CARTESIAN_POINT('Ctrl Pts',(-251.88405463255,2.,-348.43973945536));
#14511=CARTESIAN_POINT('Ctrl Pts',(-251.897009866253,2.,-348.452436679741));
#14512=CARTESIAN_POINT('Ctrl Pts',(-251.909819759036,2.,-348.465285921656));
#14513=CARTESIAN_POINT('Ctrl Pts',(-251.922478122002,2.,-348.478277651348));
#14514=CARTESIAN_POINT('Ctrl Pts',(-251.983393109214,2.,-348.540796876796));
#14515=CARTESIAN_POINT('Ctrl Pts',(-252.040841501799,2.,-348.606650848366));
#14516=CARTESIAN_POINT('Ctrl Pts',(-252.094740796153,2.,-348.675420108092));
#14517=CARTESIAN_POINT('Ctrl Pts',(-252.141902678713,2.,-348.735593210352));
#14518=CARTESIAN_POINT('Ctrl Pts',(-252.186347177138,2.,-348.79799957048));
#14519=CARTESIAN_POINT('Ctrl Pts',(-252.228000409289,2.,-348.862389239452));
#14520=CARTESIAN_POINT('Ctrl Pts',(-252.243270112163,2.,-348.885993916991));
#14521=CARTESIAN_POINT('Ctrl Pts',(-252.25816450882,2.,-348.909865377268));
#14522=CARTESIAN_POINT('Ctrl Pts',(-252.2726792554,2.,-348.933992104878));
#14523=CARTESIAN_POINT('Ctrl Pts',(-252.28349777574,2.,-348.951974884799));
#14524=CARTESIAN_POINT('Ctrl Pts',(-252.294107901082,2.,-348.970104174447));
#14525=CARTESIAN_POINT('Ctrl Pts',(-252.30449234332,2.,-348.988347628716));
#14526=CARTESIAN_POINT('Ctrl Pts',(-252.348160807675,2.,-349.06506466505));
#14527=CARTESIAN_POINT('Ctrl Pts',(-252.387889607163,2.,-349.143874059431));
#14528=CARTESIAN_POINT('Ctrl Pts',(-252.423600256949,2.,-349.224378861865));
#14529=CARTESIAN_POINT('Ctrl Pts',(-252.45994724406,2.,-349.30631820024));
#14530=CARTESIAN_POINT('Ctrl Pts',(-252.49213221395,2.,-349.390014611854));
#14531=CARTESIAN_POINT('Ctrl Pts',(-252.520038476179,2.,-349.475091277623));
#14532=CARTESIAN_POINT('Ctrl Pts',(-252.544149012783,2.,-349.548596071899));
#14533=CARTESIAN_POINT('Ctrl Pts',(-252.565065302178,2.,-349.623132174408));
#14534=CARTESIAN_POINT('Ctrl Pts',(-252.582686950486,2.,-349.698474492707));
#14535=CARTESIAN_POINT('Ctrl Pts',(-252.595949554683,2.,-349.755179480199));
#14536=CARTESIAN_POINT('Ctrl Pts',(-252.607345443564,2.,-349.812341529317));
#14537=CARTESIAN_POINT('Ctrl Pts',(-252.616821674406,2.,-349.86986858027));
#14538=CARTESIAN_POINT('Ctrl Pts',(-252.619801039465,2.,-349.88795531627));
#14539=CARTESIAN_POINT('Ctrl Pts',(-252.622591083414,2.,-349.906082462027));
#14540=CARTESIAN_POINT('Ctrl Pts',(-252.625186247353,2.,-349.924218892401));
#14541=CARTESIAN_POINT('Ctrl Pts',(-252.638308183749,2.,-350.015922187995));
#14542=CARTESIAN_POINT('Ctrl Pts',(-252.646474622452,2.,-350.107988564633));
#14543=CARTESIAN_POINT('Ctrl Pts',(-252.649572556677,2.,-350.200020022496));
#14544=CARTESIAN_POINT('Ctrl Pts',(-252.651680863392,2.,-350.262652256263));
#14545=CARTESIAN_POINT('Ctrl Pts',(-252.65144088477,2.,-350.325269097481));
#14546=CARTESIAN_POINT('Ctrl Pts',(-252.64880491318,2.,-350.387751767888));
#14547=CARTESIAN_POINT('Ctrl Pts',(-252.645048115364,2.,-350.476802333029));
#14548=CARTESIAN_POINT('Ctrl Pts',(-252.636427162666,2.,-350.565580450048));
#14549=CARTESIAN_POINT('Ctrl Pts',(-252.623179979756,2.,-350.653823285029));
#14550=CARTESIAN_POINT('Ctrl Pts',(-252.615586880685,2.,-350.704402837894));
#14551=CARTESIAN_POINT('Ctrl Pts',(-252.606472889773,2.,-350.754806676591));
#14552=CARTESIAN_POINT('Ctrl Pts',(-252.595875258623,2.,-350.804985587155));
#14553=CARTESIAN_POINT('Ctrl Pts',(-252.589431774574,2.,-350.835494953374));
#14554=CARTESIAN_POINT('Ctrl Pts',(-252.582439716244,2.,-350.865921166887));
#14555=CARTESIAN_POINT('Ctrl Pts',(-252.57490651201,2.,-350.896253069903));
#14556=CARTESIAN_POINT('Ctrl Pts',(-252.570568715309,2.,-350.913718895169));
#14557=CARTESIAN_POINT('Ctrl Pts',(-252.566050442937,2.,-350.931156875713));
#14558=CARTESIAN_POINT('Ctrl Pts',(-252.561360192705,2.,-350.94853944405));
#14559=CARTESIAN_POINT('Ctrl Pts',(-252.537268283111,2.,-351.037826634315));
#14560=CARTESIAN_POINT('Ctrl Pts',(-252.508612974987,2.,-351.125780823847));
#14561=CARTESIAN_POINT('Ctrl Pts',(-252.47568741756,2.,-351.212121017121));
#14562=CARTESIAN_POINT('Ctrl Pts',(-252.442114118848,2.,-351.300159772609));
#14563=CARTESIAN_POINT('Ctrl Pts',(-252.404100736655,2.,-351.386521180718));
#14564=CARTESIAN_POINT('Ctrl Pts',(-252.361902523196,2.,-351.470910570769));
#14565=CARTESIAN_POINT('Ctrl Pts',(-252.319316801297,2.,-351.556074913077));
#14566=CARTESIAN_POINT('Ctrl Pts',(-252.272468747468,2.,-351.6392317225));
#14567=CARTESIAN_POINT('Ctrl Pts',(-252.221568287965,2.,-351.720068861925));
#14568=CARTESIAN_POINT('Ctrl Pts',(-252.192140499262,2.,-351.76680435865));
#14569=CARTESIAN_POINT('Ctrl Pts',(-252.161357244873,2.,-351.812764265989));
#14570=CARTESIAN_POINT('Ctrl Pts',(-252.129251809293,2.,-351.857885092685));
#14571=CARTESIAN_POINT('Ctrl Pts',(-252.120726641085,2.,-351.869866323598));
#14572=CARTESIAN_POINT('Ctrl Pts',(-252.112106664982,2.,-351.881790484045));
#14573=CARTESIAN_POINT('Ctrl Pts',(-252.103397555834,2.,-351.89364940778));
#14574=CARTESIAN_POINT('Ctrl Pts',(-252.045236853844,2.,-351.972845031303));
#14575=CARTESIAN_POINT('Ctrl Pts',(-251.983246523904,2.,-352.04894285111));
#14576=CARTESIAN_POINT('Ctrl Pts',(-251.917704775859,2.,-352.121636085757));
#14577=CARTESIAN_POINT('Ctrl Pts',(-251.85192724079,2.,-352.194590834963));
#14578=CARTESIAN_POINT('Ctrl Pts',(-251.782572293195,2.,-352.264117358379));
#14579=CARTESIAN_POINT('Ctrl Pts',(-251.709870623274,2.,-352.329890742434));
#14580=CARTESIAN_POINT('Ctrl Pts',(-251.638491378148,2.,-352.394467725443));
#14581=CARTESIAN_POINT('Ctrl Pts',(-251.563885523807,2.,-352.455427642277));
#14582=CARTESIAN_POINT('Ctrl Pts',(-251.486229910921,2.,-352.512436427297));
#14583=CARTESIAN_POINT('Ctrl Pts',(-251.422489468856,2.,-352.559229762944));
#14584=CARTESIAN_POINT('Ctrl Pts',(-251.356693468036,2.,-352.60336084775));
#14585=CARTESIAN_POINT('Ctrl Pts',(-251.288921854053,2.,-352.644625579197));
#14586=CARTESIAN_POINT('Ctrl Pts',(-251.379635894776,2.,-348.066999745118));
#14587=CARTESIAN_POINT('Ctrl Pts',(-250.83387209854,2.0448708360103,-347.683732370402));
#14588=CARTESIAN_POINT('Ctrl Pts',(-249.291076326666,2.14128017191352,-347.364659616172));
#14589=CARTESIAN_POINT('Ctrl Pts',(-247.411793314885,2.28922800770967,-348.986961544213));
#14590=CARTESIAN_POINT('Ctrl Pts',(-247.703566221982,2.44384350738843,-351.565977211567));
#14591=CARTESIAN_POINT('Ctrl Pts',(-249.997745671533,2.5984590070672,-352.779407587481));
#14592=CARTESIAN_POINT('Ctrl Pts',(-252.001199526053,2.73337446857273,-351.723856486747));
#14593=CARTESIAN_POINT('Ctrl Pts',(-252.36706357302,2.81675143018533,-350.474555441808));
#14594=CARTESIAN_POINT('Ctrl Pts',(-252.369428612691,2.84858989190502,-349.998772264217));
#14595=CARTESIAN_POINT('Origin',(-250.,0.151410108094977,-350.));
#14596=CARTESIAN_POINT('',(-248.622975209869,2.,-348.068937911442));
#14597=CARTESIAN_POINT('Origin',(-250.,2.,-350.));
#14598=CARTESIAN_POINT('Ctrl Pts',(-248.622975209869,2.,-348.068937911442));
#14599=CARTESIAN_POINT('Ctrl Pts',(-247.997647203645,2.05153849989292,-348.514854265782));
#14600=CARTESIAN_POINT('Ctrl Pts',(-247.223618297268,2.15461549967876,-350.055369367384));
#14601=CARTESIAN_POINT('Ctrl Pts',(-248.478288896033,2.30923099935753,-352.327468018));
#14602=CARTESIAN_POINT('Ctrl Pts',(-251.063092843452,2.46384649903629,-352.568114583264));
#14603=CARTESIAN_POINT('Ctrl Pts',(-252.285391314816,2.57790620194877,-351.095245251056));
#14604=CARTESIAN_POINT('Ctrl Pts',(-252.373925075826,2.64042740496834,-350.165559221285));
#14605=CARTESIAN_POINT('Ctrl Pts',(-252.372536882252,2.65141010809498,-350.001982166389));
#14606=CARTESIAN_POINT('Ctrl Pts',(-248.291891247996,1.67076600899461,-347.604644391468));
#14607=CARTESIAN_POINT('Ctrl Pts',(-247.516212953778,1.72230450888754,-348.157774322729));
#14608=CARTESIAN_POINT('Ctrl Pts',(-246.556080965769,1.82538150867338,-350.068682061282));
#14609=CARTESIAN_POINT('Ctrl Pts',(-248.112417384687,1.97999700835214,-352.887071111608));
#14610=CARTESIAN_POINT('Ctrl Pts',(-251.318696804231,2.1346125080309,-353.185577360161));
#14611=CARTESIAN_POINT('Ctrl Pts',(-253.373980703256,2.28922800770967,-350.708960809642));
#14612=CARTESIAN_POINT('Ctrl Pts',(-252.488531621551,2.44384350738843,-347.613608736899));
#14613=CARTESIAN_POINT('Ctrl Pts',(-249.433196172379,2.5984590070672,-346.599237655628));
#14614=CARTESIAN_POINT('Ctrl Pts',(-246.872190064724,2.75307450674596,-348.549648237395));
#14615=CARTESIAN_POINT('Ctrl Pts',(-247.03807355449,2.90769000642472,-351.764618872866));
#14616=CARTESIAN_POINT('Ctrl Pts',(-249.786317271025,3.06230550610349,-353.441093517875));
#14617=CARTESIAN_POINT('Ctrl Pts',(-252.72084523301,3.21692100578225,-352.117501278275));
#14618=CARTESIAN_POINT('Ctrl Pts',(-253.283237550494,3.37153650546102,-348.947779739305));
#14619=CARTESIAN_POINT('Ctrl Pts',(-250.983168422225,3.52615200513978,-346.695429588893));
#14620=CARTESIAN_POINT('Ctrl Pts',(-247.825934918024,3.68076750481854,-347.324135663568));
#14621=CARTESIAN_POINT('Ctrl Pts',(-246.564138174197,3.83538300449731,-350.285768578671));
#14622=CARTESIAN_POINT('Ctrl Pts',(-248.297864710474,3.98999850417607,-352.998256890897));
#14623=CARTESIAN_POINT('Ctrl Pts',(-251.515580527788,4.14461400385483,-353.096743678804));
#14624=CARTESIAN_POINT('Ctrl Pts',(-253.411953855865,4.2992295035336,-350.495365698687));
#14625=CARTESIAN_POINT('Ctrl Pts',(-252.33364515689,4.45384500321236,-347.462105059855));
#14626=CARTESIAN_POINT('Ctrl Pts',(-249.220778398386,4.60846050289113,-346.641488632891));
#14627=CARTESIAN_POINT('Ctrl Pts',(-246.787252815602,4.76307600256989,-348.74894302119));
#14628=CARTESIAN_POINT('Ctrl Pts',(-247.154767608766,4.91769150224865,-351.947143514581));
#14629=CARTESIAN_POINT('Ctrl Pts',(-250.002796316968,5.07230700192742,-353.447672154152));
#14630=CARTESIAN_POINT('Ctrl Pts',(-252.848574840372,5.22692250160618,-351.942491768545));
#14631=CARTESIAN_POINT('Ctrl Pts',(-253.210499855708,5.38153800128495,-348.743392705715));
#14632=CARTESIAN_POINT('Ctrl Pts',(-250.774314437877,5.53615350096371,-346.640342051584));
#14633=CARTESIAN_POINT('Ctrl Pts',(-247.661403772243,5.69076900064247,-347.46442996219));
#14634=CARTESIAN_POINT('Ctrl Pts',(-246.592054761839,5.84538450032124,-350.501203345536));
#14635=CARTESIAN_POINT('Ctrl Pts',(-247.854679767848,5.94846150010708,-352.227239241415));
#14636=CARTESIAN_POINT('Ctrl Pts',(-248.711078145947,6.,-352.644625579197));
#14637=CARTESIAN_POINT('Ctrl Pts',(-248.40225256862,1.78051067266308,-347.759408898126));
#14638=CARTESIAN_POINT('Ctrl Pts',(-247.676691037067,1.832049172556,-348.276800970413));
#14639=CARTESIAN_POINT('Ctrl Pts',(-246.778593409602,1.93512617234184,-350.064244496649));
#14640=CARTESIAN_POINT('Ctrl Pts',(-248.234374555136,2.0897416720206,-352.700536747072));
#14641=CARTESIAN_POINT('Ctrl Pts',(-251.233495483972,2.24435717169937,-352.979756434528));
#14642=CARTESIAN_POINT('Ctrl Pts',(-253.155986991945,2.39897267137813,-350.663154679832));
#14643=CARTESIAN_POINT('Ctrl Pts',(-252.327746990099,2.55358817105689,-347.767794055025));
#14644=CARTESIAN_POINT('Ctrl Pts',(-249.469817505112,2.70820367073566,-346.818961735265));
#14645=CARTESIAN_POINT('Ctrl Pts',(-247.074278623028,2.86281917041442,-348.643355816437));
#14646=CARTESIAN_POINT('Ctrl Pts',(-247.229444340299,3.01743467009318,-351.650606419632));
#14647=CARTESIAN_POINT('Ctrl Pts',(-249.800123363955,3.17205016977195,-353.218763631339));
#14648=CARTESIAN_POINT('Ctrl Pts',(-252.545050762794,3.32666566945071,-351.980689007265));
#14649=CARTESIAN_POINT('Ctrl Pts',(-253.071106776285,3.48128116912948,-349.015763945476));
#14650=CARTESIAN_POINT('Ctrl Pts',(-250.91964567208,3.63589666880824,-346.908938684399));
#14651=CARTESIAN_POINT('Ctrl Pts',(-247.966401790106,3.79051216848701,-347.497023907149));
#14652=CARTESIAN_POINT('Ctrl Pts',(-246.78613003984,3.94512766816577,-350.267305001514));
#14653=CARTESIAN_POINT('Ctrl Pts',(-248.40784008424,4.09974316784453,-352.804538786202));
#14654=CARTESIAN_POINT('Ctrl Pts',(-251.417658502412,4.2543586675233,-352.896662318863));
#14655=CARTESIAN_POINT('Ctrl Pts',(-253.191506689957,4.40897416720206,-350.463360000786));
#14656=CARTESIAN_POINT('Ctrl Pts',(-252.182867777475,4.56358966688082,-347.62607906729));
#14657=CARTESIAN_POINT('Ctrl Pts',(-249.271124095001,4.71820516655959,-346.858482866642));
#14658=CARTESIAN_POINT('Ctrl Pts',(-246.994829190166,4.87282066623835,-348.829774115929));
#14659=CARTESIAN_POINT('Ctrl Pts',(-247.338598763434,5.02743616591712,-351.821338099988));
#14660=CARTESIAN_POINT('Ctrl Pts',(-250.00261564625,5.18205166559588,-353.224917220331));
#14661=CARTESIAN_POINT('Ctrl Pts',(-252.664527729255,5.33666716527464,-351.816986904392));
#14662=CARTESIAN_POINT('Ctrl Pts',(-253.003068681595,5.49128266495341,-348.824582407682));
#14663=CARTESIAN_POINT('Ctrl Pts',(-250.724285794301,5.64589816463217,-346.857410366232));
#14664=CARTESIAN_POINT('Ctrl Pts',(-247.812501041547,5.80051366431093,-347.628253757121));
#14665=CARTESIAN_POINT('Ctrl Pts',(-246.812242929986,5.9551291639897,-350.468820475857));
#14666=CARTESIAN_POINT('Ctrl Pts',(-247.993289428214,6.05820616377554,-352.083336773998));
#14667=CARTESIAN_POINT('Ctrl Pts',(-248.794355699456,6.10974466366846,-352.473755679295));
#14668=CARTESIAN_POINT('Ctrl Pts',(-248.512613889245,1.89025533633154,-347.914173404784));
#14669=CARTESIAN_POINT('Ctrl Pts',(-247.837169120356,1.94179383622446,-348.395827618098));
#14670=CARTESIAN_POINT('Ctrl Pts',(-247.001105853435,2.0448708360103,-350.059806932017));
#14671=CARTESIAN_POINT('Ctrl Pts',(-248.356331725584,2.19948633568906,-352.514002382536));
#14672=CARTESIAN_POINT('Ctrl Pts',(-251.148294163712,2.35410183536783,-352.773935508896));
#14673=CARTESIAN_POINT('Ctrl Pts',(-252.937993280634,2.50871733504659,-350.617348550023));
#14674=CARTESIAN_POINT('Ctrl Pts',(-252.166962358648,2.66333283472536,-347.921979373152));
#14675=CARTESIAN_POINT('Ctrl Pts',(-249.506438837845,2.81794833440412,-347.038685814902));
#14676=CARTESIAN_POINT('Ctrl Pts',(-247.276367181332,2.97256383408288,-348.737063395479));
#14677=CARTESIAN_POINT('Ctrl Pts',(-247.420815126108,3.12717933376165,-351.536593966397));
#14678=CARTESIAN_POINT('Ctrl Pts',(-249.813929456884,3.28179483344041,-352.996433744803));
#14679=CARTESIAN_POINT('Ctrl Pts',(-252.369256292579,3.43641033311917,-351.843876736255));
#14680=CARTESIAN_POINT('Ctrl Pts',(-252.858976002076,3.59102583279794,-349.083748151646));
#14681=CARTESIAN_POINT('Ctrl Pts',(-250.856122921936,3.7456413324767,-347.122447779905));
#14682=CARTESIAN_POINT('Ctrl Pts',(-248.106868662188,3.90025683215547,-347.669912150731));
#14683=CARTESIAN_POINT('Ctrl Pts',(-247.008121905483,4.05487233183423,-350.248841424357));
#14684=CARTESIAN_POINT('Ctrl Pts',(-248.517815458005,4.20948783151299,-352.610820681508));
#14685=CARTESIAN_POINT('Ctrl Pts',(-251.319736477035,4.36410333119176,-352.696580958922));
#14686=CARTESIAN_POINT('Ctrl Pts',(-252.971059524048,4.51871883087052,-350.431354302885));
#14687=CARTESIAN_POINT('Ctrl Pts',(-252.03209039806,4.67333433054929,-347.790053074724));
#14688=CARTESIAN_POINT('Ctrl Pts',(-249.321469791615,4.82794983022805,-347.075477100394));
#14689=CARTESIAN_POINT('Ctrl Pts',(-247.20240556473,4.98256532990681,-348.910605210668));
#14690=CARTESIAN_POINT('Ctrl Pts',(-247.522429918102,5.13718082958558,-351.695532685396));
#14691=CARTESIAN_POINT('Ctrl Pts',(-250.002434975533,5.29179632926434,-353.00216228651));
#14692=CARTESIAN_POINT('Ctrl Pts',(-252.480480618137,5.44641182894311,-351.691482040239));
#14693=CARTESIAN_POINT('Ctrl Pts',(-252.795637507483,5.60102732862187,-348.90577210965));
#14694=CARTESIAN_POINT('Ctrl Pts',(-250.674257150725,5.75564282830063,-347.07447868088));
#14695=CARTESIAN_POINT('Ctrl Pts',(-247.963598310851,5.9102583279794,-347.792077552052));
#14696=CARTESIAN_POINT('Ctrl Pts',(-247.032431098132,6.06487382765816,-350.436437606177));
#14697=CARTESIAN_POINT('Ctrl Pts',(-248.131899088579,6.167950827444,-351.939434306582));
#14698=CARTESIAN_POINT('Ctrl Pts',(-248.877633252966,6.21948932733692,-352.302885779393));
#14699=CARTESIAN_POINT('Ctrl Pts',(-248.622975209869,2.,-348.068937911442));
#14700=CARTESIAN_POINT('Ctrl Pts',(-247.997647203645,2.05153849989292,-348.514854265782));
#14701=CARTESIAN_POINT('Ctrl Pts',(-247.223618297268,2.15461549967876,-350.055369367384));
#14702=CARTESIAN_POINT('Ctrl Pts',(-248.478288896033,2.30923099935753,-352.327468018));
#14703=CARTESIAN_POINT('Ctrl Pts',(-251.063092843452,2.46384649903629,-352.568114583264));
#14704=CARTESIAN_POINT('Ctrl Pts',(-252.719999569323,2.61846199871505,-350.571542420214));
#14705=CARTESIAN_POINT('Ctrl Pts',(-252.006177727197,2.77307749839382,-348.076164691278));
#14706=CARTESIAN_POINT('Ctrl Pts',(-249.543060170578,2.92769299807258,-347.25840989454));
#14707=CARTESIAN_POINT('Ctrl Pts',(-247.478455739636,3.08230849775134,-348.830770974522));
#14708=CARTESIAN_POINT('Ctrl Pts',(-247.612185911917,3.23692399743011,-351.422581513162));
#14709=CARTESIAN_POINT('Ctrl Pts',(-249.827735549814,3.39153949710887,-352.774103858267));
#14710=CARTESIAN_POINT('Ctrl Pts',(-252.193461822363,3.54615499678764,-351.707064465244));
#14711=CARTESIAN_POINT('Ctrl Pts',(-252.646845227867,3.7007704964664,-349.151732357817));
#14712=CARTESIAN_POINT('Ctrl Pts',(-250.792600171792,3.85538599614516,-347.33595687541));
#14713=CARTESIAN_POINT('Ctrl Pts',(-248.24733553427,4.01000149582393,-347.842800394312));
#14714=CARTESIAN_POINT('Ctrl Pts',(-247.230113771126,4.16461699550269,-350.2303778472));
#14715=CARTESIAN_POINT('Ctrl Pts',(-248.62779083177,4.31923249518146,-352.417102576813));
#14716=CARTESIAN_POINT('Ctrl Pts',(-251.221814451659,4.47384799486022,-352.496499598981));
#14717=CARTESIAN_POINT('Ctrl Pts',(-252.75061235814,4.62846349453898,-350.399348604983));
#14718=CARTESIAN_POINT('Ctrl Pts',(-251.881313018645,4.78307899421775,-347.954027082159));
#14719=CARTESIAN_POINT('Ctrl Pts',(-249.37181548823,4.93769449389651,-347.292471334146));
#14720=CARTESIAN_POINT('Ctrl Pts',(-247.409981939294,5.09230999357528,-348.991436305407));
#14721=CARTESIAN_POINT('Ctrl Pts',(-247.706261072771,5.24692549325404,-351.569727270804));
#14722=CARTESIAN_POINT('Ctrl Pts',(-250.002254304816,5.40154099293281,-352.779407352689));
#14723=CARTESIAN_POINT('Ctrl Pts',(-252.29643350702,5.55615649261157,-351.565977176087));
#14724=CARTESIAN_POINT('Ctrl Pts',(-252.58820633337,5.71077199229033,-348.986961811617));
#14725=CARTESIAN_POINT('Ctrl Pts',(-250.624228507149,5.86538749196909,-347.291546995528));
#14726=CARTESIAN_POINT('Ctrl Pts',(-248.114695580156,6.02000299164786,-347.955901346983));
#14727=CARTESIAN_POINT('Ctrl Pts',(-247.252619266279,6.17461849132662,-350.404054736498));
#14728=CARTESIAN_POINT('Ctrl Pts',(-248.270508748944,6.27769549111246,-351.795531839166));
#14729=CARTESIAN_POINT('Ctrl Pts',(-248.960910806475,6.32923399100538,-352.13201587949));
#14730=CARTESIAN_POINT('',(-248.711078145947,6.,-352.644625579197));
#14731=CARTESIAN_POINT('Ctrl Pts',(-248.620363921046,6.,-348.067000552031));
#14732=CARTESIAN_POINT('Ctrl Pts',(-248.545025457231,6.,-348.107785433595));
#14733=CARTESIAN_POINT('Ctrl Pts',(-248.472261160169,6.,-348.152643979873));
#14734=CARTESIAN_POINT('Ctrl Pts',(-248.402453625946,6.,-348.20145196905));
#14735=CARTESIAN_POINT('Ctrl Pts',(-248.390123599251,6.,-348.21007286959));
#14736=CARTESIAN_POINT('Ctrl Pts',(-248.377885814179,6.,-348.218817115189));
#14737=CARTESIAN_POINT('Ctrl Pts',(-248.365742384584,6.,-348.227684189814));
#14738=CARTESIAN_POINT('Ctrl Pts',(-248.299745710861,6.,-348.27587464757));
#14739=CARTESIAN_POINT('Ctrl Pts',(-248.236534414704,6.,-348.327689023833));
#14740=CARTESIAN_POINT('Ctrl Pts',(-248.17617649244,6.,-348.382770092636));
#14741=CARTESIAN_POINT('Ctrl Pts',(-248.114414077632,6.00000000000001,-348.439132864776));
#14742=CARTESIAN_POINT('Ctrl Pts',(-248.055638812198,6.,-348.498916597439));
#14743=CARTESIAN_POINT('Ctrl Pts',(-247.999948418323,6.,-348.561786796447));
#14744=CARTESIAN_POINT('Ctrl Pts',(-247.982143318171,6.,-348.581887393912));
#14745=CARTESIAN_POINT('Ctrl Pts',(-247.964653770165,6.,-348.602303816089));
#14746=CARTESIAN_POINT('Ctrl Pts',(-247.947483635478,6.,-348.623026008947));
#14747=CARTESIAN_POINT('Ctrl Pts',(-247.937416321275,6.,-348.635175990895));
#14748=CARTESIAN_POINT('Ctrl Pts',(-247.927458821294,6.,-348.6474310979));
#14749=CARTESIAN_POINT('Ctrl Pts',(-247.917611971631,6.,-348.659789362843));
#14750=CARTESIAN_POINT('Ctrl Pts',(-247.910225182525,6.,-348.669060134711));
#14751=CARTESIAN_POINT('Ctrl Pts',(-247.902901579651,6.,-348.678387883085));
#14752=CARTESIAN_POINT('Ctrl Pts',(-247.895647310983,6.,-348.687763999571));
#14753=CARTESIAN_POINT('Ctrl Pts',(-247.842859574649,6.,-348.75599196127));
#14754=CARTESIAN_POINT('Ctrl Pts',(-247.793653658835,6.,-348.826886341412));
#14755=CARTESIAN_POINT('Ctrl Pts',(-247.748097675148,6.,-348.900048068401));
#14756=CARTESIAN_POINT('Ctrl Pts',(-247.701593070399,6.,-348.974733256185));
#14757=CARTESIAN_POINT('Ctrl Pts',(-247.658891395927,6.,-349.051781810133));
#14758=CARTESIAN_POINT('Ctrl Pts',(-247.620094003734,6.,-349.130816310388));
#14759=CARTESIAN_POINT('Ctrl Pts',(-247.580943611354,6.,-349.210569910348));
#14760=CARTESIAN_POINT('Ctrl Pts',(-247.545768276197,6.,-349.292346543043));
#14761=CARTESIAN_POINT('Ctrl Pts',(-247.514710205888,6.,-349.375795131976));
#14762=CARTESIAN_POINT('Ctrl Pts',(-247.499263255011,6.,-349.417298877741));
#14763=CARTESIAN_POINT('Ctrl Pts',(-247.484835411158,6.00000000000001,-349.459216699107));
#14764=CARTESIAN_POINT('Ctrl Pts',(-247.471448339554,6.00000000000001,-349.501507795793));
#14765=CARTESIAN_POINT('Ctrl Pts',(-247.465220155099,6.00000000000001,-349.52118325274));
#14766=CARTESIAN_POINT('Ctrl Pts',(-247.459215516136,6.,-349.54094604669));
#14767=CARTESIAN_POINT('Ctrl Pts',(-247.453446688352,6.,-349.560756946368));
#14768=CARTESIAN_POINT('Ctrl Pts',(-247.427832715421,6.,-349.64871863757));
#14769=CARTESIAN_POINT('Ctrl Pts',(-247.4068302297,6.,-349.737724088655));
#14770=CARTESIAN_POINT('Ctrl Pts',(-247.390539456443,6.,-349.827371486961));
#14771=CARTESIAN_POINT('Ctrl Pts',(-247.373718131789,6.,-349.919938485931));
#14772=CARTESIAN_POINT('Ctrl Pts',(-247.361919582047,6.,-350.013190754597));
#14773=CARTESIAN_POINT('Ctrl Pts',(-247.355300719974,6.,-350.106720042212));
#14774=CARTESIAN_POINT('Ctrl Pts',(-247.348681857902,6.,-350.200249329827));
#14775=CARTESIAN_POINT('Ctrl Pts',(-247.347242045203,6.,-350.294056717428));
#14776=CARTESIAN_POINT('Ctrl Pts',(-247.351194828582,6.,-350.387752745376));
#14777=CARTESIAN_POINT('Ctrl Pts',(-247.352569229323,6.,-350.42033128002));
#14778=CARTESIAN_POINT('Ctrl Pts',(-247.354596137312,6.,-350.452896441331));
#14779=CARTESIAN_POINT('Ctrl Pts',(-247.357265853054,6.,-350.485435532222));
#14780=CARTESIAN_POINT('Ctrl Pts',(-247.358746963783,6.,-350.503487640109));
#14781=CARTESIAN_POINT('Ctrl Pts',(-247.360425936708,6.,-350.52153172421));
#14782=CARTESIAN_POINT('Ctrl Pts',(-247.362301238791,6.,-350.539565613075));
#14783=CARTESIAN_POINT('Ctrl Pts',(-247.363737614745,6.,-350.553378557952));
#14784=CARTESIAN_POINT('Ctrl Pts',(-247.365288117961,6.,-350.567175343185));
#14785=CARTESIAN_POINT('Ctrl Pts',(-247.366951489771,6.,-350.580954307261));
#14786=CARTESIAN_POINT('Ctrl Pts',(-247.377628353541,6.,-350.669398827834));
#14787=CARTESIAN_POINT('Ctrl Pts',(-247.39295224313,6.,-350.757116672888));
#14788=CARTESIAN_POINT('Ctrl Pts',(-247.412637860258,6.,-350.843845209849));
#14789=CARTESIAN_POINT('Ctrl Pts',(-247.433507132476,6.,-350.935788552806));
#14790=CARTESIAN_POINT('Ctrl Pts',(-247.459278182825,6.00000000000001,-351.02662073387));
#14791=CARTESIAN_POINT('Ctrl Pts',(-247.489671299593,6.00000000000001,-351.11603843484));
#14792=CARTESIAN_POINT('Ctrl Pts',(-247.516265276765,6.00000000000001,-351.194278923188));
#14793=CARTESIAN_POINT('Ctrl Pts',(-247.546399101406,6.,-351.27143696483));
#14794=CARTESIAN_POINT('Ctrl Pts',(-247.579921111524,6.,-351.347307883211));
#14795=CARTESIAN_POINT('Ctrl Pts',(-247.597466131462,6.,-351.387017816207));
#14796=CARTESIAN_POINT('Ctrl Pts',(-247.615939827902,6.,-351.426375092539));
#14797=CARTESIAN_POINT('Ctrl Pts',(-247.63532382368,6.,-351.465349549574));
#14798=CARTESIAN_POINT('Ctrl Pts',(-247.644867663924,6.,-351.484538884723));
#14799=CARTESIAN_POINT('Ctrl Pts',(-247.654632208753,6.,-351.503635407265));
#14800=CARTESIAN_POINT('Ctrl Pts',(-247.664615459781,6.,-351.522635439872));
#14801=CARTESIAN_POINT('Ctrl Pts',(-247.673635055368,6.,-351.539801452201));
#14802=CARTESIAN_POINT('Ctrl Pts',(-247.682834790562,6.,-351.556891412233));
#14803=CARTESIAN_POINT('Ctrl Pts',(-247.692200669903,6.,-351.573880359858));
#14804=CARTESIAN_POINT('Ctrl Pts',(-247.73869439667,6.,-351.658216219858));
#14805=CARTESIAN_POINT('Ctrl Pts',(-247.789335008041,6.,-351.740174997045));
#14806=CARTESIAN_POINT('Ctrl Pts',(-247.843859942358,6.,-351.819451602231));
#14807=CARTESIAN_POINT('Ctrl Pts',(-247.900830305519,6.,-351.902283742135));
#14808=CARTESIAN_POINT('Ctrl Pts',(-247.962041264262,6.,-351.982188826174));
#14809=CARTESIAN_POINT('Ctrl Pts',(-248.027250879231,6.,-352.05880375109));
#14810=CARTESIAN_POINT('Ctrl Pts',(-248.048156945702,6.,-352.083366336127));
#14811=CARTESIAN_POINT('Ctrl Pts',(-248.069474429023,6.,-352.107590565555));
#14812=CARTESIAN_POINT('Ctrl Pts',(-248.091196513592,6.,-352.131463865037));
#14813=CARTESIAN_POINT('Ctrl Pts',(-248.107205983687,6.,-352.149058809617));
#14814=CARTESIAN_POINT('Ctrl Pts',(-248.123438618181,6.,-352.16646647676));
#14815=CARTESIAN_POINT('Ctrl Pts',(-248.139870991642,6.,-352.183660405795));
#14816=CARTESIAN_POINT('Ctrl Pts',(-248.208289441502,6.,-352.255249697166));
#14817=CARTESIAN_POINT('Ctrl Pts',(-248.280225052109,6.,-352.323202240301));
#14818=CARTESIAN_POINT('Ctrl Pts',(-248.355433923935,6.,-352.387191218496));
#14819=CARTESIAN_POINT('Ctrl Pts',(-248.429730121728,6.,-352.450403678213));
#14820=CARTESIAN_POINT('Ctrl Pts',(-248.507221127648,6.,-352.509749012897));
#14821=CARTESIAN_POINT('Ctrl Pts',(-248.587714756945,6.,-352.564886196236));
#14822=CARTESIAN_POINT('Ctrl Pts',(-248.628086823128,6.,-352.592540583723));
#14823=CARTESIAN_POINT('Ctrl Pts',(-248.669214855348,6.,-352.619135889007));
#14824=CARTESIAN_POINT('Ctrl Pts',(-248.711078145947,6.,-352.644625579197));
#14825=CARTESIAN_POINT('Ctrl Pts',(-248.708280527733,2.,-352.64753083672));
#14826=CARTESIAN_POINT('Ctrl Pts',(-248.626185472852,2.,-352.598305280646));
#14827=CARTESIAN_POINT('Ctrl Pts',(-248.54680631429,2.,-352.545035060794));
#14828=CARTESIAN_POINT('Ctrl Pts',(-248.470508338243,2.,-352.487727995542));
#14829=CARTESIAN_POINT('Ctrl Pts',(-248.448887780829,2.,-352.471488892506));
#14830=CARTESIAN_POINT('Ctrl Pts',(-248.42751485622,2.,-352.454925405063));
#14831=CARTESIAN_POINT('Ctrl Pts',(-248.406398430493,2.,-352.438037174028));
#14832=CARTESIAN_POINT('Ctrl Pts',(-248.32979615509,2.,-352.376773163657));
#14833=CARTESIAN_POINT('Ctrl Pts',(-248.256565787895,2.,-352.311237567506));
#14834=CARTESIAN_POINT('Ctrl Pts',(-248.186889095202,2.,-352.241806584602));
#14835=CARTESIAN_POINT('Ctrl Pts',(-248.168814836469,2.,-352.223796063429));
#14836=CARTESIAN_POINT('Ctrl Pts',(-248.15097994552,2.,-352.205523301735));
#14837=CARTESIAN_POINT('Ctrl Pts',(-248.133388118957,2.,-352.186994643002));
#14838=CARTESIAN_POINT('Ctrl Pts',(-248.118046518564,2.,-352.170836043605));
#14839=CARTESIAN_POINT('Ctrl Pts',(-248.102887535621,2.,-352.154480160187));
#14840=CARTESIAN_POINT('Ctrl Pts',(-248.087930818904,2.,-352.137950560727));
#14841=CARTESIAN_POINT('Ctrl Pts',(-248.022884583363,2.,-352.066063913399));
#14842=CARTESIAN_POINT('Ctrl Pts',(-247.961593499598,2.,-351.990825907134));
#14843=CARTESIAN_POINT('Ctrl Pts',(-247.904210511276,2.,-351.912617678361));
#14844=CARTESIAN_POINT('Ctrl Pts',(-247.855347078053,2.,-351.846020892868));
#14845=CARTESIAN_POINT('Ctrl Pts',(-247.809318053503,2.,-351.777269490759));
#14846=CARTESIAN_POINT('Ctrl Pts',(-247.766245561713,2.,-351.706587769067));
#14847=CARTESIAN_POINT('Ctrl Pts',(-247.747401346554,2.,-351.675664515826));
#14848=CARTESIAN_POINT('Ctrl Pts',(-247.729123372729,2.,-351.644371700554));
#14849=CARTESIAN_POINT('Ctrl Pts',(-247.711423511645,2.,-351.612727844973));
#14850=CARTESIAN_POINT('Ctrl Pts',(-247.701039983787,2.,-351.594164148092));
#14851=CARTESIAN_POINT('Ctrl Pts',(-247.69085543376,2.,-351.575479638324));
#14852=CARTESIAN_POINT('Ctrl Pts',(-247.680872425495,2.,-351.556678050701));
#14853=CARTESIAN_POINT('Ctrl Pts',(-247.67372254556,2.,-351.543212260577));
#14854=CARTESIAN_POINT('Ctrl Pts',(-247.666678620255,2.,-351.529691175976));
#14855=CARTESIAN_POINT('Ctrl Pts',(-247.659744654581,2.,-351.516122899315));
#14856=CARTESIAN_POINT('Ctrl Pts',(-247.616544159905,2.,-351.431588840278));
#14857=CARTESIAN_POINT('Ctrl Pts',(-247.577566008628,2.,-351.345145756951));
#14858=CARTESIAN_POINT('Ctrl Pts',(-247.54295711847,2.,-351.257145790652));
#14859=CARTESIAN_POINT('Ctrl Pts',(-247.508617255828,2.,-351.169829880163));
#14860=CARTESIAN_POINT('Ctrl Pts',(-247.478578794499,2.,-351.080980259784));
#14861=CARTESIAN_POINT('Ctrl Pts',(-247.453035428543,2.,-350.990931967383));
#14862=CARTESIAN_POINT('Ctrl Pts',(-247.43145346809,2.,-350.914848858806));
#14863=CARTESIAN_POINT('Ctrl Pts',(-247.413081238361,2.,-350.837909611512));
#14864=CARTESIAN_POINT('Ctrl Pts',(-247.398065433519,2.,-350.760318536725));
#14865=CARTESIAN_POINT('Ctrl Pts',(-247.386803579887,2.,-350.702125230635));
#14866=CARTESIAN_POINT('Ctrl Pts',(-247.377430268005,2.,-350.643565285746));
#14867=CARTESIAN_POINT('Ctrl Pts',(-247.37001808068,2.,-350.584727711334));
#14868=CARTESIAN_POINT('Ctrl Pts',(-247.368281581067,2.,-350.570943463749));
#14869=CARTESIAN_POINT('Ctrl Pts',(-247.366652759271,2.,-350.557143992689));
#14870=CARTESIAN_POINT('Ctrl Pts',(-247.365132624042,2.,-350.543330471076));
#14871=CARTESIAN_POINT('Ctrl Pts',(-247.363578068635,2.,-350.529204172112));
#14872=CARTESIAN_POINT('Ctrl Pts',(-247.362138131035,2.,-350.515071656883));
#14873=CARTESIAN_POINT('Ctrl Pts',(-247.360813794796,2.,-350.500937942526));
#14874=CARTESIAN_POINT('Ctrl Pts',(-247.352483812375,2.,-350.412037866634));
#14875=CARTESIAN_POINT('Ctrl Pts',(-247.34871790946,2.,-350.323041271819));
#14876=CARTESIAN_POINT('Ctrl Pts',(-247.349684416967,2.,-350.234245180783));
#14877=CARTESIAN_POINT('Ctrl Pts',(-247.350338095987,2.,-350.174189628797));
#14878=CARTESIAN_POINT('Ctrl Pts',(-247.353157509715,2.,-350.114225768287));
#14879=CARTESIAN_POINT('Ctrl Pts',(-247.358208127735,2.,-350.054447832382));
#14880=CARTESIAN_POINT('Ctrl Pts',(-247.365841567607,2.,-349.96410021996));
#14881=CARTESIAN_POINT('Ctrl Pts',(-247.37856998193,2.,-349.874175849532));
#14882=CARTESIAN_POINT('Ctrl Pts',(-247.396203956287,2.,-349.785015648445));
#14883=CARTESIAN_POINT('Ctrl Pts',(-247.40496785731,2.,-349.740703960011));
#14884=CARTESIAN_POINT('Ctrl Pts',(-247.414944141894,2.,-349.696581403932));
#14885=CARTESIAN_POINT('Ctrl Pts',(-247.426113416668,2.,-349.652692617344));
#14886=CARTESIAN_POINT('Ctrl Pts',(-247.43496043489,2.,-349.617928955198));
#14887=CARTESIAN_POINT('Ctrl Pts',(-247.444555985655,2.,-349.583311993671));
#14888=CARTESIAN_POINT('Ctrl Pts',(-247.454891412369,2.,-349.548864948186));
#14889=CARTESIAN_POINT('Ctrl Pts',(-247.458853994743,2.,-349.535658018366));
#14890=CARTESIAN_POINT('Ctrl Pts',(-247.462925455394,2.,-349.522475973638));
#14891=CARTESIAN_POINT('Ctrl Pts',(-247.467100696619,2.,-349.509334012535));
#14892=CARTESIAN_POINT('Ctrl Pts',(-247.493954217194,2.,-349.424810052396));
#14893=CARTESIAN_POINT('Ctrl Pts',(-247.525139211777,2.,-349.341797820904));
#14894=CARTESIAN_POINT('Ctrl Pts',(-247.560437847272,2.,-349.260598605414));
#14895=CARTESIAN_POINT('Ctrl Pts',(-247.59572305379,2.,-349.179430281271));
#14896=CARTESIAN_POINT('Ctrl Pts',(-247.635119433596,2.,-349.100072807167));
#14897=CARTESIAN_POINT('Ctrl Pts',(-247.678452067863,2.,-349.022856631955));
#14898=CARTESIAN_POINT('Ctrl Pts',(-247.721126450757,2.,-348.946813421512));
#14899=CARTESIAN_POINT('Ctrl Pts',(-247.76761909062,2.,-348.872846322871));
#14900=CARTESIAN_POINT('Ctrl Pts',(-247.817794205584,2.,-348.801309903561));
#14901=CARTESIAN_POINT('Ctrl Pts',(-247.847944646622,2.,-348.75832336344));
#14902=CARTESIAN_POINT('Ctrl Pts',(-247.879425332879,2.,-348.716215300883));
#14903=CARTESIAN_POINT('Ctrl Pts',(-247.912210849323,2.,-348.675070984012));
#14904=CARTESIAN_POINT('Ctrl Pts',(-247.92071256567,2.,-348.664401720592));
#14905=CARTESIAN_POINT('Ctrl Pts',(-247.929296700099,2.,-348.653804026328));
#14906=CARTESIAN_POINT('Ctrl Pts',(-247.937960205721,2.,-348.643281918987));
#14907=CARTESIAN_POINT('Ctrl Pts',(-247.992165518592,2.,-348.577447816102));
#14908=CARTESIAN_POINT('Ctrl Pts',(-248.04950445189,2.,-348.514532916147));
#14909=CARTESIAN_POINT('Ctrl Pts',(-248.10981540603,2.,-348.454833381281));
#14910=CARTESIAN_POINT('Ctrl Pts',(-248.169185696874,2.,-348.396064973472));
#14911=CARTESIAN_POINT('Ctrl Pts',(-248.231436667094,2.,-348.340411897387));
#14912=CARTESIAN_POINT('Ctrl Pts',(-248.296440024688,2.,-348.288199138156));
#14913=CARTESIAN_POINT('Ctrl Pts',(-248.359417738317,2.,-348.237613440426));
#14914=CARTESIAN_POINT('Ctrl Pts',(-248.424979544033,2.,-348.190256698725));
#14915=CARTESIAN_POINT('Ctrl Pts',(-248.493024345304,2.,-348.146470236759));
#14916=CARTESIAN_POINT('Ctrl Pts',(-248.535386205787,2.,-348.119210608424));
#14917=CARTESIAN_POINT('Ctrl Pts',(-248.578710698304,2.,-348.093335667357));
#14918=CARTESIAN_POINT('Ctrl Pts',(-248.622975209869,2.,-348.068937911442));
#14919=CARTESIAN_POINT('Ctrl Pts',(-248.711078145947,6.,-352.644625579197));
#14920=CARTESIAN_POINT('Ctrl Pts',(-247.854679767848,5.94846150010708,-352.227239241415));
#14921=CARTESIAN_POINT('Ctrl Pts',(-247.223367264844,5.89692300021416,-351.364221293476));
#14922=CARTESIAN_POINT('Ctrl Pts',(-247.085935848409,5.84538450032124,-350.426583422282));
#14923=CARTESIAN_POINT('Ctrl Pts',(-246.948504431974,5.79384600042832,-349.488945551088));
#14924=CARTESIAN_POINT('Ctrl Pts',(-247.304954102108,5.74230750053539,-348.476687756639));
#14925=CARTESIAN_POINT('Ctrl Pts',(-248.001997381448,5.69076900064247,-347.833210874313));
#14926=CARTESIAN_POINT('Ctrl Pts',(-248.699040660788,5.63923050074955,-347.189733991988));
#14927=CARTESIAN_POINT('Ctrl Pts',(-249.736677549332,5.58769200085663,-346.915038021786));
#14928=CARTESIAN_POINT('Ctrl Pts',(-250.661526896576,5.53615350096371,-347.12819847904));
#14929=CARTESIAN_POINT('Ctrl Pts',(-251.58637624382,5.48461500107079,-347.341358936294));
#14930=CARTESIAN_POINT('Ctrl Pts',(-252.398438049764,5.43307650117787,-348.042375821004));
#14931=CARTESIAN_POINT('Ctrl Pts',(-252.744148116847,5.38153800128495,-348.926067440498));
#14932=CARTESIAN_POINT('Ctrl Pts',(-252.876877377561,5.36175070655316,-349.265345195249));
#14933=CARTESIAN_POINT('Ctrl Pts',(-252.940864521929,5.34196341182138,-349.631549938421));
#14934=CARTESIAN_POINT('Ctrl Pts',(-252.939073682043,5.32217611708959,-349.998366160897));
#14935=CARTESIAN_POINT('Origin',(-250.,0.,-350.));
#14936=CARTESIAN_POINT('Origin',(-250.,6.,-350.));
#14937=CARTESIAN_POINT('Origin',(-250.,6.,-350.));
#14938=CARTESIAN_POINT('Origin',(-250.,0.,-350.));
#14939=CARTESIAN_POINT('',(-254.,2.,-350.));
#14940=CARTESIAN_POINT('Origin',(-250.,2.,-350.));
#14941=CARTESIAN_POINT('',(-254.,0.,-350.));
#14942=CARTESIAN_POINT('',(-254.,0.,-350.));
#14943=CARTESIAN_POINT('Origin',(-250.,0.,-350.));
#14944=CARTESIAN_POINT('Origin',(-250.,2.,-350.));
#14945=CARTESIAN_POINT('Origin',(-250.,0.,-350.));
#14946=UNCERTAINTY_MEASURE_WITH_UNIT(LENGTH_MEASURE(0.01),#14950,
'DISTANCE_ACCURACY_VALUE',
'Maximum model space distance between geometric entities at asserted c
onnectivities');
#14947=UNCERTAINTY_MEASURE_WITH_UNIT(LENGTH_MEASURE(0.01),#14950,
'DISTANCE_ACCURACY_VALUE',
'Maximum model space distance between geometric entities at asserted c
onnectivities');
#14948=(
GEOMETRIC_REPRESENTATION_CONTEXT(3)
GLOBAL_UNCERTAINTY_ASSIGNED_CONTEXT((#14946))
GLOBAL_UNIT_ASSIGNED_CONTEXT((#14950,#14952,#14953))
REPRESENTATION_CONTEXT('','3D')
);
#14949=(
GEOMETRIC_REPRESENTATION_CONTEXT(3)
GLOBAL_UNCERTAINTY_ASSIGNED_CONTEXT((#14947))
GLOBAL_UNIT_ASSIGNED_CONTEXT((#14950,#14952,#14953))
REPRESENTATION_CONTEXT('','3D')
);
#14950=(
LENGTH_UNIT()
NAMED_UNIT(*)
SI_UNIT(.MILLI.,.METRE.)
);
#14951=(
LENGTH_UNIT()
NAMED_UNIT(*)
SI_UNIT($,.METRE.)
);
#14952=(
NAMED_UNIT(*)
PLANE_ANGLE_UNIT()
SI_UNIT($,.RADIAN.)
);
#14953=(
NAMED_UNIT(*)
SI_UNIT($,.STERADIAN.)
SOLID_ANGLE_UNIT()
);
#14954=SHAPE_DEFINITION_REPRESENTATION(#14955,#14956);
#14955=PRODUCT_DEFINITION_SHAPE('',$,#14958);
#14956=SHAPE_REPRESENTATION('',(#6378),#14948);
#14957=PRODUCT_DEFINITION_CONTEXT('part definition',#14962,'design');
#14958=PRODUCT_DEFINITION('2026-07-04-18-35-34-228','lid',#14959,#14957);
#14959=PRODUCT_DEFINITION_FORMATION('',$,#14964);
#14960=PRODUCT_RELATED_PRODUCT_CATEGORY('lid','lid',(#14964));
#14961=APPLICATION_PROTOCOL_DEFINITION('international standard',
'automotive_design',2009,#14962);
#14962=APPLICATION_CONTEXT(
'Core Data for Automotive Mechanical Design Process');
#14963=PRODUCT_CONTEXT('part definition',#14962,'mechanical');
#14964=PRODUCT('2026-07-04-18-35-34-228','lid',$,(#14963));
#14965=PRESENTATION_STYLE_ASSIGNMENT((#14966));
#14966=SURFACE_STYLE_USAGE(.BOTH.,#14967);
#14967=SURFACE_SIDE_STYLE('',(#14968));
#14968=SURFACE_STYLE_FILL_AREA(#14969);
#14969=FILL_AREA_STYLE('Steel - Satin',(#14970));
#14970=FILL_AREA_STYLE_COLOUR('Steel - Satin',#14971);
#14971=COLOUR_RGB('Steel - Satin',0.627450980392157,0.627450980392157,0.627450980392157);
ENDSEC;
END-ISO-10303-21;
